_id,ACCNUM,DATE,TIME,STREET1,STREET2,OFFSET,ROAD_CLASS,DISTRICT,ACCLOC,TRAFFCTL,VISIBILITY,LIGHT,RDSFCOND,ACCLASS,IMPACTYPE,INVTYPE,INVAGE,INJURY,FATAL_NO,INITDIR,VEHTYPE,MANOEUVER,DRIVACT,DRIVCOND,PEDTYPE,PEDACT,PEDCOND,CYCLISTYPE,CYCACT,CYCCOND,PEDESTRIAN,CYCLIST,AUTOMOBILE,MOTORCYCLE,TRUCK,TRSN_CITY_VEH,EMERG_VEH,PASSENGER,SPEEDING,AG_DRIV,REDLIGHT,ALCOHOL,DISABILITY,HOOD_158,NEIGHBOURHOOD_158,HOOD_140,NEIGHBOURHOOD_140,DIVISION
334,912860,2006-04-25,119,MILNER AVE,AUTO MALL DR,None,Minor Arterial,Scarborough,None,No Control,Clear,Dark,Dry,Non-Fatal Injury,SMV Other,Vehicle Owner,unknown,None,None,None,Other,None,None,None,None,None,None,None,None,None,None,None,Yes,None,None,None,None,Yes,Yes,Yes,None,Yes,None,144,Morningside Heights,131,Rouge (131),D42
335,912860,2006-04-25,119,MILNER AVE,AUTO MALL DR,None,Minor Arterial,Scarborough,None,No Control,Clear,Dark,Dry,Non-Fatal Injury,SMV Other,Driver,25 to 29,Minor,None,East,"Automobile, Station Wagon",Going Ahead,Lost control,"Ability Impaired, Alcohol",None,None,None,None,None,None,None,None,Yes,None,None,None,None,Yes,Yes,Yes,None,Yes,None,144,Morningside Heights,131,Rouge (131),D42
336,902863,2006-04-25,800,BLOOR ST W,SYMINGTON AVE,None,Major Arterial,Toronto and East York,At Intersection,Traffic Signal,Rain,Daylight,Wet,Non-Fatal Injury,Cyclist Collisions,Vehicle Owner,unknown,None,None,None,None,None,None,None,None,None,None,None,None,None,None,Yes,Yes,None,None,None,None,None,None,None,None,None,None,83,Dufferin Grove,83,Dufferin Grove (83),D11
337,902863,2006-04-25,800,BLOOR ST W,SYMINGTON AVE,None,Major Arterial,Toronto and East York,At Intersection,Traffic Signal,Rain,Daylight,Wet,Non-Fatal Injury,Cyclist Collisions,Driver,25 to 29,None,None,South,"Automobile, Station Wagon",Turning Left,Driving Properly,Normal,None,None,None,None,None,None,None,Yes,Yes,None,None,None,None,None,None,None,None,None,None,83,Dufferin Grove,83,Dufferin Grove (83),D11
338,902863,2006-04-25,800,BLOOR ST W,SYMINGTON AVE,None,Major Arterial,Toronto and East York,At Intersection,Traffic Signal,Rain,Daylight,Wet,Non-Fatal Injury,Cyclist Collisions,Cyclist,45 to 49,Major,None,North,Bicycle,Other,None,None,None,None,None,Motorist turned left across cyclists path.,None,None,None,Yes,Yes,None,None,None,None,None,None,None,None,None,None,83,Dufferin Grove,83,Dufferin Grove (83),D11
339,899004,2006-04-25,1630,40 STORMONT AVE,None,None,Local,North York,At Intersection,No Control,Clear,Daylight,Dry,Non-Fatal Injury,Pedestrian Collisions,Vehicle Owner,unknown,None,None,None,Other,None,None,None,None,None,None,None,None,None,Yes,None,Yes,None,None,None,None,Yes,None,None,None,None,None,39,Bedford Park-Nortown,39,Bedford Park-Nortown (39),D53
340,899004,2006-04-25,1630,40 STORMONT AVE,None,None,Local,North York,At Intersection,No Control,Clear,Daylight,Dry,Non-Fatal Injury,Pedestrian Collisions,Pedestrian,5 to 9,Major,None,None,Other,None,None,None,Pedestrian hit on sidewalk or shoulder,On Sidewalk or Shoulder,Normal,None,None,None,Yes,None,Yes,None,None,None,None,Yes,None,None,None,None,None,39,Bedford Park-Nortown,39,Bedford Park-Nortown (39),D53
341,899004,2006-04-25,1630,40 STORMONT AVE,None,None,Local,North York,At Intersection,No Control,Clear,Daylight,Dry,Non-Fatal Injury,Pedestrian Collisions,Passenger,10 to 14,None,None,None,Other,None,None,None,None,None,None,None,None,None,Yes,None,Yes,None,None,None,None,Yes,None,None,None,None,None,39,Bedford Park-Nortown,39,Bedford Park-Nortown (39),D53
342,899004,2006-04-25,1630,40 STORMONT AVE,None,None,Local,North York,At Intersection,No Control,Clear,Daylight,Dry,Non-Fatal Injury,Pedestrian Collisions,Passenger,0 to 4,None,None,None,Other,None,None,None,None,None,None,None,None,None,Yes,None,Yes,None,None,None,None,Yes,None,None,None,None,None,39,Bedford Park-Nortown,39,Bedford Park-Nortown (39),D53
343,899004,2006-04-25,1630,40 STORMONT AVE,None,None,Local,North York,At Intersection,No Control,Clear,Daylight,Dry,Non-Fatal Injury,Pedestrian Collisions,Passenger,10 to 14,None,None,None,Other,None,None,None,None,None,None,None,None,None,Yes,None,Yes,None,None,None,None,Yes,None,None,None,None,None,39,Bedford Park-Nortown,39,Bedford Park-Nortown (39),D53
344,899004,2006-04-25,1630,40 STORMONT AVE,None,None,Local,North York,At Intersection,No Control,Clear,Daylight,Dry,Non-Fatal Injury,Pedestrian Collisions,Driver,30 to 34,None,None,East,"Automobile, Station Wagon",Unknown,Lost control,Fatigue,None,None,None,None,None,None,Yes,None,Yes,None,None,None,None,Yes,None,None,None,None,None,39,Bedford Park-Nortown,39,Bedford Park-Nortown (39),D53
345,899004,2006-04-25,1630,40 STORMONT AVE,None,None,Local,North York,At Intersection,No Control,Clear,Daylight,Dry,Non-Fatal Injury,Pedestrian Collisions,Vehicle Owner,unknown,None,None,None,Other,None,None,None,None,None,None,None,None,None,Yes,None,Yes,None,None,None,None,Yes,None,None,None,None,None,39,Bedford Park-Nortown,39,Bedford Park-Nortown (39),D53
346,903074,2006-04-26,920,KINGSTON RD,WARDEN AVE,None,Major Arterial,Scarborough,At Intersection,Traffic Signal,Clear,Daylight,Dry,Non-Fatal Injury,Pedestrian Collisions,Driver,75 to 79,None,None,South,"Automobile, Station Wagon",Turning Left,Failed to Yield Right of Way,Inattentive,None,None,None,None,None,None,Yes,None,Yes,None,None,None,None,None,None,Yes,None,None,None,122,Birchcliffe-Cliffside,122,Birchcliffe-Cliffside (122),D41
347,903074,2006-04-26,920,KINGSTON RD,WARDEN AVE,None,Major Arterial,Scarborough,At Intersection,Traffic Signal,Clear,Daylight,Dry,Non-Fatal Injury,Pedestrian Collisions,Pedestrian,20 to 24,Minor,None,North,Other,None,None,None,Vehicle turns left while ped crosses with ROW at inter.,Crossing with right of way,Normal,None,None,None,Yes,None,Yes,None,None,None,None,None,None,Yes,None,None,None,122,Birchcliffe-Cliffside,122,Birchcliffe-Cliffside (122),D41
348,903074,2006-04-26,920,KINGSTON RD,WARDEN AVE,None,Major Arterial,Scarborough,At Intersection,Traffic Signal,Clear,Daylight,Dry,Non-Fatal Injury,Pedestrian Collisions,Pedestrian,20 to 24,Major,None,North,Other,None,None,None,Vehicle turns left while ped crosses with ROW at inter.,Crossing with right of way,Normal,None,None,None,Yes,None,Yes,None,None,None,None,None,None,Yes,None,None,None,122,Birchcliffe-Cliffside,122,Birchcliffe-Cliffside (122),D41
349,903114,2006-04-27,2044,THE QUEENSWAY,NORTH QUEEN ST,None,Major Arterial,Etobicoke York,At Intersection,Traffic Signal,Clear,Dark,Dry,Non-Fatal Injury,Turning Movement,Passenger,15 to 19,Major,None,None,Other,None,None,None,None,None,None,None,None,None,None,None,Yes,None,None,None,None,Yes,None,None,None,None,None,159,Etobicoke City Centre,14,Islington-City Centre West (14),D22
350,903114,2006-04-27,2044,THE QUEENSWAY,NORTH QUEEN ST,None,Major Arterial,Etobicoke York,At Intersection,Traffic Signal,Clear,Dark,Dry,Non-Fatal Injury,Turning Movement,Vehicle Owner,unknown,None,None,None,Other,None,None,None,None,None,None,None,None,None,None,None,Yes,None,None,None,None,Yes,None,None,None,None,None,159,Etobicoke City Centre,14,Islington-City Centre West (14),D22
351,903114,2006-04-27,2044,THE QUEENSWAY,NORTH QUEEN ST,None,Major Arterial,Etobicoke York,At Intersection,Traffic Signal,Clear,Dark,Dry,Non-Fatal Injury,Turning Movement,Driver,15 to 19,None,None,East,"Automobile, Station Wagon",Turning Left,Improper Turn,Normal,None,None,None,None,None,None,None,None,Yes,None,None,None,None,Yes,None,None,None,None,None,159,Etobicoke City Centre,14,Islington-City Centre West (14),D22
352,903114,2006-04-27,2044,THE QUEENSWAY,NORTH QUEEN ST,None,Major Arterial,Etobicoke York,At Intersection,Traffic Signal,Clear,Dark,Dry,Non-Fatal Injury,Turning Movement,Driver,25 to 29,None,None,West,"Automobile, Station Wagon",Going Ahead,Driving Properly,Normal,None,None,None,None,None,None,None,None,Yes,None,None,None,None,Yes,None,None,None,None,None,159,Etobicoke City Centre,14,Islington-City Centre West (14),D22
353,903348,2006-04-28,1310,EGLINTON AVE W,OLD FOREST HILL RD,None,Major Arterial,North York,At Intersection,Traffic Signal,Clear,Daylight,Dry,Non-Fatal Injury,Turning Movement,Driver,70 to 74,None,None,East,"Automobile, Station Wagon",Turning Left,Improper Turn,Normal,None,None,None,None,None,None,None,None,Yes,Yes,None,None,None,None,None,None,None,None,None,102,Forest Hill North,102,Forest Hill North (102),D53
354,903348,2006-04-28,1310,EGLINTON AVE W,OLD FOREST HILL RD,None,Major Arterial,North York,At Intersection,Traffic Signal,Clear,Daylight,Dry,Non-Fatal Injury,Turning Movement,Motorcycle Driver,35 to 39,Major,None,West,Motorcycle,Going Ahead,Driving Properly,Normal,None,None,None,None,None,None,None,None,Yes,Yes,None,None,None,None,None,None,None,None,None,102,Forest Hill North,102,Forest Hill North (102),D53
355,939781,2006-04-28,2349,BLOOR ST W,DUFFERIN ST,None,Major Arterial,Toronto and East York,None,No Control,Clear,Dark,Dry,Non-Fatal Injury,Cyclist Collisions,Driver,25 to 29,None,None,West,"Automobile, Station Wagon",Going Ahead,Driving Properly,Normal,None,None,None,None,None,None,None,Yes,Yes,None,None,None,None,Yes,Yes,Yes,None,None,None,83,Dufferin Grove,83,Dufferin Grove (83),D14
356,939781,2006-04-28,2349,BLOOR ST W,DUFFERIN ST,None,Major Arterial,Toronto and East York,None,No Control,Clear,Dark,Dry,Non-Fatal Injury,Cyclist Collisions,Passenger,50 to 54,Minimal,None,None,Other,None,None,None,None,None,None,None,None,None,None,Yes,Yes,None,None,None,None,Yes,Yes,Yes,None,None,None,83,Dufferin Grove,83,Dufferin Grove (83),D14
357,939781,2006-04-28,2349,BLOOR ST W,DUFFERIN ST,None,Major Arterial,Toronto and East York,None,No Control,Clear,Dark,Dry,Non-Fatal Injury,Cyclist Collisions,Driver,50 to 54,None,None,West,"Automobile, Station Wagon",Going Ahead,Driving Properly,Normal,None,None,None,None,None,None,None,Yes,Yes,None,None,None,None,Yes,Yes,Yes,None,None,None,83,Dufferin Grove,83,Dufferin Grove (83),D14
358,939781,2006-04-28,2349,BLOOR ST W,DUFFERIN ST,None,Major Arterial,Toronto and East York,None,No Control,Clear,Dark,Dry,Non-Fatal Injury,Cyclist Collisions,Driver,unknown,None,None,East,"Automobile, Station Wagon",Going Ahead,Speed too Fast For Condition,Normal,None,None,None,None,None,None,None,Yes,Yes,None,None,None,None,Yes,Yes,Yes,None,None,None,83,Dufferin Grove,83,Dufferin Grove (83),D14
359,939781,2006-04-28,2349,BLOOR ST W,DUFFERIN ST,None,Major Arterial,Toronto and East York,None,No Control,Clear,Dark,Dry,Non-Fatal Injury,Cyclist Collisions,Vehicle Owner,unknown,None,None,None,Other,None,None,None,None,None,None,None,None,None,None,Yes,Yes,None,None,None,None,Yes,Yes,Yes,None,None,None,83,Dufferin Grove,83,Dufferin Grove (83),D14
360,939781,2006-04-28,2349,BLOOR ST W,DUFFERIN ST,None,Major Arterial,Toronto and East York,None,No Control,Clear,Dark,Dry,Non-Fatal Injury,Cyclist Collisions,Vehicle Owner,unknown,None,None,None,Other,None,None,None,None,None,None,None,None,None,None,Yes,Yes,None,None,None,None,Yes,Yes,Yes,None,None,None,83,Dufferin Grove,83,Dufferin Grove (83),D14
361,939781,2006-04-28,2349,BLOOR ST W,DUFFERIN ST,None,Major Arterial,Toronto and East York,None,No Control,Clear,Dark,Dry,Non-Fatal Injury,Cyclist Collisions,Driver,35 to 39,Minor,None,East,"Automobile, Station Wagon",Going Ahead,Driving Properly,Normal,None,None,None,None,None,None,None,Yes,Yes,None,None,None,None,Yes,Yes,Yes,None,None,None,83,Dufferin Grove,83,Dufferin Grove (83),D14
362,939781,2006-04-28,2349,BLOOR ST W,DUFFERIN ST,None,Major Arterial,Toronto and East York,None,No Control,Clear,Dark,Dry,Non-Fatal Injury,Cyclist Collisions,Driver,40 to 44,None,None,West,"Automobile, Station Wagon",Going Ahead,Driving Properly,Normal,None,None,None,None,None,None,None,Yes,Yes,None,None,None,None,Yes,Yes,Yes,None,None,None,83,Dufferin Grove,83,Dufferin Grove (83),D14
363,939781,2006-04-28,2349,BLOOR ST W,DUFFERIN ST,None,Major Arterial,Toronto and East York,None,No Control,Clear,Dark,Dry,Non-Fatal Injury,Cyclist Collisions,Cyclist,25 to 29,Major,None,East,Bicycle,Going Ahead,None,None,None,None,None,Cyclist and Driver travelling in same direction. One vehicle rear-ended the other.,Driving Properly,Normal,None,Yes,Yes,None,None,None,None,Yes,Yes,Yes,None,None,None,83,Dufferin Grove,83,Dufferin Grove (83),D14
364,939781,2006-04-28,2349,BLOOR ST W,DUFFERIN ST,None,Major Arterial,Toronto and East York,None,No Control,Clear,Dark,Dry,Non-Fatal Injury,Cyclist Collisions,Other Property Owner,unknown,None,None,None,Other,None,None,None,None,None,None,None,None,None,None,Yes,Yes,None,None,None,None,Yes,Yes,Yes,None,None,None,83,Dufferin Grove,83,Dufferin Grove (83),D14
365,900117,2006-04-29,1521,DOUGLAS BLVD,LAKE SHORE BLVD W,None,Local,Etobicoke York,Non Intersection,No Control,Clear,Daylight,Dry,Non-Fatal Injury,SMV Other,Motorcycle Driver,20 to 24,Major,None,South,Motorcycle,Going Ahead,Lost control,Normal,None,None,None,None,None,None,None,None,None,Yes,None,None,None,None,None,None,None,None,None,160,Mimico-Queensway,17,Mimico (includes Humber Bay Shores) (17),D22
366,900120,2006-04-29,2136,MILLWICK DR,MILVAN DR,None,Collector,Etobicoke York,None,No Control,Clear,Dark,Dry,Fatal,SMV Other,Driver,40 to 44,Minimal,None,North,"Automobile, Station Wagon",Going Ahead,Speed too Fast For Condition,Had Been Drinking,None,None,None,None,None,None,None,None,Yes,None,None,None,None,Yes,Yes,Yes,None,None,None,21,Humber Summit,21,Humber Summit (21),D31
367,900120,2006-04-29,2136,MILLWICK DR,MILVAN DR,None,Collector,Etobicoke York,None,No Control,Clear,Dark,Dry,Fatal,SMV Other,Vehicle Owner,unknown,None,None,None,Other,None,None,None,None,None,None,None,None,None,None,None,Yes,None,None,None,None,Yes,Yes,Yes,None,None,None,21,Humber Summit,21,Humber Summit (21),D31
368,900120,2006-04-29,2136,MILLWICK DR,MILVAN DR,None,Collector,Etobicoke York,None,No Control,Clear,Dark,Dry,Fatal,SMV Other,Passenger,40 to 44,Fatal,None,None,Other,None,None,None,None,None,None,None,None,None,None,None,Yes,None,None,None,None,Yes,Yes,Yes,None,None,None,21,Humber Summit,21,Humber Summit (21),D31
369,900120,2006-04-29,2136,MILLWICK DR,MILVAN DR,None,Collector,Etobicoke York,None,No Control,Clear,Dark,Dry,Fatal,SMV Other,Passenger,40 to 44,Minor,None,None,"Automobile, Station Wagon",None,None,None,None,None,None,None,None,None,None,None,Yes,None,None,None,None,Yes,Yes,Yes,None,None,None,21,Humber Summit,21,Humber Summit (21),D31
370,900120,2006-04-29,2136,MILLWICK DR,MILVAN DR,None,Collector,Etobicoke York,None,No Control,Clear,Dark,Dry,Fatal,SMV Other,Other Property Owner,unknown,None,None,None,Other,None,None,None,None,None,None,None,None,None,None,None,Yes,None,None,None,None,Yes,Yes,Yes,None,None,None,21,Humber Summit,21,Humber Summit (21),D31
371,900159,2006-04-30,857,QUEEN ST E,FALLINGBROOK RD,None,Collector,Scarborough,At Intersection,Stop Sign,Clear,Daylight,Dry,Fatal,SMV Other,Driver,55 to 59,Fatal,None,East,"Automobile, Station Wagon",Going Ahead,Speed too Fast For Condition,Unknown,None,None,None,None,None,None,None,None,Yes,None,None,None,None,None,Yes,Yes,None,None,None,122,Birchcliffe-Cliffside,122,Birchcliffe-Cliffside (122),D41
372,900159,2006-04-30,857,QUEEN ST E,FALLINGBROOK RD,None,Collector,Scarborough,At Intersection,Stop Sign,Clear,Daylight,Dry,Fatal,SMV Other,Other Property Owner,unknown,None,None,None,Other,None,None,None,None,None,None,None,None,None,None,None,Yes,None,None,None,None,None,Yes,Yes,None,None,None,122,Birchcliffe-Cliffside,122,Birchcliffe-Cliffside (122),D41
373,903432,2006-05-01,1610,96 NYMARK AVE,None,None,Collector,North York,None,No Control,Clear,Daylight,Dry,Non-Fatal Injury,SMV Other,Driver,35 to 39,Major,None,East,"Automobile, Station Wagon",Going Ahead,Improper Passing,Normal,None,None,None,None,None,None,None,None,Yes,None,None,None,None,Yes,Yes,Yes,None,None,None,47,Don Valley Village,47,Don Valley Village (47),D33
374,903432,2006-05-01,1610,96 NYMARK AVE,None,None,Collector,North York,None,No Control,Clear,Daylight,Dry,Non-Fatal Injury,SMV Other,Passenger,5 to 9,Minor,None,None,Other,None,None,None,None,None,None,None,None,None,None,None,Yes,None,None,None,None,Yes,Yes,Yes,None,None,None,47,Don Valley Village,47,Don Valley Village (47),D33
375,903432,2006-05-01,1610,96 NYMARK AVE,None,None,Collector,North York,None,No Control,Clear,Daylight,Dry,Non-Fatal Injury,SMV Other,Passenger,5 to 9,Minor,None,None,Other,None,None,None,None,None,None,None,None,None,None,None,Yes,None,None,None,None,Yes,Yes,Yes,None,None,None,47,Don Valley Village,47,Don Valley Village (47),D33
376,903432,2006-05-01,1610,96 NYMARK AVE,None,None,Collector,North York,None,No Control,Clear,Daylight,Dry,Non-Fatal Injury,SMV Other,Other Property Owner,unknown,None,None,None,Other,None,None,None,None,None,None,None,None,None,None,None,Yes,None,None,None,None,Yes,Yes,Yes,None,None,None,47,Don Valley Village,47,Don Valley Village (47),D33
377,903839,2006-05-01,1900,BLACK CREEK DR,TRETHEWEY DR,None,Major Arterial,Etobicoke York,None,No Control,Clear,Daylight,Dry,Non-Fatal Injury,SMV Other,Driver,40 to 44,Major,None,South,"Automobile, Station Wagon",Going Ahead,Lost control,Normal,None,None,None,None,None,None,None,None,Yes,None,None,None,None,None,None,None,None,None,None,112,Beechborough-Greenbrook,112,Beechborough-Greenbrook (112),D12
378,903913,2006-05-02,1335,OLD FINCH AVE,SEWELLS RD,None,Collector,Scarborough,None,No Control,Clear,Daylight,Dry,Non-Fatal Injury,Approaching,Driver,20 to 24,None,None,East,"Automobile, Station Wagon",Going Ahead,Disobeyed Traffic Control,Normal,None,None,None,None,None,None,None,None,Yes,Yes,None,None,None,None,Yes,Yes,None,None,None,144,Morningside Heights,131,Rouge (131),D42
379,903913,2006-05-02,1335,OLD FINCH AVE,SEWELLS RD,None,Collector,Scarborough,None,No Control,Clear,Daylight,Dry,Non-Fatal Injury,Approaching,Motorcycle Driver,20 to 24,Major,None,West,Motorcycle,Going Ahead,Exceeding Speed Limit,Normal,None,None,None,None,None,None,None,None,Yes,Yes,None,None,None,None,Yes,Yes,None,None,None,144,Morningside Heights,131,Rouge (131),D42
380,902826,2006-05-03,900,BATHURST ST,BLOOR ST W,None,Major Arterial,Toronto and East York,None,No Control,Clear,Daylight,Dry,Non-Fatal Injury,Cyclist Collisions,Driver,unknown,None,None,North,"Automobile, Station Wagon",Parked,Other,Unknown,None,None,None,None,None,None,None,Yes,Yes,None,None,None,None,None,None,None,None,None,None,95,Annex,95,Annex (95),D14
381,902826,2006-05-03,900,BATHURST ST,BLOOR ST W,None,Major Arterial,Toronto and East York,None,No Control,Clear,Daylight,Dry,Non-Fatal Injury,Cyclist Collisions,Cyclist,30 to 34,Major,None,North,Bicycle,Going Ahead,None,None,None,None,None,Cyclist struck opened vehicle door,Driving Properly,Normal,None,Yes,Yes,None,None,None,None,None,None,None,None,None,None,95,Annex,95,Annex (95),D14
382,900756,2006-05-03,1032,DUNDAS ST W,SHAW ST,None,Major Arterial,Toronto and East York,At Intersection,Traffic Signal,Clear,Daylight,Dry,Fatal,Pedestrian Collisions,Vehicle Owner,unknown,None,None,None,Other,None,None,None,None,None,None,None,None,None,Yes,None,Yes,None,None,None,None,None,None,Yes,None,None,None,81,Trinity-Bellwoods,81,Trinity-Bellwoods (81),D14
383,900756,2006-05-03,1032,DUNDAS ST W,SHAW ST,None,Major Arterial,Toronto and East York,At Intersection,Traffic Signal,Clear,Daylight,Dry,Fatal,Pedestrian Collisions,Driver,65 to 69,None,None,South,"Automobile, Station Wagon",Turning Left,Failed to Yield Right of Way,Inattentive,None,None,None,None,None,None,Yes,None,Yes,None,None,None,None,None,None,Yes,None,None,None,81,Trinity-Bellwoods,81,Trinity-Bellwoods (81),D14
384,900756,2006-05-03,1032,DUNDAS ST W,SHAW ST,None,Major Arterial,Toronto and East York,At Intersection,Traffic Signal,Clear,Daylight,Dry,Fatal,Pedestrian Collisions,Pedestrian,70 to 74,Fatal,None,North,Other,None,None,None,Vehicle turns left while ped crosses with ROW at inter.,Crossing with right of way,Normal,None,None,None,Yes,None,Yes,None,None,None,None,None,None,Yes,None,None,None,81,Trinity-Bellwoods,81,Trinity-Bellwoods (81),D14
385,904912,2006-05-03,1400,YONGE ST,FINCH AVE E,None,Major Arterial,North York,At Intersection,Traffic Signal,Clear,Daylight,Dry,Non-Fatal Injury,SMV Other,Driver,30 to 34,None,None,South,"Automobile, Station Wagon",Turning Left,Driving Properly,Normal,None,None,None,None,None,None,None,None,Yes,None,None,None,None,Yes,None,Yes,Yes,None,None,37,Willowdale West,37,Willowdale West (37),D32
386,904912,2006-05-03,1400,YONGE ST,FINCH AVE E,None,Major Arterial,North York,At Intersection,Traffic Signal,Clear,Daylight,Dry,Non-Fatal Injury,SMV Other,Passenger,20 to 24,Major,None,None,Other,None,None,None,None,None,None,None,None,None,None,None,Yes,None,None,None,None,Yes,None,Yes,Yes,None,None,37,Willowdale West,37,Willowdale West (37),D32
387,904912,2006-05-03,1400,YONGE ST,FINCH AVE E,None,Major Arterial,North York,At Intersection,Traffic Signal,Clear,Daylight,Dry,Non-Fatal Injury,SMV Other,Driver,15 to 19,None,None,North,"Automobile, Station Wagon",Going Ahead,Disobeyed Traffic Control,Inattentive,None,None,None,None,None,None,None,None,Yes,None,None,None,None,Yes,None,Yes,Yes,None,None,37,Willowdale West,37,Willowdale West (37),D32
388,904107,2006-05-03,1520,MARKHAM RD,SHEPPARD AVE E,None,Major Arterial,Scarborough,None,Traffic Signal,Clear,Daylight,Dry,Non-Fatal Injury,SMV Other,Driver,40 to 44,Major,None,North,"Automobile, Station Wagon",Going Ahead,Other,Medical or Physical Disability,None,None,None,None,None,None,None,None,Yes,None,None,None,None,None,None,None,None,None,Yes,128,Agincourt South-Malvern West,128,Agincourt South-Malvern West (128),D42
389,904107,2006-05-03,1520,MARKHAM RD,SHEPPARD AVE E,None,Major Arterial,Scarborough,None,Traffic Signal,Clear,Daylight,Dry,Non-Fatal Injury,SMV Other,Other Property Owner,unknown,None,None,None,Other,None,None,None,None,None,None,None,None,None,None,None,Yes,None,None,None,None,None,None,None,None,None,Yes,128,Agincourt South-Malvern West,128,Agincourt South-Malvern West (128),D42
390,904105,2006-05-03,1842,GREENWOOD AVE,WALPOLE AVE,None,Minor Arterial,Toronto and East York,None,No Control,Clear,Daylight,Dry,Non-Fatal Injury,Approaching,Passenger,35 to 39,Major,None,None,Other,None,None,None,None,None,None,None,None,None,None,None,Yes,None,None,None,None,Yes,None,None,None,None,None,65,Greenwood-Coxwell,65,Greenwood-Coxwell (65),D55
391,904105,2006-05-03,1842,GREENWOOD AVE,WALPOLE AVE,None,Minor Arterial,Toronto and East York,None,No Control,Clear,Daylight,Dry,Non-Fatal Injury,Approaching,Passenger,35 to 39,Minor,None,None,Other,None,None,None,None,None,None,None,None,None,None,None,Yes,None,None,None,None,Yes,None,None,None,None,None,65,Greenwood-Coxwell,65,Greenwood-Coxwell (65),D55
392,904105,2006-05-03,1842,GREENWOOD AVE,WALPOLE AVE,None,Minor Arterial,Toronto and East York,None,No Control,Clear,Daylight,Dry,Non-Fatal Injury,Approaching,Driver,40 to 44,Minor,None,South,"Automobile, Station Wagon",Going Ahead,Driving Properly,Normal,None,None,None,None,None,None,None,None,Yes,None,None,None,None,Yes,None,None,None,None,None,65,Greenwood-Coxwell,65,Greenwood-Coxwell (65),D55
393,904105,2006-05-03,1842,GREENWOOD AVE,WALPOLE AVE,None,Minor Arterial,Toronto and East York,None,No Control,Clear,Daylight,Dry,Non-Fatal Injury,Approaching,Driver,30 to 34,Minimal,None,North,"Automobile, Station Wagon",Going Ahead,Improper Lane Change,Normal,None,None,None,None,None,None,None,None,Yes,None,None,None,None,Yes,None,None,None,None,None,65,Greenwood-Coxwell,65,Greenwood-Coxwell (65),D55
394,904367,2006-05-05,36,KEELE ST,YORK BLVD,None,Major Arterial,Etobicoke York,At Intersection,Traffic Signal,Clear,Dark,Dry,Non-Fatal Injury,Rear End,Passenger,15 to 19,Major,None,None,Other,None,None,None,None,None,None,None,None,None,None,None,Yes,None,None,None,None,Yes,None,Yes,None,None,None,27,York University Heights,27,York University Heights (27),D31
395,904367,2006-05-05,36,KEELE ST,YORK BLVD,None,Major Arterial,Etobicoke York,At Intersection,Traffic Signal,Clear,Dark,Dry,Non-Fatal Injury,Rear End,Driver,15 to 19,Minimal,None,South,"Automobile, Station Wagon",Going Ahead,Following too Close,Fatigue,None,None,None,None,None,None,None,None,Yes,None,None,None,None,Yes,None,Yes,None,None,None,27,York University Heights,27,York University Heights (27),D31
396,904367,2006-05-05,36,KEELE ST,YORK BLVD,None,Major Arterial,Etobicoke York,At Intersection,Traffic Signal,Clear,Dark,Dry,Non-Fatal Injury,Rear End,Passenger,15 to 19,Minimal,None,None,Other,None,None,None,None,None,None,None,None,None,None,None,Yes,None,None,None,None,Yes,None,Yes,None,None,None,27,York University Heights,27,York University Heights (27),D31
397,904367,2006-05-05,36,KEELE ST,YORK BLVD,None,Major Arterial,Etobicoke York,At Intersection,Traffic Signal,Clear,Dark,Dry,Non-Fatal Injury,Rear End,Driver,50 to 54,Minimal,None,South,"Automobile, Station Wagon",Stopped,Driving Properly,Normal,None,None,None,None,None,None,None,None,Yes,None,None,None,None,Yes,None,Yes,None,None,None,27,York University Heights,27,York University Heights (27),D31
398,904251,2006-05-05,1150,QUEEN ST W,YORK ST,None,Major Arterial,Toronto and East York,At Intersection,Traffic Signal,Clear,Daylight,Dry,Non-Fatal Injury,Pedestrian Collisions,Driver,30 to 34,None,None,West,"Automobile, Station Wagon",Going Ahead,Driving Properly,Normal,None,None,None,None,None,None,Yes,None,Yes,None,None,None,None,None,None,None,None,None,None,170,Yonge-Bay Corridor,76,Bay Street Corridor (76),D52
399,904251,2006-05-05,1150,QUEEN ST W,YORK ST,None,Major Arterial,Toronto and East York,At Intersection,Traffic Signal,Clear,Daylight,Dry,Non-Fatal Injury,Pedestrian Collisions,In-Line Skater,30 to 34,Major,None,West,Other,None,None,None,Vehicle is going straight thru inter.while ped cross without ROW,Crossing without right of way,Unknown,None,None,None,Yes,None,Yes,None,None,None,None,None,None,None,None,None,None,170,Yonge-Bay Corridor,76,Bay Street Corridor (76),D52
400,901141,2006-05-06,1830,YONGE ST,WILSON AVE,None,Major Arterial,North York,At Intersection,Traffic Signal,Clear,Daylight,Dry,Non-Fatal Injury,Turning Movement,Passenger,65 to 69,Minor,None,None,Other,None,None,None,None,None,None,None,None,None,None,None,Yes,None,None,None,None,Yes,None,None,None,None,Yes,40,St.Andrew-Windfields,40,St.Andrew-Windfields (40),D32