_id,ACCNUM,DATE,TIME,STREET1,STREET2,OFFSET,ROAD_CLASS,DISTRICT,ACCLOC,TRAFFCTL,VISIBILITY,LIGHT,RDSFCOND,ACCLASS,IMPACTYPE,INVTYPE,INVAGE,INJURY,FATAL_NO,INITDIR,VEHTYPE,MANOEUVER,DRIVACT,DRIVCOND,PEDTYPE,PEDACT,PEDCOND,CYCLISTYPE,CYCACT,CYCCOND,PEDESTRIAN,CYCLIST,AUTOMOBILE,MOTORCYCLE,TRUCK,TRSN_CITY_VEH,EMERG_VEH,PASSENGER,SPEEDING,AG_DRIV,REDLIGHT,ALCOHOL,DISABILITY,HOOD_158,NEIGHBOURHOOD_158,HOOD_140,NEIGHBOURHOOD_140,DIVISION
598,911228,2006-06-25,1729,LAKE SHORE BLVD E,CHERRY ST,None,Major Arterial,Toronto and East York,At Intersection,Traffic Signal,Clear,Daylight,Dry,Non-Fatal Injury,SMV Other,Motorcycle Passenger,40 to 44,Major,None,None,Other,None,None,None,None,None,None,None,None,None,None,None,None,Yes,None,None,None,Yes,Yes,Yes,None,None,None,166,St Lawrence-East Bayfront-The Islands,77,Waterfront Communities-The Island (77),D51
599,911228,2006-06-25,1729,LAKE SHORE BLVD E,CHERRY ST,None,Major Arterial,Toronto and East York,At Intersection,Traffic Signal,Clear,Daylight,Dry,Non-Fatal Injury,SMV Other,Motorcycle Driver,40 to 44,Major,None,East,Motorcycle,Going Ahead,Speed too Fast For Condition,Unknown,None,None,None,None,None,None,None,None,None,Yes,None,None,None,Yes,Yes,Yes,None,None,None,166,St Lawrence-East Bayfront-The Islands,77,Waterfront Communities-The Island (77),D51
600,913296,2006-06-25,2040,29 BLAIR ATHOL Cres,None,None,Local,Etobicoke York,None,No Control,Clear,Dusk,Dry,Non-Fatal Injury,Other,Driver,15 to 19,None,None,East,"Automobile, Station Wagon",Going Ahead,Other,Normal,None,None,None,None,None,None,None,None,Yes,None,None,None,None,Yes,None,None,None,None,None,10,Princess-Rosethorn,10,Princess-Rosethorn (10),D22
601,913296,2006-06-25,2040,29 BLAIR ATHOL Cres,None,None,Local,Etobicoke York,None,No Control,Clear,Dusk,Dry,Non-Fatal Injury,Other,Passenger,15 to 19,Major,None,None,Other,None,None,None,None,None,None,None,None,None,None,None,Yes,None,None,None,None,Yes,None,None,None,None,None,10,Princess-Rosethorn,10,Princess-Rosethorn (10),D22
602,911336,2006-06-28,1000,BIRCHMOUNT RD,MODERN RD,None,Major Arterial,Scarborough,None,Stop Sign,Clear,Daylight,Dry,Non-Fatal Injury,Cyclist Collisions,Vehicle Owner,unknown,None,None,None,Other,None,None,None,None,None,None,None,None,None,None,Yes,Yes,None,None,None,None,None,None,None,None,None,None,119,Wexford/Maryvale,119,Wexford/Maryvale (119),D41
603,911336,2006-06-28,1000,BIRCHMOUNT RD,MODERN RD,None,Major Arterial,Scarborough,None,Stop Sign,Clear,Daylight,Dry,Non-Fatal Injury,Cyclist Collisions,Driver,45 to 49,None,None,South,"Automobile, Station Wagon",Going Ahead,Driving Properly,Normal,None,None,None,None,None,None,None,Yes,Yes,None,None,None,None,None,None,None,None,None,None,119,Wexford/Maryvale,119,Wexford/Maryvale (119),D41
604,911336,2006-06-28,1000,BIRCHMOUNT RD,MODERN RD,None,Major Arterial,Scarborough,None,Stop Sign,Clear,Daylight,Dry,Non-Fatal Injury,Cyclist Collisions,Cyclist,30 to 34,Major,None,East,Bicycle,Turning Right,None,None,None,None,None,Cyclist turns right across motorists path,Failed to Yield Right of Way,Inattentive,None,Yes,Yes,None,None,None,None,None,None,None,None,None,None,119,Wexford/Maryvale,119,Wexford/Maryvale (119),D41
605,915319,2006-06-28,1357,KING ST W,YORK ST,None,Major Arterial,Toronto and East York,None,No Control,Clear,Daylight,Dry,Non-Fatal Injury,Pedestrian Collisions,Pedestrian,35 to 39,Major,None,South,Other,None,None,None,Pedestrian involved in a collision with transit vehicle anywhere along roadway,"Crossing, no Traffic Control",Unknown,None,None,None,Yes,None,None,None,None,Yes,None,None,None,None,None,None,None,170,Yonge-Bay Corridor,76,Bay Street Corridor (76),D52
606,915319,2006-06-28,1357,KING ST W,YORK ST,None,Major Arterial,Toronto and East York,None,No Control,Clear,Daylight,Dry,Non-Fatal Injury,Pedestrian Collisions,Vehicle Owner,unknown,None,None,None,Other,None,None,None,None,None,None,None,None,None,Yes,None,None,None,None,Yes,None,None,None,None,None,None,None,170,Yonge-Bay Corridor,76,Bay Street Corridor (76),D52
607,915319,2006-06-28,1357,KING ST W,YORK ST,None,Major Arterial,Toronto and East York,None,No Control,Clear,Daylight,Dry,Non-Fatal Injury,Pedestrian Collisions,Driver,35 to 39,None,None,West,Municipal Transit Bus (TTC),Going Ahead,Driving Properly,Normal,None,None,None,None,None,None,Yes,None,None,None,None,Yes,None,None,None,None,None,None,None,170,Yonge-Bay Corridor,76,Bay Street Corridor (76),D52
608,915300,2006-06-28,1730,EGLINTON AVE W,GLENHAVEN ST,None,Major Arterial,Etobicoke York,At Intersection,Stop Sign,Rain,Daylight,Wet,Non-Fatal Injury,Angle,Vehicle Owner,unknown,None,None,None,Other,None,None,None,None,None,None,None,None,None,None,None,Yes,None,Yes,None,None,Yes,None,Yes,None,None,None,110,Keelesdale-Eglinton West,110,Keelesdale-Eglinton West (110),D12
609,915300,2006-06-28,1730,EGLINTON AVE W,GLENHAVEN ST,None,Major Arterial,Etobicoke York,At Intersection,Stop Sign,Rain,Daylight,Wet,Non-Fatal Injury,Angle,Truck Driver,40 to 44,Minimal,None,South,Truck - Open,Stopped,Driving Properly,Normal,None,None,None,None,None,None,None,None,Yes,None,Yes,None,None,Yes,None,Yes,None,None,None,110,Keelesdale-Eglinton West,110,Keelesdale-Eglinton West (110),D12
610,915300,2006-06-28,1730,EGLINTON AVE W,GLENHAVEN ST,None,Major Arterial,Etobicoke York,At Intersection,Stop Sign,Rain,Daylight,Wet,Non-Fatal Injury,Angle,Vehicle Owner,unknown,None,None,None,Other,None,None,None,None,None,None,None,None,None,None,None,Yes,None,Yes,None,None,Yes,None,Yes,None,None,None,110,Keelesdale-Eglinton West,110,Keelesdale-Eglinton West (110),D12
611,915300,2006-06-28,1730,EGLINTON AVE W,GLENHAVEN ST,None,Major Arterial,Etobicoke York,At Intersection,Stop Sign,Rain,Daylight,Wet,Non-Fatal Injury,Angle,Passenger,20 to 24,Major,None,None,Other,None,None,None,None,None,None,None,None,None,None,None,Yes,None,Yes,None,None,Yes,None,Yes,None,None,None,110,Keelesdale-Eglinton West,110,Keelesdale-Eglinton West (110),D12
612,915300,2006-06-28,1730,EGLINTON AVE W,GLENHAVEN ST,None,Major Arterial,Etobicoke York,At Intersection,Stop Sign,Rain,Daylight,Wet,Non-Fatal Injury,Angle,Driver,20 to 24,Minimal,None,West,"Automobile, Station Wagon",Going Ahead,Improper Passing,Normal,None,None,None,None,None,None,None,None,Yes,None,Yes,None,None,Yes,None,Yes,None,None,None,110,Keelesdale-Eglinton West,110,Keelesdale-Eglinton West (110),D12
613,911521,2006-06-29,954,WESTON RD,JASPER AVE,None,Minor Arterial,Etobicoke York,None,No Control,Clear,Daylight,Dry,Non-Fatal Injury,Cyclist Collisions,Vehicle Owner,unknown,None,None,None,Other,None,None,None,None,None,None,None,None,None,None,Yes,Yes,None,None,None,None,None,None,None,None,None,None,111,Rockcliffe-Smythe,111,Rockcliffe-Smythe (111),D12
614,911521,2006-06-29,954,WESTON RD,JASPER AVE,None,Minor Arterial,Etobicoke York,None,No Control,Clear,Daylight,Dry,Non-Fatal Injury,Cyclist Collisions,Driver,70 to 74,None,None,East,"Automobile, Station Wagon",Turning Left,Improper Turn,Inattentive,None,None,None,None,None,None,None,Yes,Yes,None,None,None,None,None,None,None,None,None,None,111,Rockcliffe-Smythe,111,Rockcliffe-Smythe (111),D12
615,911521,2006-06-29,954,WESTON RD,JASPER AVE,None,Minor Arterial,Etobicoke York,None,No Control,Clear,Daylight,Dry,Non-Fatal Injury,Cyclist Collisions,Cyclist,60 to 64,Major,None,South,Bicycle,Going Ahead,None,None,None,None,None,Motorist turned left across cyclists path.,Driving Properly,Normal,None,Yes,Yes,None,None,None,None,None,None,None,None,None,None,111,Rockcliffe-Smythe,111,Rockcliffe-Smythe (111),D12
616,911540,2006-06-30,50,LAWRENCE AVE E,TOWER DR,None,Major Arterial,Scarborough,None,Stop Sign,Clear,Dark,Dry,Non-Fatal Injury,SMV Other,Other Property Owner,unknown,None,None,None,Other,None,None,None,None,None,None,None,None,None,None,None,Yes,None,None,None,None,Yes,Yes,Yes,None,None,None,119,Wexford/Maryvale,119,Wexford/Maryvale (119),D41
617,911540,2006-06-30,50,LAWRENCE AVE E,TOWER DR,None,Major Arterial,Scarborough,None,Stop Sign,Clear,Dark,Dry,Non-Fatal Injury,SMV Other,Passenger,20 to 24,Major,None,None,Other,None,None,None,None,None,None,None,None,None,None,None,Yes,None,None,None,None,Yes,Yes,Yes,None,None,None,119,Wexford/Maryvale,119,Wexford/Maryvale (119),D41
618,911540,2006-06-30,50,LAWRENCE AVE E,TOWER DR,None,Major Arterial,Scarborough,None,Stop Sign,Clear,Dark,Dry,Non-Fatal Injury,SMV Other,Passenger,15 to 19,Minor,None,None,Other,None,None,None,None,None,None,None,None,None,None,None,Yes,None,None,None,None,Yes,Yes,Yes,None,None,None,119,Wexford/Maryvale,119,Wexford/Maryvale (119),D41
619,911540,2006-06-30,50,LAWRENCE AVE E,TOWER DR,None,Major Arterial,Scarborough,None,Stop Sign,Clear,Dark,Dry,Non-Fatal Injury,SMV Other,Vehicle Owner,unknown,None,None,None,Other,None,None,None,None,None,None,None,None,None,None,None,Yes,None,None,None,None,Yes,Yes,Yes,None,None,None,119,Wexford/Maryvale,119,Wexford/Maryvale (119),D41
620,911540,2006-06-30,50,LAWRENCE AVE E,TOWER DR,None,Major Arterial,Scarborough,None,Stop Sign,Clear,Dark,Dry,Non-Fatal Injury,SMV Other,Driver,20 to 24,None,None,West,"Automobile, Station Wagon",Turning Right,Exceeding Speed Limit,Unknown,None,None,None,None,None,None,None,None,Yes,None,None,None,None,Yes,Yes,Yes,None,None,None,119,Wexford/Maryvale,119,Wexford/Maryvale (119),D41
621,915777,2006-06-30,926,57 ELLESMERE RD,VICTORIA PARK Aven,None,Major Arterial,Scarborough,None,No Control,Clear,Daylight,Dry,Non-Fatal Injury,Turning Movement,Passenger,45 to 49,Major,None,None,Other,None,None,None,None,None,None,None,None,None,None,None,Yes,None,None,None,None,Yes,None,None,None,None,None,119,Wexford/Maryvale,119,Wexford/Maryvale (119),D41
622,915777,2006-06-30,926,57 ELLESMERE RD,VICTORIA PARK Aven,None,Major Arterial,Scarborough,None,No Control,Clear,Daylight,Dry,Non-Fatal Injury,Turning Movement,Driver,20 to 24,Minor,None,South,"Automobile, Station Wagon",Turning Left,Improper Turn,Normal,None,None,None,None,None,None,None,None,Yes,None,None,None,None,Yes,None,None,None,None,None,119,Wexford/Maryvale,119,Wexford/Maryvale (119),D41
623,915777,2006-06-30,926,57 ELLESMERE RD,VICTORIA PARK Aven,None,Major Arterial,Scarborough,None,No Control,Clear,Daylight,Dry,Non-Fatal Injury,Turning Movement,Driver,25 to 29,Minimal,None,North,"Automobile, Station Wagon",Going Ahead,Driving Properly,Normal,None,None,None,None,None,None,None,None,Yes,None,None,None,None,Yes,None,None,None,None,None,119,Wexford/Maryvale,119,Wexford/Maryvale (119),D41
624,919331,2006-06-30,1208,SENLAC RD,BURNETT AVE,None,Minor Arterial,North York,None,No Control,Clear,Daylight,Dry,Non-Fatal Injury,Pedestrian Collisions,Vehicle Owner,unknown,None,None,None,Other,None,None,None,None,None,None,None,None,None,Yes,None,Yes,None,None,None,None,None,None,Yes,None,None,None,38,Lansing-Westgate,38,Lansing-Westgate (38),D32
625,919331,2006-06-30,1208,SENLAC RD,BURNETT AVE,None,Minor Arterial,North York,None,No Control,Clear,Daylight,Dry,Non-Fatal Injury,Pedestrian Collisions,Driver,50 to 54,None,None,South,"Automobile, Station Wagon",Overtaking,Improper Passing,Normal,None,None,None,None,None,None,Yes,None,Yes,None,None,None,None,None,None,Yes,None,None,None,38,Lansing-Westgate,38,Lansing-Westgate (38),D32
626,919331,2006-06-30,1208,SENLAC RD,BURNETT AVE,None,Minor Arterial,North York,None,No Control,Clear,Daylight,Dry,Non-Fatal Injury,Pedestrian Collisions,Pedestrian,10 to 14,Major,None,None,Other,None,None,None,Pedestrian hit at mid-block,Running onto Roadway,Normal,None,None,None,Yes,None,Yes,None,None,None,None,None,None,Yes,None,None,None,38,Lansing-Westgate,38,Lansing-Westgate (38),D32
627,911913,2006-07-04,1624,DON MILLS RD,VAN HORNE AVE,None,Major Arterial,North York,At Intersection,Traffic Signal,Clear,Daylight,Dry,Non-Fatal Injury,Angle,Vehicle Owner,unknown,None,None,None,Other,None,None,None,None,None,None,None,None,None,None,None,Yes,None,Yes,None,None,None,None,Yes,Yes,None,None,47,Don Valley Village,47,Don Valley Village (47),D33
628,911913,2006-07-04,1624,DON MILLS RD,VAN HORNE AVE,None,Major Arterial,North York,At Intersection,Traffic Signal,Clear,Daylight,Dry,Non-Fatal Injury,Angle,Truck Driver,30 to 34,None,None,South,Truck - Open,Going Ahead,Disobeyed Traffic Control,Normal,None,None,None,None,None,None,None,None,Yes,None,Yes,None,None,None,None,Yes,Yes,None,None,47,Don Valley Village,47,Don Valley Village (47),D33
629,911913,2006-07-04,1624,DON MILLS RD,VAN HORNE AVE,None,Major Arterial,North York,At Intersection,Traffic Signal,Clear,Daylight,Dry,Non-Fatal Injury,Angle,Vehicle Owner,unknown,None,None,None,Other,None,None,None,None,None,None,None,None,None,None,None,Yes,None,Yes,None,None,None,None,Yes,Yes,None,None,47,Don Valley Village,47,Don Valley Village (47),D33
630,911913,2006-07-04,1624,DON MILLS RD,VAN HORNE AVE,None,Major Arterial,North York,At Intersection,Traffic Signal,Clear,Daylight,Dry,Non-Fatal Injury,Angle,Driver,60 to 64,Major,None,East,"Automobile, Station Wagon",Going Ahead,Driving Properly,Normal,None,None,None,None,None,None,None,None,Yes,None,Yes,None,None,None,None,Yes,Yes,None,None,47,Don Valley Village,47,Don Valley Village (47),D33
631,911915,2006-07-04,1827,LAKE SHORE BLVD W,SECOND ST,None,Major Arterial,Etobicoke York,None,No Control,Clear,Daylight,Dry,Non-Fatal Injury,Pedestrian Collisions,Driver,unknown,None,None,None,"Automobile, Station Wagon",Reversing,None,None,None,None,None,None,None,None,Yes,None,Yes,None,None,None,None,None,None,None,None,None,None,18,New Toronto,18,New Toronto (18),D22
632,911915,2006-07-04,1827,LAKE SHORE BLVD W,SECOND ST,None,Major Arterial,Etobicoke York,None,No Control,Clear,Daylight,Dry,Non-Fatal Injury,Pedestrian Collisions,Pedestrian,unknown,Major,None,None,Other,Other,None,None,Unknown,None,None,None,None,None,Yes,None,Yes,None,None,None,None,None,None,None,None,None,None,18,New Toronto,18,New Toronto (18),D22
633,916243,2006-07-04,2015,LAWRENCE AVE E,OVERTURE RD,None,Major Arterial,Scarborough,At Intersection,Traffic Signal,Clear,Daylight,Dry,Non-Fatal Injury,Rear End,Driver,15 to 19,None,None,East,"Automobile, Station Wagon",Going Ahead,Following too Close,Normal,None,None,None,None,None,None,None,None,Yes,None,None,None,None,Yes,None,Yes,None,None,None,136,West Hill,136,West Hill (136),D43
634,916243,2006-07-04,2015,LAWRENCE AVE E,OVERTURE RD,None,Major Arterial,Scarborough,At Intersection,Traffic Signal,Clear,Daylight,Dry,Non-Fatal Injury,Rear End,Driver,40 to 44,None,None,East,"Automobile, Station Wagon",Slowing or Stopping,Driving Properly,Normal,None,None,None,None,None,None,None,None,Yes,None,None,None,None,Yes,None,Yes,None,None,None,136,West Hill,136,West Hill (136),D43
635,916243,2006-07-04,2015,LAWRENCE AVE E,OVERTURE RD,None,Major Arterial,Scarborough,At Intersection,Traffic Signal,Clear,Daylight,Dry,Non-Fatal Injury,Rear End,Passenger,25 to 29,Major,None,None,Other,None,None,None,None,None,None,None,None,None,None,None,Yes,None,None,None,None,Yes,None,Yes,None,None,None,136,West Hill,136,West Hill (136),D43
636,916168,2006-07-05,2130,VICTORIA PARK AVE,TERRAVIEW BLVD,None,Major Arterial,North York,At Intersection,Stop Sign,Clear,Dark,Dry,Non-Fatal Injury,Turning Movement,Motorcycle Driver,25 to 29,Major,None,North,Motorcycle,Going Ahead,Driving Properly,Normal,None,None,None,None,None,None,None,None,Yes,Yes,None,None,None,None,None,Yes,None,None,None,150,Fenside-Parkwoods,45,Parkwoods-Donalda (45),D33
637,916168,2006-07-05,2130,VICTORIA PARK AVE,TERRAVIEW BLVD,None,Major Arterial,North York,At Intersection,Stop Sign,Clear,Dark,Dry,Non-Fatal Injury,Turning Movement,Vehicle Owner,unknown,None,None,None,Other,None,None,None,None,None,None,None,None,None,None,None,Yes,Yes,None,None,None,None,None,Yes,None,None,None,150,Fenside-Parkwoods,45,Parkwoods-Donalda (45),D33
638,916168,2006-07-05,2130,VICTORIA PARK AVE,TERRAVIEW BLVD,None,Major Arterial,North York,At Intersection,Stop Sign,Clear,Dark,Dry,Non-Fatal Injury,Turning Movement,Driver,45 to 49,None,None,West,"Automobile, Station Wagon",Turning Left,Failed to Yield Right of Way,Normal,None,None,None,None,None,None,None,None,Yes,Yes,None,None,None,None,None,Yes,None,None,None,150,Fenside-Parkwoods,45,Parkwoods-Donalda (45),D33
639,912714,2006-07-07,127,HARBOUR ST,YORK ST,None,Major Arterial,Toronto and East York,At Intersection,Traffic Signal,Clear,Dark,Dry,Non-Fatal Injury,Angle,Passenger,20 to 24,Major,None,None,Other,None,None,None,None,None,None,None,None,None,None,None,Yes,None,None,None,None,Yes,None,Yes,Yes,None,None,165,Harbourfront-CityPlace,77,Waterfront Communities-The Island (77),D52
640,912714,2006-07-07,127,HARBOUR ST,YORK ST,None,Major Arterial,Toronto and East York,At Intersection,Traffic Signal,Clear,Dark,Dry,Non-Fatal Injury,Angle,Driver,25 to 29,Major,None,East,"Automobile, Station Wagon",Going Ahead,Driving Properly,Normal,None,None,None,None,None,None,None,None,Yes,None,None,None,None,Yes,None,Yes,Yes,None,None,165,Harbourfront-CityPlace,77,Waterfront Communities-The Island (77),D52
641,912714,2006-07-07,127,HARBOUR ST,YORK ST,None,Major Arterial,Toronto and East York,At Intersection,Traffic Signal,Clear,Dark,Dry,Non-Fatal Injury,Angle,Passenger,25 to 29,Minor,None,None,Other,None,None,None,None,None,None,None,None,None,None,None,Yes,None,None,None,None,Yes,None,Yes,Yes,None,None,165,Harbourfront-CityPlace,77,Waterfront Communities-The Island (77),D52
642,912714,2006-07-07,127,HARBOUR ST,YORK ST,None,Major Arterial,Toronto and East York,At Intersection,Traffic Signal,Clear,Dark,Dry,Non-Fatal Injury,Angle,Driver,20 to 24,Minimal,None,South,"Automobile, Station Wagon",Going Ahead,Disobeyed Traffic Control,Had Been Drinking,None,None,None,None,None,None,None,None,Yes,None,None,None,None,Yes,None,Yes,Yes,None,None,165,Harbourfront-CityPlace,77,Waterfront Communities-The Island (77),D52
643,916566,2006-07-07,1414,YONGE ST,PLEASANT AVE,None,Major Arterial,Toronto and East York,None,No Control,Clear,Daylight,Dry,Non-Fatal Injury,Pedestrian Collisions,Vehicle Owner,unknown,None,None,None,Other,None,None,None,None,None,None,None,None,None,Yes,None,None,None,None,Yes,None,None,None,None,None,None,None,98,Rosedale-Moore Park,98,Rosedale-Moore Park (98),D53
644,916566,2006-07-07,1414,YONGE ST,PLEASANT AVE,None,Major Arterial,Toronto and East York,None,No Control,Clear,Daylight,Dry,Non-Fatal Injury,Pedestrian Collisions,Driver,35 to 39,None,None,North,Municipal Transit Bus (TTC),Going Ahead,Driving Properly,Normal,None,None,None,None,None,None,Yes,None,None,None,None,Yes,None,None,None,None,None,None,None,98,Rosedale-Moore Park,98,Rosedale-Moore Park (98),D53
645,916566,2006-07-07,1414,YONGE ST,PLEASANT AVE,None,Major Arterial,Toronto and East York,None,No Control,Clear,Daylight,Dry,Non-Fatal Injury,Pedestrian Collisions,Pedestrian,75 to 79,Major,None,East,Other,None,None,None,Pedestrian involved in a collision with transit vehicle anywhere along roadway,Running onto Roadway,Other,None,None,None,Yes,None,None,None,None,Yes,None,None,None,None,None,None,None,98,Rosedale-Moore Park,98,Rosedale-Moore Park (98),D53
646,912782,2006-07-08,1650,REES ST,LAKE SHORE BLVD W,None,Major Arterial,Toronto and East York,At Intersection,Traffic Signal,Clear,Daylight,Dry,Non-Fatal Injury,Angle,Driver,25 to 29,None,None,East,"Automobile, Station Wagon",Going Ahead,Driving Properly,Normal,None,None,None,None,None,None,None,None,Yes,None,None,None,None,Yes,None,Yes,None,None,None,165,Harbourfront-CityPlace,77,Waterfront Communities-The Island (77),D52
647,912782,2006-07-08,1650,REES ST,LAKE SHORE BLVD W,None,Major Arterial,Toronto and East York,At Intersection,Traffic Signal,Clear,Daylight,Dry,Non-Fatal Injury,Angle,Passenger,5 to 9,Major,None,None,Other,None,None,None,None,None,None,None,None,None,None,None,Yes,None,None,None,None,Yes,None,Yes,None,None,None,165,Harbourfront-CityPlace,77,Waterfront Communities-The Island (77),D52
648,912782,2006-07-08,1650,REES ST,LAKE SHORE BLVD W,None,Major Arterial,Toronto and East York,At Intersection,Traffic Signal,Clear,Daylight,Dry,Non-Fatal Injury,Angle,Passenger,30 to 34,Minimal,None,None,Other,None,None,None,None,None,None,None,None,None,None,None,Yes,None,None,None,None,Yes,None,Yes,None,None,None,165,Harbourfront-CityPlace,77,Waterfront Communities-The Island (77),D52
649,912782,2006-07-08,1650,REES ST,LAKE SHORE BLVD W,None,Major Arterial,Toronto and East York,At Intersection,Traffic Signal,Clear,Daylight,Dry,Non-Fatal Injury,Angle,Passenger,5 to 9,Minimal,None,None,Other,None,None,None,None,None,None,None,None,None,None,None,Yes,None,None,None,None,Yes,None,Yes,None,None,None,165,Harbourfront-CityPlace,77,Waterfront Communities-The Island (77),D52
650,912782,2006-07-08,1650,REES ST,LAKE SHORE BLVD W,None,Major Arterial,Toronto and East York,At Intersection,Traffic Signal,Clear,Daylight,Dry,Non-Fatal Injury,Angle,Passenger,30 to 34,Minimal,None,None,Other,None,None,None,None,None,None,None,None,None,None,None,Yes,None,None,None,None,Yes,None,Yes,None,None,None,165,Harbourfront-CityPlace,77,Waterfront Communities-The Island (77),D52
651,912782,2006-07-08,1650,REES ST,LAKE SHORE BLVD W,None,Major Arterial,Toronto and East York,At Intersection,Traffic Signal,Clear,Daylight,Dry,Non-Fatal Injury,Angle,Driver,30 to 34,None,None,South,"Automobile, Station Wagon",Going Ahead,Failed to Yield Right of Way,Normal,None,None,None,None,None,None,None,None,Yes,None,None,None,None,Yes,None,Yes,None,None,None,165,Harbourfront-CityPlace,77,Waterfront Communities-The Island (77),D52
652,912859,2006-07-09,1823,LAKE SHORE BLVD W,BATHURST ST,None,Major Arterial,Toronto and East York,At Intersection,Traffic Signal,Clear,Daylight,Dry,Non-Fatal Injury,Turning Movement,Driver,35 to 39,None,None,West,"Automobile, Station Wagon",Going Ahead,Driving Properly,Normal,None,None,None,None,None,None,None,None,Yes,None,None,None,None,Yes,None,Yes,Yes,None,None,165,Harbourfront-CityPlace,77,Waterfront Communities-The Island (77),D14
653,912859,2006-07-09,1823,LAKE SHORE BLVD W,BATHURST ST,None,Major Arterial,Toronto and East York,At Intersection,Traffic Signal,Clear,Daylight,Dry,Non-Fatal Injury,Turning Movement,Passenger,20 to 24,Minor,None,None,Other,None,None,None,None,None,None,None,None,None,None,None,Yes,None,None,None,None,Yes,None,Yes,Yes,None,None,165,Harbourfront-CityPlace,77,Waterfront Communities-The Island (77),D14
654,912859,2006-07-09,1823,LAKE SHORE BLVD W,BATHURST ST,None,Major Arterial,Toronto and East York,At Intersection,Traffic Signal,Clear,Daylight,Dry,Non-Fatal Injury,Turning Movement,Passenger,20 to 24,Major,None,None,Other,None,None,None,None,None,None,None,None,None,None,None,Yes,None,None,None,None,Yes,None,Yes,Yes,None,None,165,Harbourfront-CityPlace,77,Waterfront Communities-The Island (77),D14
655,912859,2006-07-09,1823,LAKE SHORE BLVD W,BATHURST ST,None,Major Arterial,Toronto and East York,At Intersection,Traffic Signal,Clear,Daylight,Dry,Non-Fatal Injury,Turning Movement,Vehicle Owner,unknown,None,None,None,Other,None,None,None,None,None,None,None,None,None,None,None,Yes,None,None,None,None,Yes,None,Yes,Yes,None,None,165,Harbourfront-CityPlace,77,Waterfront Communities-The Island (77),D14
656,912859,2006-07-09,1823,LAKE SHORE BLVD W,BATHURST ST,None,Major Arterial,Toronto and East York,At Intersection,Traffic Signal,Clear,Daylight,Dry,Non-Fatal Injury,Turning Movement,Driver,20 to 24,Minimal,None,East,"Automobile, Station Wagon",Turning Left,Disobeyed Traffic Control,Normal,None,None,None,None,None,None,None,None,Yes,None,None,None,None,Yes,None,Yes,Yes,None,None,165,Harbourfront-CityPlace,77,Waterfront Communities-The Island (77),D14
657,917569,2006-07-10,1310,2609 LAKE SHORE BLVD W,None,None,Major Arterial,Etobicoke York,None,No Control,Rain,Daylight,Wet,Non-Fatal Injury,Sideswipe,Vehicle Owner,unknown,None,None,None,Other,None,None,None,None,None,None,None,None,None,None,None,Yes,None,None,None,None,Yes,None,Yes,None,None,None,160,Mimico-Queensway,17,Mimico (includes Humber Bay Shores) (17),D22
658,917569,2006-07-10,1310,2609 LAKE SHORE BLVD W,None,None,Major Arterial,Etobicoke York,None,No Control,Rain,Daylight,Wet,Non-Fatal Injury,Sideswipe,Driver,45 to 49,Minimal,None,East,"Automobile, Station Wagon",Going Ahead,Other,Had Been Drinking,None,None,None,None,None,None,None,None,Yes,None,None,None,None,Yes,None,Yes,None,None,None,160,Mimico-Queensway,17,Mimico (includes Humber Bay Shores) (17),D22
659,917569,2006-07-10,1310,2609 LAKE SHORE BLVD W,None,None,Major Arterial,Etobicoke York,None,No Control,Rain,Daylight,Wet,Non-Fatal Injury,Sideswipe,Passenger,70 to 74,Minimal,None,None,Other,None,None,None,None,None,None,None,None,None,None,None,Yes,None,None,None,None,Yes,None,Yes,None,None,None,160,Mimico-Queensway,17,Mimico (includes Humber Bay Shores) (17),D22
660,917569,2006-07-10,1310,2609 LAKE SHORE BLVD W,None,None,Major Arterial,Etobicoke York,None,No Control,Rain,Daylight,Wet,Non-Fatal Injury,Sideswipe,Driver,60 to 64,Major,None,East,"Automobile, Station Wagon",Pulling Away from Shoulder or Curb,Failed to Yield Right of Way,Normal,None,None,None,None,None,None,None,None,Yes,None,None,None,None,Yes,None,Yes,None,None,None,160,Mimico-Queensway,17,Mimico (includes Humber Bay Shores) (17),D22
661,917526,2006-07-10,1313,MARTIN GROVE RD,LEXINGTON AVE,None,Minor Arterial,Etobicoke York,At Intersection,Traffic Signal,Clear,Daylight,Dry,Non-Fatal Injury,Turning Movement,Vehicle Owner,unknown,None,None,None,Other,None,None,None,None,None,None,None,None,None,None,None,Yes,None,None,None,None,Yes,None,None,None,None,None,1,West Humber-Clairville,1,West Humber-Clairville (1),D23
662,917526,2006-07-10,1313,MARTIN GROVE RD,LEXINGTON AVE,None,Minor Arterial,Etobicoke York,At Intersection,Traffic Signal,Clear,Daylight,Dry,Non-Fatal Injury,Turning Movement,Driver,25 to 29,Minimal,None,South,"Automobile, Station Wagon",Going Ahead,Driving Properly,Normal,None,None,None,None,None,None,None,None,Yes,None,None,None,None,Yes,None,None,None,None,None,1,West Humber-Clairville,1,West Humber-Clairville (1),D23
663,917526,2006-07-10,1313,MARTIN GROVE RD,LEXINGTON AVE,None,Minor Arterial,Etobicoke York,At Intersection,Traffic Signal,Clear,Daylight,Dry,Non-Fatal Injury,Turning Movement,Passenger,15 to 19,Major,None,None,Other,None,None,None,None,None,None,None,None,None,None,None,Yes,None,None,None,None,Yes,None,None,None,None,None,1,West Humber-Clairville,1,West Humber-Clairville (1),D23