_id,ACCNUM,DATE,TIME,STREET1,STREET2,OFFSET,ROAD_CLASS,DISTRICT,ACCLOC,TRAFFCTL,VISIBILITY,LIGHT,RDSFCOND,ACCLASS,IMPACTYPE,INVTYPE,INVAGE,INJURY,FATAL_NO,INITDIR,VEHTYPE,MANOEUVER,DRIVACT,DRIVCOND,PEDTYPE,PEDACT,PEDCOND,CYCLISTYPE,CYCACT,CYCCOND,PEDESTRIAN,CYCLIST,AUTOMOBILE,MOTORCYCLE,TRUCK,TRSN_CITY_VEH,EMERG_VEH,PASSENGER,SPEEDING,AG_DRIV,REDLIGHT,ALCOHOL,DISABILITY,HOOD_158,NEIGHBOURHOOD_158,HOOD_140,NEIGHBOURHOOD_140,DIVISION
728,919231,2006-07-24,2348,DON MILLS RD,DON VALLEY PARKWAY S  S,None,Major Arterial,Toronto and East York,None,No Control,Clear,Dark,Dry,Non-Fatal Injury,Approaching,Passenger,25 to 29,Major,None,None,Other,None,None,None,None,None,None,None,None,None,None,None,Yes,None,None,None,None,Yes,None,None,None,Yes,None,58,Old East York,58,Old East York (58),D55
729,919231,2006-07-24,2348,DON MILLS RD,DON VALLEY PARKWAY S  S,None,Major Arterial,Toronto and East York,None,No Control,Clear,Dark,Dry,Non-Fatal Injury,Approaching,Vehicle Owner,unknown,None,None,None,Other,None,None,None,None,None,None,None,None,None,None,None,Yes,None,None,None,None,Yes,None,None,None,Yes,None,58,Old East York,58,Old East York (58),D55
730,919231,2006-07-24,2348,DON MILLS RD,DON VALLEY PARKWAY S  S,None,Major Arterial,Toronto and East York,None,No Control,Clear,Dark,Dry,Non-Fatal Injury,Approaching,Driver,25 to 29,Minor,None,South,"Automobile, Station Wagon",Going Ahead,Driving Properly,Normal,None,None,None,None,None,None,None,None,Yes,None,None,None,None,Yes,None,None,None,Yes,None,58,Old East York,58,Old East York (58),D55
731,915543,2006-07-26,544,NUGGET AVE,SHORTING RD,None,Minor Arterial,Scarborough,None,Stop Sign,Clear,Daylight,Other,Non-Fatal Injury,Approaching,Truck Driver,60 to 64,None,None,East,Truck - Open,Going Ahead,Driving Properly,Normal,None,None,None,None,None,None,None,None,Yes,None,Yes,None,None,None,None,Yes,None,None,None,128,Agincourt South-Malvern West,128,Agincourt South-Malvern West (128),D42
732,915543,2006-07-26,544,NUGGET AVE,SHORTING RD,None,Minor Arterial,Scarborough,None,Stop Sign,Clear,Daylight,Other,Non-Fatal Injury,Approaching,Driver,30 to 34,Major,None,West,"Automobile, Station Wagon",Going Ahead,Other,Normal,None,None,None,None,None,None,None,None,Yes,None,Yes,None,None,None,None,Yes,None,None,None,128,Agincourt South-Malvern West,128,Agincourt South-Malvern West (128),D42
733,919514,2006-07-26,2135,ALBION RD,ARMEL CRT,None,Major Arterial,Etobicoke York,At Intersection,Traffic Signal,Rain,Dark,Wet,Non-Fatal Injury,Angle,Vehicle Owner,unknown,None,None,None,Other,None,None,None,None,None,None,None,None,None,None,None,Yes,None,None,None,None,Yes,None,None,None,None,None,5,Elms-Old Rexdale,5,Elms-Old Rexdale (5),D23
734,919514,2006-07-26,2135,ALBION RD,ARMEL CRT,None,Major Arterial,Etobicoke York,At Intersection,Traffic Signal,Rain,Dark,Wet,Non-Fatal Injury,Angle,Driver,20 to 24,Major,None,West,"Automobile, Station Wagon",Going Ahead,Other,Normal,None,None,None,None,None,None,None,None,Yes,None,None,None,None,Yes,None,None,None,None,None,5,Elms-Old Rexdale,5,Elms-Old Rexdale (5),D23
735,919514,2006-07-26,2135,ALBION RD,ARMEL CRT,None,Major Arterial,Etobicoke York,At Intersection,Traffic Signal,Rain,Dark,Wet,Non-Fatal Injury,Angle,Passenger,60 to 64,Minor,None,None,Other,None,None,None,None,None,None,None,None,None,None,None,Yes,None,None,None,None,Yes,None,None,None,None,None,5,Elms-Old Rexdale,5,Elms-Old Rexdale (5),D23
736,919514,2006-07-26,2135,ALBION RD,ARMEL CRT,None,Major Arterial,Etobicoke York,At Intersection,Traffic Signal,Rain,Dark,Wet,Non-Fatal Injury,Angle,Driver,65 to 69,Minor,None,North,"Automobile, Station Wagon",Going Ahead,Other,Normal,None,None,None,None,None,None,None,None,Yes,None,None,None,None,Yes,None,None,None,None,None,5,Elms-Old Rexdale,5,Elms-Old Rexdale (5),D23
737,919835,2006-07-28,1610,225 BIRMINGHAM ST,None,None,Collector,Etobicoke York,None,No Control,Clear,Daylight,Dry,Non-Fatal Injury,Cyclist Collisions,Vehicle Owner,unknown,None,None,None,Other,None,None,None,None,None,None,None,None,None,None,Yes,Yes,None,None,None,None,None,None,Yes,None,None,None,18,New Toronto,18,New Toronto (18),D22
738,919835,2006-07-28,1610,225 BIRMINGHAM ST,None,None,Collector,Etobicoke York,None,No Control,Clear,Daylight,Dry,Non-Fatal Injury,Cyclist Collisions,Driver,55 to 59,None,None,North,"Automobile, Station Wagon",Turning Left,Failed to Yield Right of Way,Inattentive,None,None,None,None,None,None,None,Yes,Yes,None,None,None,None,None,None,Yes,None,None,None,18,New Toronto,18,New Toronto (18),D22
739,919835,2006-07-28,1610,225 BIRMINGHAM ST,None,None,Collector,Etobicoke York,None,No Control,Clear,Daylight,Dry,Non-Fatal Injury,Cyclist Collisions,Cyclist,45 to 49,Major,None,East,Bicycle,Going Ahead,None,None,None,None,None,Motorist turned left across cyclists path.,Driving Properly,Normal,None,Yes,Yes,None,None,None,None,None,None,Yes,None,None,None,18,New Toronto,18,New Toronto (18),D22
740,915991,2006-07-28,1626,ISLINGTON AVE,DIXON RD,None,Major Arterial,Etobicoke York,None,No Control,Clear,Daylight,Dry,Fatal,Pedestrian Collisions,Passenger,5 to 9,None,None,None,Other,None,None,None,None,None,None,None,None,None,Yes,None,Yes,None,None,None,None,Yes,None,None,None,None,None,6,Kingsview Village-The Westway,6,Kingsview Village-The Westway (6),D23
741,915991,2006-07-28,1626,ISLINGTON AVE,DIXON RD,None,Major Arterial,Etobicoke York,None,No Control,Clear,Daylight,Dry,Fatal,Pedestrian Collisions,Vehicle Owner,unknown,None,None,None,Other,None,None,None,None,None,None,None,None,None,Yes,None,Yes,None,None,None,None,Yes,None,None,None,None,None,6,Kingsview Village-The Westway,6,Kingsview Village-The Westway (6),D23
742,915991,2006-07-28,1626,ISLINGTON AVE,DIXON RD,None,Major Arterial,Etobicoke York,None,No Control,Clear,Daylight,Dry,Fatal,Pedestrian Collisions,Driver,35 to 39,None,None,North,"Automobile, Station Wagon",Going Ahead,Lost control,Unknown,None,None,None,None,None,None,Yes,None,Yes,None,None,None,None,Yes,None,None,None,None,None,6,Kingsview Village-The Westway,6,Kingsview Village-The Westway (6),D23
743,915991,2006-07-28,1626,ISLINGTON AVE,DIXON RD,None,Major Arterial,Etobicoke York,None,No Control,Clear,Daylight,Dry,Fatal,Pedestrian Collisions,Pedestrian,20 to 24,Fatal,None,South,Other,None,None,None,Pedestrian hit on sidewalk or shoulder,On Sidewalk or Shoulder,Normal,None,None,None,Yes,None,Yes,None,None,None,None,Yes,None,None,None,None,None,6,Kingsview Village-The Westway,6,Kingsview Village-The Westway (6),D23
744,924338,2006-07-30,720,LAWRENCE AVE W,JANE ST,None,Major Arterial,Etobicoke York,At Intersection,Traffic Signal,Clear,Daylight,Dry,Non-Fatal Injury,Pedestrian Collisions,Driver,20 to 24,None,None,East,"Automobile, Station Wagon",Turning Right,Failed to Yield Right of Way,Unknown,None,None,None,None,None,None,Yes,None,Yes,None,None,None,None,None,None,Yes,None,None,None,30,Brookhaven-Amesbury,30,Brookhaven-Amesbury (30),D12
745,924338,2006-07-30,720,LAWRENCE AVE W,JANE ST,None,Major Arterial,Etobicoke York,At Intersection,Traffic Signal,Clear,Daylight,Dry,Non-Fatal Injury,Pedestrian Collisions,Pedestrian,80 to 84,Major,None,East,Other,None,None,None,Vehicle turns right while ped crosses with ROW at inter.,Crossing with right of way,Normal,None,None,None,Yes,None,Yes,None,None,None,None,None,None,Yes,None,None,None,30,Brookhaven-Amesbury,30,Brookhaven-Amesbury (30),D12
746,922598,2006-07-30,1435,DON MILLS RD,MCNICOLL AVE,None,Major Arterial,North York,At Intersection,Traffic Signal,Clear,Daylight,Dry,Non-Fatal Injury,Turning Movement,Passenger,45 to 49,Major,None,None,Other,None,None,None,None,None,None,None,None,None,None,None,Yes,None,None,None,None,Yes,None,None,None,None,None,48,Hillcrest Village,48,Hillcrest Village (48),D33
747,922598,2006-07-30,1435,DON MILLS RD,MCNICOLL AVE,None,Major Arterial,North York,At Intersection,Traffic Signal,Clear,Daylight,Dry,Non-Fatal Injury,Turning Movement,Driver,45 to 49,Minimal,None,North,"Automobile, Station Wagon",Going Ahead,Driving Properly,Normal,None,None,None,None,None,None,None,None,Yes,None,None,None,None,Yes,None,None,None,None,None,48,Hillcrest Village,48,Hillcrest Village (48),D33
748,922598,2006-07-30,1435,DON MILLS RD,MCNICOLL AVE,None,Major Arterial,North York,At Intersection,Traffic Signal,Clear,Daylight,Dry,Non-Fatal Injury,Turning Movement,Vehicle Owner,unknown,None,None,None,Other,None,None,None,None,None,None,None,None,None,None,None,Yes,None,None,None,None,Yes,None,None,None,None,None,48,Hillcrest Village,48,Hillcrest Village (48),D33
749,922598,2006-07-30,1435,DON MILLS RD,MCNICOLL AVE,None,Major Arterial,North York,At Intersection,Traffic Signal,Clear,Daylight,Dry,Non-Fatal Injury,Turning Movement,Driver,35 to 39,None,None,South,"Automobile, Station Wagon",Turning Left,Improper Turn,Normal,None,None,None,None,None,None,None,None,Yes,None,None,None,None,Yes,None,None,None,None,None,48,Hillcrest Village,48,Hillcrest Village (48),D33
750,922598,2006-07-30,1435,DON MILLS RD,MCNICOLL AVE,None,Major Arterial,North York,At Intersection,Traffic Signal,Clear,Daylight,Dry,Non-Fatal Injury,Turning Movement,Other Property Owner,unknown,None,None,None,Other,None,None,None,None,None,None,None,None,None,None,None,Yes,None,None,None,None,Yes,None,None,None,None,None,48,Hillcrest Village,48,Hillcrest Village (48),D33
751,916024,2006-07-30,2155,F G GARDINER XY Ramp W,GARDINER W S KINGSWAY RAMP,None,None,Toronto and East York,None,No Control,Clear,Dark,Dry,Fatal,SMV Other,Motorcycle Driver,20 to 24,Fatal,None,West,Motorcycle,Going Ahead,Lost control,Unknown,None,None,None,None,None,None,None,None,None,Yes,None,None,None,None,None,None,None,None,None,85,South Parkdale,85,South Parkdale (85),D11
752,916541,2006-07-31,632,FINCH AVE E,BRAHMS AVE,None,Major Arterial,North York,At Intersection,Traffic Signal,Clear,Daylight,Dry,Non-Fatal Injury,Pedestrian Collisions,Passenger,30 to 34,None,None,None,Other,None,None,None,None,None,None,None,None,None,Yes,None,Yes,None,None,None,None,Yes,None,None,None,None,None,47,Don Valley Village,47,Don Valley Village (47),D33
753,916541,2006-07-31,632,FINCH AVE E,BRAHMS AVE,None,Major Arterial,North York,At Intersection,Traffic Signal,Clear,Daylight,Dry,Non-Fatal Injury,Pedestrian Collisions,Pedestrian,15 to 19,Major,None,South,Other,None,None,None,Vehicle is going straight thru inter.while ped cross without ROW,Crossing without right of way,Inattentive,None,None,None,Yes,None,Yes,None,None,None,None,Yes,None,None,None,None,None,47,Don Valley Village,47,Don Valley Village (47),D33
754,916541,2006-07-31,632,FINCH AVE E,BRAHMS AVE,None,Major Arterial,North York,At Intersection,Traffic Signal,Clear,Daylight,Dry,Non-Fatal Injury,Pedestrian Collisions,Driver,30 to 34,None,None,West,"Automobile, Station Wagon",Going Ahead,Driving Properly,Normal,None,None,None,None,None,None,Yes,None,Yes,None,None,None,None,Yes,None,None,None,None,None,47,Don Valley Village,47,Don Valley Village (47),D33
755,920182,2006-07-31,1440,BLOOR ST W,KENNEDY AVE,None,Major Arterial,Toronto and East York,None,No Control,Clear,Daylight,Dry,Non-Fatal Injury,Pedestrian Collisions,Vehicle Owner,unknown,None,None,None,Other,None,None,None,None,None,None,None,None,None,Yes,None,Yes,None,None,None,None,None,None,Yes,None,None,None,87,High Park-Swansea,87,High Park-Swansea (87),D11
756,920182,2006-07-31,1440,BLOOR ST W,KENNEDY AVE,None,Major Arterial,Toronto and East York,None,No Control,Clear,Daylight,Dry,Non-Fatal Injury,Pedestrian Collisions,Driver,40 to 44,None,None,West,"Automobile, Station Wagon",Going Ahead,Improper Passing,Normal,None,None,None,None,None,None,Yes,None,Yes,None,None,None,None,None,None,Yes,None,None,None,87,High Park-Swansea,87,High Park-Swansea (87),D11
757,920182,2006-07-31,1440,BLOOR ST W,KENNEDY AVE,None,Major Arterial,Toronto and East York,None,No Control,Clear,Daylight,Dry,Non-Fatal Injury,Pedestrian Collisions,Pedestrian,10 to 14,Major,None,South,Other,None,None,None,Vehicle is going straight thru inter.while ped cross without ROW,Running onto Roadway,Normal,None,None,None,Yes,None,Yes,None,None,None,None,None,None,Yes,None,None,None,87,High Park-Swansea,87,High Park-Swansea (87),D11
758,920315,2006-07-31,1659,BAY ST,KING ST W,None,Major Arterial,Toronto and East York,None,Traffic Signal,Clear,Daylight,Dry,Non-Fatal Injury,Cyclist Collisions,Cyclist,30 to 34,Major,None,South,Bicycle,Pulling Onto Shoulder or towardCurb,None,None,None,None,None,"Cyclist loses control and strikes object (pole, ttc track)",Lost control,Normal,None,Yes,None,None,None,None,None,None,None,None,None,None,None,170,Yonge-Bay Corridor,76,Bay Street Corridor (76),D52
759,920756,2006-08-01,1838,HENLEY CRES,KIPLING AVE,None,Local,Etobicoke York,At Intersection,No Control,Clear,Daylight,Dry,Non-Fatal Injury,Cyclist Collisions,Driver,70 to 74,None,None,West,"Automobile, Station Wagon",Going Ahead,Disobeyed Traffic Control,Unknown,None,None,None,None,None,None,None,Yes,Yes,None,None,None,None,None,None,Yes,None,None,None,4,Rexdale-Kipling,4,Rexdale-Kipling (4),D23
760,920756,2006-08-01,1838,HENLEY CRES,KIPLING AVE,None,Local,Etobicoke York,At Intersection,No Control,Clear,Daylight,Dry,Non-Fatal Injury,Cyclist Collisions,Cyclist,60 to 64,Major,None,South,Bicycle,Going Ahead,None,None,None,None,None,Cyclist rode off sidewalk into road at midblock.,Driving Properly,Normal,None,Yes,Yes,None,None,None,None,None,None,Yes,None,None,None,4,Rexdale-Kipling,4,Rexdale-Kipling (4),D23
761,916630,2006-08-01,2345,NEILSON RD,WICKSON TRL,None,Minor Arterial,Scarborough,At Intersection,Traffic Signal,Clear,Dark,Dry,Fatal,Pedestrian Collisions,Driver,50 to 54,Minor,None,North,"Automobile, Station Wagon",Going Ahead,Driving Properly,Normal,None,None,None,None,None,None,Yes,None,Yes,None,None,None,None,None,None,None,None,None,None,146,Malvern East,132,Malvern (132),D42
762,916630,2006-08-01,2345,NEILSON RD,WICKSON TRL,None,Minor Arterial,Scarborough,At Intersection,Traffic Signal,Clear,Dark,Dry,Fatal,Pedestrian Collisions,Pedestrian,30 to 34,Fatal,None,East,Other,None,None,None,Vehicle is going straight thru inter.while ped cross without ROW,Crossing without right of way,Had Been Drinking,None,None,None,Yes,None,Yes,None,None,None,None,None,None,None,None,None,None,146,Malvern East,132,Malvern (132),D42
763,916979,2006-08-03,122,F G GARDINER XY E  E,LAKESHORE W GARDINER RAMP E,None,Major Arterial,Toronto and East York,None,No Control,Rain,Dark,Wet,Non-Fatal Injury,Pedestrian Collisions,Vehicle Owner,unknown,None,None,None,Other,None,None,None,None,None,None,None,None,None,Yes,None,Yes,None,None,None,None,Yes,None,None,None,Yes,None,85,South Parkdale,85,South Parkdale (85),D11
764,916979,2006-08-03,122,F G GARDINER XY E  E,LAKESHORE W GARDINER RAMP E,None,Major Arterial,Toronto and East York,None,No Control,Rain,Dark,Wet,Non-Fatal Injury,Pedestrian Collisions,Driver,45 to 49,None,None,East,"Automobile, Station Wagon",Stopped,Driving Properly,Normal,None,None,None,None,None,None,Yes,None,Yes,None,None,None,None,Yes,None,None,None,Yes,None,85,South Parkdale,85,South Parkdale (85),D11
765,916979,2006-08-03,122,F G GARDINER XY E  E,LAKESHORE W GARDINER RAMP E,None,Major Arterial,Toronto and East York,None,No Control,Rain,Dark,Wet,Non-Fatal Injury,Pedestrian Collisions,Passenger,15 to 19,Minor,None,None,Other,None,None,None,None,None,None,None,None,None,Yes,None,Yes,None,None,None,None,Yes,None,None,None,Yes,None,85,South Parkdale,85,South Parkdale (85),D11
766,916979,2006-08-03,122,F G GARDINER XY E  E,LAKESHORE W GARDINER RAMP E,None,Major Arterial,Toronto and East York,None,No Control,Rain,Dark,Wet,Non-Fatal Injury,Pedestrian Collisions,Driver,20 to 24,Minor,None,East,"Automobile, Station Wagon",Going Ahead,Lost control,"Ability Impaired, Alcohol",None,None,None,None,None,None,Yes,None,Yes,None,None,None,None,Yes,None,None,None,Yes,None,85,South Parkdale,85,South Parkdale (85),D11
767,916979,2006-08-03,122,F G GARDINER XY E  E,LAKESHORE W GARDINER RAMP E,None,Major Arterial,Toronto and East York,None,No Control,Rain,Dark,Wet,Non-Fatal Injury,Pedestrian Collisions,Pedestrian,20 to 24,Major,None,East,Other,None,None,None,Pedestrian hit on sidewalk or shoulder,On Sidewalk or Shoulder,Normal,None,None,None,Yes,None,Yes,None,None,None,None,Yes,None,None,None,Yes,None,85,South Parkdale,85,South Parkdale (85),D11
768,916979,2006-08-03,122,F G GARDINER XY E  E,LAKESHORE W GARDINER RAMP E,None,Major Arterial,Toronto and East York,None,No Control,Rain,Dark,Wet,Non-Fatal Injury,Pedestrian Collisions,Pedestrian,20 to 24,Minor,None,East,Other,None,None,None,Pedestrian hit on sidewalk or shoulder,On Sidewalk or Shoulder,Normal,None,None,None,Yes,None,Yes,None,None,None,None,Yes,None,None,None,Yes,None,85,South Parkdale,85,South Parkdale (85),D11
769,917154,2006-08-03,130,JANE ST,FOXWELL ST,None,Major Arterial,Etobicoke York,None,No Control,Rain,Dark,Wet,Fatal,Pedestrian Collisions,Pedestrian,50 to 54,Fatal,None,East,Other,None,None,None,Pedestrian hit at mid-block,Running onto Roadway,Unknown,None,None,None,Yes,None,Yes,None,None,None,None,None,None,None,None,None,None,111,Rockcliffe-Smythe,111,Rockcliffe-Smythe (111),D12
770,917154,2006-08-03,130,JANE ST,FOXWELL ST,None,Major Arterial,Etobicoke York,None,No Control,Rain,Dark,Wet,Fatal,Pedestrian Collisions,Vehicle Owner,unknown,None,None,None,Other,None,None,None,None,None,None,None,None,None,Yes,None,Yes,None,None,None,None,None,None,None,None,None,None,111,Rockcliffe-Smythe,111,Rockcliffe-Smythe (111),D12
771,917154,2006-08-03,130,JANE ST,FOXWELL ST,None,Major Arterial,Etobicoke York,None,No Control,Rain,Dark,Wet,Fatal,Pedestrian Collisions,Driver,40 to 44,None,None,South,"Automobile, Station Wagon",Going Ahead,Driving Properly,Normal,None,None,None,None,None,None,Yes,None,Yes,None,None,None,None,None,None,None,None,None,None,111,Rockcliffe-Smythe,111,Rockcliffe-Smythe (111),D12
772,916791,2006-08-03,319,MIDLAND AVE,LAWRENCE AVE E,None,Major Arterial,Scarborough,At Intersection,Traffic Signal,Clear,Dark,Dry,Non-Fatal Injury,Angle,Passenger,25 to 29,None,None,None,Other,None,None,None,None,None,None,None,None,None,None,None,Yes,None,None,None,None,Yes,None,Yes,Yes,None,None,126,Dorset Park,126,Dorset Park (126),D41
773,916791,2006-08-03,319,MIDLAND AVE,LAWRENCE AVE E,None,Major Arterial,Scarborough,At Intersection,Traffic Signal,Clear,Dark,Dry,Non-Fatal Injury,Angle,Passenger,25 to 29,None,None,None,Other,None,None,None,None,None,None,None,None,None,None,None,Yes,None,None,None,None,Yes,None,Yes,Yes,None,None,126,Dorset Park,126,Dorset Park (126),D41
774,916791,2006-08-03,319,MIDLAND AVE,LAWRENCE AVE E,None,Major Arterial,Scarborough,At Intersection,Traffic Signal,Clear,Dark,Dry,Non-Fatal Injury,Angle,Passenger,35 to 39,None,None,None,Other,None,None,None,None,None,None,None,None,None,None,None,Yes,None,None,None,None,Yes,None,Yes,Yes,None,None,126,Dorset Park,126,Dorset Park (126),D41
775,916791,2006-08-03,319,MIDLAND AVE,LAWRENCE AVE E,None,Major Arterial,Scarborough,At Intersection,Traffic Signal,Clear,Dark,Dry,Non-Fatal Injury,Angle,Driver,45 to 49,Minimal,None,North,"Automobile, Station Wagon",Going Ahead,Driving Properly,Normal,None,None,None,None,None,None,None,None,Yes,None,None,None,None,Yes,None,Yes,Yes,None,None,126,Dorset Park,126,Dorset Park (126),D41
776,916791,2006-08-03,319,MIDLAND AVE,LAWRENCE AVE E,None,Major Arterial,Scarborough,At Intersection,Traffic Signal,Clear,Dark,Dry,Non-Fatal Injury,Angle,Vehicle Owner,unknown,None,None,None,Other,None,None,None,None,None,None,None,None,None,None,None,Yes,None,None,None,None,Yes,None,Yes,Yes,None,None,126,Dorset Park,126,Dorset Park (126),D41
777,916791,2006-08-03,319,MIDLAND AVE,LAWRENCE AVE E,None,Major Arterial,Scarborough,At Intersection,Traffic Signal,Clear,Dark,Dry,Non-Fatal Injury,Angle,Passenger,50 to 54,Major,None,None,Other,None,None,None,None,None,None,None,None,None,None,None,Yes,None,None,None,None,Yes,None,Yes,Yes,None,None,126,Dorset Park,126,Dorset Park (126),D41
778,916791,2006-08-03,319,MIDLAND AVE,LAWRENCE AVE E,None,Major Arterial,Scarborough,At Intersection,Traffic Signal,Clear,Dark,Dry,Non-Fatal Injury,Angle,Driver,35 to 39,Major,None,East,"Automobile, Station Wagon",Going Ahead,Disobeyed Traffic Control,Unknown,None,None,None,None,None,None,None,None,Yes,None,None,None,None,Yes,None,Yes,Yes,None,None,126,Dorset Park,126,Dorset Park (126),D41
779,920424,2006-08-03,1831,SHEPPARD AVE E,DORIS AVE,None,Major Arterial,North York,None,Traffic Signal,Clear,Daylight,Dry,Non-Fatal Injury,Pedestrian Collisions,Driver,55 to 59,None,None,West,"Automobile, Station Wagon",Going Ahead,Driving Properly,Normal,None,None,None,None,None,None,Yes,None,Yes,None,None,None,None,None,None,Yes,None,None,None,153,Avondale,51,Willowdale East (51),D32
780,920424,2006-08-03,1831,SHEPPARD AVE E,DORIS AVE,None,Major Arterial,North York,None,Traffic Signal,Clear,Daylight,Dry,Non-Fatal Injury,Pedestrian Collisions,Driver,60 to 64,None,None,East,"Automobile, Station Wagon",Turning Left,Failed to Yield Right of Way,Normal,None,None,None,None,None,None,Yes,None,Yes,None,None,None,None,None,None,Yes,None,None,None,153,Avondale,51,Willowdale East (51),D32
781,920424,2006-08-03,1831,SHEPPARD AVE E,DORIS AVE,None,Major Arterial,North York,None,Traffic Signal,Clear,Daylight,Dry,Non-Fatal Injury,Pedestrian Collisions,Driver,40 to 44,None,None,South,"Automobile, Station Wagon",Stopped,Driving Properly,Normal,None,None,None,None,None,None,Yes,None,Yes,None,None,None,None,None,None,Yes,None,None,None,153,Avondale,51,Willowdale East (51),D32
782,920424,2006-08-03,1831,SHEPPARD AVE E,DORIS AVE,None,Major Arterial,North York,None,Traffic Signal,Clear,Daylight,Dry,Non-Fatal Injury,Pedestrian Collisions,Pedestrian,45 to 49,Major,None,West,Other,None,None,None,Vehicle turns left while ped crosses with ROW at inter.,Crossing with right of way,Normal,None,None,None,Yes,None,Yes,None,None,None,None,None,None,Yes,None,None,None,153,Avondale,51,Willowdale East (51),D32
783,917223,2006-08-05,6,WESTHEAD RD,DUNNING CRES,None,Local,Etobicoke York,None,No Control,Clear,Dark,Dry,Non-Fatal Injury,Pedestrian Collisions,Driver,20 to 24,None,None,South,"Automobile, Station Wagon",Going Ahead,Other,Had Been Drinking,None,None,None,None,None,None,Yes,None,Yes,None,None,None,None,None,None,None,None,None,None,20,Alderwood,20,Alderwood (20),D22
784,917223,2006-08-05,6,WESTHEAD RD,DUNNING CRES,None,Local,Etobicoke York,None,No Control,Clear,Dark,Dry,Non-Fatal Injury,Pedestrian Collisions,Pedestrian,15 to 19,Minor,None,None,Other,None,None,None,Other / Undefined,Walking on Roadway Against Traffic,Had Been Drinking,None,None,None,Yes,None,Yes,None,None,None,None,None,None,None,None,None,None,20,Alderwood,20,Alderwood (20),D22
785,917223,2006-08-05,6,WESTHEAD RD,DUNNING CRES,None,Local,Etobicoke York,None,No Control,Clear,Dark,Dry,Non-Fatal Injury,Pedestrian Collisions,Pedestrian,15 to 19,Minor,None,None,Other,None,None,None,Other / Undefined,Walking on Roadway Against Traffic,Had Been Drinking,None,None,None,Yes,None,Yes,None,None,None,None,None,None,None,None,None,None,20,Alderwood,20,Alderwood (20),D22
786,917223,2006-08-05,6,WESTHEAD RD,DUNNING CRES,None,Local,Etobicoke York,None,No Control,Clear,Dark,Dry,Non-Fatal Injury,Pedestrian Collisions,Pedestrian,15 to 19,Major,None,None,Other,None,None,None,Other / Undefined,Walking on Roadway Against Traffic,Had Been Drinking,None,None,None,Yes,None,Yes,None,None,None,None,None,None,None,None,None,None,20,Alderwood,20,Alderwood (20),D22
787,917223,2006-08-05,6,WESTHEAD RD,DUNNING CRES,None,Local,Etobicoke York,None,No Control,Clear,Dark,Dry,Non-Fatal Injury,Pedestrian Collisions,Pedestrian,15 to 19,Major,None,None,Other,None,None,None,Other / Undefined,Walking on Roadway Against Traffic,Had Been Drinking,None,None,None,Yes,None,Yes,None,None,None,None,None,None,None,None,None,None,20,Alderwood,20,Alderwood (20),D22
788,920995,2006-08-05,330,333 KING ST W,None,None,Major Arterial,Toronto and East York,None,No Control,Clear,Dark,Dry,Non-Fatal Injury,SMV Unattended Vehicle,Other,Over 95,None,None,None,Other,Parked,None,None,None,None,None,None,None,None,None,None,Yes,None,None,None,None,Yes,None,Yes,None,None,None,164,Wellington Place,77,Waterfront Communities-The Island (77),D52
789,920995,2006-08-05,330,333 KING ST W,None,None,Major Arterial,Toronto and East York,None,No Control,Clear,Dark,Dry,Non-Fatal Injury,SMV Unattended Vehicle,Vehicle Owner,unknown,None,None,None,Other,None,None,None,None,None,None,None,None,None,None,None,Yes,None,None,None,None,Yes,None,Yes,None,None,None,164,Wellington Place,77,Waterfront Communities-The Island (77),D52
790,920995,2006-08-05,330,333 KING ST W,None,None,Major Arterial,Toronto and East York,None,No Control,Clear,Dark,Dry,Non-Fatal Injury,SMV Unattended Vehicle,Passenger,0 to 4,Major,None,None,Other,None,None,None,None,None,None,None,None,None,None,None,Yes,None,None,None,None,Yes,None,Yes,None,None,None,164,Wellington Place,77,Waterfront Communities-The Island (77),D52
791,920995,2006-08-05,330,333 KING ST W,None,None,Major Arterial,Toronto and East York,None,No Control,Clear,Dark,Dry,Non-Fatal Injury,SMV Unattended Vehicle,Driver,35 to 39,Minimal,None,East,"Automobile, Station Wagon",Changing Lanes,Other,Inattentive,None,None,None,None,None,None,None,None,Yes,None,None,None,None,Yes,None,Yes,None,None,None,164,Wellington Place,77,Waterfront Communities-The Island (77),D52
792,920995,2006-08-05,330,333 KING ST W,None,None,Major Arterial,Toronto and East York,None,No Control,Clear,Dark,Dry,Non-Fatal Injury,SMV Unattended Vehicle,Other,Over 95,None,None,None,Other,Parked,None,None,None,None,None,None,None,None,None,None,Yes,None,None,None,None,Yes,None,Yes,None,None,None,164,Wellington Place,77,Waterfront Communities-The Island (77),D52
793,920995,2006-08-05,330,333 KING ST W,None,None,Major Arterial,Toronto and East York,None,No Control,Clear,Dark,Dry,Non-Fatal Injury,SMV Unattended Vehicle,Other,Over 95,None,None,None,Other,Parked,None,None,None,None,None,None,None,None,None,None,Yes,None,None,None,None,Yes,None,Yes,None,None,None,164,Wellington Place,77,Waterfront Communities-The Island (77),D52
794,917225,2006-08-06,203,MOUNT PLEASANT RD,SOUTH DR,None,Major Arterial,Toronto and East York,None,No Control,Clear,Dark,Dry,Non-Fatal Injury,Pedestrian Collisions,Driver,20 to 24,None,None,North,"Automobile, Station Wagon",Going Ahead,Other,Unknown,None,None,None,None,None,None,Yes,None,Yes,None,None,None,None,None,None,None,None,None,None,98,Rosedale-Moore Park,98,Rosedale-Moore Park (98),D53