_id,ACCNUM,DATE,TIME,STREET1,STREET2,OFFSET,ROAD_CLASS,DISTRICT,ACCLOC,TRAFFCTL,VISIBILITY,LIGHT,RDSFCOND,ACCLASS,IMPACTYPE,INVTYPE,INVAGE,INJURY,FATAL_NO,INITDIR,VEHTYPE,MANOEUVER,DRIVACT,DRIVCOND,PEDTYPE,PEDACT,PEDCOND,CYCLISTYPE,CYCACT,CYCCOND,PEDESTRIAN,CYCLIST,AUTOMOBILE,MOTORCYCLE,TRUCK,TRSN_CITY_VEH,EMERG_VEH,PASSENGER,SPEEDING,AG_DRIV,REDLIGHT,ALCOHOL,DISABILITY,HOOD_158,NEIGHBOURHOOD_158,HOOD_140,NEIGHBOURHOOD_140,DIVISION
1322,939300,2006-11-29,1111,EGLINTON AVE W,ELMSTHORPE AVE,None,Major Arterial,North York,None,No Control,"Fog, Mist, Smoke, Dust",Daylight,Wet,Non-Fatal Injury,Pedestrian Collisions,Vehicle Owner,unknown,None,None,None,Other,None,None,None,None,None,None,None,None,None,Yes,None,Yes,None,None,None,None,None,None,None,None,None,None,103,Lawrence Park South,103,Lawrence Park South (103),D53
1323,939300,2006-11-29,1111,EGLINTON AVE W,ELMSTHORPE AVE,None,Major Arterial,North York,None,No Control,"Fog, Mist, Smoke, Dust",Daylight,Wet,Non-Fatal Injury,Pedestrian Collisions,Driver,25 to 29,None,None,East,Taxi,Going Ahead,Driving Properly,Normal,None,None,None,None,None,None,Yes,None,Yes,None,None,None,None,None,None,None,None,None,None,103,Lawrence Park South,103,Lawrence Park South (103),D53
1324,939300,2006-11-29,1111,EGLINTON AVE W,ELMSTHORPE AVE,None,Major Arterial,North York,None,No Control,"Fog, Mist, Smoke, Dust",Daylight,Wet,Non-Fatal Injury,Pedestrian Collisions,Pedestrian,80 to 84,Major,None,South,Other,None,None,None,Pedestrian hit at mid-block,Crossing without right of way,Normal,None,None,None,Yes,None,Yes,None,None,None,None,None,None,None,None,None,None,103,Lawrence Park South,103,Lawrence Park South (103),D53
1325,939458,2006-11-30,720,WILSON AVE,BATHURST ST,None,Major Arterial,North York,None,No Control,Rain,Dark,Wet,Fatal,Pedestrian Collisions,Driver,55 to 59,None,None,West,"Automobile, Station Wagon",Going Ahead,Driving Properly,Normal,None,None,None,None,None,None,Yes,None,Yes,None,None,None,None,None,None,None,None,None,None,33,Clanton Park,33,Clanton Park (33),D32
1326,939458,2006-11-30,720,WILSON AVE,BATHURST ST,None,Major Arterial,North York,None,No Control,Rain,Dark,Wet,Fatal,Pedestrian Collisions,Vehicle Owner,unknown,None,None,None,Other,None,None,None,None,None,None,None,None,None,Yes,None,Yes,None,None,None,None,None,None,None,None,None,None,33,Clanton Park,33,Clanton Park (33),D32
1327,939458,2006-11-30,720,WILSON AVE,BATHURST ST,None,Major Arterial,North York,None,No Control,Rain,Dark,Wet,Fatal,Pedestrian Collisions,Driver,45 to 49,None,None,West,"Automobile, Station Wagon",Going Ahead,Driving Properly,Normal,None,None,None,None,None,None,Yes,None,Yes,None,None,None,None,None,None,None,None,None,None,33,Clanton Park,33,Clanton Park (33),D32
1328,939458,2006-11-30,720,WILSON AVE,BATHURST ST,None,Major Arterial,North York,None,No Control,Rain,Dark,Wet,Fatal,Pedestrian Collisions,Pedestrian,65 to 69,Fatal,None,South,Other,None,None,None,Pedestrian hit at mid-block,"Crossing, no Traffic Control",Medical or Physical Disability,None,None,None,Yes,None,Yes,None,None,None,None,None,None,None,None,None,None,33,Clanton Park,33,Clanton Park (33),D32
1329,942557,2006-11-30,1805,DIXON Rd,CELESTINE Dr,None,Major Arterial,Etobicoke York,At Intersection,Traffic Signal,Rain,Dark,Wet,Non-Fatal Injury,Pedestrian Collisions,Driver,45 to 49,None,None,East,"Automobile, Station Wagon",Turning Right,Failed to Yield Right of Way,Normal,None,None,None,None,None,None,Yes,None,Yes,None,None,None,None,None,None,Yes,None,None,None,7,Willowridge-Martingrove-Richview,7,Willowridge-Martingrove-Richview (7),D23
1330,942557,2006-11-30,1805,DIXON Rd,CELESTINE Dr,None,Major Arterial,Etobicoke York,At Intersection,Traffic Signal,Rain,Dark,Wet,Non-Fatal Injury,Pedestrian Collisions,Pedestrian,25 to 29,Major,None,East,Other,None,None,None,Vehicle turns right while ped crosses with ROW at inter.,Crossing with right of way,Normal,None,None,None,Yes,None,Yes,None,None,None,None,None,None,Yes,None,None,None,7,Willowridge-Martingrove-Richview,7,Willowridge-Martingrove-Richview (7),D23
1331,942640,2006-11-30,1851,SHEPPARD AVE E,BARBERRY PL,None,Major Arterial,North York,At Intersection,Traffic Signal,Rain,Dark,Wet,Non-Fatal Injury,Turning Movement,Vehicle Owner,unknown,None,None,None,Other,None,None,None,None,None,None,None,None,None,None,None,Yes,None,None,None,None,Yes,None,None,None,None,None,52,Bayview Village,52,Bayview Village (52),D33
1332,942640,2006-11-30,1851,SHEPPARD AVE E,BARBERRY PL,None,Major Arterial,North York,At Intersection,Traffic Signal,Rain,Dark,Wet,Non-Fatal Injury,Turning Movement,Driver,40 to 44,None,None,East,"Automobile, Station Wagon",Going Ahead,Driving Properly,Normal,None,None,None,None,None,None,None,None,Yes,None,None,None,None,Yes,None,None,None,None,None,52,Bayview Village,52,Bayview Village (52),D33
1333,942640,2006-11-30,1851,SHEPPARD AVE E,BARBERRY PL,None,Major Arterial,North York,At Intersection,Traffic Signal,Rain,Dark,Wet,Non-Fatal Injury,Turning Movement,Passenger,80 to 84,Major,None,None,Other,None,None,None,None,None,None,None,None,None,None,None,Yes,None,None,None,None,Yes,None,None,None,None,None,52,Bayview Village,52,Bayview Village (52),D33
1334,942640,2006-11-30,1851,SHEPPARD AVE E,BARBERRY PL,None,Major Arterial,North York,At Intersection,Traffic Signal,Rain,Dark,Wet,Non-Fatal Injury,Turning Movement,Passenger,85 to 89,Major,None,None,Other,None,None,None,None,None,None,None,None,None,None,None,Yes,None,None,None,None,Yes,None,None,None,None,None,52,Bayview Village,52,Bayview Village (52),D33
1335,942640,2006-11-30,1851,SHEPPARD AVE E,BARBERRY PL,None,Major Arterial,North York,At Intersection,Traffic Signal,Rain,Dark,Wet,Non-Fatal Injury,Turning Movement,Driver,80 to 84,Minimal,None,West,"Automobile, Station Wagon",Turning Left,Improper Turn,Inattentive,None,None,None,None,None,None,None,None,Yes,None,None,None,None,Yes,None,None,None,None,None,52,Bayview Village,52,Bayview Village (52),D33
1336,942734,2006-12-01,2120,HARBORD ST,MARKHAM ST,None,Minor Arterial,Toronto and East York,None,No Control,Clear,Dark,Wet,Non-Fatal Injury,Pedestrian Collisions,Vehicle Owner,unknown,None,None,None,Other,None,None,None,None,None,None,None,None,None,Yes,None,Yes,None,None,None,None,None,None,Yes,None,None,None,80,Palmerston-Little Italy,80,Palmerston-Little Italy (80),D14
1337,942734,2006-12-01,2120,HARBORD ST,MARKHAM ST,None,Minor Arterial,Toronto and East York,None,No Control,Clear,Dark,Wet,Non-Fatal Injury,Pedestrian Collisions,Driver,40 to 44,None,None,West,"Automobile, Station Wagon",Turning Left,Failed to Yield Right of Way,Normal,None,None,None,None,None,None,Yes,None,Yes,None,None,None,None,None,None,Yes,None,None,None,80,Palmerston-Little Italy,80,Palmerston-Little Italy (80),D14
1338,942734,2006-12-01,2120,HARBORD ST,MARKHAM ST,None,Minor Arterial,Toronto and East York,None,No Control,Clear,Dark,Wet,Non-Fatal Injury,Pedestrian Collisions,Pedestrian,35 to 39,Major,None,West,Other,None,None,None,Vehicle turns left while ped crosses with ROW at inter.,Crossing with right of way,Normal,None,None,None,Yes,None,Yes,None,None,None,None,None,None,Yes,None,None,None,80,Palmerston-Little Italy,80,Palmerston-Little Italy (80),D14
1339,947135,2006-12-02,1300,THE EAST MALL,FORMULA CRT,None,Minor Arterial,Etobicoke York,None,No Control,Clear,Daylight,Dry,Non-Fatal Injury,Pedestrian Collisions,Driver,80 to 84,None,None,North,"Automobile, Station Wagon",Going Ahead,Driving Properly,Normal,None,None,None,None,None,None,Yes,None,Yes,None,None,None,None,None,None,None,None,None,None,158,Islington,14,Islington-City Centre West (14),D22
1340,947135,2006-12-02,1300,THE EAST MALL,FORMULA CRT,None,Minor Arterial,Etobicoke York,None,No Control,Clear,Daylight,Dry,Non-Fatal Injury,Pedestrian Collisions,Pedestrian,70 to 74,Major,None,West,Other,None,None,None,Vehicle is going straight thru inter.while ped cross without ROW,"Crossing, no Traffic Control",Unknown,None,None,None,Yes,None,Yes,None,None,None,None,None,None,None,None,None,None,158,Islington,14,Islington-City Centre West (14),D22
1341,939675,2006-12-02,2116,ST CLAIR AVE W,ALBERTA AVE,None,Major Arterial,Toronto and East York,At Intersection,No Control,Clear,Dark,Dry,Non-Fatal Injury,Pedestrian Collisions,Driver,65 to 69,None,None,West,"Automobile, Station Wagon",Going Ahead,Driving Properly,Normal,None,None,None,None,None,None,Yes,None,Yes,None,None,None,None,None,None,None,None,None,None,94,Wychwood,94,Wychwood (94),D13
1342,939675,2006-12-02,2116,ST CLAIR AVE W,ALBERTA AVE,None,Major Arterial,Toronto and East York,At Intersection,No Control,Clear,Dark,Dry,Non-Fatal Injury,Pedestrian Collisions,Pedestrian,25 to 29,Major,None,South,Other,None,None,None,Vehicle is going straight thru inter.while ped cross without ROW,"Crossing, no Traffic Control",Had Been Drinking,None,None,None,Yes,None,Yes,None,None,None,None,None,None,None,None,None,None,94,Wychwood,94,Wychwood (94),D13
1343,940098,2006-12-05,628,DUFFERIN ST,GLEN BELLE CRES,None,Major Arterial,North York,None,No Control,Clear,Dark,Wet,Non-Fatal Injury,Pedestrian Collisions,Driver,unknown,None,None,None,"Automobile, Station Wagon",Unknown,None,None,None,None,None,None,None,None,Yes,None,Yes,None,None,None,None,None,None,None,None,None,None,31,Yorkdale-Glen Park,31,Yorkdale-Glen Park (31),D32
1344,940098,2006-12-05,628,DUFFERIN ST,GLEN BELLE CRES,None,Major Arterial,North York,None,No Control,Clear,Dark,Wet,Non-Fatal Injury,Pedestrian Collisions,Pedestrian,unknown,Major,None,None,Other,Other,None,None,Unknown,None,None,None,None,None,Yes,None,Yes,None,None,None,None,None,None,None,None,None,None,31,Yorkdale-Glen Park,31,Yorkdale-Glen Park (31),D32
1345,940479,2006-12-05,1250,VICTORIA PARK Aven,AMSTERDAM Aven,None,Major Arterial,Toronto and East York,At Intersection,No Control,Clear,Daylight,Other,Non-Fatal Injury,Turning Movement,Driver,unknown,Minor,None,None,Other,Other,None,None,None,None,None,None,None,None,None,None,Yes,None,None,None,None,None,None,None,None,None,None,54,O'Connor-Parkview,54,O'Connor-Parkview (54),D55
1346,940479,2006-12-05,1250,VICTORIA PARK Aven,AMSTERDAM Aven,None,Major Arterial,Toronto and East York,At Intersection,No Control,Clear,Daylight,Other,Non-Fatal Injury,Turning Movement,Other,unknown,None,None,None,Other,Other,None,None,None,None,None,None,None,None,None,None,Yes,None,None,None,None,None,None,None,None,None,None,54,O'Connor-Parkview,54,O'Connor-Parkview (54),D55
1347,940479,2006-12-05,1250,VICTORIA PARK Aven,AMSTERDAM Aven,None,Major Arterial,Toronto and East York,At Intersection,No Control,Clear,Daylight,Other,Non-Fatal Injury,Turning Movement,Driver,15 to 19,Major,None,None,"Automobile, Station Wagon",Going Ahead,None,None,None,None,None,None,None,None,None,None,Yes,None,None,None,None,None,None,None,None,None,None,54,O'Connor-Parkview,54,O'Connor-Parkview (54),D55
1348,940240,2006-12-05,1821,VICTORIA PARK Ave,MCNICOLL Ave,None,Major Arterial,North York,None,No Control,Clear,Dark,Dry,Non-Fatal Injury,Pedestrian Collisions,Vehicle Owner,unknown,None,None,None,Other,None,None,None,None,None,None,None,None,None,Yes,None,Yes,None,None,None,None,None,None,None,None,None,None,116,Steeles,116,Steeles (116),D42
1349,940240,2006-12-05,1821,VICTORIA PARK Ave,MCNICOLL Ave,None,Major Arterial,North York,None,No Control,Clear,Dark,Dry,Non-Fatal Injury,Pedestrian Collisions,Driver,35 to 39,None,None,South,"Automobile, Station Wagon",Going Ahead,Driving Properly,Normal,None,None,None,None,None,None,Yes,None,Yes,None,None,None,None,None,None,None,None,None,None,116,Steeles,116,Steeles (116),D42
1350,940240,2006-12-05,1821,VICTORIA PARK Ave,MCNICOLL Ave,None,Major Arterial,North York,None,No Control,Clear,Dark,Dry,Non-Fatal Injury,Pedestrian Collisions,Driver,unknown,None,None,North,"Automobile, Station Wagon",Going Ahead,Other,Unknown,None,None,None,None,None,None,Yes,None,Yes,None,None,None,None,None,None,None,None,None,None,116,Steeles,116,Steeles (116),D42
1351,940240,2006-12-05,1821,VICTORIA PARK Ave,MCNICOLL Ave,None,Major Arterial,North York,None,No Control,Clear,Dark,Dry,Non-Fatal Injury,Pedestrian Collisions,Pedestrian,40 to 44,Major,None,None,Other,None,None,None,Pedestrian hit at mid-block,Crossing without right of way,Normal,None,None,None,Yes,None,Yes,None,None,None,None,None,None,None,None,None,None,116,Steeles,116,Steeles (116),D42
1352,940240,2006-12-05,1821,VICTORIA PARK Ave,MCNICOLL Ave,None,Major Arterial,North York,None,No Control,Clear,Dark,Dry,Non-Fatal Injury,Pedestrian Collisions,Pedestrian,45 to 49,Major,None,None,Other,None,None,None,Pedestrian hit at mid-block,Crossing without right of way,Normal,None,None,None,Yes,None,Yes,None,None,None,None,None,None,None,None,None,None,116,Steeles,116,Steeles (116),D42
1353,943180,2006-12-06,1300,MORTIMER Aven,BINSWOOD Aven,None,Minor Arterial,Toronto and East York,At Intersection,Stop Sign,Rain,Daylight,Wet,Non-Fatal Injury,Pedestrian Collisions,Driver,50 to 54,Minor,None,West,"Automobile, Station Wagon",Going Ahead,Driving Properly,Normal,None,None,None,None,None,None,Yes,None,Yes,None,None,None,None,None,None,Yes,None,None,None,59,Danforth East York,59,Danforth East York (59),D55
1354,943180,2006-12-06,1300,MORTIMER Aven,BINSWOOD Aven,None,Minor Arterial,Toronto and East York,At Intersection,Stop Sign,Rain,Daylight,Wet,Non-Fatal Injury,Pedestrian Collisions,Driver,65 to 69,None,None,South,"Automobile, Station Wagon",Going Ahead,Wrong Way on One Way Road,Inattentive,None,None,None,None,None,None,Yes,None,Yes,None,None,None,None,None,None,Yes,None,None,None,59,Danforth East York,59,Danforth East York (59),D55
1355,943180,2006-12-06,1300,MORTIMER Aven,BINSWOOD Aven,None,Minor Arterial,Toronto and East York,At Intersection,Stop Sign,Rain,Daylight,Wet,Non-Fatal Injury,Pedestrian Collisions,Pedestrian,55 to 59,Major,None,None,Other,None,None,None,Pedestrian hit on sidewalk or shoulder,On Sidewalk or Shoulder,Unknown,None,None,None,Yes,None,Yes,None,None,None,None,None,None,Yes,None,None,None,59,Danforth East York,59,Danforth East York (59),D55
1356,940482,2006-12-06,1700,1568 MIDLAND Ave,None,None,Major Arterial,Scarborough,None,Pedestrian Crossover,Clear,Dark,Wet,Non-Fatal Injury,Pedestrian Collisions,Driver,20 to 24,None,None,South,"Automobile, Station Wagon",Going Ahead,Following too Close,Unknown,None,None,None,None,None,None,Yes,None,Yes,None,None,None,None,None,None,Yes,None,None,None,126,Dorset Park,126,Dorset Park (126),D41
1357,940482,2006-12-06,1700,1568 MIDLAND Ave,None,None,Major Arterial,Scarborough,None,Pedestrian Crossover,Clear,Dark,Wet,Non-Fatal Injury,Pedestrian Collisions,Pedestrian,55 to 59,Major,None,East,Other,None,None,None,Pedestrian hit a PXO/ped. Mid-block signal,"Crossing, Pedestrian Crossover",Unknown,None,None,None,Yes,None,Yes,None,None,None,None,None,None,Yes,None,None,None,126,Dorset Park,126,Dorset Park (126),D41
1358,947143,2006-12-06,2248,VICTORIA PARK AVE,HUNTINGWOOD DR,None,Major Arterial,North York,At Intersection,Traffic Signal,Drifting Snow,Dark,Wet,Non-Fatal Injury,Pedestrian Collisions,Driver,unknown,None,None,South,"Automobile, Station Wagon",Going Ahead,Disobeyed Traffic Control,Unknown,None,None,None,None,None,None,Yes,None,Yes,None,None,None,None,None,None,Yes,Yes,None,None,147,L'Amoreaux West,117,L'Amoreaux (117),D42
1359,947143,2006-12-06,2248,VICTORIA PARK AVE,HUNTINGWOOD DR,None,Major Arterial,North York,At Intersection,Traffic Signal,Drifting Snow,Dark,Wet,Non-Fatal Injury,Pedestrian Collisions,Pedestrian,55 to 59,Major,None,East,Other,None,None,None,Vehicle is going straight thru inter.while ped cross with ROW,Crossing with right of way,Unknown,None,None,None,Yes,None,Yes,None,None,None,None,None,None,Yes,Yes,None,None,147,L'Amoreaux West,117,L'Amoreaux (117),D42
1360,940622,2006-12-07,700,FENSIDE Dr,YORK MILLS Rd,None,Major Arterial,North York,None,Traffic Signal,Clear,Dawn,Other,Non-Fatal Injury,Pedestrian Collisions,Driver,25 to 29,None,None,South,"Automobile, Station Wagon",Going Ahead,Lost control,Normal,None,None,None,None,None,None,Yes,None,Yes,None,None,None,None,None,None,None,None,None,None,150,Fenside-Parkwoods,45,Parkwoods-Donalda (45),D33
1361,940622,2006-12-07,700,FENSIDE Dr,YORK MILLS Rd,None,Major Arterial,North York,None,Traffic Signal,Clear,Dawn,Other,Non-Fatal Injury,Pedestrian Collisions,Pedestrian,45 to 49,Major,None,East,Other,None,None,None,Vehicle is going straight thru inter.while ped cross without ROW,Other,Normal,None,None,None,Yes,None,Yes,None,None,None,None,None,None,None,None,None,None,150,Fenside-Parkwoods,45,Parkwoods-Donalda (45),D33
1362,940627,2006-12-07,1517,WHITEWOOD RD,DAVISVILLE AVE,None,Collector,North York,None,No Control,Clear,Daylight,Dry,Non-Fatal Injury,Pedestrian Collisions,Driver,90 to 94,None,None,West,"Automobile, Station Wagon",Turning Right,Failed to Yield Right of Way,Normal,None,None,None,None,None,None,Yes,None,Yes,None,None,None,None,None,None,Yes,None,None,None,99,Mount Pleasant East,99,Mount Pleasant East (99),D53
1363,940627,2006-12-07,1517,WHITEWOOD RD,DAVISVILLE AVE,None,Collector,North York,None,No Control,Clear,Daylight,Dry,Non-Fatal Injury,Pedestrian Collisions,Pedestrian,85 to 89,Major,None,East,Other,None,None,None,Vehicle turns right while ped crosses with ROW at inter.,Crossing with right of way,Normal,None,None,None,Yes,None,Yes,None,None,None,None,None,None,Yes,None,None,None,99,Mount Pleasant East,99,Mount Pleasant East (99),D53
1364,940637,2006-12-07,1545,BRIMLEY RD,HUNTINGWOOD DR,None,Major Arterial,Scarborough,None,No Control,Clear,Daylight,Dry,Fatal,Pedestrian Collisions,Driver,20 to 24,None,None,South,"Automobile, Station Wagon",Going Ahead,Driving Properly,Normal,None,None,None,None,None,None,Yes,None,Yes,None,None,None,None,None,None,None,None,None,None,129,Agincourt North,129,Agincourt North (129),D42
1365,940637,2006-12-07,1545,BRIMLEY RD,HUNTINGWOOD DR,None,Major Arterial,Scarborough,None,No Control,Clear,Daylight,Dry,Fatal,Pedestrian Collisions,Pedestrian,80 to 84,Fatal,None,East,Other,None,None,None,Pedestrian hit at mid-block,"Crossing, no Traffic Control",Unknown,None,None,None,Yes,None,Yes,None,None,None,None,None,None,None,None,None,None,129,Agincourt North,129,Agincourt North (129),D42
1366,940647,2006-12-07,1630,PARK RD,ROSEDALE VALLEY RD,None,Minor Arterial,Toronto and East York,At Intersection,Stop Sign,Clear,Daylight,Dry,Non-Fatal Injury,Rear End,Passenger,50 to 54,Major,None,None,Other,None,None,None,None,None,None,None,None,None,None,None,Yes,None,None,None,None,Yes,None,Yes,None,None,None,98,Rosedale-Moore Park,98,Rosedale-Moore Park (98),D53
1367,940647,2006-12-07,1630,PARK RD,ROSEDALE VALLEY RD,None,Minor Arterial,Toronto and East York,At Intersection,Stop Sign,Clear,Daylight,Dry,Non-Fatal Injury,Rear End,Passenger,0 to 4,Major,None,None,Other,None,None,None,None,None,None,None,None,None,None,None,Yes,None,None,None,None,Yes,None,Yes,None,None,None,98,Rosedale-Moore Park,98,Rosedale-Moore Park (98),D53
1368,940647,2006-12-07,1630,PARK RD,ROSEDALE VALLEY RD,None,Minor Arterial,Toronto and East York,At Intersection,Stop Sign,Clear,Daylight,Dry,Non-Fatal Injury,Rear End,Driver,30 to 34,Minimal,None,North,"Automobile, Station Wagon",Stopped,Driving Properly,Normal,None,None,None,None,None,None,None,None,Yes,None,None,None,None,Yes,None,Yes,None,None,None,98,Rosedale-Moore Park,98,Rosedale-Moore Park (98),D53
1369,940647,2006-12-07,1630,PARK RD,ROSEDALE VALLEY RD,None,Minor Arterial,Toronto and East York,At Intersection,Stop Sign,Clear,Daylight,Dry,Non-Fatal Injury,Rear End,Driver,40 to 44,Major,None,North,"Automobile, Station Wagon",Unknown,Following too Close,Unknown,None,None,None,None,None,None,None,None,Yes,None,None,None,None,Yes,None,Yes,None,None,None,98,Rosedale-Moore Park,98,Rosedale-Moore Park (98),D53
1370,943330,2006-12-07,1800,40 KING St W,None,None,Major Arterial,Toronto and East York,None,No Control,Clear,Dark,Dry,Non-Fatal Injury,Cyclist Collisions,Driver,40 to 44,None,None,None,"Automobile, Station Wagon",Stopped,Other,Inattentive,None,None,None,None,None,None,None,Yes,Yes,None,None,None,None,None,Yes,Yes,None,None,None,170,Yonge-Bay Corridor,76,Bay Street Corridor (76),D52
1371,943330,2006-12-07,1800,40 KING St W,None,None,Major Arterial,Toronto and East York,None,No Control,Clear,Dark,Dry,Non-Fatal Injury,Cyclist Collisions,Cyclist,25 to 29,Major,None,West,Bicycle,Overtaking,None,None,None,None,None,Cyclist struck opened vehicle door,Driving Properly,Normal,None,Yes,Yes,None,None,None,None,None,Yes,Yes,None,None,None,170,Yonge-Bay Corridor,76,Bay Street Corridor (76),D52
1372,957584,2006-12-07,2008,SENLAC RD,FINCH AVE W,None,Major Arterial,North York,None,Traffic Signal,Snow,Dark,Wet,Non-Fatal Injury,Pedestrian Collisions,Driver,20 to 24,None,None,North,"Automobile, Station Wagon",Turning Left,Failed to Yield Right of Way,Inattentive,None,None,None,None,None,None,Yes,None,Yes,None,None,None,None,None,None,Yes,None,None,None,37,Willowdale West,37,Willowdale West (37),D32
1373,957584,2006-12-07,2008,SENLAC RD,FINCH AVE W,None,Major Arterial,North York,None,Traffic Signal,Snow,Dark,Wet,Non-Fatal Injury,Pedestrian Collisions,Pedestrian,40 to 44,Minor,None,South,Other,None,None,None,Vehicle turns left while ped crosses with ROW at inter.,Crossing with right of way,Normal,None,None,None,Yes,None,Yes,None,None,None,None,None,None,Yes,None,None,None,37,Willowdale West,37,Willowdale West (37),D32
1374,957584,2006-12-07,2008,SENLAC RD,FINCH AVE W,None,Major Arterial,North York,None,Traffic Signal,Snow,Dark,Wet,Non-Fatal Injury,Pedestrian Collisions,Pedestrian,10 to 14,Major,None,South,Other,None,None,None,Vehicle turns left while ped crosses with ROW at inter.,Crossing with right of way,Normal,None,None,None,Yes,None,Yes,None,None,None,None,None,None,Yes,None,None,None,37,Willowdale West,37,Willowdale West (37),D32
1375,943367,2006-12-08,1024,ST CLAIR Ave W,WINONA Dr,None,Major Arterial,Toronto and East York,None,Traffic Signal,Clear,Daylight,Dry,Non-Fatal Injury,Sideswipe,Vehicle Owner,unknown,None,None,None,Other,None,None,None,None,None,None,None,None,None,None,None,Yes,None,Yes,None,None,Yes,None,None,None,None,None,94,Wychwood,94,Wychwood (94),D13
1376,943367,2006-12-08,1024,ST CLAIR Ave W,WINONA Dr,None,Major Arterial,Toronto and East York,None,Traffic Signal,Clear,Daylight,Dry,Non-Fatal Injury,Sideswipe,Truck Driver,30 to 34,None,None,East,Truck - Open,Going Ahead,Driving Properly,Normal,None,None,None,None,None,None,None,None,Yes,None,Yes,None,None,Yes,None,None,None,None,None,94,Wychwood,94,Wychwood (94),D13
1377,943367,2006-12-08,1024,ST CLAIR Ave W,WINONA Dr,None,Major Arterial,Toronto and East York,None,Traffic Signal,Clear,Daylight,Dry,Non-Fatal Injury,Sideswipe,Passenger,20 to 24,Major,None,None,Other,None,None,None,None,None,None,None,None,None,None,None,Yes,None,Yes,None,None,Yes,None,None,None,None,None,94,Wychwood,94,Wychwood (94),D13
1378,943367,2006-12-08,1024,ST CLAIR Ave W,WINONA Dr,None,Major Arterial,Toronto and East York,None,Traffic Signal,Clear,Daylight,Dry,Non-Fatal Injury,Sideswipe,Driver,20 to 24,Minor,None,East,"Automobile, Station Wagon",Turning Left,Improper Turn,Normal,None,None,None,None,None,None,None,None,Yes,None,Yes,None,None,Yes,None,None,None,None,None,94,Wychwood,94,Wychwood (94),D13
1379,940775,2006-12-08,1719,JANE ST,BEXLEY CRES,None,Major Arterial,Etobicoke York,None,No Control,Clear,Dark,Dry,Fatal,Pedestrian Collisions,Pedestrian,55 to 59,Fatal,None,East,Other,None,None,None,Vehicle is going straight thru inter.while ped cross without ROW,"Crossing, no Traffic Control",Unknown,None,None,None,Yes,None,Yes,None,None,None,None,Yes,None,None,None,None,None,111,Rockcliffe-Smythe,111,Rockcliffe-Smythe (111),D12
1380,940775,2006-12-08,1719,JANE ST,BEXLEY CRES,None,Major Arterial,Etobicoke York,None,No Control,Clear,Dark,Dry,Fatal,Pedestrian Collisions,Passenger,75 to 79,None,None,None,Other,None,None,None,None,None,None,None,None,None,Yes,None,Yes,None,None,None,None,Yes,None,None,None,None,None,111,Rockcliffe-Smythe,111,Rockcliffe-Smythe (111),D12
1381,940775,2006-12-08,1719,JANE ST,BEXLEY CRES,None,Major Arterial,Etobicoke York,None,No Control,Clear,Dark,Dry,Fatal,Pedestrian Collisions,Driver,70 to 74,None,None,South,"Automobile, Station Wagon",Going Ahead,Driving Properly,Normal,None,None,None,None,None,None,Yes,None,Yes,None,None,None,None,Yes,None,None,None,None,None,111,Rockcliffe-Smythe,111,Rockcliffe-Smythe (111),D12
1382,940858,2006-12-08,2250,BAY ST,YORKVILLE AVE,None,Major Arterial,Toronto and East York,None,No Control,Clear,Dark,Dry,Non-Fatal Injury,Approaching,Driver,40 to 44,None,None,South,"Automobile, Station Wagon",Going Ahead,Lost control,"Ability Impaired, Alcohol Over .08",None,None,None,None,None,None,None,None,Yes,None,None,None,None,Yes,None,None,None,Yes,None,95,Annex,95,Annex (95),D53
1383,940858,2006-12-08,2250,BAY ST,YORKVILLE AVE,None,Major Arterial,Toronto and East York,None,No Control,Clear,Dark,Dry,Non-Fatal Injury,Approaching,Passenger,5 to 9,Major,None,None,Other,None,None,None,None,None,None,None,None,None,None,None,Yes,None,None,None,None,Yes,None,None,None,Yes,None,95,Annex,95,Annex (95),D53
1384,940858,2006-12-08,2250,BAY ST,YORKVILLE AVE,None,Major Arterial,Toronto and East York,None,No Control,Clear,Dark,Dry,Non-Fatal Injury,Approaching,Passenger,5 to 9,Minimal,None,None,Other,None,None,None,None,None,None,None,None,None,None,None,Yes,None,None,None,None,Yes,None,None,None,Yes,None,95,Annex,95,Annex (95),D53
1385,940858,2006-12-08,2250,BAY ST,YORKVILLE AVE,None,Major Arterial,Toronto and East York,None,No Control,Clear,Dark,Dry,Non-Fatal Injury,Approaching,Passenger,0 to 4,Minimal,None,None,Other,None,None,None,None,None,None,None,None,None,None,None,Yes,None,None,None,None,Yes,None,None,None,Yes,None,95,Annex,95,Annex (95),D53
1386,940858,2006-12-08,2250,BAY ST,YORKVILLE AVE,None,Major Arterial,Toronto and East York,None,No Control,Clear,Dark,Dry,Non-Fatal Injury,Approaching,Driver,35 to 39,Minimal,None,North,"Automobile, Station Wagon",Going Ahead,Driving Properly,Normal,None,None,None,None,None,None,None,None,Yes,None,None,None,None,Yes,None,None,None,Yes,None,95,Annex,95,Annex (95),D53
1387,944350,2006-12-10,20,LAWRENCE AVE W,ROSEWELL AVE,None,Major Arterial,North York,None,No Control,Clear,Dark,Dry,Non-Fatal Injury,Pedestrian Collisions,Driver,30 to 34,None,None,East,"Automobile, Station Wagon",Going Ahead,Driving Properly,Normal,None,None,None,None,None,None,Yes,None,Yes,None,None,None,None,None,None,None,None,None,None,105,Lawrence Park North,105,Lawrence Park North (105),D32