_id,ACCNUM,DATE,TIME,STREET1,STREET2,OFFSET,ROAD_CLASS,DISTRICT,ACCLOC,TRAFFCTL,VISIBILITY,LIGHT,RDSFCOND,ACCLASS,IMPACTYPE,INVTYPE,INVAGE,INJURY,FATAL_NO,INITDIR,VEHTYPE,MANOEUVER,DRIVACT,DRIVCOND,PEDTYPE,PEDACT,PEDCOND,CYCLISTYPE,CYCACT,CYCCOND,PEDESTRIAN,CYCLIST,AUTOMOBILE,MOTORCYCLE,TRUCK,TRSN_CITY_VEH,EMERG_VEH,PASSENGER,SPEEDING,AG_DRIV,REDLIGHT,ALCOHOL,DISABILITY,HOOD_158,NEIGHBOURHOOD_158,HOOD_140,NEIGHBOURHOOD_140,DIVISION
2249,996561,2007-07-18,1330,MARTIN GROVE RD,FINCH AVE W,None,Major Arterial,Etobicoke York,At Intersection,Traffic Signal,Clear,Daylight,Dry,Non-Fatal Injury,Turning Movement,Truck Driver,15 to 19,None,None,West,Truck - Open,Going Ahead,Disobeyed Traffic Control,Normal,None,None,None,None,None,None,None,None,Yes,None,Yes,None,None,Yes,None,Yes,Yes,None,None,1,West Humber-Clairville,1,West Humber-Clairville (1),D23
2250,996561,2007-07-18,1330,MARTIN GROVE RD,FINCH AVE W,None,Major Arterial,Etobicoke York,At Intersection,Traffic Signal,Clear,Daylight,Dry,Non-Fatal Injury,Turning Movement,Passenger,35 to 39,Major,None,None,Other,None,None,None,None,None,None,None,None,None,None,None,Yes,None,Yes,None,None,Yes,None,Yes,Yes,None,None,1,West Humber-Clairville,1,West Humber-Clairville (1),D23
2251,996561,2007-07-18,1330,MARTIN GROVE RD,FINCH AVE W,None,Major Arterial,Etobicoke York,At Intersection,Traffic Signal,Clear,Daylight,Dry,Non-Fatal Injury,Turning Movement,Driver,35 to 39,Minor,None,South,"Automobile, Station Wagon",Turning Left,Driving Properly,Normal,None,None,None,None,None,None,None,None,Yes,None,Yes,None,None,Yes,None,Yes,Yes,None,None,1,West Humber-Clairville,1,West Humber-Clairville (1),D23
2252,996561,2007-07-18,1330,MARTIN GROVE RD,FINCH AVE W,None,Major Arterial,Etobicoke York,At Intersection,Traffic Signal,Clear,Daylight,Dry,Non-Fatal Injury,Turning Movement,Driver,20 to 24,None,None,South,"Automobile, Station Wagon",Stopped,Other,Normal,None,None,None,None,None,None,None,None,Yes,None,Yes,None,None,Yes,None,Yes,Yes,None,None,1,West Humber-Clairville,1,West Humber-Clairville (1),D23
2253,982207,2007-07-18,1607,LAWRENCE AVE E,WARDEN AVE,None,Major Arterial,Scarborough,At Intersection,Traffic Signal,Clear,Daylight,Dry,Fatal,Pedestrian Collisions,Driver,25 to 29,Minor,None,South,"Automobile, Station Wagon",Stopped,Driving Properly,Normal,None,None,None,None,None,None,Yes,None,Yes,None,Yes,None,None,Yes,None,None,None,None,None,119,Wexford/Maryvale,119,Wexford/Maryvale (119),D41
2254,982207,2007-07-18,1607,LAWRENCE AVE E,WARDEN AVE,None,Major Arterial,Scarborough,At Intersection,Traffic Signal,Clear,Daylight,Dry,Fatal,Pedestrian Collisions,Driver,50 to 54,None,None,North,"Automobile, Station Wagon",Going Ahead,Driving Properly,Normal,None,None,None,None,None,None,Yes,None,Yes,None,Yes,None,None,Yes,None,None,None,None,None,119,Wexford/Maryvale,119,Wexford/Maryvale (119),D41
2255,982207,2007-07-18,1607,LAWRENCE AVE E,WARDEN AVE,None,Major Arterial,Scarborough,At Intersection,Traffic Signal,Clear,Daylight,Dry,Fatal,Pedestrian Collisions,Vehicle Owner,unknown,None,None,None,Other,None,None,None,None,None,None,None,None,None,Yes,None,Yes,None,Yes,None,None,Yes,None,None,None,None,None,119,Wexford/Maryvale,119,Wexford/Maryvale (119),D41
2256,982207,2007-07-18,1607,LAWRENCE AVE E,WARDEN AVE,None,Major Arterial,Scarborough,At Intersection,Traffic Signal,Clear,Daylight,Dry,Fatal,Pedestrian Collisions,Passenger,5 to 9,Minor,None,None,Other,None,None,None,None,None,None,None,None,None,Yes,None,Yes,None,Yes,None,None,Yes,None,None,None,None,None,119,Wexford/Maryvale,119,Wexford/Maryvale (119),D41
2257,982207,2007-07-18,1607,LAWRENCE AVE E,WARDEN AVE,None,Major Arterial,Scarborough,At Intersection,Traffic Signal,Clear,Daylight,Dry,Fatal,Pedestrian Collisions,Passenger,0 to 4,Minor,None,None,Other,None,None,None,None,None,None,None,None,None,Yes,None,Yes,None,Yes,None,None,Yes,None,None,None,None,None,119,Wexford/Maryvale,119,Wexford/Maryvale (119),D41
2258,982207,2007-07-18,1607,LAWRENCE AVE E,WARDEN AVE,None,Major Arterial,Scarborough,At Intersection,Traffic Signal,Clear,Daylight,Dry,Fatal,Pedestrian Collisions,Driver,45 to 49,Major,None,East,"Automobile, Station Wagon",Going Ahead,Lost control,Unknown,None,None,None,None,None,None,Yes,None,Yes,None,Yes,None,None,Yes,None,None,None,None,None,119,Wexford/Maryvale,119,Wexford/Maryvale (119),D41
2259,982207,2007-07-18,1607,LAWRENCE AVE E,WARDEN AVE,None,Major Arterial,Scarborough,At Intersection,Traffic Signal,Clear,Daylight,Dry,Fatal,Pedestrian Collisions,Other,unknown,None,None,None,Other,None,None,None,None,None,None,None,None,None,Yes,None,Yes,None,Yes,None,None,Yes,None,None,None,None,None,119,Wexford/Maryvale,119,Wexford/Maryvale (119),D41
2260,982207,2007-07-18,1607,LAWRENCE AVE E,WARDEN AVE,None,Major Arterial,Scarborough,At Intersection,Traffic Signal,Clear,Daylight,Dry,Fatal,Pedestrian Collisions,Other Property Owner,unknown,None,None,None,Other,None,None,None,None,None,None,None,None,None,Yes,None,Yes,None,Yes,None,None,Yes,None,None,None,None,None,119,Wexford/Maryvale,119,Wexford/Maryvale (119),D41
2261,982207,2007-07-18,1607,LAWRENCE AVE E,WARDEN AVE,None,Major Arterial,Scarborough,At Intersection,Traffic Signal,Clear,Daylight,Dry,Fatal,Pedestrian Collisions,Other Property Owner,unknown,None,None,None,Other,None,None,None,None,None,None,None,None,None,Yes,None,Yes,None,Yes,None,None,Yes,None,None,None,None,None,119,Wexford/Maryvale,119,Wexford/Maryvale (119),D41
2262,982207,2007-07-18,1607,LAWRENCE AVE E,WARDEN AVE,None,Major Arterial,Scarborough,At Intersection,Traffic Signal,Clear,Daylight,Dry,Fatal,Pedestrian Collisions,Pedestrian,35 to 39,Minor,None,None,Other,None,None,None,Pedestrian hit on sidewalk or shoulder,On Sidewalk or Shoulder,Normal,None,None,None,Yes,None,Yes,None,Yes,None,None,Yes,None,None,None,None,None,119,Wexford/Maryvale,119,Wexford/Maryvale (119),D41
2263,982207,2007-07-18,1607,LAWRENCE AVE E,WARDEN AVE,None,Major Arterial,Scarborough,At Intersection,Traffic Signal,Clear,Daylight,Dry,Fatal,Pedestrian Collisions,Pedestrian,unknown,Minor,None,None,Other,None,None,None,Pedestrian hit on sidewalk or shoulder,On Sidewalk or Shoulder,Normal,None,None,None,Yes,None,Yes,None,Yes,None,None,Yes,None,None,None,None,None,119,Wexford/Maryvale,119,Wexford/Maryvale (119),D41
2264,982207,2007-07-18,1607,LAWRENCE AVE E,WARDEN AVE,None,Major Arterial,Scarborough,At Intersection,Traffic Signal,Clear,Daylight,Dry,Fatal,Pedestrian Collisions,Pedestrian,35 to 39,Fatal,None,None,Other,None,None,None,Pedestrian hit on sidewalk or shoulder,On Sidewalk or Shoulder,Normal,None,None,None,Yes,None,Yes,None,Yes,None,None,Yes,None,None,None,None,None,119,Wexford/Maryvale,119,Wexford/Maryvale (119),D41
2265,982207,2007-07-18,1607,LAWRENCE AVE E,WARDEN AVE,None,Major Arterial,Scarborough,At Intersection,Traffic Signal,Clear,Daylight,Dry,Fatal,Pedestrian Collisions,Vehicle Owner,unknown,None,None,None,Other,None,None,None,None,None,None,None,None,None,Yes,None,Yes,None,Yes,None,None,Yes,None,None,None,None,None,119,Wexford/Maryvale,119,Wexford/Maryvale (119),D41
2266,982207,2007-07-18,1607,LAWRENCE AVE E,WARDEN AVE,None,Major Arterial,Scarborough,At Intersection,Traffic Signal,Clear,Daylight,Dry,Fatal,Pedestrian Collisions,Truck Driver,50 to 54,Minor,None,South,Truck - Open,Going Ahead,Driving Properly,Normal,None,None,None,None,None,None,Yes,None,Yes,None,Yes,None,None,Yes,None,None,None,None,None,119,Wexford/Maryvale,119,Wexford/Maryvale (119),D41
2267,980693,2007-07-20,818,BLOOR ST E,PARLIAMENT ST,None,Major Arterial,Toronto and East York,At Intersection,Traffic Signal,Clear,Daylight,Dry,Non-Fatal Injury,Rear End,Passenger,35 to 39,Major,None,None,Other,None,None,None,None,None,None,None,None,None,None,None,Yes,None,None,None,None,Yes,None,None,None,None,None,98,Rosedale-Moore Park,98,Rosedale-Moore Park (98),D53
2268,980693,2007-07-20,818,BLOOR ST E,PARLIAMENT ST,None,Major Arterial,Toronto and East York,At Intersection,Traffic Signal,Clear,Daylight,Dry,Non-Fatal Injury,Rear End,Driver,35 to 39,Major,None,South,"Automobile, Station Wagon",Turning Right,Lost control,Normal,None,None,None,None,None,None,None,None,Yes,None,None,None,None,Yes,None,None,None,None,None,98,Rosedale-Moore Park,98,Rosedale-Moore Park (98),D53
2269,980693,2007-07-20,818,BLOOR ST E,PARLIAMENT ST,None,Major Arterial,Toronto and East York,At Intersection,Traffic Signal,Clear,Daylight,Dry,Non-Fatal Injury,Rear End,Passenger,35 to 39,None,None,None,Other,None,None,None,None,None,None,None,None,None,None,None,Yes,None,None,None,None,Yes,None,None,None,None,None,98,Rosedale-Moore Park,98,Rosedale-Moore Park (98),D53
2270,980693,2007-07-20,818,BLOOR ST E,PARLIAMENT ST,None,Major Arterial,Toronto and East York,At Intersection,Traffic Signal,Clear,Daylight,Dry,Non-Fatal Injury,Rear End,Driver,30 to 34,None,None,South,"Automobile, Station Wagon",Turning Left,Driving Properly,Normal,None,None,None,None,None,None,None,None,Yes,None,None,None,None,Yes,None,None,None,None,None,98,Rosedale-Moore Park,98,Rosedale-Moore Park (98),D53
2271,980693,2007-07-20,818,BLOOR ST E,PARLIAMENT ST,None,Major Arterial,Toronto and East York,At Intersection,Traffic Signal,Clear,Daylight,Dry,Non-Fatal Injury,Rear End,Driver,40 to 44,None,None,South,"Automobile, Station Wagon",Stopped,Driving Properly,Normal,None,None,None,None,None,None,None,None,Yes,None,None,None,None,Yes,None,None,None,None,None,98,Rosedale-Moore Park,98,Rosedale-Moore Park (98),D53
2272,980783,2007-07-20,1637,1210 MARKHAM RD,None,None,Major Arterial,Scarborough,None,No Control,Clear,Daylight,Dry,Non-Fatal Injury,Pedestrian Collisions,Pedestrian,0 to 4,Minimal,None,West,Other,None,None,None,Pedestrian hit at mid-block,"Crossing, no Traffic Control",Inattentive,None,None,None,Yes,None,Yes,None,None,None,None,None,None,None,None,None,None,142,Woburn North,137,Woburn (137),D43
2273,980783,2007-07-20,1637,1210 MARKHAM RD,None,None,Major Arterial,Scarborough,None,No Control,Clear,Daylight,Dry,Non-Fatal Injury,Pedestrian Collisions,Pedestrian,25 to 29,Major,None,West,Other,None,None,None,Pedestrian hit at mid-block,Crossing without right of way,Inattentive,None,None,None,Yes,None,Yes,None,None,None,None,None,None,None,None,None,None,142,Woburn North,137,Woburn (137),D43
2274,980783,2007-07-20,1637,1210 MARKHAM RD,None,None,Major Arterial,Scarborough,None,No Control,Clear,Daylight,Dry,Non-Fatal Injury,Pedestrian Collisions,Vehicle Owner,unknown,None,None,None,Other,None,None,None,None,None,None,None,None,None,Yes,None,Yes,None,None,None,None,None,None,None,None,None,None,142,Woburn North,137,Woburn (137),D43
2275,980783,2007-07-20,1637,1210 MARKHAM RD,None,None,Major Arterial,Scarborough,None,No Control,Clear,Daylight,Dry,Non-Fatal Injury,Pedestrian Collisions,Driver,30 to 34,None,None,South,"Automobile, Station Wagon",Going Ahead,Driving Properly,Normal,None,None,None,None,None,None,Yes,None,Yes,None,None,None,None,None,None,None,None,None,None,142,Woburn North,137,Woburn (137),D43
2276,992122,2007-07-21,210,QUEEN ST E,KNOX AVE,None,Minor Arterial,Toronto and East York,None,No Control,Clear,Dark,Dry,Non-Fatal Injury,Cyclist Collisions,Driver,30 to 34,None,None,East,"Automobile, Station Wagon",Stopped,Driving Properly,Normal,None,None,None,None,None,None,None,Yes,Yes,None,None,None,None,None,None,None,None,None,None,65,Greenwood-Coxwell,65,Greenwood-Coxwell (65),D55
2277,992122,2007-07-21,210,QUEEN ST E,KNOX AVE,None,Minor Arterial,Toronto and East York,None,No Control,Clear,Dark,Dry,Non-Fatal Injury,Cyclist Collisions,Cyclist,20 to 24,Major,None,East,Bicycle,Going Ahead,None,None,None,None,None,Cyclist and Driver travelling in same direction. One vehicle rear-ended the other.,Following too Close,Unknown,None,Yes,Yes,None,None,None,None,None,None,None,None,None,None,65,Greenwood-Coxwell,65,Greenwood-Coxwell (65),D55
2278,985171,2007-07-21,1700,597 MELITA CRES,None,None,Local,Toronto and East York,None,No Control,Clear,Daylight,Dry,Non-Fatal Injury,Pedestrian Collisions,Driver,unknown,None,None,South,"Automobile, Station Wagon",Going Ahead,Driving Properly,Normal,None,None,None,None,None,None,Yes,None,Yes,None,None,None,None,None,None,None,None,None,None,94,Wychwood,94,Wychwood (94),D13
2279,985171,2007-07-21,1700,597 MELITA CRES,None,None,Local,Toronto and East York,None,No Control,Clear,Daylight,Dry,Non-Fatal Injury,Pedestrian Collisions,Pedestrian,35 to 39,Major,None,None,Other,None,None,None,Pedestrian hit at mid-block,"Crossing, no Traffic Control",Normal,None,None,None,Yes,None,Yes,None,None,None,None,None,None,None,None,None,None,94,Wychwood,94,Wychwood (94),D13
2280,984340,2007-07-22,1301,JANE ST,SAN MARINOWAY,None,Major Arterial,Etobicoke York,At Intersection,No Control,Clear,Daylight,Dry,Non-Fatal Injury,Sideswipe,Driver,40 to 44,None,None,South,"Automobile, Station Wagon",Going Ahead,Driving Properly,Normal,None,None,None,None,None,None,None,None,Yes,None,None,None,None,Yes,None,None,None,Yes,None,25,Glenfield-Jane Heights,25,Glenfield-Jane Heights (25),D31
2281,984340,2007-07-22,1301,JANE ST,SAN MARINOWAY,None,Major Arterial,Etobicoke York,At Intersection,No Control,Clear,Daylight,Dry,Non-Fatal Injury,Sideswipe,Passenger,15 to 19,Major,None,None,Other,None,None,None,None,None,None,None,None,None,None,None,Yes,None,None,None,None,Yes,None,None,None,Yes,None,25,Glenfield-Jane Heights,25,Glenfield-Jane Heights (25),D31
2282,984340,2007-07-22,1301,JANE ST,SAN MARINOWAY,None,Major Arterial,Etobicoke York,At Intersection,No Control,Clear,Daylight,Dry,Non-Fatal Injury,Sideswipe,Passenger,25 to 29,None,None,None,Other,None,None,None,None,None,None,None,None,None,None,None,Yes,None,None,None,None,Yes,None,None,None,Yes,None,25,Glenfield-Jane Heights,25,Glenfield-Jane Heights (25),D31
2283,984340,2007-07-22,1301,JANE ST,SAN MARINOWAY,None,Major Arterial,Etobicoke York,At Intersection,No Control,Clear,Daylight,Dry,Non-Fatal Injury,Sideswipe,Vehicle Owner,unknown,None,None,None,Other,None,None,None,None,None,None,None,None,None,None,None,Yes,None,None,None,None,Yes,None,None,None,Yes,None,25,Glenfield-Jane Heights,25,Glenfield-Jane Heights (25),D31
2284,984340,2007-07-22,1301,JANE ST,SAN MARINOWAY,None,Major Arterial,Etobicoke York,At Intersection,No Control,Clear,Daylight,Dry,Non-Fatal Injury,Sideswipe,Driver,15 to 19,Minimal,None,South,"Automobile, Station Wagon",Changing Lanes,Improper Lane Change,"Ability Impaired, Alcohol",None,None,None,None,None,None,None,None,Yes,None,None,None,None,Yes,None,None,None,Yes,None,25,Glenfield-Jane Heights,25,Glenfield-Jane Heights (25),D31
2285,985777,2007-07-22,1409,3850 FINCH  AVE E,None,None,Major Arterial,Scarborough,None,Traffic Signal,Clear,Daylight,Dry,Non-Fatal Injury,Rear End,Passenger,55 to 59,Minimal,None,None,Other,None,None,None,None,None,None,None,None,None,None,None,Yes,None,None,None,None,Yes,None,Yes,None,None,None,148,East L'Amoreaux,117,L'Amoreaux (117),D42
2286,985777,2007-07-22,1409,3850 FINCH  AVE E,None,None,Major Arterial,Scarborough,None,Traffic Signal,Clear,Daylight,Dry,Non-Fatal Injury,Rear End,Driver,60 to 64,None,None,East,"Automobile, Station Wagon",Stopped,Driving Properly,Normal,None,None,None,None,None,None,None,None,Yes,None,None,None,None,Yes,None,Yes,None,None,None,148,East L'Amoreaux,117,L'Amoreaux (117),D42
2287,985777,2007-07-22,1409,3850 FINCH  AVE E,None,None,Major Arterial,Scarborough,None,Traffic Signal,Clear,Daylight,Dry,Non-Fatal Injury,Rear End,Driver,25 to 29,Minor,None,East,"Automobile, Station Wagon",Stopped,Driving Properly,Normal,None,None,None,None,None,None,None,None,Yes,None,None,None,None,Yes,None,Yes,None,None,None,148,East L'Amoreaux,117,L'Amoreaux (117),D42
2288,985777,2007-07-22,1409,3850 FINCH  AVE E,None,None,Major Arterial,Scarborough,None,Traffic Signal,Clear,Daylight,Dry,Non-Fatal Injury,Rear End,Passenger,35 to 39,Major,None,None,Other,None,None,None,None,None,None,None,None,None,None,None,Yes,None,None,None,None,Yes,None,Yes,None,None,None,148,East L'Amoreaux,117,L'Amoreaux (117),D42
2289,985777,2007-07-22,1409,3850 FINCH  AVE E,None,None,Major Arterial,Scarborough,None,Traffic Signal,Clear,Daylight,Dry,Non-Fatal Injury,Rear End,Vehicle Owner,unknown,None,None,None,Other,None,None,None,None,None,None,None,None,None,None,None,Yes,None,None,None,None,Yes,None,Yes,None,None,None,148,East L'Amoreaux,117,L'Amoreaux (117),D42
2290,985777,2007-07-22,1409,3850 FINCH  AVE E,None,None,Major Arterial,Scarborough,None,Traffic Signal,Clear,Daylight,Dry,Non-Fatal Injury,Rear End,Driver,35 to 39,None,None,East,Other,Going Ahead,Following too Close,Inattentive,None,None,None,None,None,None,None,None,Yes,None,None,None,None,Yes,None,Yes,None,None,None,148,East L'Amoreaux,117,L'Amoreaux (117),D42
2291,985784,2007-07-22,2240,DUNDAS ST W,UNIVERSITY AVE,None,Major Arterial,Toronto and East York,At Intersection,Traffic Signal,Clear,Dark,Dry,Non-Fatal Injury,Turning Movement,Vehicle Owner,unknown,None,None,None,Other,None,None,None,None,None,None,None,None,None,None,None,Yes,None,None,None,None,Yes,None,Yes,None,None,None,170,Yonge-Bay Corridor,76,Bay Street Corridor (76),D52
2292,985784,2007-07-22,2240,DUNDAS ST W,UNIVERSITY AVE,None,Major Arterial,Toronto and East York,At Intersection,Traffic Signal,Clear,Dark,Dry,Non-Fatal Injury,Turning Movement,Driver,45 to 49,None,None,South,"Automobile, Station Wagon",Going Ahead,Driving Properly,Normal,None,None,None,None,None,None,None,None,Yes,None,None,None,None,Yes,None,Yes,None,None,None,170,Yonge-Bay Corridor,76,Bay Street Corridor (76),D52
2293,985784,2007-07-22,2240,DUNDAS ST W,UNIVERSITY AVE,None,Major Arterial,Toronto and East York,At Intersection,Traffic Signal,Clear,Dark,Dry,Non-Fatal Injury,Turning Movement,Passenger,5 to 9,Major,None,None,Other,None,None,None,None,None,None,None,None,None,None,None,Yes,None,None,None,None,Yes,None,Yes,None,None,None,170,Yonge-Bay Corridor,76,Bay Street Corridor (76),D52
2294,985784,2007-07-22,2240,DUNDAS ST W,UNIVERSITY AVE,None,Major Arterial,Toronto and East York,At Intersection,Traffic Signal,Clear,Dark,Dry,Non-Fatal Injury,Turning Movement,Passenger,5 to 9,Minimal,None,None,Other,None,None,None,None,None,None,None,None,None,None,None,Yes,None,None,None,None,Yes,None,Yes,None,None,None,170,Yonge-Bay Corridor,76,Bay Street Corridor (76),D52
2295,985784,2007-07-22,2240,DUNDAS ST W,UNIVERSITY AVE,None,Major Arterial,Toronto and East York,At Intersection,Traffic Signal,Clear,Dark,Dry,Non-Fatal Injury,Turning Movement,Passenger,10 to 14,Minimal,None,None,Other,None,None,None,None,None,None,None,None,None,None,None,Yes,None,None,None,None,Yes,None,Yes,None,None,None,170,Yonge-Bay Corridor,76,Bay Street Corridor (76),D52
2296,985784,2007-07-22,2240,DUNDAS ST W,UNIVERSITY AVE,None,Major Arterial,Toronto and East York,At Intersection,Traffic Signal,Clear,Dark,Dry,Non-Fatal Injury,Turning Movement,Passenger,35 to 39,Minimal,None,None,Other,None,None,None,None,None,None,None,None,None,None,None,Yes,None,None,None,None,Yes,None,Yes,None,None,None,170,Yonge-Bay Corridor,76,Bay Street Corridor (76),D52
2297,985784,2007-07-22,2240,DUNDAS ST W,UNIVERSITY AVE,None,Major Arterial,Toronto and East York,At Intersection,Traffic Signal,Clear,Dark,Dry,Non-Fatal Injury,Turning Movement,Driver,40 to 44,Minimal,None,North,"Automobile, Station Wagon",Turning Left,Improper Turn,Inattentive,None,None,None,None,None,None,None,None,Yes,None,None,None,None,Yes,None,Yes,None,None,None,170,Yonge-Bay Corridor,76,Bay Street Corridor (76),D52
2298,985784,2007-07-22,2240,DUNDAS ST W,UNIVERSITY AVE,None,Major Arterial,Toronto and East York,At Intersection,Traffic Signal,Clear,Dark,Dry,Non-Fatal Injury,Turning Movement,Vehicle Owner,unknown,None,None,None,Other,None,None,None,None,None,None,None,None,None,None,None,Yes,None,None,None,None,Yes,None,Yes,None,None,None,170,Yonge-Bay Corridor,76,Bay Street Corridor (76),D52
2299,985784,2007-07-22,2240,DUNDAS ST W,UNIVERSITY AVE,None,Major Arterial,Toronto and East York,At Intersection,Traffic Signal,Clear,Dark,Dry,Non-Fatal Injury,Turning Movement,Driver,35 to 39,None,None,South,"Automobile, Station Wagon",Going Ahead,Driving Properly,Normal,None,None,None,None,None,None,None,None,Yes,None,None,None,None,Yes,None,Yes,None,None,None,170,Yonge-Bay Corridor,76,Bay Street Corridor (76),D52
2300,985971,2007-07-23,752,WARDEN AVE,EGLINTON AVE E,None,Major Arterial,Scarborough,None,Traffic Signal,Clear,Daylight,Dry,Non-Fatal Injury,Cyclist Collisions,Vehicle Owner,unknown,None,None,None,Other,None,None,None,None,None,None,None,None,None,None,Yes,Yes,None,None,None,None,None,None,Yes,None,None,None,120,Clairlea-Birchmount,120,Clairlea-Birchmount (120),D41
2301,985971,2007-07-23,752,WARDEN AVE,EGLINTON AVE E,None,Major Arterial,Scarborough,None,Traffic Signal,Clear,Daylight,Dry,Non-Fatal Injury,Cyclist Collisions,Driver,25 to 29,None,None,South,Pick Up Truck,Turning Right,Failed to Yield Right of Way,Inattentive,None,None,None,None,None,None,None,Yes,Yes,None,None,None,None,None,None,Yes,None,None,None,120,Clairlea-Birchmount,120,Clairlea-Birchmount (120),D41
2302,985971,2007-07-23,752,WARDEN AVE,EGLINTON AVE E,None,Major Arterial,Scarborough,None,Traffic Signal,Clear,Daylight,Dry,Non-Fatal Injury,Cyclist Collisions,Cyclist,50 to 54,Major,None,North,Bicycle,Going Ahead,None,None,None,None,None,Motorist turning right on red at signalized intersection strikes cyclist.,Driving Properly,Inattentive,None,Yes,Yes,None,None,None,None,None,None,Yes,None,None,None,120,Clairlea-Birchmount,120,Clairlea-Birchmount (120),D41
2303,981276,2007-07-24,930,YONGE ST,DUNDAS ST W,None,Major Arterial,Toronto and East York,At Intersection,No Control,Clear,Daylight,Dry,Non-Fatal Injury,Pedestrian Collisions,Passenger,30 to 34,None,None,None,Other,None,None,None,None,None,None,None,None,None,Yes,None,Yes,None,None,None,None,Yes,None,None,None,None,None,170,Yonge-Bay Corridor,76,Bay Street Corridor (76),D52
2304,981276,2007-07-24,930,YONGE ST,DUNDAS ST W,None,Major Arterial,Toronto and East York,At Intersection,No Control,Clear,Daylight,Dry,Non-Fatal Injury,Pedestrian Collisions,Driver,55 to 59,None,None,South,"Automobile, Station Wagon",Going Ahead,Driving Properly,Normal,None,None,None,None,None,None,Yes,None,Yes,None,None,None,None,Yes,None,None,None,None,None,170,Yonge-Bay Corridor,76,Bay Street Corridor (76),D52
2305,981276,2007-07-24,930,YONGE ST,DUNDAS ST W,None,Major Arterial,Toronto and East York,At Intersection,No Control,Clear,Daylight,Dry,Non-Fatal Injury,Pedestrian Collisions,Pedestrian,70 to 74,Major,None,West,Other,None,None,None,Pedestrian hit at mid-block,"Crossing, no Traffic Control",Inattentive,None,None,None,Yes,None,Yes,None,None,None,None,Yes,None,None,None,None,None,170,Yonge-Bay Corridor,76,Bay Street Corridor (76),D52
2306,981510,2007-07-25,1255,COXWELL AVE,COSBURN AVE,None,Minor Arterial,Toronto and East York,At Intersection,Traffic Signal,Clear,Daylight,Dry,Non-Fatal Injury,Angle,Vehicle Owner,unknown,None,None,None,Other,None,None,None,None,None,None,None,None,None,None,None,Yes,None,None,None,None,Yes,Yes,Yes,Yes,None,None,59,Danforth East York,58,Old East York (58),D55
2307,981510,2007-07-25,1255,COXWELL AVE,COSBURN AVE,None,Minor Arterial,Toronto and East York,At Intersection,Traffic Signal,Clear,Daylight,Dry,Non-Fatal Injury,Angle,Driver,35 to 39,Minimal,None,North,"Automobile, Station Wagon",Going Ahead,Disobeyed Traffic Control,Inattentive,None,None,None,None,None,None,None,None,Yes,None,None,None,None,Yes,Yes,Yes,Yes,None,None,59,Danforth East York,58,Old East York (58),D55
2308,981510,2007-07-25,1255,COXWELL AVE,COSBURN AVE,None,Minor Arterial,Toronto and East York,At Intersection,Traffic Signal,Clear,Daylight,Dry,Non-Fatal Injury,Angle,Driver,70 to 74,Major,None,East,"Automobile, Station Wagon",Going Ahead,Driving Properly,Normal,None,None,None,None,None,None,None,None,Yes,None,None,None,None,Yes,Yes,Yes,Yes,None,None,59,Danforth East York,58,Old East York (58),D55
2309,981510,2007-07-25,1255,COXWELL AVE,COSBURN AVE,None,Minor Arterial,Toronto and East York,At Intersection,Traffic Signal,Clear,Daylight,Dry,Non-Fatal Injury,Angle,Vehicle Owner,unknown,None,None,None,Other,None,None,None,None,None,None,None,None,None,None,None,Yes,None,None,None,None,Yes,Yes,Yes,Yes,None,None,59,Danforth East York,58,Old East York (58),D55
2310,981510,2007-07-25,1255,COXWELL AVE,COSBURN AVE,None,Minor Arterial,Toronto and East York,At Intersection,Traffic Signal,Clear,Daylight,Dry,Non-Fatal Injury,Angle,Driver,45 to 49,None,None,South,"Automobile, Station Wagon",Stopped,Driving Properly,Normal,None,None,None,None,None,None,None,None,Yes,None,None,None,None,Yes,Yes,Yes,Yes,None,None,59,Danforth East York,58,Old East York (58),D55
2311,981510,2007-07-25,1255,COXWELL AVE,COSBURN AVE,None,Minor Arterial,Toronto and East York,At Intersection,Traffic Signal,Clear,Daylight,Dry,Non-Fatal Injury,Angle,Passenger,25 to 29,Minimal,None,None,Other,None,None,None,None,None,None,None,None,None,None,None,Yes,None,None,None,None,Yes,Yes,Yes,Yes,None,None,59,Danforth East York,58,Old East York (58),D55
2312,986578,2007-07-25,2016,1655 BLOOR ST W,None,None,Major Arterial,Toronto and East York,None,No Control,Clear,Daylight,Dry,Non-Fatal Injury,Turning Movement,Motorcycle Driver,30 to 34,Major,None,East,Motorcycle,Going Ahead,Driving Properly,Normal,None,None,None,None,None,None,None,None,Yes,Yes,None,None,None,None,None,Yes,None,None,None,87,High Park-Swansea,87,High Park-Swansea (87),D11
2313,986578,2007-07-25,2016,1655 BLOOR ST W,None,None,Major Arterial,Toronto and East York,None,No Control,Clear,Daylight,Dry,Non-Fatal Injury,Turning Movement,Driver,20 to 24,None,None,East,"Automobile, Station Wagon",Making U Turn,Failed to Yield Right of Way,Normal,None,None,None,None,None,None,None,None,Yes,Yes,None,None,None,None,None,Yes,None,None,None,87,High Park-Swansea,87,High Park-Swansea (87),D11
2314,986597,2007-07-26,250,CHRISTIE ST,BLOOR ST W,None,Minor Arterial,Toronto and East York,None,No Control,Clear,Dark,Dry,Non-Fatal Injury,SMV Other,Motorcycle Driver,45 to 49,Major,None,South,Motorcycle,Going Ahead,Other,"Ability Impaired, Alcohol",None,None,None,None,None,None,None,None,None,Yes,None,None,None,None,None,None,None,Yes,None,172,Dovercourt Village,93,Dovercourt-Wallace Emerson-Junction (93),D14
2315,986597,2007-07-26,250,CHRISTIE ST,BLOOR ST W,None,Minor Arterial,Toronto and East York,None,No Control,Clear,Dark,Dry,Non-Fatal Injury,SMV Other,Other Property Owner,unknown,None,None,None,Other,None,None,None,None,None,None,None,None,None,None,None,None,Yes,None,None,None,None,None,None,None,Yes,None,172,Dovercourt Village,93,Dovercourt-Wallace Emerson-Junction (93),D14