_id,ACCNUM,DATE,TIME,STREET1,STREET2,OFFSET,ROAD_CLASS,DISTRICT,ACCLOC,TRAFFCTL,VISIBILITY,LIGHT,RDSFCOND,ACCLASS,IMPACTYPE,INVTYPE,INVAGE,INJURY,FATAL_NO,INITDIR,VEHTYPE,MANOEUVER,DRIVACT,DRIVCOND,PEDTYPE,PEDACT,PEDCOND,CYCLISTYPE,CYCACT,CYCCOND,PEDESTRIAN,CYCLIST,AUTOMOBILE,MOTORCYCLE,TRUCK,TRSN_CITY_VEH,EMERG_VEH,PASSENGER,SPEEDING,AG_DRIV,REDLIGHT,ALCOHOL,DISABILITY,HOOD_158,NEIGHBOURHOOD_158,HOOD_140,NEIGHBOURHOOD_140,DIVISION
3303,1035404,2008-04-28,2000,EGLINTON Aven E,CREDIT UNION Driv,None,Major Arterial,North York,At Intersection,No Control,Clear,Daylight,Dry,Non-Fatal Injury,Pedestrian Collisions,Vehicle Owner,unknown,None,None,None,Other,None,None,None,None,None,None,None,None,None,Yes,None,Yes,None,None,None,None,None,None,None,None,None,None,43,Victoria Village,43,Victoria Village (43),D33
3304,1035404,2008-04-28,2000,EGLINTON Aven E,CREDIT UNION Driv,None,Major Arterial,North York,At Intersection,No Control,Clear,Daylight,Dry,Non-Fatal Injury,Pedestrian Collisions,Driver,35 to 39,None,None,East,"Automobile, Station Wagon",Going Ahead,Driving Properly,Normal,None,None,None,None,None,None,Yes,None,Yes,None,None,None,None,None,None,None,None,None,None,43,Victoria Village,43,Victoria Village (43),D33
3305,1035404,2008-04-28,2000,EGLINTON Aven E,CREDIT UNION Driv,None,Major Arterial,North York,At Intersection,No Control,Clear,Daylight,Dry,Non-Fatal Injury,Pedestrian Collisions,Pedestrian,75 to 79,Major,None,None,Other,None,None,None,Pedestrian hit on sidewalk or shoulder,On Sidewalk or Shoulder,Normal,None,None,None,Yes,None,Yes,None,None,None,None,None,None,None,None,None,None,43,Victoria Village,43,Victoria Village (43),D33
3306,1035924,2008-05-01,738,ST CLAIR AVE E,JEANETTE ST,None,Minor Arterial,Scarborough,At Intersection,Stop Sign,Clear,Daylight,Dry,Fatal,Pedestrian Collisions,Vehicle Owner,unknown,None,None,None,Other,None,None,None,None,None,None,None,None,None,Yes,None,None,None,Yes,None,None,None,None,None,None,None,None,123,Cliffcrest,123,Cliffcrest (123),D41
3307,1035924,2008-05-01,738,ST CLAIR AVE E,JEANETTE ST,None,Minor Arterial,Scarborough,At Intersection,Stop Sign,Clear,Daylight,Dry,Fatal,Pedestrian Collisions,Truck Driver,35 to 39,None,None,South,Truck - Open,Turning Left,Improper Turn,Normal,None,None,None,None,None,None,Yes,None,None,None,Yes,None,None,None,None,None,None,None,None,123,Cliffcrest,123,Cliffcrest (123),D41
3308,1035924,2008-05-01,738,ST CLAIR AVE E,JEANETTE ST,None,Minor Arterial,Scarborough,At Intersection,Stop Sign,Clear,Daylight,Dry,Fatal,Pedestrian Collisions,Pedestrian,50 to 54,Fatal,16,North,Other,None,None,None,Vehicle turns left while ped crosses without ROW at inter.,"Crossing, no Traffic Control",Normal,None,None,None,Yes,None,None,None,Yes,None,None,None,None,None,None,None,None,123,Cliffcrest,123,Cliffcrest (123),D41
3309,1036979,2008-05-02,708,MARKHAM Road,STEELES,None,Major Arterial,Scarborough,None,No Control,Clear,Daylight,Dry,Non-Fatal Injury,Sideswipe,Vehicle Owner,unknown,None,None,None,Other,None,None,None,None,None,None,None,None,None,None,None,Yes,None,None,None,None,None,None,None,None,None,None,NSA,NSA,NSA,NSA,NSA
3310,1036979,2008-05-02,708,MARKHAM Road,STEELES,None,Major Arterial,Scarborough,None,No Control,Clear,Daylight,Dry,Non-Fatal Injury,Sideswipe,Driver,35 to 39,Major,None,North,Other,Stopped,Driving Properly,Normal,None,None,None,None,None,None,None,None,Yes,None,None,None,None,None,None,None,None,None,None,NSA,NSA,NSA,NSA,NSA
3311,1036979,2008-05-02,708,MARKHAM Road,STEELES,None,Major Arterial,Scarborough,None,No Control,Clear,Daylight,Dry,Non-Fatal Injury,Sideswipe,Driver,35 to 39,None,None,North,"Automobile, Station Wagon",Changing Lanes,Improper Lane Change,Inattentive,None,None,None,None,None,None,None,None,Yes,None,None,None,None,None,None,None,None,None,None,NSA,NSA,NSA,NSA,NSA
3312,1038469,2008-05-02,1550,MCCOWAN RD,CORPORATE DR,None,Major Arterial,Scarborough,None,No Control,Rain,Daylight,Wet,Non-Fatal Injury,Pedestrian Collisions,Driver,60 to 64,None,None,South,"Automobile, Station Wagon",Going Ahead,Driving Properly,Normal,None,None,None,None,None,None,Yes,None,Yes,None,None,None,None,None,None,None,None,None,None,128,Agincourt South-Malvern West,128,Agincourt South-Malvern West (128),D42
3313,1038469,2008-05-02,1550,MCCOWAN RD,CORPORATE DR,None,Major Arterial,Scarborough,None,No Control,Rain,Daylight,Wet,Non-Fatal Injury,Pedestrian Collisions,Pedestrian,55 to 59,Major,None,None,Other,Unknown,None,None,Pedestrian hit at mid-block,"Crossing, no Traffic Control",Medical or Physical Disability,None,None,None,Yes,None,Yes,None,None,None,None,None,None,None,None,None,None,128,Agincourt South-Malvern West,128,Agincourt South-Malvern West (128),D42
3314,1036238,2008-05-03,245,HUNTINGDALE BLVD,HEATHERSIDE DR,None,Collector,Scarborough,None,No Control,"Fog, Mist, Smoke, Dust",Dark,Wet,Fatal,SMV Other,Other,unknown,None,None,North,Other,Parked,None,None,None,None,None,None,None,None,None,None,Yes,None,None,None,None,None,None,None,None,Yes,None,147,L'Amoreaux West,117,L'Amoreaux (117),D42
3315,1036238,2008-05-03,245,HUNTINGDALE BLVD,HEATHERSIDE DR,None,Collector,Scarborough,None,No Control,"Fog, Mist, Smoke, Dust",Dark,Wet,Fatal,SMV Other,Other,unknown,None,None,North,Other,Parked,None,None,None,None,None,None,None,None,None,None,Yes,None,None,None,None,None,None,None,None,Yes,None,147,L'Amoreaux West,117,L'Amoreaux (117),D42
3316,1036238,2008-05-03,245,HUNTINGDALE BLVD,HEATHERSIDE DR,None,Collector,Scarborough,None,No Control,"Fog, Mist, Smoke, Dust",Dark,Wet,Fatal,SMV Other,Driver,20 to 24,Fatal,17,East,"Automobile, Station Wagon",Going Ahead,Lost control,"Ability Impaired, Alcohol",None,None,None,None,None,None,None,None,Yes,None,None,None,None,None,None,None,None,Yes,None,147,L'Amoreaux West,117,L'Amoreaux (117),D42
3317,1040168,2008-05-04,2320,DUFFERIN Stre,LAWRENCE Aven W,None,Major Arterial,North York,At Intersection,No Control,Clear,Dark,Dry,Non-Fatal Injury,Sideswipe,Vehicle Owner,unknown,None,None,None,Other,None,None,None,None,None,None,None,None,None,None,None,Yes,None,None,None,None,None,None,None,None,Yes,None,31,Yorkdale-Glen Park,31,Yorkdale-Glen Park (31),D32
3318,1040168,2008-05-04,2320,DUFFERIN Stre,LAWRENCE Aven W,None,Major Arterial,North York,At Intersection,No Control,Clear,Dark,Dry,Non-Fatal Injury,Sideswipe,Driver,55 to 59,Major,None,South,"Automobile, Station Wagon",Changing Lanes,Other,"Ability Impaired, Alcohol Over .08",None,None,None,None,None,None,None,None,Yes,None,None,None,None,None,None,None,None,Yes,None,31,Yorkdale-Glen Park,31,Yorkdale-Glen Park (31),D32
3319,1040168,2008-05-04,2320,DUFFERIN Stre,LAWRENCE Aven W,None,Major Arterial,North York,At Intersection,No Control,Clear,Dark,Dry,Non-Fatal Injury,Sideswipe,Driver,20 to 24,Minor,None,South,"Automobile, Station Wagon",Going Ahead,Driving Properly,Normal,None,None,None,None,None,None,None,None,Yes,None,None,None,None,None,None,None,None,Yes,None,31,Yorkdale-Glen Park,31,Yorkdale-Glen Park (31),D32
3320,1040168,2008-05-04,2320,DUFFERIN Stre,LAWRENCE Aven W,None,Major Arterial,North York,At Intersection,No Control,Clear,Dark,Dry,Non-Fatal Injury,Sideswipe,Other Property Owner,unknown,None,None,None,Other,None,None,None,None,None,None,None,None,None,None,None,Yes,None,None,None,None,None,None,None,None,Yes,None,31,Yorkdale-Glen Park,31,Yorkdale-Glen Park (31),D32
3321,1036520,2008-05-05,1105,GRANDRAVINE DR,SENTINEL RD,None,Collector,Etobicoke York,At Intersection,Stop Sign,Clear,Daylight,Dry,Non-Fatal Injury,Pedestrian Collisions,Driver,70 to 74,None,None,East,"Automobile, Station Wagon",Stopped,Driving Properly,Normal,None,None,None,None,None,None,Yes,None,Yes,None,None,None,None,None,None,Yes,None,None,None,27,York University Heights,27,York University Heights (27),D31
3322,1036520,2008-05-05,1105,GRANDRAVINE DR,SENTINEL RD,None,Collector,Etobicoke York,At Intersection,Stop Sign,Clear,Daylight,Dry,Non-Fatal Injury,Pedestrian Collisions,Driver,55 to 59,None,None,North,"Automobile, Station Wagon",Stopped,Driving Properly,Normal,None,None,None,None,None,None,Yes,None,Yes,None,None,None,None,None,None,Yes,None,None,None,27,York University Heights,27,York University Heights (27),D31
3323,1036520,2008-05-05,1105,GRANDRAVINE DR,SENTINEL RD,None,Collector,Etobicoke York,At Intersection,Stop Sign,Clear,Daylight,Dry,Non-Fatal Injury,Pedestrian Collisions,Driver,70 to 74,None,None,West,"Automobile, Station Wagon",Going Ahead,Disobeyed Traffic Control,Normal,None,None,None,None,None,None,Yes,None,Yes,None,None,None,None,None,None,Yes,None,None,None,27,York University Heights,27,York University Heights (27),D31
3324,1036520,2008-05-05,1105,GRANDRAVINE DR,SENTINEL RD,None,Collector,Etobicoke York,At Intersection,Stop Sign,Clear,Daylight,Dry,Non-Fatal Injury,Pedestrian Collisions,Vehicle Owner,unknown,None,None,None,Other,None,None,None,None,None,None,None,None,None,Yes,None,Yes,None,None,None,None,None,None,Yes,None,None,None,27,York University Heights,27,York University Heights (27),D31
3325,1036520,2008-05-05,1105,GRANDRAVINE DR,SENTINEL RD,None,Collector,Etobicoke York,At Intersection,Stop Sign,Clear,Daylight,Dry,Non-Fatal Injury,Pedestrian Collisions,Pedestrian,75 to 79,Major,None,None,Other,None,None,None,Pedestrian hit on sidewalk or shoulder,On Sidewalk or Shoulder,Normal,None,None,None,Yes,None,Yes,None,None,None,None,None,None,Yes,None,None,None,27,York University Heights,27,York University Heights (27),D31
3326,1039230,2008-05-07,1734,COLLEGE ST,RUSHOLME RD,None,Major Arterial,Toronto and East York,At Intersection,No Control,Rain,Daylight,Wet,Non-Fatal Injury,Cyclist Collisions,Driver,unknown,None,None,West,"Automobile, Station Wagon",Going Ahead,Other,Inattentive,None,None,None,None,None,None,None,Yes,Yes,None,None,None,None,None,None,None,None,None,None,83,Dufferin Grove,83,Dufferin Grove (83),D14
3327,1039230,2008-05-07,1734,COLLEGE ST,RUSHOLME RD,None,Major Arterial,Toronto and East York,At Intersection,No Control,Rain,Daylight,Wet,Non-Fatal Injury,Cyclist Collisions,Cyclist,20 to 24,Major,None,West,Bicycle,Unknown,None,None,None,None,None,Cyclist struck opened vehicle door,Driving Properly,Unknown,None,Yes,Yes,None,None,None,None,None,None,None,None,None,None,83,Dufferin Grove,83,Dufferin Grove (83),D14
3328,1041784,2008-05-09,1956,ST CLAIR AVE W,BATHURST ST,None,Major Arterial,Toronto and East York,At Intersection,Traffic Signal,Clear,Daylight,Dry,Non-Fatal Injury,Pedestrian Collisions,Vehicle Owner,unknown,None,None,None,None,None,None,None,None,None,None,None,None,None,Yes,None,None,None,None,Yes,None,None,None,Yes,None,None,None,96,Casa Loma,96,Casa Loma (96),D13
3329,1041784,2008-05-09,1956,ST CLAIR AVE W,BATHURST ST,None,Major Arterial,Toronto and East York,At Intersection,Traffic Signal,Clear,Daylight,Dry,Non-Fatal Injury,Pedestrian Collisions,Driver,40 to 44,None,None,West,Municipal Transit Bus (TTC),Pulling Away from Shoulder or Curb,Failed to Yield Right of Way,Inattentive,None,None,None,None,None,None,Yes,None,None,None,None,Yes,None,None,None,Yes,None,None,None,96,Casa Loma,96,Casa Loma (96),D13
3330,1041784,2008-05-09,1956,ST CLAIR AVE W,BATHURST ST,None,Major Arterial,Toronto and East York,At Intersection,Traffic Signal,Clear,Daylight,Dry,Non-Fatal Injury,Pedestrian Collisions,Pedestrian,60 to 64,Major,None,South,None,None,None,None,Pedestrian involved in a collision with transit vehicle anywhere along roadway,Person Getting on/off Vehicle,Normal,None,None,None,Yes,None,None,None,None,Yes,None,None,None,Yes,None,None,None,96,Casa Loma,96,Casa Loma (96),D13
3331,1069312,2008-05-09,2240,31 MOORE PARK AVE,None,None,Local,North York,None,No Control,Clear,Dark,Dry,Non-Fatal Injury,Pedestrian Collisions,Vehicle Owner,unknown,None,None,None,Other,None,None,None,None,None,None,None,None,None,Yes,None,None,None,None,None,None,None,None,None,None,None,None,36,Newtonbrook West,36,Newtonbrook West (36),D32
3332,1069312,2008-05-09,2240,31 MOORE PARK AVE,None,None,Local,North York,None,No Control,Clear,Dark,Dry,Non-Fatal Injury,Pedestrian Collisions,Driver,unknown,None,None,South,Other,Reversing,Other,Normal,None,None,None,None,None,None,Yes,None,None,None,None,None,None,None,None,None,None,None,None,36,Newtonbrook West,36,Newtonbrook West (36),D32
3333,1069312,2008-05-09,2240,31 MOORE PARK AVE,None,None,Local,North York,None,No Control,Clear,Dark,Dry,Non-Fatal Injury,Pedestrian Collisions,Pedestrian,50 to 54,Major,None,None,Other,None,None,None,Vehicle is reversing and hits pedestrian,Person Getting on/off Vehicle,Normal,None,None,None,Yes,None,None,None,None,None,None,None,None,None,None,None,None,36,Newtonbrook West,36,Newtonbrook West (36),D32
3334,1037389,2008-05-10,1216,DUFFERIN ST,ROGERS RD,None,Major Arterial,Toronto and East York,At Intersection,Traffic Signal,Clear,Daylight,Dry,Non-Fatal Injury,Pedestrian Collisions,Driver,60 to 64,None,None,North,"Automobile, Station Wagon",Going Ahead,Driving Properly,Normal,None,None,None,None,None,None,Yes,None,Yes,None,None,None,None,None,None,None,None,None,None,107,Oakwood Village,107,Oakwood Village (107),D13
3335,1037389,2008-05-10,1216,DUFFERIN ST,ROGERS RD,None,Major Arterial,Toronto and East York,At Intersection,Traffic Signal,Clear,Daylight,Dry,Non-Fatal Injury,Pedestrian Collisions,Pedestrian,30 to 34,Major,None,West,Other,None,None,None,Vehicle is going straight thru inter.while ped cross without ROW,Crossing without right of way,Normal,None,None,None,Yes,None,Yes,None,None,None,None,None,None,None,None,None,None,107,Oakwood Village,107,Oakwood Village (107),D13
3336,1038340,2008-05-13,2030,EGLINTON AVE E,CREDIT UNION DR,None,Major Arterial,North York,None,No Control,Clear,Dark,Dry,Fatal,Approaching,Vehicle Owner,unknown,None,None,None,Other,None,None,None,None,None,None,None,None,None,None,None,Yes,None,None,None,None,Yes,Yes,Yes,None,None,None,43,Victoria Village,43,Victoria Village (43),D33
3337,1038340,2008-05-13,2030,EGLINTON AVE E,CREDIT UNION DR,None,Major Arterial,North York,None,No Control,Clear,Dark,Dry,Fatal,Approaching,Driver,25 to 29,Minor,None,East,"Automobile, Station Wagon",Going Ahead,Driving Properly,Normal,None,None,None,None,None,None,None,None,Yes,None,None,None,None,Yes,Yes,Yes,None,None,None,43,Victoria Village,43,Victoria Village (43),D33
3338,1038340,2008-05-13,2030,EGLINTON AVE E,CREDIT UNION DR,None,Major Arterial,North York,None,No Control,Clear,Dark,Dry,Fatal,Approaching,Driver,55 to 59,Minor,None,East,"Automobile, Station Wagon",Going Ahead,Driving Properly,Normal,None,None,None,None,None,None,None,None,Yes,None,None,None,None,Yes,Yes,Yes,None,None,None,43,Victoria Village,43,Victoria Village (43),D33
3339,1038340,2008-05-13,2030,EGLINTON AVE E,CREDIT UNION DR,None,Major Arterial,North York,None,No Control,Clear,Dark,Dry,Fatal,Approaching,Vehicle Owner,unknown,None,None,None,Other,None,None,None,None,None,None,None,None,None,None,None,Yes,None,None,None,None,Yes,Yes,Yes,None,None,None,43,Victoria Village,43,Victoria Village (43),D33
3340,1038340,2008-05-13,2030,EGLINTON AVE E,CREDIT UNION DR,None,Major Arterial,North York,None,No Control,Clear,Dark,Dry,Fatal,Approaching,Driver,25 to 29,Minor,None,East,"Automobile, Station Wagon",Going Ahead,Driving Properly,Normal,None,None,None,None,None,None,None,None,Yes,None,None,None,None,Yes,Yes,Yes,None,None,None,43,Victoria Village,43,Victoria Village (43),D33
3341,1038340,2008-05-13,2030,EGLINTON AVE E,CREDIT UNION DR,None,Major Arterial,North York,None,No Control,Clear,Dark,Dry,Fatal,Approaching,Driver,30 to 34,Minor,None,East,"Automobile, Station Wagon",Going Ahead,Driving Properly,Unknown,None,None,None,None,None,None,None,None,Yes,None,None,None,None,Yes,Yes,Yes,None,None,None,43,Victoria Village,43,Victoria Village (43),D33
3342,1038340,2008-05-13,2030,EGLINTON AVE E,CREDIT UNION DR,None,Major Arterial,North York,None,No Control,Clear,Dark,Dry,Fatal,Approaching,Passenger,30 to 34,None,None,None,Other,None,None,None,None,None,None,None,None,None,None,None,Yes,None,None,None,None,Yes,Yes,Yes,None,None,None,43,Victoria Village,43,Victoria Village (43),D33
3343,1038340,2008-05-13,2030,EGLINTON AVE E,CREDIT UNION DR,None,Major Arterial,North York,None,No Control,Clear,Dark,Dry,Fatal,Approaching,Passenger,25 to 29,Minor,None,None,Other,None,None,None,None,None,None,None,None,None,None,None,Yes,None,None,None,None,Yes,Yes,Yes,None,None,None,43,Victoria Village,43,Victoria Village (43),D33
3344,1038340,2008-05-13,2030,EGLINTON AVE E,CREDIT UNION DR,None,Major Arterial,North York,None,No Control,Clear,Dark,Dry,Fatal,Approaching,Passenger,20 to 24,Major,None,None,Other,None,None,None,None,None,None,None,None,None,None,None,Yes,None,None,None,None,Yes,Yes,Yes,None,None,None,43,Victoria Village,43,Victoria Village (43),D33
3345,1038340,2008-05-13,2030,EGLINTON AVE E,CREDIT UNION DR,None,Major Arterial,North York,None,No Control,Clear,Dark,Dry,Fatal,Approaching,Passenger,15 to 19,Major,None,None,Other,None,None,None,None,None,None,None,None,None,None,None,Yes,None,None,None,None,Yes,Yes,Yes,None,None,None,43,Victoria Village,43,Victoria Village (43),D33
3346,1038340,2008-05-13,2030,EGLINTON AVE E,CREDIT UNION DR,None,Major Arterial,North York,None,No Control,Clear,Dark,Dry,Fatal,Approaching,Passenger,20 to 24,Fatal,18,None,Other,None,None,None,None,None,None,None,None,None,None,None,Yes,None,None,None,None,Yes,Yes,Yes,None,None,None,43,Victoria Village,43,Victoria Village (43),D33
3347,1038340,2008-05-13,2030,EGLINTON AVE E,CREDIT UNION DR,None,Major Arterial,North York,None,No Control,Clear,Dark,Dry,Fatal,Approaching,Passenger,15 to 19,Fatal,19,None,Other,None,None,None,None,None,None,None,None,None,None,None,Yes,None,None,None,None,Yes,Yes,Yes,None,None,None,43,Victoria Village,43,Victoria Village (43),D33
3348,1038340,2008-05-13,2030,EGLINTON AVE E,CREDIT UNION DR,None,Major Arterial,North York,None,No Control,Clear,Dark,Dry,Fatal,Approaching,Driver,20 to 24,Minor,None,West,"Automobile, Station Wagon",Going Ahead,Exceeding Speed Limit,Had Been Drinking,None,None,None,None,None,None,None,None,Yes,None,None,None,None,Yes,Yes,Yes,None,None,None,43,Victoria Village,43,Victoria Village (43),D33
3349,1038340,2008-05-13,2030,EGLINTON AVE E,CREDIT UNION DR,None,Major Arterial,North York,None,No Control,Clear,Dark,Dry,Fatal,Approaching,Vehicle Owner,unknown,None,None,None,Other,None,None,None,None,None,None,None,None,None,None,None,Yes,None,None,None,None,Yes,Yes,Yes,None,None,None,43,Victoria Village,43,Victoria Village (43),D33
3350,1038340,2008-05-13,2030,EGLINTON AVE E,CREDIT UNION DR,None,Major Arterial,North York,None,No Control,Clear,Dark,Dry,Fatal,Approaching,Driver,30 to 34,Minor,None,East,"Automobile, Station Wagon",Going Ahead,Driving Properly,Normal,None,None,None,None,None,None,None,None,Yes,None,None,None,None,Yes,Yes,Yes,None,None,None,43,Victoria Village,43,Victoria Village (43),D33
3351,1038340,2008-05-13,2030,EGLINTON AVE E,CREDIT UNION DR,None,Major Arterial,North York,None,No Control,Clear,Dark,Dry,Fatal,Approaching,Vehicle Owner,unknown,None,None,None,Other,None,None,None,None,None,None,None,None,None,None,None,Yes,None,None,None,None,Yes,Yes,Yes,None,None,None,43,Victoria Village,43,Victoria Village (43),D33
3352,1038269,2008-05-14,800,PECKHAM AVE,GREENWIN VILLAGE RD,None,Collector,North York,None,Stop Sign,Clear,Daylight,Dry,Non-Fatal Injury,Pedestrian Collisions,Driver,65 to 69,None,None,South,"Automobile, Station Wagon",Turning Left,Failed to Yield Right of Way,Inattentive,None,None,None,None,None,None,Yes,None,Yes,None,None,None,None,None,None,Yes,None,None,None,36,Newtonbrook West,36,Newtonbrook West (36),D32
3353,1038269,2008-05-14,800,PECKHAM AVE,GREENWIN VILLAGE RD,None,Collector,North York,None,Stop Sign,Clear,Daylight,Dry,Non-Fatal Injury,Pedestrian Collisions,Pedestrian,45 to 49,Major,None,North,Other,None,None,None,Vehicle turns left while ped crosses with ROW at inter.,Crossing with right of way,Normal,None,None,None,Yes,None,Yes,None,None,None,None,None,None,Yes,None,None,None,36,Newtonbrook West,36,Newtonbrook West (36),D32
3354,1038512,2008-05-15,950,RATHBURN Road,THE EAST MALL,None,Minor Arterial,Etobicoke York,At Intersection,Traffic Signal,Clear,Daylight,Dry,Non-Fatal Injury,Turning Movement,Driver,35 to 39,None,None,East,"Automobile, Station Wagon",Turning Left,Driving Properly,Normal,None,None,None,None,None,None,None,None,Yes,None,None,None,None,None,None,Yes,Yes,None,Yes,11,Eringate-Centennial-West Deane,11,Eringate-Centennial-West Deane (11),D22
3355,1038512,2008-05-15,950,RATHBURN Road,THE EAST MALL,None,Minor Arterial,Etobicoke York,At Intersection,Traffic Signal,Clear,Daylight,Dry,Non-Fatal Injury,Turning Movement,Driver,80 to 84,Major,None,West,"Automobile, Station Wagon",Going Ahead,Disobeyed Traffic Control,Medical or Physical Disability,None,None,None,None,None,None,None,None,Yes,None,None,None,None,None,None,Yes,Yes,None,Yes,11,Eringate-Centennial-West Deane,11,Eringate-Centennial-West Deane (11),D22
3356,1038517,2008-05-15,1403,AVENUE RD,YORKVILLE AVE,None,Major Arterial,Toronto and East York,At Intersection,Traffic Signal,Clear,Daylight,Dry,Non-Fatal Injury,Pedestrian Collisions,Pedestrian,70 to 74,Major,None,None,Other,None,None,None,Vehicle turns left while ped crosses with ROW at inter.,Crossing with right of way,Normal,None,None,None,Yes,None,Yes,None,None,None,None,None,None,Yes,None,None,None,95,Annex,95,Annex (95),D53
3357,1038517,2008-05-15,1403,AVENUE RD,YORKVILLE AVE,None,Major Arterial,Toronto and East York,At Intersection,Traffic Signal,Clear,Daylight,Dry,Non-Fatal Injury,Pedestrian Collisions,Vehicle Owner,unknown,None,None,None,Other,None,None,None,None,None,None,None,None,None,Yes,None,Yes,None,None,None,None,None,None,Yes,None,None,None,95,Annex,95,Annex (95),D53
3358,1038517,2008-05-15,1403,AVENUE RD,YORKVILLE AVE,None,Major Arterial,Toronto and East York,At Intersection,Traffic Signal,Clear,Daylight,Dry,Non-Fatal Injury,Pedestrian Collisions,Driver,35 to 39,None,None,West,"Automobile, Station Wagon",Turning Left,Failed to Yield Right of Way,Inattentive,None,None,None,None,None,None,Yes,None,Yes,None,None,None,None,None,None,Yes,None,None,None,95,Annex,95,Annex (95),D53
3359,1038516,2008-05-15,1428,FINCH AVE W,SENLAC RD,None,Major Arterial,North York,At Intersection,Traffic Signal,Clear,"Daylight, artificial",Dry,Non-Fatal Injury,Turning Movement,Passenger,80 to 84,Major,None,None,Other,None,None,None,None,None,None,None,None,None,None,None,Yes,None,None,None,None,Yes,None,Yes,None,None,None,37,Willowdale West,37,Willowdale West (37),D32
3360,1038516,2008-05-15,1428,FINCH AVE W,SENLAC RD,None,Major Arterial,North York,At Intersection,Traffic Signal,Clear,"Daylight, artificial",Dry,Non-Fatal Injury,Turning Movement,Driver,90 to 94,Minimal,None,West,"Automobile, Station Wagon",Turning Left,Failed to Yield Right of Way,Normal,None,None,None,None,None,None,None,None,Yes,None,None,None,None,Yes,None,Yes,None,None,None,37,Willowdale West,37,Willowdale West (37),D32
3361,1038516,2008-05-15,1428,FINCH AVE W,SENLAC RD,None,Major Arterial,North York,At Intersection,Traffic Signal,Clear,"Daylight, artificial",Dry,Non-Fatal Injury,Turning Movement,Passenger,20 to 24,None,None,None,Other,None,None,None,None,None,None,None,None,None,None,None,Yes,None,None,None,None,Yes,None,Yes,None,None,None,37,Willowdale West,37,Willowdale West (37),D32
3362,1038516,2008-05-15,1428,FINCH AVE W,SENLAC RD,None,Major Arterial,North York,At Intersection,Traffic Signal,Clear,"Daylight, artificial",Dry,Non-Fatal Injury,Turning Movement,Vehicle Owner,unknown,None,None,None,Other,None,None,None,None,None,None,None,None,None,None,None,Yes,None,None,None,None,Yes,None,Yes,None,None,None,37,Willowdale West,37,Willowdale West (37),D32
3363,1038516,2008-05-15,1428,FINCH AVE W,SENLAC RD,None,Major Arterial,North York,At Intersection,Traffic Signal,Clear,"Daylight, artificial",Dry,Non-Fatal Injury,Turning Movement,Driver,25 to 29,None,None,East,"Automobile, Station Wagon",Going Ahead,Driving Properly,Normal,None,None,None,None,None,None,None,None,Yes,None,None,None,None,Yes,None,Yes,None,None,None,37,Willowdale West,37,Willowdale West (37),D32
3364,1038516,2008-05-15,1428,FINCH AVE W,SENLAC RD,None,Major Arterial,North York,At Intersection,Traffic Signal,Clear,"Daylight, artificial",Dry,Non-Fatal Injury,Turning Movement,Other Property Owner,unknown,None,None,None,Other,None,None,None,None,None,None,None,None,None,None,None,Yes,None,None,None,None,Yes,None,Yes,None,None,None,37,Willowdale West,37,Willowdale West (37),D32
3365,1042286,2008-05-15,1920,WOBURN AVE,GREY RD,None,Collector,North York,At Intersection,Stop Sign,Clear,Daylight,Dry,Non-Fatal Injury,Cyclist Collisions,Driver,60 to 64,None,None,West,"Automobile, Station Wagon",Going Ahead,Driving Properly,Normal,None,None,None,None,None,None,None,Yes,Yes,None,None,None,None,None,None,None,None,None,None,39,Bedford Park-Nortown,39,Bedford Park-Nortown (39),D32
3366,1042286,2008-05-15,1920,WOBURN AVE,GREY RD,None,Collector,North York,At Intersection,Stop Sign,Clear,Daylight,Dry,Non-Fatal Injury,Cyclist Collisions,Cyclist,35 to 39,Major,None,North,Bicycle,Going Ahead,None,None,None,None,None,"Cyclist without ROW rides into path of motorist at inter, lnwy, dwy-Cyclist not turn.",Failed to Yield Right of Way,Normal,None,Yes,Yes,None,None,None,None,None,None,None,None,None,None,39,Bedford Park-Nortown,39,Bedford Park-Nortown (39),D32
3367,1040690,2008-05-18,535,FINCH AVE W,MADELINE RD,None,Major Arterial,North York,At Intersection,No Control,Clear,Dark,Dry,Non-Fatal Injury,SMV Other,Driver,25 to 29,Major,None,West,"Automobile, Station Wagon",Going Ahead,Lost control,Had Been Drinking,None,None,None,None,None,None,None,None,Yes,None,None,None,None,None,None,None,None,None,None,36,Newtonbrook West,36,Newtonbrook West (36),D32
3368,1040690,2008-05-18,535,FINCH AVE W,MADELINE RD,None,Major Arterial,North York,At Intersection,No Control,Clear,Dark,Dry,Non-Fatal Injury,SMV Other,Other Property Owner,unknown,None,None,None,Other,None,None,None,None,None,None,None,None,None,None,None,Yes,None,None,None,None,None,None,None,None,None,None,36,Newtonbrook West,36,Newtonbrook West (36),D32
3369,1041602,2008-05-18,840,LAWSON Rd,MEADOWVALE Rd,None,Collector,Scarborough,None,No Control,Clear,Daylight,Dry,Non-Fatal Injury,Approaching,Vehicle Owner,unknown,None,None,None,Other,None,None,None,None,None,None,None,None,None,None,None,Yes,None,None,None,None,Yes,None,None,None,None,None,133,Centennial Scarborough,133,Centennial Scarborough (133),D43