_id,ACCNUM,DATE,TIME,STREET1,STREET2,OFFSET,ROAD_CLASS,DISTRICT,ACCLOC,TRAFFCTL,VISIBILITY,LIGHT,RDSFCOND,ACCLASS,IMPACTYPE,INVTYPE,INVAGE,INJURY,FATAL_NO,INITDIR,VEHTYPE,MANOEUVER,DRIVACT,DRIVCOND,PEDTYPE,PEDACT,PEDCOND,CYCLISTYPE,CYCACT,CYCCOND,PEDESTRIAN,CYCLIST,AUTOMOBILE,MOTORCYCLE,TRUCK,TRSN_CITY_VEH,EMERG_VEH,PASSENGER,SPEEDING,AG_DRIV,REDLIGHT,ALCOHOL,DISABILITY,HOOD_158,NEIGHBOURHOOD_158,HOOD_140,NEIGHBOURHOOD_140,DIVISION
3370,1041602,2008-05-18,840,LAWSON Rd,MEADOWVALE Rd,None,Collector,Scarborough,None,No Control,Clear,Daylight,Dry,Non-Fatal Injury,Approaching,Driver,40 to 44,Major,None,West,"Automobile, Station Wagon",Going Ahead,Driving Properly,Normal,None,None,None,None,None,None,None,None,Yes,None,None,None,None,Yes,None,None,None,None,None,133,Centennial Scarborough,133,Centennial Scarborough (133),D43
3371,1041602,2008-05-18,840,LAWSON Rd,MEADOWVALE Rd,None,Collector,Scarborough,None,No Control,Clear,Daylight,Dry,Non-Fatal Injury,Approaching,Passenger,65 to 69,Major,None,None,Other,None,None,None,None,None,None,None,None,None,None,None,Yes,None,None,None,None,Yes,None,None,None,None,None,133,Centennial Scarborough,133,Centennial Scarborough (133),D43
3372,1041602,2008-05-18,840,LAWSON Rd,MEADOWVALE Rd,None,Collector,Scarborough,None,No Control,Clear,Daylight,Dry,Non-Fatal Injury,Approaching,Driver,35 to 39,Minor,None,East,"Automobile, Station Wagon",Going Ahead,Lost control,Normal,None,None,None,None,None,None,None,None,Yes,None,None,None,None,Yes,None,None,None,None,None,133,Centennial Scarborough,133,Centennial Scarborough (133),D43
3373,1045205,2008-05-20,1840,ST CLAIR AVE W,VAUGHAN RD,None,Major Arterial,Toronto and East York,At Intersection,Traffic Signal,Clear,Daylight,Dry,Non-Fatal Injury,Rear End,Driver,50 to 54,Major,None,East,"Automobile, Station Wagon",Stopped,Driving Properly,Normal,None,None,None,None,None,None,None,None,Yes,None,None,None,None,None,None,Yes,None,None,None,94,Wychwood,94,Wychwood (94),D13
3374,1045205,2008-05-20,1840,ST CLAIR AVE W,VAUGHAN RD,None,Major Arterial,Toronto and East York,At Intersection,Traffic Signal,Clear,Daylight,Dry,Non-Fatal Injury,Rear End,Driver,40 to 44,Minor,None,East,"Automobile, Station Wagon",Stopped,Driving Properly,Normal,None,None,None,None,None,None,None,None,Yes,None,None,None,None,None,None,Yes,None,None,None,94,Wychwood,94,Wychwood (94),D13
3375,1045205,2008-05-20,1840,ST CLAIR AVE W,VAUGHAN RD,None,Major Arterial,Toronto and East York,At Intersection,Traffic Signal,Clear,Daylight,Dry,Non-Fatal Injury,Rear End,Vehicle Owner,unknown,None,None,None,Other,None,None,None,None,None,None,None,None,None,None,None,Yes,None,None,None,None,None,None,Yes,None,None,None,94,Wychwood,94,Wychwood (94),D13
3376,1045205,2008-05-20,1840,ST CLAIR AVE W,VAUGHAN RD,None,Major Arterial,Toronto and East York,At Intersection,Traffic Signal,Clear,Daylight,Dry,Non-Fatal Injury,Rear End,Driver,40 to 44,None,None,East,"Automobile, Station Wagon",Going Ahead,Following too Close,Inattentive,None,None,None,None,None,None,None,None,Yes,None,None,None,None,None,None,Yes,None,None,None,94,Wychwood,94,Wychwood (94),D13
3377,1039584,2008-05-22,1310,EGLINTON AVE W,ELMSTHORPE AVE,None,Major Arterial,North York,None,No Control,Clear,Daylight,Dry,Fatal,Cyclist Collisions,Driver,55 to 59,None,None,East,Delivery Van,Going Ahead,Driving Properly,Normal,None,None,None,None,None,None,None,Yes,Yes,None,None,None,None,None,None,None,None,None,None,103,Lawrence Park South,103,Lawrence Park South (103),D53
3378,1039584,2008-05-22,1310,EGLINTON AVE W,ELMSTHORPE AVE,None,Major Arterial,North York,None,No Control,Clear,Daylight,Dry,Fatal,Cyclist Collisions,Vehicle Owner,unknown,None,None,None,Other,None,None,None,None,None,None,None,None,None,None,Yes,Yes,None,None,None,None,None,None,None,None,None,None,103,Lawrence Park South,103,Lawrence Park South (103),D53
3379,1039584,2008-05-22,1310,EGLINTON AVE W,ELMSTHORPE AVE,None,Major Arterial,North York,None,No Control,Clear,Daylight,Dry,Fatal,Cyclist Collisions,Driver,40 to 44,None,None,East,"Automobile, Station Wagon",Parked,Other,Inattentive,None,None,None,None,None,None,None,Yes,Yes,None,None,None,None,None,None,None,None,None,None,103,Lawrence Park South,103,Lawrence Park South (103),D53
3380,1039584,2008-05-22,1310,EGLINTON AVE W,ELMSTHORPE AVE,None,Major Arterial,North York,None,No Control,Clear,Daylight,Dry,Fatal,Cyclist Collisions,Cyclist,55 to 59,Fatal,20,East,Bicycle,Going Ahead,None,None,None,None,None,Cyclist struck opened vehicle door,Driving Properly,Unknown,None,Yes,Yes,None,None,None,None,None,None,None,None,None,None,103,Lawrence Park South,103,Lawrence Park South (103),D53
3381,1041835,2008-05-23,1244,KIPLING AVE,SNARESBROOK DR,None,Major Arterial,Etobicoke York,At Intersection,Traffic Signal,Clear,Daylight,Dry,Non-Fatal Injury,Pedestrian Collisions,Vehicle Owner,unknown,None,None,None,Other,None,None,None,None,None,None,None,None,None,Yes,None,Yes,None,None,None,None,None,None,None,None,None,None,1,West Humber-Clairville,1,West Humber-Clairville (1),D23
3382,1041835,2008-05-23,1244,KIPLING AVE,SNARESBROOK DR,None,Major Arterial,Etobicoke York,At Intersection,Traffic Signal,Clear,Daylight,Dry,Non-Fatal Injury,Pedestrian Collisions,Driver,35 to 39,None,None,North,"Automobile, Station Wagon",Going Ahead,Driving Properly,Normal,None,None,None,None,None,None,Yes,None,Yes,None,None,None,None,None,None,None,None,None,None,1,West Humber-Clairville,1,West Humber-Clairville (1),D23
3383,1041835,2008-05-23,1244,KIPLING AVE,SNARESBROOK DR,None,Major Arterial,Etobicoke York,At Intersection,Traffic Signal,Clear,Daylight,Dry,Non-Fatal Injury,Pedestrian Collisions,Pedestrian,10 to 14,Major,None,West,Other,None,None,None,Vehicle is going straight thru inter.while ped cross without ROW,Crossing without right of way,Inattentive,None,None,None,Yes,None,Yes,None,None,None,None,None,None,None,None,None,None,1,West Humber-Clairville,1,West Humber-Clairville (1),D23
3384,1042389,2008-05-23,2135,CENTENNIAL PARK Rd,RATHBURN Rd,None,Minor Arterial,Etobicoke York,None,No Control,Clear,Dark,Dry,Non-Fatal Injury,Turning Movement,Passenger,25 to 29,Major,None,None,Other,None,None,None,None,None,None,None,None,None,None,None,Yes,Yes,None,None,None,Yes,None,Yes,None,None,None,11,Eringate-Centennial-West Deane,11,Eringate-Centennial-West Deane (11),D22
3385,1042389,2008-05-23,2135,CENTENNIAL PARK Rd,RATHBURN Rd,None,Minor Arterial,Etobicoke York,None,No Control,Clear,Dark,Dry,Non-Fatal Injury,Turning Movement,Motorcycle Driver,20 to 24,Minor,None,North,Motorcycle,Going Ahead,Lost control,Normal,None,None,None,None,None,None,None,None,Yes,Yes,None,None,None,Yes,None,Yes,None,None,None,11,Eringate-Centennial-West Deane,11,Eringate-Centennial-West Deane (11),D22
3386,1042389,2008-05-23,2135,CENTENNIAL PARK Rd,RATHBURN Rd,None,Minor Arterial,Etobicoke York,None,No Control,Clear,Dark,Dry,Non-Fatal Injury,Turning Movement,Driver,20 to 24,None,None,West,"Automobile, Station Wagon",Turning Left,Failed to Yield Right of Way,Normal,None,None,None,None,None,None,None,None,Yes,Yes,None,None,None,Yes,None,Yes,None,None,None,11,Eringate-Centennial-West Deane,11,Eringate-Centennial-West Deane (11),D22
3387,1039861,2008-05-24,30,BAYVIEW Aven,BLOOR Ramp,None,None,Toronto and East York,None,No Control,Clear,Dark,Dry,Fatal,SMV Other,Motorcycle Driver,25 to 29,Fatal,21,North,Motorcycle,Going Ahead,Exceeding Speed Limit,Unknown,None,None,None,None,None,None,None,None,None,Yes,None,None,None,None,Yes,Yes,None,None,None,98,Rosedale-Moore Park,98,Rosedale-Moore Park (98),D53
3388,1042256,2008-05-24,200,SPADINA AVE,CLARENCE SQ W,None,Major Arterial,Toronto and East York,None,No Control,Clear,Dark,Dry,Non-Fatal Injury,SMV Other,Motorcycle Passenger,20 to 24,Minimal,None,None,Other,None,None,None,None,None,None,None,None,None,None,None,None,Yes,None,None,None,Yes,None,None,None,None,None,164,Wellington Place,77,Waterfront Communities-The Island (77),D52
3389,1042256,2008-05-24,200,SPADINA AVE,CLARENCE SQ W,None,Major Arterial,Toronto and East York,None,No Control,Clear,Dark,Dry,Non-Fatal Injury,SMV Other,Motorcycle Driver,20 to 24,Major,None,South,Motorcycle,Turning Left,Lost control,Normal,None,None,None,None,None,None,None,None,None,Yes,None,None,None,Yes,None,None,None,None,None,164,Wellington Place,77,Waterfront Communities-The Island (77),D52
3390,1042268,2008-05-24,1238,CHRISTIE ST,LAMBERTLODGE AVE,None,Minor Arterial,Toronto and East York,At Intersection,Stop Sign,Clear,Daylight,Dry,Non-Fatal Injury,Cyclist Collisions,Driver,25 to 29,None,None,South,"Automobile, Station Wagon",Turning Right,Failed to Yield Right of Way,Inattentive,None,None,None,None,None,None,None,Yes,Yes,None,None,None,None,None,None,Yes,None,None,None,94,Wychwood,94,Wychwood (94),D13
3391,1042268,2008-05-24,1238,CHRISTIE ST,LAMBERTLODGE AVE,None,Minor Arterial,Toronto and East York,At Intersection,Stop Sign,Clear,Daylight,Dry,Non-Fatal Injury,Cyclist Collisions,Cyclist,35 to 39,Major,None,South,Bicycle,Going Ahead,None,None,None,None,None,"Motorist turns right at non-signal Inter.(stop, yield, no cont.,and dwy) and strikes cyclist.",Driving Properly,Normal,None,Yes,Yes,None,None,None,None,None,None,Yes,None,None,None,94,Wychwood,94,Wychwood (94),D13
3392,1045776,2008-05-25,1215,2300 LAKE SHORE BLVD W,None,None,Major Arterial,Etobicoke York,None,No Control,Clear,Daylight,Dry,Non-Fatal Injury,Cyclist Collisions,Driver,20 to 24,None,None,West,"Automobile, Station Wagon",Stopped,Failed to Yield Right of Way,Unknown,None,None,None,None,None,None,None,Yes,Yes,None,None,None,None,None,None,Yes,None,None,None,160,Mimico-Queensway,17,Mimico (includes Humber Bay Shores) (17),D22
3393,1045776,2008-05-25,1215,2300 LAKE SHORE BLVD W,None,None,Major Arterial,Etobicoke York,None,No Control,Clear,Daylight,Dry,Non-Fatal Injury,Cyclist Collisions,Cyclist,25 to 29,Major,None,North,Bicycle,Going Ahead,None,None,None,None,None,"Motorist without ROW drives into path of cyclist at inter, lnwy, dwy-Driver not turn.",Driving Properly,Normal,None,Yes,Yes,None,None,None,None,None,None,Yes,None,None,None,160,Mimico-Queensway,17,Mimico (includes Humber Bay Shores) (17),D22
3394,1040090,2008-05-26,1125,1835 YONGE ST,None,None,Major Arterial,Toronto and East York,None,No Control,Clear,Daylight,Dry,Non-Fatal Injury,Approaching,Driver,45 to 49,None,None,South,"Automobile, Station Wagon",Going Ahead,Driving Properly,Normal,None,None,None,None,None,None,None,None,Yes,None,None,None,None,None,None,None,None,None,Yes,174,South Eglinton-Davisville,104,Mount Pleasant West (104),D53
3395,1040090,2008-05-26,1125,1835 YONGE ST,None,None,Major Arterial,Toronto and East York,None,No Control,Clear,Daylight,Dry,Non-Fatal Injury,Approaching,Vehicle Owner,unknown,None,None,None,Other,None,None,None,None,None,None,None,None,None,None,None,Yes,None,None,None,None,None,None,None,None,None,Yes,174,South Eglinton-Davisville,104,Mount Pleasant West (104),D53
3396,1040090,2008-05-26,1125,1835 YONGE ST,None,None,Major Arterial,Toronto and East York,None,No Control,Clear,Daylight,Dry,Non-Fatal Injury,Approaching,Driver,45 to 49,Major,None,North,"Automobile, Station Wagon",Going Ahead,Lost control,Medical or Physical Disability,None,None,None,None,None,None,None,None,Yes,None,None,None,None,None,None,None,None,None,Yes,174,South Eglinton-Davisville,104,Mount Pleasant West (104),D53
3397,1041737,2008-05-26,1125,1835 YONGE ST,None,None,Major Arterial,Toronto and East York,None,No Control,Clear,Daylight,Dry,Non-Fatal Injury,Approaching,Driver,50 to 54,None,None,South,"Automobile, Station Wagon",Going Ahead,None,None,None,None,None,None,None,None,None,None,Yes,None,None,None,None,None,None,None,None,None,None,174,South Eglinton-Davisville,104,Mount Pleasant West (104),D53
3398,1041737,2008-05-26,1125,1835 YONGE ST,None,None,Major Arterial,Toronto and East York,None,No Control,Clear,Daylight,Dry,Non-Fatal Injury,Approaching,Driver,45 to 49,Major,None,North,"Automobile, Station Wagon",Other,None,None,None,None,None,None,None,None,None,None,Yes,None,None,None,None,None,None,None,None,None,None,174,South Eglinton-Davisville,104,Mount Pleasant West (104),D53
3399,1045778,2008-05-26,1410,KING ST W,YORK ST,None,Major Arterial,Toronto and East York,At Intersection,No Control,Clear,Daylight,Dry,Non-Fatal Injury,Cyclist Collisions,Passenger,40 to 44,None,None,None,Other,None,None,None,None,None,None,None,None,None,None,Yes,Yes,None,None,None,None,Yes,None,None,None,None,None,170,Yonge-Bay Corridor,76,Bay Street Corridor (76),D52
3400,1045778,2008-05-26,1410,KING ST W,YORK ST,None,Major Arterial,Toronto and East York,At Intersection,No Control,Clear,Daylight,Dry,Non-Fatal Injury,Cyclist Collisions,Vehicle Owner,unknown,None,None,None,Other,None,None,None,None,None,None,None,None,None,None,Yes,Yes,None,None,None,None,Yes,None,None,None,None,None,170,Yonge-Bay Corridor,76,Bay Street Corridor (76),D52
3401,1045778,2008-05-26,1410,KING ST W,YORK ST,None,Major Arterial,Toronto and East York,At Intersection,No Control,Clear,Daylight,Dry,Non-Fatal Injury,Cyclist Collisions,Driver,50 to 54,None,None,West,"Automobile, Station Wagon",Turning Left,Other,Normal,None,None,None,None,None,None,None,Yes,Yes,None,None,None,None,Yes,None,None,None,None,None,170,Yonge-Bay Corridor,76,Bay Street Corridor (76),D52
3402,1045778,2008-05-26,1410,KING ST W,YORK ST,None,Major Arterial,Toronto and East York,At Intersection,No Control,Clear,Daylight,Dry,Non-Fatal Injury,Cyclist Collisions,Cyclist,20 to 24,Major,None,None,Bicycle,Unknown,None,None,None,None,None,Cyclist struck opened vehicle door,Driving Properly,Normal,None,Yes,Yes,None,None,None,None,Yes,None,None,None,None,None,170,Yonge-Bay Corridor,76,Bay Street Corridor (76),D52
3403,1040088,2008-05-26,1440,230 QUEEN ST E,None,None,Major Arterial,Toronto and East York,At Intersection,No Control,Clear,Daylight,Dry,Non-Fatal Injury,Approaching,Driver,60 to 64,Major,None,East,"Automobile, Station Wagon",Going Ahead,Lost control,Medical or Physical Disability,None,None,None,None,None,None,None,None,Yes,None,None,Yes,None,None,None,None,None,None,Yes,73,Moss Park,73,Moss Park (73),D51
3404,1040088,2008-05-26,1440,230 QUEEN ST E,None,None,Major Arterial,Toronto and East York,At Intersection,No Control,Clear,Daylight,Dry,Non-Fatal Injury,Approaching,Vehicle Owner,unknown,None,None,None,"Automobile, Station Wagon",None,None,None,None,None,None,None,None,None,None,None,Yes,None,None,Yes,None,None,None,None,None,None,Yes,73,Moss Park,73,Moss Park (73),D51
3405,1040088,2008-05-26,1440,230 QUEEN ST E,None,None,Major Arterial,Toronto and East York,At Intersection,No Control,Clear,Daylight,Dry,Non-Fatal Injury,Approaching,Driver,50 to 54,None,None,West,Municipal Transit Bus (TTC),Slowing or Stopping,Driving Properly,Normal,None,None,None,None,None,None,None,None,Yes,None,None,Yes,None,None,None,None,None,None,Yes,73,Moss Park,73,Moss Park (73),D51
3406,1040428,2008-05-28,810,PARLIAMENT St,LAKE SHORE Blvd E,None,Minor Arterial,Toronto and East York,At Intersection,No Control,Clear,Daylight,Dry,Non-Fatal Injury,Cyclist Collisions,Driver,40 to 44,None,None,North,"Automobile, Station Wagon",Going Ahead,Driving Properly,Normal,None,None,None,None,None,None,None,Yes,Yes,None,None,None,None,None,None,None,None,None,None,166,St Lawrence-East Bayfront-The Islands,77,Waterfront Communities-The Island (77),D51
3407,1040428,2008-05-28,810,PARLIAMENT St,LAKE SHORE Blvd E,None,Minor Arterial,Toronto and East York,At Intersection,No Control,Clear,Daylight,Dry,Non-Fatal Injury,Cyclist Collisions,Cyclist,20 to 24,Major,None,North,Bicycle,Changing Lanes,None,None,None,None,None,Cyclist and Driver travelling in same direction. One vehicle sideswipes the other.,Improper Lane Change,Inattentive,None,Yes,Yes,None,None,None,None,None,None,None,None,None,None,166,St Lawrence-East Bayfront-The Islands,77,Waterfront Communities-The Island (77),D51
3408,1042639,2008-05-28,1648,MILLWOOD RD,VILLAGE STATION RD,None,Major Arterial,North York,At Intersection,Traffic Signal,Clear,Daylight,Dry,Non-Fatal Injury,Turning Movement,Motorcycle Driver,45 to 49,Major,None,East,Motorcycle,Going Ahead,Exceeding Speed Limit,Normal,None,None,None,None,None,None,None,None,Yes,Yes,None,None,None,None,Yes,Yes,None,None,None,56,Leaside-Bennington,56,Leaside-Bennington (56),D53
3409,1042639,2008-05-28,1648,MILLWOOD RD,VILLAGE STATION RD,None,Major Arterial,North York,At Intersection,Traffic Signal,Clear,Daylight,Dry,Non-Fatal Injury,Turning Movement,Driver,50 to 54,None,None,West,"Automobile, Station Wagon",Turning Left,Driving Properly,Normal,None,None,None,None,None,None,None,None,Yes,Yes,None,None,None,None,Yes,Yes,None,None,None,56,Leaside-Bennington,56,Leaside-Bennington (56),D53
3410,1047170,2008-05-28,2310,LAWRENCE AVE W,LAWRENCE W ALLEN X S RAMP,None,Major Arterial,North York,At Intersection,Traffic Signal,Clear,Dark,Dry,Non-Fatal Injury,Turning Movement,Vehicle Owner,unknown,None,None,None,Other,None,None,None,None,None,None,None,None,None,None,None,Yes,None,None,None,None,None,None,Yes,None,None,None,31,Yorkdale-Glen Park,31,Yorkdale-Glen Park (31),D32
3411,1047170,2008-05-28,2310,LAWRENCE AVE W,LAWRENCE W ALLEN X S RAMP,None,Major Arterial,North York,At Intersection,Traffic Signal,Clear,Dark,Dry,Non-Fatal Injury,Turning Movement,Driver,65 to 69,None,None,West,"Automobile, Station Wagon",Turning Left,Failed to Yield Right of Way,Inattentive,None,None,None,None,None,None,None,None,Yes,None,None,None,None,None,None,Yes,None,None,None,31,Yorkdale-Glen Park,31,Yorkdale-Glen Park (31),D32
3412,1047170,2008-05-28,2310,LAWRENCE AVE W,LAWRENCE W ALLEN X S RAMP,None,Major Arterial,North York,At Intersection,Traffic Signal,Clear,Dark,Dry,Non-Fatal Injury,Turning Movement,Driver,35 to 39,Major,None,East,"Automobile, Station Wagon",Going Ahead,Driving Properly,Normal,None,None,None,None,None,None,None,None,Yes,None,None,None,None,None,None,Yes,None,None,None,31,Yorkdale-Glen Park,31,Yorkdale-Glen Park (31),D32
3413,1040891,2008-05-30,746,BAY ST,YORKVILLE AVE,None,Major Arterial,Toronto and East York,None,Traffic Signal,Clear,Daylight,Dry,Fatal,Pedestrian Collisions,Vehicle Owner,unknown,None,None,None,Other,None,None,None,None,None,None,None,None,None,Yes,None,Yes,None,None,None,None,None,None,None,None,None,None,95,Annex,95,Annex (95),D53
3414,1040891,2008-05-30,746,BAY ST,YORKVILLE AVE,None,Major Arterial,Toronto and East York,None,Traffic Signal,Clear,Daylight,Dry,Fatal,Pedestrian Collisions,Driver,40 to 44,None,None,West,"Automobile, Station Wagon",Turning Left,Driving Properly,Normal,None,None,None,None,None,None,Yes,None,Yes,None,None,None,None,None,None,None,None,None,None,95,Annex,95,Annex (95),D53
3415,1040891,2008-05-30,746,BAY ST,YORKVILLE AVE,None,Major Arterial,Toronto and East York,None,Traffic Signal,Clear,Daylight,Dry,Fatal,Pedestrian Collisions,Pedestrian,70 to 74,Fatal,22,East,Other,None,None,None,Pedestrian involved in a collision with transit vehicle anywhere along roadway,Crossing without right of way,Unknown,None,None,None,Yes,None,Yes,None,None,None,None,None,None,None,None,None,None,95,Annex,95,Annex (95),D53
3416,1040898,2008-05-30,1138,331 TRUDELLE St,None,None,Collector,Scarborough,None,No Control,Rain,Daylight,Wet,Non-Fatal Injury,Pedestrian Collisions,Driver,50 to 54,Major,None,North,"Automobile, Station Wagon",Going Ahead,Lost control,Medical or Physical Disability,None,None,None,None,None,None,Yes,None,Yes,None,None,None,None,None,Yes,Yes,None,None,Yes,138,Eglinton East,138,Eglinton East (138),D43
3417,1040898,2008-05-30,1138,331 TRUDELLE St,None,None,Collector,Scarborough,None,No Control,Rain,Daylight,Wet,Non-Fatal Injury,Pedestrian Collisions,Other,unknown,Major,None,None,Other,Parked,None,None,None,None,None,None,None,None,Yes,None,Yes,None,None,None,None,None,Yes,Yes,None,None,Yes,138,Eglinton East,138,Eglinton East (138),D43
3418,1040898,2008-05-30,1138,331 TRUDELLE St,None,None,Collector,Scarborough,None,No Control,Rain,Daylight,Wet,Non-Fatal Injury,Pedestrian Collisions,Pedestrian,10 to 14,Major,None,Unknown,Other,Other,None,None,Pedestrian hit on sidewalk or shoulder,On Sidewalk or Shoulder,Normal,None,None,None,Yes,None,Yes,None,None,None,None,None,Yes,Yes,None,None,Yes,138,Eglinton East,138,Eglinton East (138),D43
3419,1044158,2008-06-01,1031,EGLINTON AVE E,BELLAMY RD N,None,Major Arterial,Scarborough,At Intersection,Traffic Signal,Clear,Daylight,Dry,Non-Fatal Injury,Pedestrian Collisions,Passenger,20 to 24,Minimal,None,None,Other,None,None,None,None,None,None,None,None,None,Yes,None,Yes,None,None,None,None,Yes,Yes,Yes,Yes,None,None,138,Eglinton East,138,Eglinton East (138),D43
3420,1044158,2008-06-01,1031,EGLINTON AVE E,BELLAMY RD N,None,Major Arterial,Scarborough,At Intersection,Traffic Signal,Clear,Daylight,Dry,Non-Fatal Injury,Pedestrian Collisions,Passenger,20 to 24,Minimal,None,None,Other,None,None,None,None,None,None,None,None,None,Yes,None,Yes,None,None,None,None,Yes,Yes,Yes,Yes,None,None,138,Eglinton East,138,Eglinton East (138),D43
3421,1044158,2008-06-01,1031,EGLINTON AVE E,BELLAMY RD N,None,Major Arterial,Scarborough,At Intersection,Traffic Signal,Clear,Daylight,Dry,Non-Fatal Injury,Pedestrian Collisions,Driver,25 to 29,Minimal,None,South,"Automobile, Station Wagon",Going Ahead,Driving Properly,Normal,None,None,None,None,None,None,Yes,None,Yes,None,None,None,None,Yes,Yes,Yes,Yes,None,None,138,Eglinton East,138,Eglinton East (138),D43
3422,1044158,2008-06-01,1031,EGLINTON AVE E,BELLAMY RD N,None,Major Arterial,Scarborough,At Intersection,Traffic Signal,Clear,Daylight,Dry,Non-Fatal Injury,Pedestrian Collisions,Driver,60 to 64,Minimal,None,West,"Automobile, Station Wagon",Going Ahead,Disobeyed Traffic Control,Unknown,None,None,None,None,None,None,Yes,None,Yes,None,None,None,None,Yes,Yes,Yes,Yes,None,None,138,Eglinton East,138,Eglinton East (138),D43
3423,1044158,2008-06-01,1031,EGLINTON AVE E,BELLAMY RD N,None,Major Arterial,Scarborough,At Intersection,Traffic Signal,Clear,Daylight,Dry,Non-Fatal Injury,Pedestrian Collisions,Pedestrian,35 to 39,Minor,None,South,Other,None,None,None,Vehicle is going straight thru inter.while ped cross with ROW,Crossing with right of way,Normal,None,None,None,Yes,None,Yes,None,None,None,None,Yes,Yes,Yes,Yes,None,None,138,Eglinton East,138,Eglinton East (138),D43
3424,1044158,2008-06-01,1031,EGLINTON AVE E,BELLAMY RD N,None,Major Arterial,Scarborough,At Intersection,Traffic Signal,Clear,Daylight,Dry,Non-Fatal Injury,Pedestrian Collisions,Pedestrian,25 to 29,Major,None,South,Other,None,None,None,Vehicle is going straight thru inter.while ped cross with ROW,Crossing with right of way,Normal,None,None,None,Yes,None,Yes,None,None,None,None,Yes,Yes,Yes,Yes,None,None,138,Eglinton East,138,Eglinton East (138),D43
3425,1044477,2008-06-01,1150,DANFORTH AVE,LINNSMORE CRES,None,Major Arterial,Toronto and East York,None,Traffic Signal,Clear,Daylight,Dry,Non-Fatal Injury,Pedestrian Collisions,Driver,40 to 44,None,None,South,Other,Turning Left,Failed to Yield Right of Way,Inattentive,None,None,None,None,None,None,Yes,None,None,None,None,None,None,None,None,Yes,None,None,None,65,Greenwood-Coxwell,65,Greenwood-Coxwell (65),D55
3426,1044477,2008-06-01,1150,DANFORTH AVE,LINNSMORE CRES,None,Major Arterial,Toronto and East York,None,Traffic Signal,Clear,Daylight,Dry,Non-Fatal Injury,Pedestrian Collisions,Pedestrian,50 to 54,Major,None,North,Other,None,None,None,Vehicle turns left while ped crosses with ROW at inter.,Crossing with right of way,Normal,None,None,None,Yes,None,None,None,None,None,None,None,None,Yes,None,None,None,65,Greenwood-Coxwell,65,Greenwood-Coxwell (65),D55
3427,1041105,2008-06-01,1838,LAWRENCE Ave W,ROXALINE St,None,Minor Arterial,Etobicoke York,At Intersection,Stop Sign,Clear,Daylight,Dry,Non-Fatal Injury,Angle,Driver,50 to 54,None,None,West,"Automobile, Station Wagon",Going Ahead,Driving Properly,Normal,None,None,None,None,None,None,None,None,Yes,None,None,None,None,None,None,Yes,None,None,None,8,Humber Heights-Westmount,8,Humber Heights-Westmount (8),D23
3428,1041105,2008-06-01,1838,LAWRENCE Ave W,ROXALINE St,None,Minor Arterial,Etobicoke York,At Intersection,Stop Sign,Clear,Daylight,Dry,Non-Fatal Injury,Angle,Driver,15 to 19,Major,None,South,"Automobile, Station Wagon",Going Ahead,Disobeyed Traffic Control,Inattentive,None,None,None,None,None,None,None,None,Yes,None,None,None,None,None,None,Yes,None,None,None,8,Humber Heights-Westmount,8,Humber Heights-Westmount (8),D23
3429,1044584,2008-06-02,1146,72 CORDELLA AVE,None,None,Local,Etobicoke York,None,No Control,Clear,Daylight,Dry,Non-Fatal Injury,SMV Other,Vehicle Owner,unknown,None,None,None,Other,None,None,None,None,None,None,None,None,None,None,None,Yes,None,None,None,None,None,None,None,None,None,None,111,Rockcliffe-Smythe,111,Rockcliffe-Smythe (111),D12
3430,1044584,2008-06-02,1146,72 CORDELLA AVE,None,None,Local,Etobicoke York,None,No Control,Clear,Daylight,Dry,Non-Fatal Injury,SMV Other,Driver,25 to 29,Major,None,West,"Automobile, Station Wagon",Going Ahead,Lost control,Inattentive,None,None,None,None,None,None,None,None,Yes,None,None,None,None,None,None,None,None,None,None,111,Rockcliffe-Smythe,111,Rockcliffe-Smythe (111),D12
3431,1044659,2008-06-02,1455,FINCH AVE E,BAYVIEW AVE,None,Major Arterial,North York,At Intersection,Traffic Signal,Clear,Daylight,Dry,Non-Fatal Injury,Sideswipe,Driver,70 to 74,None,None,East,"Automobile, Station Wagon",Stopped,Driving Properly,Normal,None,None,None,None,None,None,None,None,Yes,None,None,None,None,Yes,None,None,None,None,None,49,Bayview Woods-Steeles,49,Bayview Woods-Steeles (49),D33
3432,1044659,2008-06-02,1455,FINCH AVE E,BAYVIEW AVE,None,Major Arterial,North York,At Intersection,Traffic Signal,Clear,Daylight,Dry,Non-Fatal Injury,Sideswipe,Vehicle Owner,unknown,None,None,None,Other,None,None,None,None,None,None,None,None,None,None,None,Yes,None,None,None,None,Yes,None,None,None,None,None,49,Bayview Woods-Steeles,49,Bayview Woods-Steeles (49),D33
3433,1044659,2008-06-02,1455,FINCH AVE E,BAYVIEW AVE,None,Major Arterial,North York,At Intersection,Traffic Signal,Clear,Daylight,Dry,Non-Fatal Injury,Sideswipe,Driver,60 to 64,Major,None,East,"Automobile, Station Wagon",Pulling Onto Shoulder or towardCurb,Lost control,Unknown,None,None,None,None,None,None,None,None,Yes,None,None,None,None,Yes,None,None,None,None,None,49,Bayview Woods-Steeles,49,Bayview Woods-Steeles (49),D33