_id,ACCNUM,DATE,TIME,STREET1,STREET2,OFFSET,ROAD_CLASS,DISTRICT,ACCLOC,TRAFFCTL,VISIBILITY,LIGHT,RDSFCOND,ACCLASS,IMPACTYPE,INVTYPE,INVAGE,INJURY,FATAL_NO,INITDIR,VEHTYPE,MANOEUVER,DRIVACT,DRIVCOND,PEDTYPE,PEDACT,PEDCOND,CYCLISTYPE,CYCACT,CYCCOND,PEDESTRIAN,CYCLIST,AUTOMOBILE,MOTORCYCLE,TRUCK,TRSN_CITY_VEH,EMERG_VEH,PASSENGER,SPEEDING,AG_DRIV,REDLIGHT,ALCOHOL,DISABILITY,HOOD_158,NEIGHBOURHOOD_158,HOOD_140,NEIGHBOURHOOD_140,DIVISION
4285,1092795,2009-02-02,1345,3372 KEELE ST,None,None,Major Arterial,North York,None,No Control,Clear,Daylight,Dry,Non-Fatal Injury,Turning Movement,Driver,30 to 34,None,None,North,"Automobile, Station Wagon",Turning Left,Improper Turn,Normal,None,None,None,None,None,None,None,None,Yes,None,None,None,None,Yes,None,None,None,None,None,27,York University Heights,27,York University Heights (27),D31
4286,1085958,2009-02-02,1430,KINGSTON Road,SHARPE Stre,None,Major Arterial,Scarborough,At Intersection,Traffic Signal,Clear,Daylight,Dry,Non-Fatal Injury,Pedestrian Collisions,Driver,50 to 54,None,None,South,"Automobile, Station Wagon",Turning Left,Failed to Yield Right of Way,Inattentive,None,None,None,None,None,None,Yes,None,Yes,None,None,None,None,None,None,Yes,None,None,None,122,Birchcliffe-Cliffside,122,Birchcliffe-Cliffside (122),D41
4287,1085958,2009-02-02,1430,KINGSTON Road,SHARPE Stre,None,Major Arterial,Scarborough,At Intersection,Traffic Signal,Clear,Daylight,Dry,Non-Fatal Injury,Pedestrian Collisions,Pedestrian,80 to 84,Major,None,North,Other,None,None,None,Vehicle turns left while ped crosses with ROW at inter.,Crossing with right of way,Normal,None,None,None,Yes,None,Yes,None,None,None,None,None,None,Yes,None,None,None,122,Birchcliffe-Cliffside,122,Birchcliffe-Cliffside (122),D41
4288,1085959,2009-02-02,1610,FINCH AVE W,WESTON RD,None,Major Arterial,Etobicoke York,At Intersection,Traffic Signal,Clear,Daylight,Dry,Fatal,Pedestrian Collisions,Vehicle Owner,unknown,None,None,None,Other,None,None,None,None,None,None,None,None,None,Yes,None,None,None,Yes,None,None,None,None,Yes,None,None,None,22,Humbermede,22,Humbermede (22),D31
4289,1085959,2009-02-02,1610,FINCH AVE W,WESTON RD,None,Major Arterial,Etobicoke York,At Intersection,Traffic Signal,Clear,Daylight,Dry,Fatal,Pedestrian Collisions,Truck Driver,55 to 59,None,None,South,Truck - Open,Turning Left,Failed to Yield Right of Way,Normal,None,None,None,None,None,None,Yes,None,None,None,Yes,None,None,None,None,Yes,None,None,None,22,Humbermede,22,Humbermede (22),D31
4290,1085959,2009-02-02,1610,FINCH AVE W,WESTON RD,None,Major Arterial,Etobicoke York,At Intersection,Traffic Signal,Clear,Daylight,Dry,Fatal,Pedestrian Collisions,Pedestrian,90 to 94,Fatal,3,North,Other,None,None,None,Vehicle turns left while ped crosses with ROW at inter.,Crossing with right of way,Medical or Physical Disability,None,None,None,Yes,None,None,None,Yes,None,None,None,None,Yes,None,None,None,22,Humbermede,22,Humbermede (22),D31
4291,1092879,2009-02-05,905,YORK MILLS RD,HARRISON RD,None,Major Arterial,North York,At Intersection,Traffic Signal,Clear,Daylight,Dry,Non-Fatal Injury,Pedestrian Collisions,Vehicle Owner,unknown,None,None,None,Other,None,None,None,None,None,None,None,None,None,Yes,None,Yes,None,None,None,None,None,None,None,None,None,None,40,St.Andrew-Windfields,40,St.Andrew-Windfields (40),D33
4292,1092879,2009-02-05,905,YORK MILLS RD,HARRISON RD,None,Major Arterial,North York,At Intersection,Traffic Signal,Clear,Daylight,Dry,Non-Fatal Injury,Pedestrian Collisions,Driver,35 to 39,None,None,South,"Automobile, Station Wagon",Turning Left,Improper Turn,Normal,None,None,None,None,None,None,Yes,None,Yes,None,None,None,None,None,None,None,None,None,None,40,St.Andrew-Windfields,40,St.Andrew-Windfields (40),D33
4293,1092879,2009-02-05,905,YORK MILLS RD,HARRISON RD,None,Major Arterial,North York,At Intersection,Traffic Signal,Clear,Daylight,Dry,Non-Fatal Injury,Pedestrian Collisions,Pedestrian,20 to 24,Major,None,North,Other,None,None,None,Vehicle turns left while ped crosses with ROW at inter.,Crossing with right of way,Normal,None,None,None,Yes,None,Yes,None,None,None,None,None,None,None,None,None,None,40,St.Andrew-Windfields,40,St.Andrew-Windfields (40),D33
4294,1093260,2009-02-08,1856,DUNDAS ST W,BERESFORD AVE,None,Major Arterial,Toronto and East York,None,No Control,Clear,Dark,Dry,Non-Fatal Injury,Cyclist Collisions,Driver,50 to 54,None,None,West,"Automobile, Station Wagon",Going Ahead,Driving Properly,Normal,None,None,None,None,None,None,None,Yes,Yes,None,None,None,None,None,None,None,None,None,None,89,Runnymede-Bloor West Village,89,Runnymede-Bloor West Village (89),D11
4295,1093260,2009-02-08,1856,DUNDAS ST W,BERESFORD AVE,None,Major Arterial,Toronto and East York,None,No Control,Clear,Dark,Dry,Non-Fatal Injury,Cyclist Collisions,Cyclist,45 to 49,Major,None,East,Bicycle,Changing Lanes,None,None,None,None,None,Insufficient information (to determine cyclist crash type).,Failed to Yield Right of Way,Had Been Drinking,None,Yes,Yes,None,None,None,None,None,None,None,None,None,None,89,Runnymede-Bloor West Village,89,Runnymede-Bloor West Village (89),D11
4296,1087565,2009-02-09,2,PAPE Aven,LIPTON Aven,None,Major Arterial,Toronto and East York,None,No Control,Clear,Dark,Dry,Non-Fatal Injury,Pedestrian Collisions,Driver,35 to 39,None,None,North,"Automobile, Station Wagon",Going Ahead,Driving Properly,Normal,None,None,None,None,None,None,Yes,None,Yes,None,None,None,None,None,None,None,None,None,None,67,Playter Estates-Danforth,67,Playter Estates-Danforth (67),D55
4297,1087565,2009-02-09,2,PAPE Aven,LIPTON Aven,None,Major Arterial,Toronto and East York,None,No Control,Clear,Dark,Dry,Non-Fatal Injury,Pedestrian Collisions,Pedestrian,70 to 74,Major,None,West,Other,None,None,None,Pedestrian hit at mid-block,"Crossing, no Traffic Control",Unknown,None,None,None,Yes,None,Yes,None,None,None,None,None,None,None,None,None,None,67,Playter Estates-Danforth,67,Playter Estates-Danforth (67),D55
4298,1093891,2009-02-12,1,MIDDLEFIELD Road,PASSMORE Aven,None,Minor Arterial,Scarborough,None,No Control,Rain,Dark,Wet,Non-Fatal Injury,SMV Other,Driver,unknown,Major,None,South,Other,Going Ahead,Lost control,Normal,None,None,None,None,None,None,None,None,None,None,None,None,None,None,None,None,None,None,None,130,Milliken,130,Milliken (130),D42
4299,1093891,2009-02-12,1,MIDDLEFIELD Road,PASSMORE Aven,None,Minor Arterial,Scarborough,None,No Control,Rain,Dark,Wet,Non-Fatal Injury,SMV Other,Other Property Owner,unknown,None,None,None,Other,None,None,None,None,None,None,None,None,None,None,None,None,None,None,None,None,None,None,None,None,None,None,130,Milliken,130,Milliken (130),D42
4300,1093852,2009-02-12,1444,DUFFERIN ST,BANK ST,None,Minor Arterial,Toronto and East York,None,No Control,Clear,Daylight,Dry,Non-Fatal Injury,Approaching,Driver,35 to 39,Major,None,North,"Automobile, Station Wagon",Going Ahead,Lost control,Inattentive,None,None,None,None,None,None,None,None,Yes,None,None,Yes,None,None,None,None,None,None,None,84,Little Portugal,84,Little Portugal (84),D14
4301,1093852,2009-02-12,1444,DUFFERIN ST,BANK ST,None,Minor Arterial,Toronto and East York,None,No Control,Clear,Daylight,Dry,Non-Fatal Injury,Approaching,Vehicle Owner,unknown,None,None,None,Other,None,None,None,None,None,None,None,None,None,None,None,Yes,None,None,Yes,None,None,None,None,None,None,None,84,Little Portugal,84,Little Portugal (84),D14
4302,1093852,2009-02-12,1444,DUFFERIN ST,BANK ST,None,Minor Arterial,Toronto and East York,None,No Control,Clear,Daylight,Dry,Non-Fatal Injury,Approaching,Driver,45 to 49,None,None,South,Municipal Transit Bus (TTC),Going Ahead,Driving Properly,Normal,None,None,None,None,None,None,None,None,Yes,None,None,Yes,None,None,None,None,None,None,None,84,Little Portugal,84,Little Portugal (84),D14
4303,1088989,2009-02-13,125,423 BRIMORTON DR,None,None,Collector,Scarborough,None,No Control,Clear,Dark,Dry,Fatal,SMV Other,Passenger,20 to 24,Fatal,4,None,Other,None,None,None,None,None,None,None,None,None,None,None,Yes,None,None,None,None,Yes,None,None,None,Yes,None,142,Woburn North,137,Woburn (137),D43
4304,1088989,2009-02-13,125,423 BRIMORTON DR,None,None,Collector,Scarborough,None,No Control,Clear,Dark,Dry,Fatal,SMV Other,Driver,20 to 24,Minor,None,West,"Automobile, Station Wagon",Going Ahead,Lost control,"Ability Impaired, Alcohol",None,None,None,None,None,None,None,None,Yes,None,None,None,None,Yes,None,None,None,Yes,None,142,Woburn North,137,Woburn (137),D43
4305,1094001,2009-02-13,1725,YONGE ST,HARLANDALE AVE W,None,Major Arterial,North York,None,No Control,Clear,Daylight,Dry,Non-Fatal Injury,Pedestrian Collisions,Driver,30 to 34,None,None,North,"Automobile, Station Wagon",Going Ahead,Driving Properly,Normal,None,None,None,None,None,None,Yes,None,Yes,None,None,None,None,None,None,None,None,None,None,38,Lansing-Westgate,38,Lansing-Westgate (38),D32
4306,1094001,2009-02-13,1725,YONGE ST,HARLANDALE AVE W,None,Major Arterial,North York,None,No Control,Clear,Daylight,Dry,Non-Fatal Injury,Pedestrian Collisions,Pedestrian,25 to 29,Major,None,East,Other,None,None,None,Vehicle is going straight thru inter.while ped cross without ROW,Running onto Roadway,Normal,None,None,None,Yes,None,Yes,None,None,None,None,None,None,None,None,None,None,38,Lansing-Westgate,38,Lansing-Westgate (38),D32
4307,1089504,2009-02-16,1621,HOVE St,SHEPPARD Ave W,None,Local,North York,None,No Control,Clear,Daylight,Dry,Non-Fatal Injury,Pedestrian Collisions,Driver,55 to 59,None,None,East,"Automobile, Station Wagon",Reversing,Other,Normal,None,None,None,None,None,None,Yes,None,Yes,None,None,None,None,None,None,None,None,None,None,34,Bathurst Manor,34,Bathurst Manor (34),D32
4308,1089504,2009-02-16,1621,HOVE St,SHEPPARD Ave W,None,Local,North York,None,No Control,Clear,Daylight,Dry,Non-Fatal Injury,Pedestrian Collisions,Pedestrian,85 to 89,Major,None,North,Other,None,None,None,Pedestrian hit at private driveway,Other,Normal,None,None,None,Yes,None,Yes,None,None,None,None,None,None,None,None,None,None,34,Bathurst Manor,34,Bathurst Manor (34),D32
4309,1089526,2009-02-17,613,MCNICOLL Aven,MIDLAND Aven,None,Major Arterial,Scarborough,At Intersection,Traffic Controller,Clear,Dark,Dry,Non-Fatal Injury,Pedestrian Collisions,Pedestrian,50 to 54,Major,None,None,Other,Other,None,None,None,None,None,None,None,None,Yes,None,Yes,None,None,None,None,None,None,None,None,None,None,130,Milliken,130,Milliken (130),D42
4310,1089526,2009-02-17,613,MCNICOLL Aven,MIDLAND Aven,None,Major Arterial,Scarborough,At Intersection,Traffic Controller,Clear,Dark,Dry,Non-Fatal Injury,Pedestrian Collisions,Driver,unknown,None,None,None,"Automobile, Station Wagon",Going Ahead,None,None,None,None,None,None,None,None,Yes,None,Yes,None,None,None,None,None,None,None,None,None,None,130,Milliken,130,Milliken (130),D42
4311,1089527,2009-02-17,613,MCNICOLL AVE,MIDLAND AVE,None,Major Arterial,Scarborough,At Intersection,Traffic Signal,Clear,Dark,Dry,Non-Fatal Injury,Pedestrian Collisions,Driver,55 to 59,None,None,West,"Automobile, Station Wagon",Turning Left,Failed to Yield Right of Way,Unknown,None,None,None,None,None,None,Yes,None,Yes,None,None,None,None,None,None,Yes,None,None,None,130,Milliken,130,Milliken (130),D42
4312,1089527,2009-02-17,613,MCNICOLL AVE,MIDLAND AVE,None,Major Arterial,Scarborough,At Intersection,Traffic Signal,Clear,Dark,Dry,Non-Fatal Injury,Pedestrian Collisions,Pedestrian,60 to 64,Major,None,Unknown,Other,None,None,None,Vehicle turns left while ped crosses with ROW at inter.,Crossing with right of way,Unknown,None,None,None,Yes,None,Yes,None,None,None,None,None,None,Yes,None,None,None,130,Milliken,130,Milliken (130),D42
4313,1090380,2009-02-17,955,DON MILLS RD,OVERLEA BLVD,None,Major Arterial,North York,None,No Control,Clear,Daylight,Dry,Non-Fatal Injury,Other,Driver,50 to 54,None,None,South,"Automobile, Station Wagon",Slowing or Stopping,Driving Properly,Normal,None,None,None,None,None,None,None,None,Yes,None,None,None,None,Yes,None,None,None,None,None,44,Flemingdon Park,44,Flemingdon Park (44),D55
4314,1090380,2009-02-17,955,DON MILLS RD,OVERLEA BLVD,None,Major Arterial,North York,None,No Control,Clear,Daylight,Dry,Non-Fatal Injury,Other,Passenger,75 to 79,Major,None,None,Other,None,None,None,None,None,None,None,None,None,None,None,Yes,None,None,None,None,Yes,None,None,None,None,None,44,Flemingdon Park,44,Flemingdon Park (44),D55
4315,1095081,2009-02-17,1438,VICTORIA PARK AVE,MUSGRAVE ST,None,Major Arterial,Toronto and East York,None,Traffic Signal,Clear,Daylight,Dry,Non-Fatal Injury,Pedestrian Collisions,Driver,60 to 64,None,None,South,"Automobile, Station Wagon",Going Ahead,Driving Properly,Normal,None,None,None,None,None,None,Yes,None,Yes,None,None,None,None,None,None,None,None,None,None,122,Birchcliffe-Cliffside,122,Birchcliffe-Cliffside (122),D41
4316,1095081,2009-02-17,1438,VICTORIA PARK AVE,MUSGRAVE ST,None,Major Arterial,Toronto and East York,None,Traffic Signal,Clear,Daylight,Dry,Non-Fatal Injury,Pedestrian Collisions,Pedestrian,40 to 44,Major,None,None,Other,Other,None,None,Vehicle is going straight thru inter.while ped cross without ROW,Crossing without right of way,Fatigue,None,None,None,Yes,None,Yes,None,None,None,None,None,None,None,None,None,None,122,Birchcliffe-Cliffside,122,Birchcliffe-Cliffside (122),D41
4317,1093334,2009-02-19,1945,WESTON RD,CLOUSTON AVE,None,Minor Arterial,Etobicoke York,None,Pedestrian Crossover,Clear,Dark,Dry,Non-Fatal Injury,Pedestrian Collisions,Driver,unknown,None,None,South,"Automobile, Station Wagon",Going Ahead,Failed to Yield Right of Way,Unknown,None,None,None,None,None,None,Yes,None,Yes,None,None,None,None,None,None,Yes,None,None,None,113,Weston,113,Weston (113),D12
4318,1093334,2009-02-19,1945,WESTON RD,CLOUSTON AVE,None,Minor Arterial,Etobicoke York,None,Pedestrian Crossover,Clear,Dark,Dry,Non-Fatal Injury,Pedestrian Collisions,Wheelchair,40 to 44,Major,None,East,Other,None,None,None,Pedestrian hit a PXO/ped. Mid-block signal,"Crossing, Pedestrian Crossover",Normal,None,None,None,Yes,None,Yes,None,None,None,None,None,None,Yes,None,None,None,113,Weston,113,Weston (113),D12
4319,1095072,2009-02-21,255,STADACONA DR,WILSON AVE,None,Major Arterial,North York,None,Stop Sign,Clear,Dark,Wet,Non-Fatal Injury,Pedestrian Collisions,Driver,35 to 39,None,None,North,"Automobile, Station Wagon",Going Ahead,Failed to Yield Right of Way,"Ability Impaired, Alcohol Over .08",None,None,None,None,None,None,Yes,None,Yes,None,None,None,None,None,None,Yes,None,Yes,None,33,Clanton Park,33,Clanton Park (33),D32
4320,1095072,2009-02-21,255,STADACONA DR,WILSON AVE,None,Major Arterial,North York,None,Stop Sign,Clear,Dark,Wet,Non-Fatal Injury,Pedestrian Collisions,Pedestrian,30 to 34,Major,None,None,Other,Other,None,None,Vehicle is going straight thru inter.while ped cross without ROW,Crossing without right of way,Had Been Drinking,None,None,None,Yes,None,Yes,None,None,None,None,None,None,Yes,None,Yes,None,33,Clanton Park,33,Clanton Park (33),D32
4321,1090371,2009-02-21,1105,BROADWAY Aven,MOUNT PLEASANT Road,None,Major Arterial,North York,At Intersection,Traffic Signal,Clear,Daylight,Dry,Non-Fatal Injury,SMV Other,Driver,80 to 84,Major,None,West,"Automobile, Station Wagon",Going Ahead,Lost control,Medical or Physical Disability,None,None,None,None,None,None,None,None,Yes,None,None,None,None,None,None,None,None,None,Yes,99,Mount Pleasant East,99,Mount Pleasant East (99),D53
4322,1090381,2009-02-21,2001,YORK MILLS RD,DON MILLS RD,None,Major Arterial,North York,At Intersection,Traffic Signal,Snow,Dark,Loose Snow,Non-Fatal Injury,Approaching,Driver,85 to 89,Major,None,East,"Automobile, Station Wagon",Going Ahead,Lost control,Medical or Physical Disability,None,None,None,None,None,None,None,None,Yes,None,None,None,None,None,None,None,None,None,Yes,40,St.Andrew-Windfields,40,St.Andrew-Windfields (40),D33
4323,1090381,2009-02-21,2001,YORK MILLS RD,DON MILLS RD,None,Major Arterial,North York,At Intersection,Traffic Signal,Snow,Dark,Loose Snow,Non-Fatal Injury,Approaching,Driver,35 to 39,Minimal,None,West,"Automobile, Station Wagon",Slowing or Stopping,Driving Properly,Normal,None,None,None,None,None,None,None,None,Yes,None,None,None,None,None,None,None,None,None,Yes,40,St.Andrew-Windfields,40,St.Andrew-Windfields (40),D33
4324,1090810,2009-02-23,1635,F G GARDINER XY  E,YONGE ST,None,Major Arterial,Toronto and East York,None,No Control,Clear,Daylight,Dry,Non-Fatal Injury,Rear End,Vehicle Owner,unknown,None,None,None,Other,None,None,None,None,None,None,None,None,None,None,None,Yes,None,None,None,None,None,None,Yes,None,None,None,166,St Lawrence-East Bayfront-The Islands,77,Waterfront Communities-The Island (77),D51
4325,1090810,2009-02-23,1635,F G GARDINER XY  E,YONGE ST,None,Major Arterial,Toronto and East York,None,No Control,Clear,Daylight,Dry,Non-Fatal Injury,Rear End,Driver,25 to 29,Major,None,East,"Automobile, Station Wagon",Stopped,Driving Properly,Normal,None,None,None,None,None,None,None,None,Yes,None,None,None,None,None,None,Yes,None,None,None,166,St Lawrence-East Bayfront-The Islands,77,Waterfront Communities-The Island (77),D51
4326,1090810,2009-02-23,1635,F G GARDINER XY  E,YONGE ST,None,Major Arterial,Toronto and East York,None,No Control,Clear,Daylight,Dry,Non-Fatal Injury,Rear End,Driver,55 to 59,None,None,East,"Automobile, Station Wagon",Stopped,Driving Properly,Normal,None,None,None,None,None,None,None,None,Yes,None,None,None,None,None,None,Yes,None,None,None,166,St Lawrence-East Bayfront-The Islands,77,Waterfront Communities-The Island (77),D51
4327,1090810,2009-02-23,1635,F G GARDINER XY  E,YONGE ST,None,Major Arterial,Toronto and East York,None,No Control,Clear,Daylight,Dry,Non-Fatal Injury,Rear End,Driver,60 to 64,None,None,East,"Automobile, Station Wagon",Going Ahead,Following too Close,Had Been Drinking,None,None,None,None,None,None,None,None,Yes,None,None,None,None,None,None,Yes,None,None,None,166,St Lawrence-East Bayfront-The Islands,77,Waterfront Communities-The Island (77),D51
4328,1095383,2009-02-23,1925,KING ST W,BAY ST,None,Major Arterial,Toronto and East York,At Intersection,Traffic Signal,Clear,"Dark, artificial",Dry,Non-Fatal Injury,Pedestrian Collisions,Vehicle Owner,unknown,None,None,None,Other,None,None,None,None,None,None,None,None,None,Yes,None,None,None,None,Yes,None,None,None,None,None,None,None,170,Yonge-Bay Corridor,76,Bay Street Corridor (76),D52
4329,1095383,2009-02-23,1925,KING ST W,BAY ST,None,Major Arterial,Toronto and East York,At Intersection,Traffic Signal,Clear,"Dark, artificial",Dry,Non-Fatal Injury,Pedestrian Collisions,Driver,60 to 64,None,None,East,Municipal Transit Bus (TTC),Turning Right,Improper Turn,Inattentive,None,None,None,None,None,None,Yes,None,None,None,None,Yes,None,None,None,None,None,None,None,170,Yonge-Bay Corridor,76,Bay Street Corridor (76),D52
4330,1095383,2009-02-23,1925,KING ST W,BAY ST,None,Major Arterial,Toronto and East York,At Intersection,Traffic Signal,Clear,"Dark, artificial",Dry,Non-Fatal Injury,Pedestrian Collisions,Pedestrian,30 to 34,Major,None,Unknown,Other,None,None,None,Pedestrian involved in a collision with transit vehicle anywhere along roadway,On Sidewalk or Shoulder,Unknown,None,None,None,Yes,None,None,None,None,Yes,None,None,None,None,None,None,None,170,Yonge-Bay Corridor,76,Bay Street Corridor (76),D52
4331,1099302,2009-02-24,308,YONGE ST,WILLIAM CARSON CRES,None,Major Arterial,North York,None,No Control,Clear,Dark,Dry,Non-Fatal Injury,Pedestrian Collisions,Vehicle Owner,unknown,None,None,None,Other,None,None,None,None,None,None,None,None,None,Yes,None,None,None,None,Yes,None,None,None,None,None,None,None,40,St.Andrew-Windfields,40,St.Andrew-Windfields (40),D32
4332,1099302,2009-02-24,308,YONGE ST,WILLIAM CARSON CRES,None,Major Arterial,North York,None,No Control,Clear,Dark,Dry,Non-Fatal Injury,Pedestrian Collisions,Driver,unknown,None,None,South,Municipal Transit Bus (TTC),Pulling Away from Shoulder or Curb,Driving Properly,Unknown,None,None,None,None,None,None,Yes,None,None,None,None,Yes,None,None,None,None,None,None,None,40,St.Andrew-Windfields,40,St.Andrew-Windfields (40),D32
4333,1099302,2009-02-24,308,YONGE ST,WILLIAM CARSON CRES,None,Major Arterial,North York,None,No Control,Clear,Dark,Dry,Non-Fatal Injury,Pedestrian Collisions,Pedestrian,55 to 59,Major,None,None,Other,None,None,None,Pedestrian involved in a collision with transit vehicle anywhere along roadway,Person Getting on/off Vehicle,Had Been Drinking,None,None,None,Yes,None,None,None,None,Yes,None,None,None,None,None,None,None,40,St.Andrew-Windfields,40,St.Andrew-Windfields (40),D32
4334,1091289,2009-02-25,1930,HUMBER COLLEGE Boul,WINDWOOD Driv,None,Minor Arterial,Etobicoke York,None,Pedestrian Crossover,Rain,Dark,Wet,Non-Fatal Injury,Pedestrian Collisions,Driver,60 to 64,None,None,East,"Automobile, Station Wagon",Going Ahead,Driving Properly,Normal,None,None,None,None,None,None,Yes,None,Yes,None,None,None,None,None,None,None,None,None,None,1,West Humber-Clairville,1,West Humber-Clairville (1),D23
4335,1091289,2009-02-25,1930,HUMBER COLLEGE Boul,WINDWOOD Driv,None,Minor Arterial,Etobicoke York,None,Pedestrian Crossover,Rain,Dark,Wet,Non-Fatal Injury,Pedestrian Collisions,Pedestrian,20 to 24,Major,None,North,Other,None,None,None,Pedestrian hit a PXO/ped. Mid-block signal,"Crossing, Pedestrian Crossover",Normal,None,None,None,Yes,None,Yes,None,None,None,None,None,None,None,None,None,None,1,West Humber-Clairville,1,West Humber-Clairville (1),D23
4336,1095466,2009-02-26,730,KENNEDY RD,401 C W KENNEDY S RAMP RD,None,Major Arterial,Scarborough,At Intersection,Traffic Signal,Clear,Daylight,Dry,Non-Fatal Injury,Angle,Passenger,45 to 49,Major,None,None,Other,None,None,None,None,None,None,None,None,None,None,None,Yes,None,None,None,None,Yes,None,None,None,None,None,128,Agincourt South-Malvern West,128,Agincourt South-Malvern West (128),D42
4337,1095466,2009-02-26,730,KENNEDY RD,401 C W KENNEDY S RAMP RD,None,Major Arterial,Scarborough,At Intersection,Traffic Signal,Clear,Daylight,Dry,Non-Fatal Injury,Angle,Driver,45 to 49,Minor,None,North,"Automobile, Station Wagon",Going Ahead,Driving Properly,Normal,None,None,None,None,None,None,None,None,Yes,None,None,None,None,Yes,None,None,None,None,None,128,Agincourt South-Malvern West,128,Agincourt South-Malvern West (128),D42
4338,1095466,2009-02-26,730,KENNEDY RD,401 C W KENNEDY S RAMP RD,None,Major Arterial,Scarborough,At Intersection,Traffic Signal,Clear,Daylight,Dry,Non-Fatal Injury,Angle,Vehicle Owner,unknown,None,None,None,Other,None,None,None,None,None,None,None,None,None,None,None,Yes,None,None,None,None,Yes,None,None,None,None,None,128,Agincourt South-Malvern West,128,Agincourt South-Malvern West (128),D42
4339,1095466,2009-02-26,730,KENNEDY RD,401 C W KENNEDY S RAMP RD,None,Major Arterial,Scarborough,At Intersection,Traffic Signal,Clear,Daylight,Dry,Non-Fatal Injury,Angle,Driver,55 to 59,Minor,None,West,"Automobile, Station Wagon",Going Ahead,Lost control,Unknown,None,None,None,None,None,None,None,None,Yes,None,None,None,None,Yes,None,None,None,None,None,128,Agincourt South-Malvern West,128,Agincourt South-Malvern West (128),D42
4340,1095752,2009-02-26,2319,QUEEN ST E,LESLIE ST,None,Minor Arterial,Toronto and East York,None,Traffic Signal,Clear,Dark,Dry,Non-Fatal Injury,Pedestrian Collisions,Driver,35 to 39,None,None,West,"Automobile, Station Wagon",Turning Left,Failed to Yield Right of Way,Inattentive,None,None,None,None,None,None,Yes,None,Yes,None,None,None,None,None,None,Yes,None,None,None,65,Greenwood-Coxwell,70,South Riverdale (70),D55
4341,1095752,2009-02-26,2319,QUEEN ST E,LESLIE ST,None,Minor Arterial,Toronto and East York,None,Traffic Signal,Clear,Dark,Dry,Non-Fatal Injury,Pedestrian Collisions,Pedestrian,25 to 29,Major,None,None,Other,Other,None,None,Vehicle turns left while ped crosses with ROW at inter.,Crossing with right of way,Normal,None,None,None,Yes,None,Yes,None,None,None,None,None,None,Yes,None,None,None,65,Greenwood-Coxwell,70,South Riverdale (70),D55
4342,1096124,2009-03-02,1628,130 DORIS Ave,None,None,Minor Arterial,North York,None,Pedestrian Crossover,Clear,Daylight,Dry,Non-Fatal Injury,Pedestrian Collisions,Driver,45 to 49,None,None,South,"Automobile, Station Wagon",Going Ahead,Failed to Yield Right of Way,Inattentive,None,None,None,None,None,None,Yes,None,Yes,None,None,None,None,None,None,Yes,None,None,None,151,Yonge-Doris,51,Willowdale East (51),D32
4343,1096124,2009-03-02,1628,130 DORIS Ave,None,None,Minor Arterial,North York,None,Pedestrian Crossover,Clear,Daylight,Dry,Non-Fatal Injury,Pedestrian Collisions,Pedestrian,35 to 39,Major,None,East,Other,None,None,None,Pedestrian hit a PXO/ped. Mid-block signal,"Crossing, Pedestrian Crossover",Normal,None,None,None,Yes,None,Yes,None,None,None,None,None,None,Yes,None,None,None,151,Yonge-Doris,51,Willowdale East (51),D32
4344,1092352,2009-03-03,1042,RELMAR RD,LONSDALE RD,None,Local,Toronto and East York,At Intersection,Stop Sign,Clear,Daylight,Dry,Non-Fatal Injury,Pedestrian Collisions,Vehicle Owner,unknown,None,None,None,Other,None,None,None,None,None,None,None,None,None,Yes,None,Yes,None,None,None,None,None,None,Yes,None,None,None,101,Forest Hill South,101,Forest Hill South (101),D13
4345,1092352,2009-03-03,1042,RELMAR RD,LONSDALE RD,None,Local,Toronto and East York,At Intersection,Stop Sign,Clear,Daylight,Dry,Non-Fatal Injury,Pedestrian Collisions,Driver,45 to 49,None,None,South,"Automobile, Station Wagon",Turning Left,Disobeyed Traffic Control,Inattentive,None,None,None,None,None,None,Yes,None,Yes,None,None,None,None,None,None,Yes,None,None,None,101,Forest Hill South,101,Forest Hill South (101),D13
4346,1092352,2009-03-03,1042,RELMAR RD,LONSDALE RD,None,Local,Toronto and East York,At Intersection,Stop Sign,Clear,Daylight,Dry,Non-Fatal Injury,Pedestrian Collisions,Pedestrian,85 to 89,Major,None,None,Other,Other,None,None,Vehicle turns left while ped crosses with ROW at inter.,Crossing with right of way,Normal,None,None,None,Yes,None,Yes,None,None,None,None,None,None,Yes,None,None,None,101,Forest Hill South,101,Forest Hill South (101),D13
4347,1097606,2009-03-03,1850,SHEPPARD AVE E,GLEN WATFORD DR,None,Major Arterial,Scarborough,None,No Control,Clear,Dawn,Dry,Non-Fatal Injury,Rear End,Vehicle Owner,unknown,None,None,None,Other,None,None,None,None,None,None,None,None,None,None,None,Yes,None,None,None,None,None,Yes,Yes,None,None,None,128,Agincourt South-Malvern West,128,Agincourt South-Malvern West (128),D42