_id,ACCNUM,DATE,TIME,STREET1,STREET2,OFFSET,ROAD_CLASS,DISTRICT,ACCLOC,TRAFFCTL,VISIBILITY,LIGHT,RDSFCOND,ACCLASS,IMPACTYPE,INVTYPE,INVAGE,INJURY,FATAL_NO,INITDIR,VEHTYPE,MANOEUVER,DRIVACT,DRIVCOND,PEDTYPE,PEDACT,PEDCOND,CYCLISTYPE,CYCACT,CYCCOND,PEDESTRIAN,CYCLIST,AUTOMOBILE,MOTORCYCLE,TRUCK,TRSN_CITY_VEH,EMERG_VEH,PASSENGER,SPEEDING,AG_DRIV,REDLIGHT,ALCOHOL,DISABILITY,HOOD_158,NEIGHBOURHOOD_158,HOOD_140,NEIGHBOURHOOD_140,DIVISION
4348,1097606,2009-03-03,1850,SHEPPARD AVE E,GLEN WATFORD DR,None,Major Arterial,Scarborough,None,No Control,Clear,Dawn,Dry,Non-Fatal Injury,Rear End,Driver,60 to 64,Major,None,West,Pick Up Truck,Going Ahead,Following too Close,Unknown,None,None,None,None,None,None,None,None,Yes,None,None,None,None,None,Yes,Yes,None,None,None,128,Agincourt South-Malvern West,128,Agincourt South-Malvern West (128),D42
4349,1097606,2009-03-03,1850,SHEPPARD AVE E,GLEN WATFORD DR,None,Major Arterial,Scarborough,None,No Control,Clear,Dawn,Dry,Non-Fatal Injury,Rear End,Driver,45 to 49,None,None,West,"Automobile, Station Wagon",Going Ahead,Driving Properly,Normal,None,None,None,None,None,None,None,None,Yes,None,None,None,None,None,Yes,Yes,None,None,None,128,Agincourt South-Malvern West,128,Agincourt South-Malvern West (128),D42
4350,1092623,2009-03-04,804,NEILSON Rd,MCLEVIN Ave,None,Minor Arterial,Scarborough,At Intersection,No Control,Clear,Daylight,Dry,Non-Fatal Injury,Pedestrian Collisions,Driver,35 to 39,None,None,South,"Automobile, Station Wagon",Slowing or Stopping,Driving Properly,Normal,None,None,None,None,None,None,Yes,None,Yes,None,None,None,None,None,None,None,None,None,None,145,Malvern West,132,Malvern (132),D42
4351,1092623,2009-03-04,804,NEILSON Rd,MCLEVIN Ave,None,Minor Arterial,Scarborough,At Intersection,No Control,Clear,Daylight,Dry,Non-Fatal Injury,Pedestrian Collisions,Pedestrian,75 to 79,Major,None,West,Other,None,None,None,Pedestrian hit at mid-block,"Crossing, no Traffic Control",Normal,None,None,None,Yes,None,Yes,None,None,None,None,None,None,None,None,None,None,145,Malvern West,132,Malvern (132),D42
4352,1092885,2009-03-04,2141,MAIN Stre,DANFORTH Aven,None,Major Arterial,Toronto and East York,None,None,Other,Dark,Other,Non-Fatal Injury,Other,Vehicle Owner,unknown,None,None,None,Other,Other,None,None,None,None,None,None,None,None,None,None,Yes,None,None,None,None,Yes,None,None,None,None,None,62,East End-Danforth,62,East End-Danforth (62),D55
4353,1092885,2009-03-04,2141,MAIN Stre,DANFORTH Aven,None,Major Arterial,Toronto and East York,None,None,Other,Dark,Other,Non-Fatal Injury,Other,Driver,unknown,None,None,None,Other,Unknown,None,None,None,None,None,None,None,None,None,None,Yes,None,None,None,None,Yes,None,None,None,None,None,62,East End-Danforth,62,East End-Danforth (62),D55
4354,1092885,2009-03-04,2141,MAIN Stre,DANFORTH Aven,None,Major Arterial,Toronto and East York,None,None,Other,Dark,Other,Non-Fatal Injury,Other,Passenger,unknown,Major,None,None,Other,Other,None,None,None,None,None,None,None,None,None,None,Yes,None,None,None,None,Yes,None,None,None,None,None,62,East End-Danforth,62,East End-Danforth (62),D55
4355,1092885,2009-03-04,2141,MAIN Stre,DANFORTH Aven,None,Major Arterial,Toronto and East York,None,None,Other,Dark,Other,Non-Fatal Injury,Other,Passenger,unknown,Minor,None,None,Other,Other,None,None,None,None,None,None,None,None,None,None,Yes,None,None,None,None,Yes,None,None,None,None,None,62,East End-Danforth,62,East End-Danforth (62),D55
4356,1092885,2009-03-04,2141,MAIN Stre,DANFORTH Aven,None,Major Arterial,Toronto and East York,None,None,Other,Dark,Other,Non-Fatal Injury,Other,Vehicle Owner,unknown,None,None,None,Other,Other,None,None,None,None,None,None,None,None,None,None,Yes,None,None,None,None,Yes,None,None,None,None,None,62,East End-Danforth,62,East End-Danforth (62),D55
4357,1092885,2009-03-04,2141,MAIN Stre,DANFORTH Aven,None,Major Arterial,Toronto and East York,None,None,Other,Dark,Other,Non-Fatal Injury,Other,Driver,50 to 54,Minor,None,None,"Automobile, Station Wagon",Unknown,None,None,None,None,None,None,None,None,None,None,Yes,None,None,None,None,Yes,None,None,None,None,None,62,East End-Danforth,62,East End-Danforth (62),D55
4358,1092886,2009-03-04,2141,DANFORTH Aven,MAIN Stre,None,Major Arterial,Toronto and East York,None,None,Other,Dark,Other,Non-Fatal Injury,Other,Vehicle Owner,unknown,None,None,None,Other,Other,None,None,None,None,None,None,None,None,None,None,Yes,None,None,None,None,Yes,None,None,None,None,None,62,East End-Danforth,62,East End-Danforth (62),D55
4359,1092886,2009-03-04,2141,DANFORTH Aven,MAIN Stre,None,Major Arterial,Toronto and East York,None,None,Other,Dark,Other,Non-Fatal Injury,Other,Driver,unknown,None,None,None,Other,Unknown,None,None,None,None,None,None,None,None,None,None,Yes,None,None,None,None,Yes,None,None,None,None,None,62,East End-Danforth,62,East End-Danforth (62),D55
4360,1092886,2009-03-04,2141,DANFORTH Aven,MAIN Stre,None,Major Arterial,Toronto and East York,None,None,Other,Dark,Other,Non-Fatal Injury,Other,Passenger,unknown,Major,None,None,Other,Other,None,None,None,None,None,None,None,None,None,None,Yes,None,None,None,None,Yes,None,None,None,None,None,62,East End-Danforth,62,East End-Danforth (62),D55
4361,1092886,2009-03-04,2141,DANFORTH Aven,MAIN Stre,None,Major Arterial,Toronto and East York,None,None,Other,Dark,Other,Non-Fatal Injury,Other,Passenger,unknown,Minor,None,None,Other,Other,None,None,None,None,None,None,None,None,None,None,Yes,None,None,None,None,Yes,None,None,None,None,None,62,East End-Danforth,62,East End-Danforth (62),D55
4362,1092886,2009-03-04,2141,DANFORTH Aven,MAIN Stre,None,Major Arterial,Toronto and East York,None,None,Other,Dark,Other,Non-Fatal Injury,Other,Vehicle Owner,unknown,None,None,None,Other,Other,None,None,None,None,None,None,None,None,None,None,Yes,None,None,None,None,Yes,None,None,None,None,None,62,East End-Danforth,62,East End-Danforth (62),D55
4363,1092886,2009-03-04,2141,DANFORTH Aven,MAIN Stre,None,Major Arterial,Toronto and East York,None,None,Other,Dark,Other,Non-Fatal Injury,Other,Driver,50 to 54,Minor,None,None,"Automobile, Station Wagon",Unknown,None,None,None,None,None,None,None,None,None,None,Yes,None,None,None,None,Yes,None,None,None,None,None,62,East End-Danforth,62,East End-Danforth (62),D55
4364,1092886,2009-03-04,2141,DANFORTH Aven,MAIN Stre,None,Major Arterial,Toronto and East York,None,None,Other,Dark,Other,Non-Fatal Injury,Other,Other Property Owner,unknown,None,None,None,Other,Other,None,None,None,None,None,None,None,None,None,None,Yes,None,None,None,None,Yes,None,None,None,None,None,62,East End-Danforth,62,East End-Danforth (62),D55
4365,1093205,2009-03-07,420,F G GARDINER XY Expr W,PARKSIDE DR,None,None,Toronto and East York,None,No Control,Clear,Dark,Dry,Non-Fatal Injury,Rear End,Vehicle Owner,unknown,None,None,None,Other,None,None,None,None,None,None,None,None,None,None,None,Yes,None,None,None,None,Yes,None,Yes,None,None,None,85,South Parkdale,85,South Parkdale (85),D14
4366,1093205,2009-03-07,420,F G GARDINER XY Expr W,PARKSIDE DR,None,None,Toronto and East York,None,No Control,Clear,Dark,Dry,Non-Fatal Injury,Rear End,Passenger,30 to 34,Minimal,None,None,Other,None,None,None,None,None,None,None,None,None,None,None,Yes,None,None,None,None,Yes,None,Yes,None,None,None,85,South Parkdale,85,South Parkdale (85),D14
4367,1093205,2009-03-07,420,F G GARDINER XY Expr W,PARKSIDE DR,None,None,Toronto and East York,None,No Control,Clear,Dark,Dry,Non-Fatal Injury,Rear End,Passenger,25 to 29,Minimal,None,None,Other,None,None,None,None,None,None,None,None,None,None,None,Yes,None,None,None,None,Yes,None,Yes,None,None,None,85,South Parkdale,85,South Parkdale (85),D14
4368,1093205,2009-03-07,420,F G GARDINER XY Expr W,PARKSIDE DR,None,None,Toronto and East York,None,No Control,Clear,Dark,Dry,Non-Fatal Injury,Rear End,Passenger,30 to 34,Minimal,None,None,Other,None,None,None,None,None,None,None,None,None,None,None,Yes,None,None,None,None,Yes,None,Yes,None,None,None,85,South Parkdale,85,South Parkdale (85),D14
4369,1093205,2009-03-07,420,F G GARDINER XY Expr W,PARKSIDE DR,None,None,Toronto and East York,None,No Control,Clear,Dark,Dry,Non-Fatal Injury,Rear End,Driver,30 to 34,None,None,West,"Automobile, Station Wagon",Stopped,Driving Properly,Normal,None,None,None,None,None,None,None,None,Yes,None,None,None,None,Yes,None,Yes,None,None,None,85,South Parkdale,85,South Parkdale (85),D14
4370,1093205,2009-03-07,420,F G GARDINER XY Expr W,PARKSIDE DR,None,None,Toronto and East York,None,No Control,Clear,Dark,Dry,Non-Fatal Injury,Rear End,Passenger,25 to 29,None,None,None,Other,None,None,None,None,None,None,None,None,None,None,None,Yes,None,None,None,None,Yes,None,Yes,None,None,None,85,South Parkdale,85,South Parkdale (85),D14
4371,1093205,2009-03-07,420,F G GARDINER XY Expr W,PARKSIDE DR,None,None,Toronto and East York,None,No Control,Clear,Dark,Dry,Non-Fatal Injury,Rear End,Passenger,25 to 29,Minor,None,None,Other,None,None,None,None,None,None,None,None,None,None,None,Yes,None,None,None,None,Yes,None,Yes,None,None,None,85,South Parkdale,85,South Parkdale (85),D14
4372,1093205,2009-03-07,420,F G GARDINER XY Expr W,PARKSIDE DR,None,None,Toronto and East York,None,No Control,Clear,Dark,Dry,Non-Fatal Injury,Rear End,Driver,25 to 29,Major,None,West,"Automobile, Station Wagon",Stopped,Following too Close,Normal,None,None,None,None,None,None,None,None,Yes,None,None,None,None,Yes,None,Yes,None,None,None,85,South Parkdale,85,South Parkdale (85),D14
4373,1093205,2009-03-07,420,F G GARDINER XY Expr W,PARKSIDE DR,None,None,Toronto and East York,None,No Control,Clear,Dark,Dry,Non-Fatal Injury,Rear End,Driver,25 to 29,None,None,West,"Automobile, Station Wagon",Stopped,Driving Properly,Normal,None,None,None,None,None,None,None,None,Yes,None,None,None,None,Yes,None,Yes,None,None,None,85,South Parkdale,85,South Parkdale (85),D14
4374,1093205,2009-03-07,420,F G GARDINER XY Expr W,PARKSIDE DR,None,None,Toronto and East York,None,No Control,Clear,Dark,Dry,Non-Fatal Injury,Rear End,Vehicle Owner,unknown,None,None,None,Other,None,None,None,None,None,None,None,None,None,None,None,Yes,None,None,None,None,Yes,None,Yes,None,None,None,85,South Parkdale,85,South Parkdale (85),D14
4375,1093205,2009-03-07,420,F G GARDINER XY Expr W,PARKSIDE DR,None,None,Toronto and East York,None,No Control,Clear,Dark,Dry,Non-Fatal Injury,Rear End,Driver,45 to 49,None,None,West,"Automobile, Station Wagon",Going Ahead,Following too Close,Normal,None,None,None,None,None,None,None,None,Yes,None,None,None,None,Yes,None,Yes,None,None,None,85,South Parkdale,85,South Parkdale (85),D14
4376,1093141,2009-03-07,440,WILLIAM R ALLEN RD,TRANSIT RD,None,Major Arterial,North York,At Intersection,Traffic Signal,Clear,Dark,Wet,Fatal,SMV Other,Vehicle Owner,unknown,None,None,None,Other,None,None,None,None,None,None,None,None,None,None,None,Yes,None,None,None,None,None,None,None,None,None,None,33,Clanton Park,33,Clanton Park (33),D32
4377,1093141,2009-03-07,440,WILLIAM R ALLEN RD,TRANSIT RD,None,Major Arterial,North York,At Intersection,Traffic Signal,Clear,Dark,Wet,Fatal,SMV Other,Driver,20 to 24,Fatal,5,North,"Automobile, Station Wagon",Going Ahead,Lost control,Unknown,None,None,None,None,None,None,None,None,Yes,None,None,None,None,None,None,None,None,None,None,33,Clanton Park,33,Clanton Park (33),D32
4378,1096493,2009-03-07,1318,ROGERS RD,NORTHCLIFFE BLVD,None,Minor Arterial,Toronto and East York,None,No Control,Rain,Daylight,Wet,Non-Fatal Injury,Pedestrian Collisions,Driver,30 to 34,None,None,East,"Automobile, Station Wagon",Going Ahead,Driving Properly,Normal,None,None,None,None,None,None,Yes,None,Yes,None,None,None,None,None,None,None,None,None,None,107,Oakwood Village,107,Oakwood Village (107),D13
4379,1096493,2009-03-07,1318,ROGERS RD,NORTHCLIFFE BLVD,None,Minor Arterial,Toronto and East York,None,No Control,Rain,Daylight,Wet,Non-Fatal Injury,Pedestrian Collisions,Pedestrian,10 to 14,Major,None,None,Other,Other,None,None,Vehicle hits the pedestrian walking or running out from between parked vehicles at mid-block,Coming From Behind Parked Vehicle,Inattentive,None,None,None,Yes,None,Yes,None,None,None,None,None,None,None,None,None,None,107,Oakwood Village,107,Oakwood Village (107),D13
4380,1093202,2009-03-08,12,BROWNS LINE Line,HORNER AVE,None,Major Arterial,Etobicoke York,None,Traffic Signal,Rain,Dark,Wet,Non-Fatal Injury,Rear End,Driver,50 to 54,Major,None,South,"Automobile, Station Wagon",Going Ahead,Following too Close,"Ability Impaired, Alcohol",None,None,None,None,None,None,None,None,Yes,None,None,Yes,None,Yes,None,Yes,None,Yes,None,20,Alderwood,20,Alderwood (20),D22
4381,1093202,2009-03-08,12,BROWNS LINE Line,HORNER AVE,None,Major Arterial,Etobicoke York,None,Traffic Signal,Rain,Dark,Wet,Non-Fatal Injury,Rear End,Vehicle Owner,unknown,None,None,None,Other,None,None,None,None,None,None,None,None,None,None,None,Yes,None,None,Yes,None,Yes,None,Yes,None,Yes,None,20,Alderwood,20,Alderwood (20),D22
4382,1093202,2009-03-08,12,BROWNS LINE Line,HORNER AVE,None,Major Arterial,Etobicoke York,None,Traffic Signal,Rain,Dark,Wet,Non-Fatal Injury,Rear End,Passenger,unknown,Minimal,None,None,Other,None,None,None,None,None,None,None,None,None,None,None,Yes,None,None,Yes,None,Yes,None,Yes,None,Yes,None,20,Alderwood,20,Alderwood (20),D22
4383,1093202,2009-03-08,12,BROWNS LINE Line,HORNER AVE,None,Major Arterial,Etobicoke York,None,Traffic Signal,Rain,Dark,Wet,Non-Fatal Injury,Rear End,Vehicle Owner,unknown,None,None,None,Other,None,None,None,None,None,None,None,None,None,None,None,Yes,None,None,Yes,None,Yes,None,Yes,None,Yes,None,20,Alderwood,20,Alderwood (20),D22
4384,1093202,2009-03-08,12,BROWNS LINE Line,HORNER AVE,None,Major Arterial,Etobicoke York,None,Traffic Signal,Rain,Dark,Wet,Non-Fatal Injury,Rear End,Driver,35 to 39,None,None,South,Municipal Transit Bus (TTC),Stopped,Driving Properly,Normal,None,None,None,None,None,None,None,None,Yes,None,None,Yes,None,Yes,None,Yes,None,Yes,None,20,Alderwood,20,Alderwood (20),D22
4385,1105663,2009-03-08,15,DUNDAS ST W,MC CAUL ST,None,Major Arterial,Toronto and East York,At Intersection,Traffic Signal,Clear,Dark,Wet,Non-Fatal Injury,Rear End,Passenger,20 to 24,Minimal,None,None,Other,None,None,None,None,None,None,None,None,None,None,None,Yes,None,None,None,None,Yes,None,Yes,None,None,None,78,Kensington-Chinatown,78,Kensington-Chinatown (78),D52
4386,1105663,2009-03-08,15,DUNDAS ST W,MC CAUL ST,None,Major Arterial,Toronto and East York,At Intersection,Traffic Signal,Clear,Dark,Wet,Non-Fatal Injury,Rear End,Driver,20 to 24,Minimal,None,West,"Automobile, Station Wagon",Stopped,Driving Properly,Normal,None,None,None,None,None,None,None,None,Yes,None,None,None,None,Yes,None,Yes,None,None,None,78,Kensington-Chinatown,78,Kensington-Chinatown (78),D52
4387,1105663,2009-03-08,15,DUNDAS ST W,MC CAUL ST,None,Major Arterial,Toronto and East York,At Intersection,Traffic Signal,Clear,Dark,Wet,Non-Fatal Injury,Rear End,Vehicle Owner,unknown,None,None,None,Other,None,None,None,None,None,None,None,None,None,None,None,Yes,None,None,None,None,Yes,None,Yes,None,None,None,78,Kensington-Chinatown,78,Kensington-Chinatown (78),D52
4388,1105663,2009-03-08,15,DUNDAS ST W,MC CAUL ST,None,Major Arterial,Toronto and East York,At Intersection,Traffic Signal,Clear,Dark,Wet,Non-Fatal Injury,Rear End,Driver,55 to 59,Major,None,West,"Automobile, Station Wagon",Slowing or Stopping,Following too Close,Inattentive,None,None,None,None,None,None,None,None,Yes,None,None,None,None,Yes,None,Yes,None,None,None,78,Kensington-Chinatown,78,Kensington-Chinatown (78),D52
4389,1093203,2009-03-08,350,HILL CRES,HEATHFIELD DR,None,Collector,Scarborough,None,No Control,Rain,Dark,Wet,Fatal,SMV Other,Other,unknown,None,None,North,Other,Parked,None,None,None,None,None,None,None,None,None,None,Yes,None,None,None,None,Yes,Yes,Yes,None,Yes,None,139,Scarborough Village,139,Scarborough Village (139),D43
4390,1093203,2009-03-08,350,HILL CRES,HEATHFIELD DR,None,Collector,Scarborough,None,No Control,Rain,Dark,Wet,Fatal,SMV Other,Passenger,20 to 24,Fatal,6,None,Other,None,None,None,None,None,None,None,None,None,None,None,Yes,None,None,None,None,Yes,Yes,Yes,None,Yes,None,139,Scarborough Village,139,Scarborough Village (139),D43
4391,1093203,2009-03-08,350,HILL CRES,HEATHFIELD DR,None,Collector,Scarborough,None,No Control,Rain,Dark,Wet,Fatal,SMV Other,Driver,20 to 24,Major,None,East,"Automobile, Station Wagon",Going Ahead,Exceeding Speed Limit,"Ability Impaired, Alcohol Over .08",None,None,None,None,None,None,None,None,Yes,None,None,None,None,Yes,Yes,Yes,None,Yes,None,139,Scarborough Village,139,Scarborough Village (139),D43
4392,1097106,2009-03-10,1156,GERRARD St E,CARLAW Ave,None,Minor Arterial,Toronto and East York,None,No Control,Clear,Daylight,Dry,Non-Fatal Injury,Cyclist Collisions,Driver,50 to 54,None,None,West,"Automobile, Station Wagon",Parked,Other,Inattentive,None,None,None,None,None,None,None,Yes,Yes,None,None,None,None,None,None,None,None,None,None,70,South Riverdale,70,South Riverdale (70),D55
4393,1097106,2009-03-10,1156,GERRARD St E,CARLAW Ave,None,Minor Arterial,Toronto and East York,None,No Control,Clear,Daylight,Dry,Non-Fatal Injury,Cyclist Collisions,Cyclist,45 to 49,Major,None,West,Bicycle,Going Ahead,None,None,None,None,None,Cyclist struck opened vehicle door,Driving Properly,Normal,None,Yes,Yes,None,None,None,None,None,None,None,None,None,None,70,South Riverdale,70,South Riverdale (70),D55
4394,1097142,2009-03-10,2051,SHEPPARD Aven E,PROGRESS Aven,None,Major Arterial,Scarborough,At Intersection,Traffic Signal,Rain,Dark,Wet,Non-Fatal Injury,Pedestrian Collisions,Driver,15 to 19,None,None,North,"Automobile, Station Wagon",Turning Left,Failed to Yield Right of Way,Inattentive,None,None,None,None,None,None,Yes,None,Yes,None,None,None,None,None,None,Yes,None,None,None,146,Malvern East,132,Malvern (132),D42
4395,1097142,2009-03-10,2051,SHEPPARD Aven E,PROGRESS Aven,None,Major Arterial,Scarborough,At Intersection,Traffic Signal,Rain,Dark,Wet,Non-Fatal Injury,Pedestrian Collisions,Pedestrian,45 to 49,Major,None,South,Other,None,None,None,Vehicle turns left while ped crosses with ROW at inter.,Crossing with right of way,Normal,None,None,None,Yes,None,Yes,None,None,None,None,None,None,Yes,None,None,None,146,Malvern East,132,Malvern (132),D42
4396,1093819,2009-03-11,652,STEELES AVE W,PINE VALLEY  DR,None,Major Arterial,Etobicoke York,At Intersection,Traffic Signal,Rain,Dark,Wet,Fatal,Pedestrian Collisions,Vehicle Owner,unknown,None,None,None,Other,None,None,None,None,None,None,None,None,None,Yes,None,None,None,Yes,None,None,None,None,None,None,None,None,21,Humber Summit,21,Humber Summit (21),D31
4397,1093819,2009-03-11,652,STEELES AVE W,PINE VALLEY  DR,None,Major Arterial,Etobicoke York,At Intersection,Traffic Signal,Rain,Dark,Wet,Fatal,Pedestrian Collisions,Truck Driver,45 to 49,None,None,South,Truck - Open,Turning Left,Driving Properly,Inattentive,None,None,None,None,None,None,Yes,None,None,None,Yes,None,None,None,None,None,None,None,None,21,Humber Summit,21,Humber Summit (21),D31
4398,1093819,2009-03-11,652,STEELES AVE W,PINE VALLEY  DR,None,Major Arterial,Etobicoke York,At Intersection,Traffic Signal,Rain,Dark,Wet,Fatal,Pedestrian Collisions,Pedestrian,55 to 59,Fatal,7,South,Other,None,None,None,Pedestrian hit at mid-block,"Crossing, no Traffic Control",Inattentive,None,None,None,Yes,None,None,None,Yes,None,None,None,None,None,None,None,None,21,Humber Summit,21,Humber Summit (21),D31
4399,1094026,2009-03-11,828,LESMILL Road,DUNCAN MILL Road,None,Collector,North York,At Intersection,No Control,Clear,Daylight,Dry,Non-Fatal Injury,Pedestrian Collisions,Vehicle Owner,unknown,None,None,None,Other,None,None,None,None,None,None,None,None,None,Yes,None,None,None,None,Yes,None,None,None,Yes,None,None,None,40,St.Andrew-Windfields,40,St.Andrew-Windfields (40),D33
4400,1094026,2009-03-11,828,LESMILL Road,DUNCAN MILL Road,None,Collector,North York,At Intersection,No Control,Clear,Daylight,Dry,Non-Fatal Injury,Pedestrian Collisions,Pedestrian,20 to 24,Major,None,North,Other,None,None,None,Pedestrian involved in a collision with transit vehicle anywhere along roadway,Crossing with right of way,Normal,None,None,None,Yes,None,None,None,None,Yes,None,None,None,Yes,None,None,None,40,St.Andrew-Windfields,40,St.Andrew-Windfields (40),D33
4401,1094026,2009-03-11,828,LESMILL Road,DUNCAN MILL Road,None,Collector,North York,At Intersection,No Control,Clear,Daylight,Dry,Non-Fatal Injury,Pedestrian Collisions,Driver,45 to 49,None,None,North,Municipal Transit Bus (TTC),Turning Right,Failed to Yield Right of Way,Normal,None,None,None,None,None,None,Yes,None,None,None,None,Yes,None,None,None,Yes,None,None,None,40,St.Andrew-Windfields,40,St.Andrew-Windfields (40),D33
4402,1097174,2009-03-11,2128,DUNDAS ST W,BLOOR ST W,None,Major Arterial,Toronto and East York,None,No Control,Clear,Dark,Dry,Non-Fatal Injury,Pedestrian Collisions,Pedestrian,40 to 44,Major,None,None,Other,None,None,None,Pedestrian involved in a collision with transit vehicle anywhere along roadway,Running onto Roadway,"Ability Impaired, Alcohol Over .80",None,None,None,Yes,None,None,None,None,Yes,None,None,None,None,None,None,None,88,High Park North,88,High Park North (88),D11
4403,1097174,2009-03-11,2128,DUNDAS ST W,BLOOR ST W,None,Major Arterial,Toronto and East York,None,No Control,Clear,Dark,Dry,Non-Fatal Injury,Pedestrian Collisions,Driver,40 to 44,None,None,North,Municipal Transit Bus (TTC),Going Ahead,Driving Properly,Normal,None,None,None,None,None,None,Yes,None,None,None,None,Yes,None,None,None,None,None,None,None,88,High Park North,88,High Park North (88),D11
4404,1094123,2009-03-12,1535,FIRGROVE CRES,NEEDLE FIRWAY,None,Local,Etobicoke York,None,No Control,Clear,Daylight,Dry,Non-Fatal Injury,Pedestrian Collisions,Driver,80 to 84,None,None,West,"Automobile, Station Wagon",Going Ahead,Driving Properly,Medical or Physical Disability,None,None,None,None,None,None,Yes,None,Yes,None,None,None,None,None,None,None,None,None,Yes,25,Glenfield-Jane Heights,25,Glenfield-Jane Heights (25),D31
4405,1094123,2009-03-12,1535,FIRGROVE CRES,NEEDLE FIRWAY,None,Local,Etobicoke York,None,No Control,Clear,Daylight,Dry,Non-Fatal Injury,Pedestrian Collisions,Pedestrian,5 to 9,Major,None,North,Other,None,None,None,Pedestrian hit at mid-block,Running onto Roadway,Inattentive,None,None,None,Yes,None,Yes,None,None,None,None,None,None,None,None,None,Yes,25,Glenfield-Jane Heights,25,Glenfield-Jane Heights (25),D31
4406,1097622,2009-03-13,500,ATTWELL DR,CARLSON CRT,None,Collector,Etobicoke York,At Intersection,Stop Sign,Clear,Dark,Dry,Non-Fatal Injury,Turning Movement,Vehicle Owner,unknown,None,None,None,Other,None,None,None,None,None,None,None,None,None,None,None,Yes,None,Yes,None,None,None,None,None,None,None,None,1,West Humber-Clairville,1,West Humber-Clairville (1),D23
4407,1097622,2009-03-13,500,ATTWELL DR,CARLSON CRT,None,Collector,Etobicoke York,At Intersection,Stop Sign,Clear,Dark,Dry,Non-Fatal Injury,Turning Movement,Truck Driver,50 to 54,Minimal,None,West,Truck - Open,Turning Left,Improper Turn,Normal,None,None,None,None,None,None,None,None,Yes,None,Yes,None,None,None,None,None,None,None,None,1,West Humber-Clairville,1,West Humber-Clairville (1),D23
4408,1097622,2009-03-13,500,ATTWELL DR,CARLSON CRT,None,Collector,Etobicoke York,At Intersection,Stop Sign,Clear,Dark,Dry,Non-Fatal Injury,Turning Movement,Driver,45 to 49,Major,None,North,"Automobile, Station Wagon",Going Ahead,Driving Properly,Normal,None,None,None,None,None,None,None,None,Yes,None,Yes,None,None,None,None,None,None,None,None,1,West Humber-Clairville,1,West Humber-Clairville (1),D23
4409,1094299,2009-03-13,914,GERRARD ST E,DE GRASSI ST,None,Minor Arterial,Toronto and East York,At Intersection,Pedestrian Crossover,Other,Daylight,Other,Fatal,Pedestrian Collisions,Pedestrian,85 to 89,Fatal,8,South,Other,None,None,None,Pedestrian involved in a collision with transit vehicle anywhere along roadway,"Crossing, Pedestrian Crossover",Normal,None,None,None,Yes,None,None,None,None,Yes,None,None,None,Yes,None,None,None,70,South Riverdale,70,South Riverdale (70),D55
4410,1094299,2009-03-13,914,GERRARD ST E,DE GRASSI ST,None,Minor Arterial,Toronto and East York,At Intersection,Pedestrian Crossover,Other,Daylight,Other,Fatal,Pedestrian Collisions,Driver,40 to 44,None,None,West,Municipal Transit Bus (TTC),Going Ahead,Failed to Yield Right of Way,Normal,None,None,None,None,None,None,Yes,None,None,None,None,Yes,None,None,None,Yes,None,None,None,70,South Riverdale,70,South Riverdale (70),D55
4411,1098055,2009-03-14,1707,BAY ST,WELLINGTON ST W,None,Major Arterial,Toronto and East York,None,No Control,Clear,Daylight,Dry,Non-Fatal Injury,Pedestrian Collisions,Driver,50 to 54,None,None,South,"Automobile, Station Wagon",Going Ahead,Driving Properly,Normal,None,None,None,None,None,None,Yes,None,Yes,None,None,None,None,None,None,None,None,None,None,170,Yonge-Bay Corridor,76,Bay Street Corridor (76),D52
4412,1098055,2009-03-14,1707,BAY ST,WELLINGTON ST W,None,Major Arterial,Toronto and East York,None,No Control,Clear,Daylight,Dry,Non-Fatal Injury,Pedestrian Collisions,Pedestrian,15 to 19,Major,None,East,Other,None,None,None,Pedestrian hit at mid-block,"Crossing, no Traffic Control",Normal,None,None,None,Yes,None,Yes,None,None,None,None,None,None,None,None,None,None,170,Yonge-Bay Corridor,76,Bay Street Corridor (76),D52
4413,1098588,2009-03-17,1840,BLACK CREEK DR,EGLINTON AVE W,None,Major Arterial,Etobicoke York,At Intersection,No Control,Clear,Daylight,Dry,Non-Fatal Injury,Rear End,Driver,65 to 69,None,None,South,"Automobile, Station Wagon",Stopped,Driving Properly,Normal,None,None,None,None,None,None,None,None,Yes,None,None,None,None,None,None,Yes,None,None,None,112,Beechborough-Greenbrook,112,Beechborough-Greenbrook (112),D12
4414,1098588,2009-03-17,1840,BLACK CREEK DR,EGLINTON AVE W,None,Major Arterial,Etobicoke York,At Intersection,No Control,Clear,Daylight,Dry,Non-Fatal Injury,Rear End,Vehicle Owner,unknown,None,None,None,Other,None,None,None,None,None,None,None,None,None,None,None,Yes,None,None,None,None,None,None,Yes,None,None,None,112,Beechborough-Greenbrook,112,Beechborough-Greenbrook (112),D12
4415,1098588,2009-03-17,1840,BLACK CREEK DR,EGLINTON AVE W,None,Major Arterial,Etobicoke York,At Intersection,No Control,Clear,Daylight,Dry,Non-Fatal Injury,Rear End,Driver,20 to 24,Major,None,South,"Automobile, Station Wagon",Going Ahead,Following too Close,Inattentive,None,None,None,None,None,None,None,None,Yes,None,None,None,None,None,None,Yes,None,None,None,112,Beechborough-Greenbrook,112,Beechborough-Greenbrook (112),D12