_id,ACCNUM,DATE,TIME,STREET1,STREET2,OFFSET,ROAD_CLASS,DISTRICT,ACCLOC,TRAFFCTL,VISIBILITY,LIGHT,RDSFCOND,ACCLASS,IMPACTYPE,INVTYPE,INVAGE,INJURY,FATAL_NO,INITDIR,VEHTYPE,MANOEUVER,DRIVACT,DRIVCOND,PEDTYPE,PEDACT,PEDCOND,CYCLISTYPE,CYCACT,CYCCOND,PEDESTRIAN,CYCLIST,AUTOMOBILE,MOTORCYCLE,TRUCK,TRSN_CITY_VEH,EMERG_VEH,PASSENGER,SPEEDING,AG_DRIV,REDLIGHT,ALCOHOL,DISABILITY,HOOD_158,NEIGHBOURHOOD_158,HOOD_140,NEIGHBOURHOOD_140,DIVISION
4481,1098951,2009-04-13,2302,SHEPPARD AVE E,MCCOWAN RD,None,Major Arterial,Scarborough,At Intersection,Traffic Signal,Clear,Dark,Dry,Non-Fatal Injury,Pedestrian Collisions,Pedestrian,30 to 34,Major,None,North,Other,None,None,None,Vehicle is going straight thru inter.while ped cross without ROW,Crossing without right of way,Inattentive,None,None,None,Yes,None,Yes,None,None,None,None,None,None,None,None,None,None,128,Agincourt South-Malvern West,128,Agincourt South-Malvern West (128),D42
4482,1103726,2009-04-15,1540,BELFIELD RD,MCCULLOCH AVE,None,Minor Arterial,Etobicoke York,None,No Control,Clear,Daylight,Dry,Non-Fatal Injury,SMV Other,Driver,60 to 64,Major,None,West,"Automobile, Station Wagon",Going Ahead,Lost control,Medical or Physical Disability,None,None,None,None,None,None,None,None,Yes,None,None,None,None,None,None,None,None,None,Yes,1,West Humber-Clairville,1,West Humber-Clairville (1),D23
4483,1099856,2009-04-17,1045,TOWNSLEY ST,OLD WESTON RD,None,Minor Arterial,Toronto and East York,None,Stop Sign,Clear,Daylight,Dry,Fatal,Pedestrian Collisions,Driver,20 to 24,None,None,East,"Automobile, Station Wagon",Reversing,Other,Normal,None,None,None,None,None,None,Yes,None,Yes,None,None,None,None,None,None,None,None,None,None,91,Weston-Pelham Park,91,Weston-Pellam Park (91),D12
4484,1099856,2009-04-17,1045,TOWNSLEY ST,OLD WESTON RD,None,Minor Arterial,Toronto and East York,None,Stop Sign,Clear,Daylight,Dry,Fatal,Pedestrian Collisions,Pedestrian,65 to 69,Fatal,12,North,Other,None,None,None,Vehicle is reversing and hits pedestrian,Other,Normal,None,None,None,Yes,None,Yes,None,None,None,None,None,None,None,None,None,None,91,Weston-Pelham Park,91,Weston-Pellam Park (91),D12
4485,1114016,2009-04-17,1859,MCCULLOCH AVE,1 AUTUMN AVE,None,Local,Etobicoke York,None,No Control,Clear,Daylight,Dry,Non-Fatal Injury,Sideswipe,Passenger,20 to 24,Major,None,None,Other,None,None,None,None,None,None,None,None,None,None,None,None,Yes,Yes,None,None,Yes,None,Yes,None,None,None,1,West Humber-Clairville,1,West Humber-Clairville (1),D23
4486,1114016,2009-04-17,1859,MCCULLOCH AVE,1 AUTUMN AVE,None,Local,Etobicoke York,None,No Control,Clear,Daylight,Dry,Non-Fatal Injury,Sideswipe,Motorcycle Driver,35 to 39,Minor,None,South,Motorcycle,Overtaking,Improper Passing,Normal,None,None,None,None,None,None,None,None,None,Yes,Yes,None,None,Yes,None,Yes,None,None,None,1,West Humber-Clairville,1,West Humber-Clairville (1),D23
4487,1114016,2009-04-17,1859,MCCULLOCH AVE,1 AUTUMN AVE,None,Local,Etobicoke York,None,No Control,Clear,Daylight,Dry,Non-Fatal Injury,Sideswipe,Vehicle Owner,unknown,None,None,None,Other,None,None,None,None,None,None,None,None,None,None,None,None,Yes,Yes,None,None,Yes,None,Yes,None,None,None,1,West Humber-Clairville,1,West Humber-Clairville (1),D23
4488,1114016,2009-04-17,1859,MCCULLOCH AVE,1 AUTUMN AVE,None,Local,Etobicoke York,None,No Control,Clear,Daylight,Dry,Non-Fatal Injury,Sideswipe,Truck Driver,40 to 44,None,None,South,Truck - Open,Turning Left,Driving Properly,Normal,None,None,None,None,None,None,None,None,None,Yes,Yes,None,None,Yes,None,Yes,None,None,None,1,West Humber-Clairville,1,West Humber-Clairville (1),D23
4489,1114016,2009-04-17,1859,MCCULLOCH AVE,1 AUTUMN AVE,None,Local,Etobicoke York,None,No Control,Clear,Daylight,Dry,Non-Fatal Injury,Sideswipe,Vehicle Owner,unknown,None,None,None,Other,None,None,None,None,None,None,None,None,None,None,None,None,Yes,Yes,None,None,Yes,None,Yes,None,None,None,1,West Humber-Clairville,1,West Humber-Clairville (1),D23
4490,1099908,2009-04-18,1534,YONGE ST,LAKE SHORE W BLVD E,None,Major Arterial,Toronto and East York,At Intersection,Traffic Signal,Clear,Daylight,Dry,Non-Fatal Injury,Angle,Passenger,35 to 39,Minimal,None,None,Other,None,None,None,None,None,None,None,None,None,None,None,Yes,None,None,None,None,Yes,None,Yes,Yes,None,None,166,St Lawrence-East Bayfront-The Islands,77,Waterfront Communities-The Island (77),D52
4491,1099908,2009-04-18,1534,YONGE ST,LAKE SHORE W BLVD E,None,Major Arterial,Toronto and East York,At Intersection,Traffic Signal,Clear,Daylight,Dry,Non-Fatal Injury,Angle,Driver,55 to 59,Minimal,None,South,"Automobile, Station Wagon",Stopped,Driving Properly,Normal,None,None,None,None,None,None,None,None,Yes,None,None,None,None,Yes,None,Yes,Yes,None,None,166,St Lawrence-East Bayfront-The Islands,77,Waterfront Communities-The Island (77),D52
4492,1099908,2009-04-18,1534,YONGE ST,LAKE SHORE W BLVD E,None,Major Arterial,Toronto and East York,At Intersection,Traffic Signal,Clear,Daylight,Dry,Non-Fatal Injury,Angle,Driver,40 to 44,Minimal,None,West,"Automobile, Station Wagon",Going Ahead,Driving Properly,Normal,None,None,None,None,None,None,None,None,Yes,None,None,None,None,Yes,None,Yes,Yes,None,None,166,St Lawrence-East Bayfront-The Islands,77,Waterfront Communities-The Island (77),D52
4493,1099908,2009-04-18,1534,YONGE ST,LAKE SHORE W BLVD E,None,Major Arterial,Toronto and East York,At Intersection,Traffic Signal,Clear,Daylight,Dry,Non-Fatal Injury,Angle,Passenger,0 to 4,Minimal,None,None,Other,None,None,None,None,None,None,None,None,None,None,None,Yes,None,None,None,None,Yes,None,Yes,Yes,None,None,166,St Lawrence-East Bayfront-The Islands,77,Waterfront Communities-The Island (77),D52
4494,1099908,2009-04-18,1534,YONGE ST,LAKE SHORE W BLVD E,None,Major Arterial,Toronto and East York,At Intersection,Traffic Signal,Clear,Daylight,Dry,Non-Fatal Injury,Angle,Passenger,0 to 4,Major,None,None,Other,None,None,None,None,None,None,None,None,None,None,None,Yes,None,None,None,None,Yes,None,Yes,Yes,None,None,166,St Lawrence-East Bayfront-The Islands,77,Waterfront Communities-The Island (77),D52
4495,1099908,2009-04-18,1534,YONGE ST,LAKE SHORE W BLVD E,None,Major Arterial,Toronto and East York,At Intersection,Traffic Signal,Clear,Daylight,Dry,Non-Fatal Injury,Angle,Passenger,0 to 4,Minimal,None,None,Other,None,None,None,None,None,None,None,None,None,None,None,Yes,None,None,None,None,Yes,None,Yes,Yes,None,None,166,St Lawrence-East Bayfront-The Islands,77,Waterfront Communities-The Island (77),D52
4496,1099908,2009-04-18,1534,YONGE ST,LAKE SHORE W BLVD E,None,Major Arterial,Toronto and East York,At Intersection,Traffic Signal,Clear,Daylight,Dry,Non-Fatal Injury,Angle,Passenger,25 to 29,Minor,None,None,Other,None,None,None,None,None,None,None,None,None,None,None,Yes,None,None,None,None,Yes,None,Yes,Yes,None,None,166,St Lawrence-East Bayfront-The Islands,77,Waterfront Communities-The Island (77),D52
4497,1099908,2009-04-18,1534,YONGE ST,LAKE SHORE W BLVD E,None,Major Arterial,Toronto and East York,At Intersection,Traffic Signal,Clear,Daylight,Dry,Non-Fatal Injury,Angle,Passenger,0 to 4,Major,None,None,Other,None,None,None,None,None,None,None,None,None,None,None,Yes,None,None,None,None,Yes,None,Yes,Yes,None,None,166,St Lawrence-East Bayfront-The Islands,77,Waterfront Communities-The Island (77),D52
4498,1099908,2009-04-18,1534,YONGE ST,LAKE SHORE W BLVD E,None,Major Arterial,Toronto and East York,At Intersection,Traffic Signal,Clear,Daylight,Dry,Non-Fatal Injury,Angle,Driver,35 to 39,Minimal,None,North,"Automobile, Station Wagon",Going Ahead,Disobeyed Traffic Control,Inattentive,None,None,None,None,None,None,None,None,Yes,None,None,None,None,Yes,None,Yes,Yes,None,None,166,St Lawrence-East Bayfront-The Islands,77,Waterfront Communities-The Island (77),D52
4499,1100023,2009-04-18,2250,HIGHWAY 27  N,HUMBER COLLEGE BLVD,None,Major Arterial,Etobicoke York,None,No Control,Clear,Dark,Dry,Non-Fatal Injury,Rear End,Driver,40 to 44,Minor,None,None,"Automobile, Station Wagon",Going Ahead,None,None,None,None,None,None,None,None,None,None,Yes,None,None,None,None,None,None,None,None,None,None,1,West Humber-Clairville,1,West Humber-Clairville (1),D23
4500,1100023,2009-04-18,2250,HIGHWAY 27  N,HUMBER COLLEGE BLVD,None,Major Arterial,Etobicoke York,None,No Control,Clear,Dark,Dry,Non-Fatal Injury,Rear End,Driver,unknown,Major,None,None,"Automobile, Station Wagon",Stopped,None,None,None,None,None,None,None,None,None,None,Yes,None,None,None,None,None,None,None,None,None,None,1,West Humber-Clairville,1,West Humber-Clairville (1),D23
4501,1100239,2009-04-20,1330,RONCESVALLES AVE,HIGH PARK BLVD,None,Minor Arterial,Toronto and East York,None,Traffic Signal,Rain,Daylight,Wet,Fatal,Pedestrian Collisions,Pedestrian,85 to 89,Fatal,13,West,Other,None,None,None,Vehicle turns left while ped crosses with ROW at inter.,Crossing with right of way,Normal,None,None,None,Yes,None,None,None,None,Yes,None,None,None,Yes,None,None,None,86,Roncesvalles,86,Roncesvalles (86),D11
4502,1100239,2009-04-20,1330,RONCESVALLES AVE,HIGH PARK BLVD,None,Minor Arterial,Toronto and East York,None,Traffic Signal,Rain,Daylight,Wet,Fatal,Pedestrian Collisions,Vehicle Owner,unknown,None,None,None,Other,None,None,None,None,None,None,None,None,None,Yes,None,None,None,None,Yes,None,None,None,Yes,None,None,None,86,Roncesvalles,86,Roncesvalles (86),D11
4503,1100239,2009-04-20,1330,RONCESVALLES AVE,HIGH PARK BLVD,None,Minor Arterial,Toronto and East York,None,Traffic Signal,Rain,Daylight,Wet,Fatal,Pedestrian Collisions,Driver,40 to 44,None,None,East,Municipal Transit Bus (TTC),Turning Left,Failed to Yield Right of Way,Inattentive,None,None,None,None,None,None,Yes,None,None,None,None,Yes,None,None,None,Yes,None,None,None,86,Roncesvalles,86,Roncesvalles (86),D11
4504,1100641,2009-04-22,541,FINCH AVE W,KIPLING AVE,None,Major Arterial,Etobicoke York,None,Traffic Signal,Clear,Dawn,Dry,Non-Fatal Injury,Pedestrian Collisions,Vehicle Owner,unknown,None,None,None,Other,None,None,None,None,None,None,None,None,None,Yes,None,Yes,None,None,None,None,None,None,None,None,None,None,3,Thistletown-Beaumond Heights,3,Thistletown-Beaumond Heights (3),D23
4505,1100641,2009-04-22,541,FINCH AVE W,KIPLING AVE,None,Major Arterial,Etobicoke York,None,Traffic Signal,Clear,Dawn,Dry,Non-Fatal Injury,Pedestrian Collisions,Driver,40 to 44,None,None,West,"Automobile, Station Wagon",Going Ahead,Driving Properly,Normal,None,None,None,None,None,None,Yes,None,Yes,None,None,None,None,None,None,None,None,None,None,3,Thistletown-Beaumond Heights,3,Thistletown-Beaumond Heights (3),D23
4506,1100641,2009-04-22,541,FINCH AVE W,KIPLING AVE,None,Major Arterial,Etobicoke York,None,Traffic Signal,Clear,Dawn,Dry,Non-Fatal Injury,Pedestrian Collisions,Pedestrian,55 to 59,Major,None,South,Other,None,None,None,Vehicle is going straight thru inter.while ped cross without ROW,Crossing without right of way,Medical or Physical Disability,None,None,None,Yes,None,Yes,None,None,None,None,None,None,None,None,None,None,3,Thistletown-Beaumond Heights,3,Thistletown-Beaumond Heights (3),D23
4507,1104694,2009-04-22,2336,SCARLETT RD,EGLINTON AVE W,None,Major Arterial,Etobicoke York,At Intersection,Traffic Signal,Clear,Dark,Dry,Non-Fatal Injury,Turning Movement,Driver,50 to 54,None,None,North,"Automobile, Station Wagon",Turning Left,Improper Turn,Inattentive,None,None,None,None,None,None,None,None,Yes,None,None,None,None,None,None,None,None,None,None,9,Edenbridge-Humber Valley,9,Edenbridge-Humber Valley (9),D22
4508,1104694,2009-04-22,2336,SCARLETT RD,EGLINTON AVE W,None,Major Arterial,Etobicoke York,At Intersection,Traffic Signal,Clear,Dark,Dry,Non-Fatal Injury,Turning Movement,Driver,40 to 44,Major,None,South,"Automobile, Station Wagon",Going Ahead,Driving Properly,Normal,None,None,None,None,None,None,None,None,Yes,None,None,None,None,None,None,None,None,None,None,9,Edenbridge-Humber Valley,9,Edenbridge-Humber Valley (9),D22
4509,1100910,2009-04-23,1730,77 BOSTON AVE,None,None,Local,Toronto and East York,None,No Control,Clear,Daylight,Dry,Non-Fatal Injury,Pedestrian Collisions,Driver,30 to 34,None,None,South,"Automobile, Station Wagon",Slowing or Stopping,Driving Properly,Normal,None,None,None,None,None,None,Yes,None,Yes,None,None,None,None,None,None,None,None,None,None,70,South Riverdale,70,South Riverdale (70),D55
4510,1100910,2009-04-23,1730,77 BOSTON AVE,None,None,Local,Toronto and East York,None,No Control,Clear,Daylight,Dry,Non-Fatal Injury,Pedestrian Collisions,Pedestrian,55 to 59,Major,None,West,Other,None,None,None,Pedestrian hit at mid-block,"Crossing, no Traffic Control",Normal,None,None,None,Yes,None,Yes,None,None,None,None,None,None,None,None,None,None,70,South Riverdale,70,South Riverdale (70),D55
4511,1101072,2009-04-24,1035,QUEENS QUAY W,YORK ST,None,Minor Arterial,Toronto and East York,None,Traffic Signal,Clear,Daylight,Dry,Non-Fatal Injury,Pedestrian Collisions,Vehicle Owner,unknown,None,None,None,"Automobile, Station Wagon",None,None,None,None,None,None,None,None,None,Yes,None,Yes,None,None,None,None,None,None,Yes,None,None,None,166,St Lawrence-East Bayfront-The Islands,77,Waterfront Communities-The Island (77),D52
4512,1101072,2009-04-24,1035,QUEENS QUAY W,YORK ST,None,Minor Arterial,Toronto and East York,None,Traffic Signal,Clear,Daylight,Dry,Non-Fatal Injury,Pedestrian Collisions,Driver,35 to 39,None,None,East,"Automobile, Station Wagon",Going Ahead,Failed to Yield Right of Way,Inattentive,None,None,None,None,None,None,Yes,None,Yes,None,None,None,None,None,None,Yes,None,None,None,166,St Lawrence-East Bayfront-The Islands,77,Waterfront Communities-The Island (77),D52
4513,1101072,2009-04-24,1035,QUEENS QUAY W,YORK ST,None,Minor Arterial,Toronto and East York,None,Traffic Signal,Clear,Daylight,Dry,Non-Fatal Injury,Pedestrian Collisions,Pedestrian,0 to 4,Major,None,South,Other,None,None,None,Vehicle is going straight thru inter.while ped cross with ROW,Crossing with right of way,Normal,None,None,None,Yes,None,Yes,None,None,None,None,None,None,Yes,None,None,None,166,St Lawrence-East Bayfront-The Islands,77,Waterfront Communities-The Island (77),D52
4514,1103447,2009-04-25,555,VICTORIA PARK AVE,EGLINTON AVE E,None,Major Arterial,North York,None,Traffic Signal,Clear,Dark,Dry,Non-Fatal Injury,Angle,Driver,50 to 54,Minimal,None,South,"Automobile, Station Wagon",Going Ahead,Driving Properly,Normal,None,None,None,None,None,None,None,None,Yes,None,None,None,None,None,None,Yes,Yes,None,None,119,Wexford/Maryvale,119,Wexford/Maryvale (119),D41
4515,1103447,2009-04-25,555,VICTORIA PARK AVE,EGLINTON AVE E,None,Major Arterial,North York,None,Traffic Signal,Clear,Dark,Dry,Non-Fatal Injury,Angle,Driver,25 to 29,Major,None,East,"Automobile, Station Wagon",Going Ahead,Disobeyed Traffic Control,Normal,None,None,None,None,None,None,None,None,Yes,None,None,None,None,None,None,Yes,Yes,None,None,119,Wexford/Maryvale,119,Wexford/Maryvale (119),D41
4516,1101613,2009-04-28,24,ELLESMERE RD,KENNEDY RD,None,Major Arterial,Scarborough,At Intersection,Traffic Signal,Clear,Dark,Dry,Non-Fatal Injury,Angle,Passenger,20 to 24,Major,None,None,Other,None,None,None,None,None,None,None,None,None,None,None,Yes,None,None,None,None,Yes,None,Yes,Yes,None,None,126,Dorset Park,126,Dorset Park (126),D41
4517,1101613,2009-04-28,24,ELLESMERE RD,KENNEDY RD,None,Major Arterial,Scarborough,At Intersection,Traffic Signal,Clear,Dark,Dry,Non-Fatal Injury,Angle,Vehicle Owner,unknown,None,None,None,Other,None,None,None,None,None,None,None,None,None,None,None,Yes,None,None,None,None,Yes,None,Yes,Yes,None,None,126,Dorset Park,126,Dorset Park (126),D41
4518,1101613,2009-04-28,24,ELLESMERE RD,KENNEDY RD,None,Major Arterial,Scarborough,At Intersection,Traffic Signal,Clear,Dark,Dry,Non-Fatal Injury,Angle,Driver,30 to 34,Major,None,South,"Automobile, Station Wagon",Going Ahead,Driving Properly,Normal,None,None,None,None,None,None,None,None,Yes,None,None,None,None,Yes,None,Yes,Yes,None,None,126,Dorset Park,126,Dorset Park (126),D41
4519,1101613,2009-04-28,24,ELLESMERE RD,KENNEDY RD,None,Major Arterial,Scarborough,At Intersection,Traffic Signal,Clear,Dark,Dry,Non-Fatal Injury,Angle,Driver,20 to 24,Minimal,None,East,"Automobile, Station Wagon",Going Ahead,Disobeyed Traffic Control,Inattentive,None,None,None,None,None,None,None,None,Yes,None,None,None,None,Yes,None,Yes,Yes,None,None,126,Dorset Park,126,Dorset Park (126),D41
4520,1105956,2009-04-29,2039,THE QUEENSWAY Stre,NORTH QUEEN ST,None,Major Arterial,Etobicoke York,None,No Control,Clear,Dark,Dry,Non-Fatal Injury,Turning Movement,Driver,20 to 24,None,None,South,"Automobile, Station Wagon",Turning Right,Improper Turn,Inattentive,None,None,None,None,None,None,None,None,Yes,Yes,None,None,None,None,Yes,Yes,None,None,None,159,Etobicoke City Centre,14,Islington-City Centre West (14),D22
4521,1105956,2009-04-29,2039,THE QUEENSWAY Stre,NORTH QUEEN ST,None,Major Arterial,Etobicoke York,None,No Control,Clear,Dark,Dry,Non-Fatal Injury,Turning Movement,Motorcycle Driver,25 to 29,Major,None,West,Motorcycle,Going Ahead,Exceeding Speed Limit,Inattentive,None,None,None,None,None,None,None,None,Yes,Yes,None,None,None,None,Yes,Yes,None,None,None,159,Etobicoke City Centre,14,Islington-City Centre West (14),D22
4522,1106122,2009-04-30,33,SHEPPARD AVE E,MORNINGSIDE AVE,None,Major Arterial,Scarborough,At Intersection,Traffic Signal,Clear,Dark,Dry,Non-Fatal Injury,Pedestrian Collisions,Driver,20 to 24,None,None,South,"Automobile, Station Wagon",Turning Left,Failed to Yield Right of Way,Normal,None,None,None,None,None,None,Yes,None,Yes,None,None,None,None,None,None,Yes,None,None,None,146,Malvern East,132,Malvern (132),D42
4523,1106122,2009-04-30,33,SHEPPARD AVE E,MORNINGSIDE AVE,None,Major Arterial,Scarborough,At Intersection,Traffic Signal,Clear,Dark,Dry,Non-Fatal Injury,Pedestrian Collisions,Pedestrian,25 to 29,Major,None,North,Other,None,None,None,Vehicle turns left while ped crosses with ROW at inter.,Crossing with right of way,Normal,None,None,None,Yes,None,Yes,None,None,None,None,None,None,Yes,None,None,None,146,Malvern East,132,Malvern (132),D42
4524,1106309,2009-04-30,1540,MCINTOSH ST,NATAL AVE,None,Collector,Scarborough,At Intersection,Stop Sign,Clear,Daylight,Dry,Non-Fatal Injury,Cyclist Collisions,Driver,15 to 19,None,None,West,"Automobile, Station Wagon",Going Ahead,Exceeding Speed Limit,Normal,None,None,None,None,None,None,None,Yes,Yes,None,None,None,None,None,Yes,Yes,None,None,None,122,Birchcliffe-Cliffside,122,Birchcliffe-Cliffside (122),D41
4525,1106309,2009-04-30,1540,MCINTOSH ST,NATAL AVE,None,Collector,Scarborough,At Intersection,Stop Sign,Clear,Daylight,Dry,Non-Fatal Injury,Cyclist Collisions,Cyclist,20 to 24,Major,None,South,Bicycle,Turning Left,None,None,None,None,None,"Motorist without ROW drives into path of cyclist at inter, lnwy, dwy-Driver not turn.",Driving Properly,Normal,None,Yes,Yes,None,None,None,None,None,Yes,Yes,None,None,None,122,Birchcliffe-Cliffside,122,Birchcliffe-Cliffside (122),D41
4526,1102324,2009-05-01,1236,ST CLAIR AVE W,ORIOLE RD,None,Major Arterial,Toronto and East York,None,No Control,Clear,Daylight,Dry,Fatal,SMV Unattended Vehicle,Other,unknown,None,None,East,Other,Parked,None,None,None,None,None,None,None,None,None,None,Yes,None,None,None,None,Yes,None,None,None,None,None,97,Yonge-St.Clair,97,Yonge-St.Clair (97),D53
4527,1102324,2009-05-01,1236,ST CLAIR AVE W,ORIOLE RD,None,Major Arterial,Toronto and East York,None,No Control,Clear,Daylight,Dry,Fatal,SMV Unattended Vehicle,Passenger,80 to 84,Minor,None,None,Other,None,None,None,None,None,None,None,None,None,None,None,Yes,None,None,None,None,Yes,None,None,None,None,None,97,Yonge-St.Clair,97,Yonge-St.Clair (97),D53
4528,1102324,2009-05-01,1236,ST CLAIR AVE W,ORIOLE RD,None,Major Arterial,Toronto and East York,None,No Control,Clear,Daylight,Dry,Fatal,SMV Unattended Vehicle,Passenger,30 to 34,Minor,None,None,Other,None,None,None,None,None,None,None,None,None,None,None,Yes,None,None,None,None,Yes,None,None,None,None,None,97,Yonge-St.Clair,97,Yonge-St.Clair (97),D53
4529,1102324,2009-05-01,1236,ST CLAIR AVE W,ORIOLE RD,None,Major Arterial,Toronto and East York,None,No Control,Clear,Daylight,Dry,Fatal,SMV Unattended Vehicle,Driver,35 to 39,Minor,None,East,"Automobile, Station Wagon",Going Ahead,Lost control,Unknown,None,None,None,None,None,None,None,None,Yes,None,None,None,None,Yes,None,None,None,None,None,97,Yonge-St.Clair,97,Yonge-St.Clair (97),D53
4530,1102324,2009-05-01,1236,ST CLAIR AVE W,ORIOLE RD,None,Major Arterial,Toronto and East York,None,No Control,Clear,Daylight,Dry,Fatal,SMV Unattended Vehicle,Passenger,90 to 94,Fatal,14,None,Other,None,None,None,None,None,None,None,None,None,None,None,Yes,None,None,None,None,Yes,None,None,None,None,None,97,Yonge-St.Clair,97,Yonge-St.Clair (97),D53
4531,1102324,2009-05-01,1236,ST CLAIR AVE W,ORIOLE RD,None,Major Arterial,Toronto and East York,None,No Control,Clear,Daylight,Dry,Fatal,SMV Unattended Vehicle,Other,unknown,None,None,East,Other,Parked,None,None,None,None,None,None,None,None,None,None,Yes,None,None,None,None,Yes,None,None,None,None,None,97,Yonge-St.Clair,97,Yonge-St.Clair (97),D53
4532,1102324,2009-05-01,1236,ST CLAIR AVE W,ORIOLE RD,None,Major Arterial,Toronto and East York,None,No Control,Clear,Daylight,Dry,Fatal,SMV Unattended Vehicle,Other,unknown,None,None,East,Other,Parked,None,None,None,None,None,None,None,None,None,None,Yes,None,None,None,None,Yes,None,None,None,None,None,97,Yonge-St.Clair,97,Yonge-St.Clair (97),D53
4533,1102324,2009-05-01,1236,ST CLAIR AVE W,ORIOLE RD,None,Major Arterial,Toronto and East York,None,No Control,Clear,Daylight,Dry,Fatal,SMV Unattended Vehicle,Other,unknown,None,None,East,Other,Parked,None,None,None,None,None,None,None,None,None,None,Yes,None,None,None,None,Yes,None,None,None,None,None,97,Yonge-St.Clair,97,Yonge-St.Clair (97),D53
4534,1106355,2009-05-02,1052,JAMESON AVE,GARDINER JAMESON AV RAMP,None,Minor Arterial,Toronto and East York,At Intersection,No Control,Clear,Daylight,Dry,Non-Fatal Injury,Turning Movement,Vehicle Owner,unknown,None,None,None,Other,None,None,None,None,None,None,None,None,None,None,None,Yes,None,Yes,None,None,None,None,Yes,None,None,None,85,South Parkdale,85,South Parkdale (85),D14
4535,1106355,2009-05-02,1052,JAMESON AVE,GARDINER JAMESON AV RAMP,None,Minor Arterial,Toronto and East York,At Intersection,No Control,Clear,Daylight,Dry,Non-Fatal Injury,Turning Movement,Truck Driver,35 to 39,None,None,South,Truck - Open,Going Ahead,Driving Properly,Normal,None,None,None,None,None,None,None,None,Yes,None,Yes,None,None,None,None,Yes,None,None,None,85,South Parkdale,85,South Parkdale (85),D14
4536,1106355,2009-05-02,1052,JAMESON AVE,GARDINER JAMESON AV RAMP,None,Minor Arterial,Toronto and East York,At Intersection,No Control,Clear,Daylight,Dry,Non-Fatal Injury,Turning Movement,Driver,20 to 24,Major,None,East,"Automobile, Station Wagon",Turning Left,Failed to Yield Right of Way,Normal,None,None,None,None,None,None,None,None,Yes,None,Yes,None,None,None,None,Yes,None,None,None,85,South Parkdale,85,South Parkdale (85),D14
4537,1106355,2009-05-02,1052,JAMESON AVE,GARDINER JAMESON AV RAMP,None,Minor Arterial,Toronto and East York,At Intersection,No Control,Clear,Daylight,Dry,Non-Fatal Injury,Turning Movement,Other,unknown,None,None,None,Other,None,None,None,None,None,None,None,None,None,None,None,Yes,None,Yes,None,None,None,None,Yes,None,None,None,85,South Parkdale,85,South Parkdale (85),D14
4538,1106578,2009-05-04,1100,TRETHEWEY DR,BROOKHAVEN DR,None,Minor Arterial,Etobicoke York,At Intersection,No Control,Clear,Daylight,Dry,Non-Fatal Injury,Turning Movement,Vehicle Owner,unknown,None,None,None,Other,None,None,None,None,None,None,None,None,None,None,None,Yes,None,None,None,None,Yes,None,None,None,None,None,30,Brookhaven-Amesbury,30,Brookhaven-Amesbury (30),D12
4539,1106578,2009-05-04,1100,TRETHEWEY DR,BROOKHAVEN DR,None,Minor Arterial,Etobicoke York,At Intersection,No Control,Clear,Daylight,Dry,Non-Fatal Injury,Turning Movement,Driver,45 to 49,Major,None,East,"Automobile, Station Wagon",Turning Left,Improper Turn,Inattentive,None,None,None,None,None,None,None,None,Yes,None,None,None,None,Yes,None,None,None,None,None,30,Brookhaven-Amesbury,30,Brookhaven-Amesbury (30),D12
4540,1106578,2009-05-04,1100,TRETHEWEY DR,BROOKHAVEN DR,None,Minor Arterial,Etobicoke York,At Intersection,No Control,Clear,Daylight,Dry,Non-Fatal Injury,Turning Movement,Passenger,50 to 54,Major,None,None,Other,None,None,None,None,None,None,None,None,None,None,None,Yes,None,None,None,None,Yes,None,None,None,None,None,30,Brookhaven-Amesbury,30,Brookhaven-Amesbury (30),D12
4541,1106578,2009-05-04,1100,TRETHEWEY DR,BROOKHAVEN DR,None,Minor Arterial,Etobicoke York,At Intersection,No Control,Clear,Daylight,Dry,Non-Fatal Injury,Turning Movement,Vehicle Owner,unknown,None,None,None,Other,None,None,None,None,None,None,None,None,None,None,None,Yes,None,None,None,None,Yes,None,None,None,None,None,30,Brookhaven-Amesbury,30,Brookhaven-Amesbury (30),D12
4542,1106578,2009-05-04,1100,TRETHEWEY DR,BROOKHAVEN DR,None,Minor Arterial,Etobicoke York,At Intersection,No Control,Clear,Daylight,Dry,Non-Fatal Injury,Turning Movement,Driver,55 to 59,None,None,East,"Automobile, Station Wagon",Going Ahead,Driving Properly,Normal,None,None,None,None,None,None,None,None,Yes,None,None,None,None,Yes,None,None,None,None,None,30,Brookhaven-Amesbury,30,Brookhaven-Amesbury (30),D12
4543,1106823,2009-05-06,1909,1472 AVENUE RD,None,None,Major Arterial,North York,None,No Control,Clear,Daylight,Dry,Non-Fatal Injury,Pedestrian Collisions,Vehicle Owner,unknown,None,None,None,Other,None,None,None,None,None,None,None,None,None,Yes,None,Yes,None,None,None,None,None,None,None,None,None,None,39,Bedford Park-Nortown,39,Bedford Park-Nortown (39),D53
4544,1106823,2009-05-06,1909,1472 AVENUE RD,None,None,Major Arterial,North York,None,No Control,Clear,Daylight,Dry,Non-Fatal Injury,Pedestrian Collisions,Driver,40 to 44,None,None,South,"Automobile, Station Wagon",Going Ahead,Driving Properly,Normal,None,None,None,None,None,None,Yes,None,Yes,None,None,None,None,None,None,None,None,None,None,39,Bedford Park-Nortown,39,Bedford Park-Nortown (39),D53
4545,1106823,2009-05-06,1909,1472 AVENUE RD,None,None,Major Arterial,North York,None,No Control,Clear,Daylight,Dry,Non-Fatal Injury,Pedestrian Collisions,Pedestrian,25 to 29,Major,None,None,Other,None,None,None,Pedestrian hit at mid-block,Running onto Roadway,Had Been Drinking,None,None,None,Yes,None,Yes,None,None,None,None,None,None,None,None,None,None,39,Bedford Park-Nortown,39,Bedford Park-Nortown (39),D53