_id,ACCNUM,DATE,TIME,STREET1,STREET2,OFFSET,ROAD_CLASS,DISTRICT,ACCLOC,TRAFFCTL,VISIBILITY,LIGHT,RDSFCOND,ACCLASS,IMPACTYPE,INVTYPE,INVAGE,INJURY,FATAL_NO,INITDIR,VEHTYPE,MANOEUVER,DRIVACT,DRIVCOND,PEDTYPE,PEDACT,PEDCOND,CYCLISTYPE,CYCACT,CYCCOND,PEDESTRIAN,CYCLIST,AUTOMOBILE,MOTORCYCLE,TRUCK,TRSN_CITY_VEH,EMERG_VEH,PASSENGER,SPEEDING,AG_DRIV,REDLIGHT,ALCOHOL,DISABILITY,HOOD_158,NEIGHBOURHOOD_158,HOOD_140,NEIGHBOURHOOD_140,DIVISION
4676,1113423,2009-06-05,1830,1183 FINCH Ave W,None,None,Major Arterial,North York,None,Traffic Signal,Clear,Daylight,Dry,Non-Fatal Injury,Rear End,Driver,65 to 69,Major,None,East,Other,Stopped,Driving Properly,Normal,None,None,None,None,None,None,None,None,Yes,None,None,None,None,None,None,Yes,None,None,None,27,York University Heights,27,York University Heights (27),D31
4677,1113770,2009-06-06,2009,COXWELL Ave,ROBBINS Ave,None,Minor Arterial,Toronto and East York,None,No Control,Clear,Daylight,Dry,Non-Fatal Injury,Cyclist Collisions,Driver,40 to 44,None,None,South,"Automobile, Station Wagon",Parked,Other,Inattentive,None,None,None,None,None,None,None,Yes,Yes,None,None,None,None,None,None,None,None,None,None,64,Woodbine Corridor,64,Woodbine Corridor (64),D55
4678,1113770,2009-06-06,2009,COXWELL Ave,ROBBINS Ave,None,Minor Arterial,Toronto and East York,None,No Control,Clear,Daylight,Dry,Non-Fatal Injury,Cyclist Collisions,Cyclist,50 to 54,Major,None,South,Bicycle,Going Ahead,None,None,None,None,None,Cyclist struck opened vehicle door,Driving Properly,Normal,None,Yes,Yes,None,None,None,None,None,None,None,None,None,None,64,Woodbine Corridor,64,Woodbine Corridor (64),D55
4679,1113980,2009-06-07,1631,ISLINGTON Ave,ABERLADY Rd,None,Major Arterial,Etobicoke York,None,No Control,Clear,Daylight,Dry,Non-Fatal Injury,SMV Other,Motorcycle Driver,35 to 39,Major,None,North,Motorcycle,Going Ahead,Lost control,Normal,None,None,None,None,None,None,None,None,None,Yes,None,None,None,None,None,None,None,None,None,16,Stonegate-Queensway,16,Stonegate-Queensway (16),D22
4680,1109235,2009-06-09,1613,CUMMER Aven,BAYVIEW Aven,None,Major Arterial,North York,At Intersection,Traffic Signal,Clear,Daylight,Dry,Non-Fatal Injury,Pedestrian Collisions,Pedestrian,60 to 64,Major,None,North,Other,None,None,None,Vehicle is going straight thru inter.while ped cross without ROW,Crossing without right of way,Inattentive,None,None,None,Yes,None,Yes,None,None,None,None,None,None,None,None,None,None,50,Newtonbrook East,50,Newtonbrook East (50),D32
4681,1109235,2009-06-09,1613,CUMMER Aven,BAYVIEW Aven,None,Major Arterial,North York,At Intersection,Traffic Signal,Clear,Daylight,Dry,Non-Fatal Injury,Pedestrian Collisions,Vehicle Owner,unknown,None,None,None,Other,None,None,None,None,None,None,None,None,None,Yes,None,Yes,None,None,None,None,None,None,None,None,None,None,50,Newtonbrook East,50,Newtonbrook East (50),D32
4682,1109235,2009-06-09,1613,CUMMER Aven,BAYVIEW Aven,None,Major Arterial,North York,At Intersection,Traffic Signal,Clear,Daylight,Dry,Non-Fatal Injury,Pedestrian Collisions,Driver,20 to 24,None,None,West,"Automobile, Station Wagon",Going Ahead,Driving Properly,Normal,None,None,None,None,None,None,Yes,None,Yes,None,None,None,None,None,None,None,None,None,None,50,Newtonbrook East,50,Newtonbrook East (50),D32
4683,1108724,2009-06-10,1546,EGLINTON AVE W,OLD PARK RD,None,Major Arterial,North York,None,Traffic Signal,Clear,Daylight,Dry,Non-Fatal Injury,Pedestrian Collisions,Vehicle Owner,unknown,None,None,None,Other,None,None,None,None,None,None,None,None,None,Yes,None,Yes,None,None,None,None,None,None,None,None,None,None,102,Forest Hill North,102,Forest Hill North (102),D13
4684,1108724,2009-06-10,1546,EGLINTON AVE W,OLD PARK RD,None,Major Arterial,North York,None,Traffic Signal,Clear,Daylight,Dry,Non-Fatal Injury,Pedestrian Collisions,Driver,50 to 54,None,None,West,"Automobile, Station Wagon",Going Ahead,Driving Properly,Normal,None,None,None,None,None,None,Yes,None,Yes,None,None,None,None,None,None,None,None,None,None,102,Forest Hill North,102,Forest Hill North (102),D13
4685,1108724,2009-06-10,1546,EGLINTON AVE W,OLD PARK RD,None,Major Arterial,North York,None,Traffic Signal,Clear,Daylight,Dry,Non-Fatal Injury,Pedestrian Collisions,Driver,50 to 54,None,None,West,"Automobile, Station Wagon",Going Ahead,Driving Properly,Normal,None,None,None,None,None,None,Yes,None,Yes,None,None,None,None,None,None,None,None,None,None,102,Forest Hill North,102,Forest Hill North (102),D13
4686,1108724,2009-06-10,1546,EGLINTON AVE W,OLD PARK RD,None,Major Arterial,North York,None,Traffic Signal,Clear,Daylight,Dry,Non-Fatal Injury,Pedestrian Collisions,Pedestrian,40 to 44,Major,None,South,Other,None,None,None,Vehicle is going straight thru inter.while ped cross without ROW,Running onto Roadway,None,None,None,None,Yes,None,Yes,None,None,None,None,None,None,None,None,None,None,102,Forest Hill North,102,Forest Hill North (102),D13
4687,1110888,2009-06-11,835,WELLINGTON ST W,YORK ST,None,Minor Arterial,Toronto and East York,At Intersection,Traffic Signal,Clear,Daylight,Dry,Non-Fatal Injury,Cyclist Collisions,Driver,unknown,None,None,West,"Automobile, Station Wagon",Going Ahead,Driving Properly,Normal,None,None,None,None,None,None,None,Yes,Yes,None,None,None,None,None,None,None,None,None,None,170,Yonge-Bay Corridor,76,Bay Street Corridor (76),D52
4688,1110888,2009-06-11,835,WELLINGTON ST W,YORK ST,None,Minor Arterial,Toronto and East York,At Intersection,Traffic Signal,Clear,Daylight,Dry,Non-Fatal Injury,Cyclist Collisions,Cyclist,40 to 44,Major,None,West,Bicycle,Slowing or Stopping,None,None,None,None,None,Cyclist and Driver travelling in same direction. One vehicle sideswipes the other.,Lost control,Normal,None,Yes,Yes,None,None,None,None,None,None,None,None,None,None,170,Yonge-Bay Corridor,76,Bay Street Corridor (76),D52
4689,1109028,2009-06-11,1030,SOUTH KINGSWAY,THE QUEENSWAY,None,Minor Arterial,Toronto and East York,None,No Control,Clear,Daylight,Dry,Non-Fatal Injury,Rear End,Passenger,55 to 59,Minimal,None,None,Other,None,None,None,None,None,None,None,None,None,None,None,Yes,None,None,None,None,Yes,None,None,None,None,None,87,High Park-Swansea,87,High Park-Swansea (87),D11
4690,1109028,2009-06-11,1030,SOUTH KINGSWAY,THE QUEENSWAY,None,Minor Arterial,Toronto and East York,None,No Control,Clear,Daylight,Dry,Non-Fatal Injury,Rear End,Passenger,unknown,Major,None,None,Other,None,None,None,None,None,None,None,None,None,None,None,Yes,None,None,None,None,Yes,None,None,None,None,None,87,High Park-Swansea,87,High Park-Swansea (87),D11
4691,1109028,2009-06-11,1030,SOUTH KINGSWAY,THE QUEENSWAY,None,Minor Arterial,Toronto and East York,None,No Control,Clear,Daylight,Dry,Non-Fatal Injury,Rear End,Driver,55 to 59,Minimal,None,South,"Automobile, Station Wagon",Slowing or Stopping,Lost control,Normal,None,None,None,None,None,None,None,None,Yes,None,None,None,None,Yes,None,None,None,None,None,87,High Park-Swansea,87,High Park-Swansea (87),D11
4692,1109028,2009-06-11,1030,SOUTH KINGSWAY,THE QUEENSWAY,None,Minor Arterial,Toronto and East York,None,No Control,Clear,Daylight,Dry,Non-Fatal Injury,Rear End,Vehicle Owner,unknown,None,None,None,Other,None,None,None,None,None,None,None,None,None,None,None,Yes,None,None,None,None,Yes,None,None,None,None,None,87,High Park-Swansea,87,High Park-Swansea (87),D11
4693,1109028,2009-06-11,1030,SOUTH KINGSWAY,THE QUEENSWAY,None,Minor Arterial,Toronto and East York,None,No Control,Clear,Daylight,Dry,Non-Fatal Injury,Rear End,Driver,50 to 54,None,None,South,"Automobile, Station Wagon",Stopped,Driving Properly,Normal,None,None,None,None,None,None,None,None,Yes,None,None,None,None,Yes,None,None,None,None,None,87,High Park-Swansea,87,High Park-Swansea (87),D11
4694,1114683,2009-06-12,1725,AMSTERDAM AVE,O CONNOR DR,None,Major Arterial,Toronto and East York,None,No Control,Clear,Daylight,Dry,Non-Fatal Injury,Approaching,Motorcycle Driver,35 to 39,Major,None,South,Motorcycle,Going Ahead,Improper Turn,Normal,None,None,None,None,None,None,None,None,Yes,Yes,None,None,None,None,None,None,None,None,None,54,O'Connor-Parkview,54,O'Connor-Parkview (54),D55
4695,1114683,2009-06-12,1725,AMSTERDAM AVE,O CONNOR DR,None,Major Arterial,Toronto and East York,None,No Control,Clear,Daylight,Dry,Non-Fatal Injury,Approaching,Driver,45 to 49,None,None,North,"Automobile, Station Wagon",Going Ahead,Driving Properly,Normal,None,None,None,None,None,None,None,None,Yes,Yes,None,None,None,None,None,None,None,None,None,54,O'Connor-Parkview,54,O'Connor-Parkview (54),D55
4696,1109154,2009-06-13,852,WILLIAM R ALLEN RD S,ELM RIDGE DR,None,None,North York,None,No Control,Clear,Daylight,Dry,Non-Fatal Injury,Rear End,Driver,45 to 49,Major,None,South,"Automobile, Station Wagon",Slowing or Stopping,Driving Properly,Normal,None,None,None,None,None,None,None,None,Yes,None,None,None,None,Yes,None,Yes,None,None,None,102,Forest Hill North,102,Forest Hill North (102),D13
4697,1109154,2009-06-13,852,WILLIAM R ALLEN RD S,ELM RIDGE DR,None,None,North York,None,No Control,Clear,Daylight,Dry,Non-Fatal Injury,Rear End,Driver,40 to 44,Minimal,None,South,"Automobile, Station Wagon",Stopped,Driving Properly,Normal,None,None,None,None,None,None,None,None,Yes,None,None,None,None,Yes,None,Yes,None,None,None,102,Forest Hill North,102,Forest Hill North (102),D13
4698,1109154,2009-06-13,852,WILLIAM R ALLEN RD S,ELM RIDGE DR,None,None,North York,None,No Control,Clear,Daylight,Dry,Non-Fatal Injury,Rear End,Passenger,15 to 19,Minimal,None,None,Other,None,None,None,None,None,None,None,None,None,None,None,Yes,None,None,None,None,Yes,None,Yes,None,None,None,102,Forest Hill North,102,Forest Hill North (102),D13
4699,1109154,2009-06-13,852,WILLIAM R ALLEN RD S,ELM RIDGE DR,None,None,North York,None,No Control,Clear,Daylight,Dry,Non-Fatal Injury,Rear End,Driver,65 to 69,None,None,South,"Automobile, Station Wagon",Unknown,Following too Close,Inattentive,None,None,None,None,None,None,None,None,Yes,None,None,None,None,Yes,None,Yes,None,None,None,102,Forest Hill North,102,Forest Hill North (102),D13
4700,1114984,2009-06-13,1818,DUPONT ST,SHAW ST,None,Major Arterial,Toronto and East York,None,No Control,Clear,Daylight,Dry,Non-Fatal Injury,Turning Movement,Motorcycle Driver,35 to 39,Major,None,East,Motorcycle,Slowing or Stopping,Driving Properly,Normal,None,None,None,None,None,None,None,None,Yes,Yes,None,None,None,None,None,None,None,None,None,172,Dovercourt Village,93,Dovercourt-Wallace Emerson-Junction (93),D14
4701,1114984,2009-06-13,1818,DUPONT ST,SHAW ST,None,Major Arterial,Toronto and East York,None,No Control,Clear,Daylight,Dry,Non-Fatal Injury,Turning Movement,Vehicle Owner,unknown,None,None,None,Other,None,None,None,None,None,None,None,None,None,None,None,Yes,Yes,None,None,None,None,None,None,None,None,None,172,Dovercourt Village,93,Dovercourt-Wallace Emerson-Junction (93),D14
4702,1114984,2009-06-13,1818,DUPONT ST,SHAW ST,None,Major Arterial,Toronto and East York,None,No Control,Clear,Daylight,Dry,Non-Fatal Injury,Turning Movement,Driver,15 to 19,None,None,East,"Automobile, Station Wagon",Making U Turn,Improper Turn,Inattentive,None,None,None,None,None,None,None,None,Yes,Yes,None,None,None,None,None,None,None,None,None,172,Dovercourt Village,93,Dovercourt-Wallace Emerson-Junction (93),D14
4703,1109297,2009-06-14,2206,THE QUEENSWAY,STEPHEN DR,None,Major Arterial,Etobicoke York,None,No Control,Clear,Dark,Dry,Non-Fatal Injury,SMV Other,Passenger,30 to 34,Major,None,None,Other,None,None,None,None,None,None,None,None,None,None,None,Yes,None,None,None,None,Yes,None,None,None,Yes,None,16,Stonegate-Queensway,16,Stonegate-Queensway (16),D22
4704,1109297,2009-06-14,2206,THE QUEENSWAY,STEPHEN DR,None,Major Arterial,Etobicoke York,None,No Control,Clear,Dark,Dry,Non-Fatal Injury,SMV Other,Driver,30 to 34,Minimal,None,East,"Automobile, Station Wagon",Going Ahead,Lost control,"Ability Impaired, Alcohol",None,None,None,None,None,None,None,None,Yes,None,None,None,None,Yes,None,None,None,Yes,None,16,Stonegate-Queensway,16,Stonegate-Queensway (16),D22
4705,1109820,2009-06-17,1708,KEELE ST,DUNDAS ST W,None,Major Arterial,Toronto and East York,None,No Control,Rain,Daylight,Wet,Fatal,Pedestrian Collisions,Vehicle Owner,unknown,None,None,None,Other,None,None,None,None,None,None,None,None,None,Yes,None,None,None,Yes,None,None,None,None,None,None,None,None,90,Junction Area,90,Junction Area (90),D11
4706,1109820,2009-06-17,1708,KEELE ST,DUNDAS ST W,None,Major Arterial,Toronto and East York,None,No Control,Rain,Daylight,Wet,Fatal,Pedestrian Collisions,Truck Driver,60 to 64,None,None,North,Truck - Open,Going Ahead,Driving Properly,Normal,None,None,None,None,None,None,Yes,None,None,None,Yes,None,None,None,None,None,None,None,None,90,Junction Area,90,Junction Area (90),D11
4707,1109820,2009-06-17,1708,KEELE ST,DUNDAS ST W,None,Major Arterial,Toronto and East York,None,No Control,Rain,Daylight,Wet,Fatal,Pedestrian Collisions,Pedestrian,85 to 89,Fatal,16,Unknown,Other,None,None,None,Pedestrian hit at mid-block,Other,Normal,None,None,None,Yes,None,None,None,Yes,None,None,None,None,None,None,None,None,90,Junction Area,90,Junction Area (90),D11
4708,1111004,2009-06-17,1915,ST CLAIR AVE W,TWEEDSMUIR AVE,None,Major Arterial,Toronto and East York,None,Traffic Signal,Rain,Dark,Wet,Non-Fatal Injury,Pedestrian Collisions,Driver,unknown,None,None,East,"Automobile, Station Wagon",Reversing,Other,Unknown,None,None,None,None,None,None,Yes,None,Yes,None,None,None,None,None,None,None,None,None,None,96,Casa Loma,96,Casa Loma (96),D13
4709,1111004,2009-06-17,1915,ST CLAIR AVE W,TWEEDSMUIR AVE,None,Major Arterial,Toronto and East York,None,Traffic Signal,Rain,Dark,Wet,Non-Fatal Injury,Pedestrian Collisions,Pedestrian,80 to 84,Major,None,South,Other,None,None,None,Vehicle is reversing and hits pedestrian,Crossing with right of way,Normal,None,None,None,Yes,None,Yes,None,None,None,None,None,None,None,None,None,None,96,Casa Loma,96,Casa Loma (96),D13
4710,1110013,2009-06-18,2213,EGLINTON AVE W,MARTIN GROVE RD,None,Major Arterial,Etobicoke York,None,Traffic Controller,Clear,Dark,Dry,Non-Fatal Injury,Turning Movement,Driver,40 to 44,Major,None,East,"Automobile, Station Wagon",Turning Left,Failed to Yield Right of Way,Normal,None,None,None,None,None,None,None,None,Yes,None,None,None,None,None,None,Yes,None,None,None,11,Eringate-Centennial-West Deane,11,Eringate-Centennial-West Deane (11),D22
4711,1110013,2009-06-18,2213,EGLINTON AVE W,MARTIN GROVE RD,None,Major Arterial,Etobicoke York,None,Traffic Controller,Clear,Dark,Dry,Non-Fatal Injury,Turning Movement,Driver,20 to 24,Major,None,West,"Automobile, Station Wagon",Going Ahead,Driving Properly,Normal,None,None,None,None,None,None,None,None,Yes,None,None,None,None,None,None,Yes,None,None,None,11,Eringate-Centennial-West Deane,11,Eringate-Centennial-West Deane (11),D22
4712,1115921,2009-06-19,1030,MANNING AVE,BLOOR ST W,None,Major Arterial,Toronto and East York,None,Traffic Signal,Clear,Daylight,Dry,Non-Fatal Injury,Pedestrian Collisions,Other,unknown,None,None,South,Other,Parked,None,None,None,None,None,None,None,None,Yes,None,Yes,None,None,None,None,None,None,None,None,None,None,95,Annex,95,Annex (95),D14
4713,1115921,2009-06-19,1030,MANNING AVE,BLOOR ST W,None,Major Arterial,Toronto and East York,None,Traffic Signal,Clear,Daylight,Dry,Non-Fatal Injury,Pedestrian Collisions,Driver,70 to 74,None,None,South,"Automobile, Station Wagon",Reversing,Other,Normal,None,None,None,None,None,None,Yes,None,Yes,None,None,None,None,None,None,None,None,None,None,95,Annex,95,Annex (95),D14
4714,1115921,2009-06-19,1030,MANNING AVE,BLOOR ST W,None,Major Arterial,Toronto and East York,None,Traffic Signal,Clear,Daylight,Dry,Non-Fatal Injury,Pedestrian Collisions,Pedestrian,40 to 44,Major,None,None,Other,None,None,None,Vehicle is reversing and hits pedestrian,Playing or Working on Highway,Normal,None,None,None,Yes,None,Yes,None,None,None,None,None,None,None,None,None,None,95,Annex,95,Annex (95),D14
4715,1115922,2009-06-19,1430,COLLINGSBROOK BLVD,SOLWAY CRT,None,Collector,Scarborough,At Intersection,Stop Sign,Clear,Daylight,Dry,Non-Fatal Injury,Approaching,Driver,60 to 64,Major,None,South,"Automobile, Station Wagon",Going Ahead,Driving Properly,Normal,None,None,None,None,None,None,None,None,Yes,None,None,None,None,None,None,None,None,Yes,None,147,L'Amoreaux West,117,L'Amoreaux (117),D42
4716,1115922,2009-06-19,1430,COLLINGSBROOK BLVD,SOLWAY CRT,None,Collector,Scarborough,At Intersection,Stop Sign,Clear,Daylight,Dry,Non-Fatal Injury,Approaching,Vehicle Owner,unknown,None,None,None,Other,None,None,None,None,None,None,None,None,None,None,None,Yes,None,None,None,None,None,None,None,None,Yes,None,147,L'Amoreaux West,117,L'Amoreaux (117),D42
4717,1115922,2009-06-19,1430,COLLINGSBROOK BLVD,SOLWAY CRT,None,Collector,Scarborough,At Intersection,Stop Sign,Clear,Daylight,Dry,Non-Fatal Injury,Approaching,Driver,35 to 39,Minimal,None,North,"Automobile, Station Wagon",Going Ahead,Improper Lane Change,"Ability Impaired, Alcohol Over .08",None,None,None,None,None,None,None,None,Yes,None,None,None,None,None,None,None,None,Yes,None,147,L'Amoreaux West,117,L'Amoreaux (117),D42
4718,1110181,2009-06-19,1844,PARLIAMENT ST,OAK ST,None,Minor Arterial,Toronto and East York,At Intersection,Pedestrian Crossover,Clear,Daylight,Dry,Non-Fatal Injury,Cyclist Collisions,Passenger,30 to 34,None,None,None,Other,None,None,None,None,None,None,None,None,None,None,Yes,Yes,None,None,None,None,Yes,None,Yes,None,None,None,72,Regent Park,72,Regent Park (72),D51
4719,1110181,2009-06-19,1844,PARLIAMENT ST,OAK ST,None,Minor Arterial,Toronto and East York,At Intersection,Pedestrian Crossover,Clear,Daylight,Dry,Non-Fatal Injury,Cyclist Collisions,Driver,25 to 29,None,None,South,"Automobile, Station Wagon",Going Ahead,Disobeyed Traffic Control,Inattentive,None,None,None,None,None,None,None,Yes,Yes,None,None,None,None,Yes,None,Yes,None,None,None,72,Regent Park,72,Regent Park (72),D51
4720,1110181,2009-06-19,1844,PARLIAMENT ST,OAK ST,None,Minor Arterial,Toronto and East York,At Intersection,Pedestrian Crossover,Clear,Daylight,Dry,Non-Fatal Injury,Cyclist Collisions,Cyclist,5 to 9,Major,None,West,Bicycle,Going Ahead,None,None,None,None,None,Cyclist struck at PXO(cyclist either travel in same dir. as veh. or ride across xwalk),Other,Normal,None,Yes,Yes,None,None,None,None,Yes,None,Yes,None,None,None,72,Regent Park,72,Regent Park (72),D51
4721,1115973,2009-06-20,2130,JANE ST,MACDONALD AVE,None,Major Arterial,Etobicoke York,None,No Control,Clear,Dark,Dry,Non-Fatal Injury,Pedestrian Collisions,Vehicle Owner,unknown,None,None,None,Other,None,None,None,None,None,None,None,None,None,Yes,None,Yes,None,None,None,None,None,None,None,None,None,None,28,Rustic,28,Rustic (28),D12
4722,1115973,2009-06-20,2130,JANE ST,MACDONALD AVE,None,Major Arterial,Etobicoke York,None,No Control,Clear,Dark,Dry,Non-Fatal Injury,Pedestrian Collisions,Driver,35 to 39,None,None,South,"Automobile, Station Wagon",Going Ahead,Driving Properly,Normal,None,None,None,None,None,None,Yes,None,Yes,None,None,None,None,None,None,None,None,None,None,28,Rustic,28,Rustic (28),D12
4723,1115973,2009-06-20,2130,JANE ST,MACDONALD AVE,None,Major Arterial,Etobicoke York,None,No Control,Clear,Dark,Dry,Non-Fatal Injury,Pedestrian Collisions,Pedestrian,0 to 4,Major,None,None,Other,None,None,None,Other / Undefined,Running onto Roadway,Inattentive,None,None,None,Yes,None,Yes,None,None,None,None,None,None,None,None,None,None,28,Rustic,28,Rustic (28),D12
4724,1116001,2009-06-20,2152,COSBURN AVE,GREENWOOD AVE,None,Minor Arterial,Toronto and East York,At Intersection,Traffic Signal,Clear,Dark,Wet,Non-Fatal Injury,Pedestrian Collisions,Driver,45 to 49,None,None,West,"Automobile, Station Wagon",Going Ahead,Driving Properly,Normal,None,None,None,None,None,None,Yes,None,Yes,None,None,None,None,None,None,None,None,None,None,58,Old East York,58,Old East York (58),D55
4725,1116001,2009-06-20,2152,COSBURN AVE,GREENWOOD AVE,None,Minor Arterial,Toronto and East York,At Intersection,Traffic Signal,Clear,Dark,Wet,Non-Fatal Injury,Pedestrian Collisions,Pedestrian,15 to 19,Major,None,None,Other,None,None,None,Vehicle is going straight thru inter.while ped cross without ROW,Running onto Roadway,Inattentive,None,None,None,Yes,None,Yes,None,None,None,None,None,None,None,None,None,None,58,Old East York,58,Old East York (58),D55
4726,1110376,2009-06-21,1600,WARDEN AVE,KINGSTON RD,None,Major Arterial,Scarborough,At Intersection,Traffic Signal,Clear,Daylight,Dry,Non-Fatal Injury,Cyclist Collisions,Driver,unknown,None,None,South,"Automobile, Station Wagon",Going Ahead,Following too Close,Unknown,None,None,None,None,None,None,None,Yes,Yes,None,None,None,None,None,None,Yes,None,None,None,122,Birchcliffe-Cliffside,122,Birchcliffe-Cliffside (122),D41
4727,1110376,2009-06-21,1600,WARDEN AVE,KINGSTON RD,None,Major Arterial,Scarborough,At Intersection,Traffic Signal,Clear,Daylight,Dry,Non-Fatal Injury,Cyclist Collisions,Cyclist,45 to 49,Major,None,South,Bicycle,Turning Right,None,None,None,None,None,Cyclist and Driver travelling in same direction. One vehicle rear-ended the other.,Driving Properly,Had Been Drinking,None,Yes,Yes,None,None,None,None,None,None,Yes,None,None,None,122,Birchcliffe-Cliffside,122,Birchcliffe-Cliffside (122),D41
4728,1116367,2009-06-21,1838,DANFORTH AVE,WOODYCREST AVE,None,Major Arterial,Toronto and East York,None,No Control,Clear,Daylight,Dry,Non-Fatal Injury,Cyclist Collisions,Driver,30 to 34,None,None,East,"Automobile, Station Wagon",Parked,Other,Inattentive,None,None,None,None,None,None,None,Yes,Yes,None,None,None,None,None,None,None,None,None,None,69,Blake-Jones,69,Blake-Jones (69),D55
4729,1116367,2009-06-21,1838,DANFORTH AVE,WOODYCREST AVE,None,Major Arterial,Toronto and East York,None,No Control,Clear,Daylight,Dry,Non-Fatal Injury,Cyclist Collisions,Cyclist,35 to 39,Major,None,East,Bicycle,Overtaking,None,None,None,None,None,Cyclist struck opened vehicle door,Driving Properly,Normal,None,Yes,Yes,None,None,None,None,None,None,None,None,None,None,69,Blake-Jones,69,Blake-Jones (69),D55
4730,1107460,2009-06-22,0,F G GARDINER XY  E,KIPLING AVE,None,None,Etobicoke York,None,No Control,Clear,Daylight,Dry,Non-Fatal Injury,Sideswipe,Motorcycle Driver,25 to 29,Major,None,East,Motorcycle,Going Ahead,Driving Properly,Normal,None,None,None,None,None,None,None,None,Yes,Yes,None,None,None,None,Yes,Yes,None,None,None,160,Mimico-Queensway,17,Mimico (includes Humber Bay Shores) (17),D22
4731,1107460,2009-06-22,0,F G GARDINER XY  E,KIPLING AVE,None,None,Etobicoke York,None,No Control,Clear,Daylight,Dry,Non-Fatal Injury,Sideswipe,Driver,40 to 44,None,None,East,"Automobile, Station Wagon",Changing Lanes,Improper Lane Change,Normal,None,None,None,None,None,None,None,None,Yes,Yes,None,None,None,None,Yes,Yes,None,None,None,160,Mimico-Queensway,17,Mimico (includes Humber Bay Shores) (17),D22
4732,1110532,2009-06-22,802,22 ELINOR AVE,None,None,Local,Scarborough,None,No Control,Clear,Daylight,Dry,Non-Fatal Injury,Rear End,Passenger,0 to 4,Major,None,None,Other,None,None,None,None,None,None,None,None,None,None,None,Yes,None,None,None,None,Yes,None,Yes,None,None,None,119,Wexford/Maryvale,119,Wexford/Maryvale (119),D41
4733,1110532,2009-06-22,802,22 ELINOR AVE,None,None,Local,Scarborough,None,No Control,Clear,Daylight,Dry,Non-Fatal Injury,Rear End,Driver,25 to 29,Minor,None,South,"Automobile, Station Wagon",Going Ahead,Following too Close,Normal,None,None,None,None,None,None,None,None,Yes,None,None,None,None,Yes,None,Yes,None,None,None,119,Wexford/Maryvale,119,Wexford/Maryvale (119),D41
4734,1110532,2009-06-22,802,22 ELINOR AVE,None,None,Local,Scarborough,None,No Control,Clear,Daylight,Dry,Non-Fatal Injury,Rear End,Vehicle Owner,unknown,None,None,None,Other,None,None,None,None,None,None,None,None,None,None,None,Yes,None,None,None,None,Yes,None,Yes,None,None,None,119,Wexford/Maryvale,119,Wexford/Maryvale (119),D41
4735,1116599,2009-06-22,1600,ST CLAIR AVE W,JANE ST,None,Major Arterial,Etobicoke York,None,Traffic Signal,Clear,Daylight,Dry,Non-Fatal Injury,Pedestrian Collisions,Driver,65 to 69,None,None,North,"Automobile, Station Wagon",Turning Left,Failed to Yield Right of Way,Unknown,None,None,None,None,None,None,Yes,None,Yes,None,None,None,None,None,None,Yes,None,None,None,111,Rockcliffe-Smythe,111,Rockcliffe-Smythe (111),D11
4736,1116599,2009-06-22,1600,ST CLAIR AVE W,JANE ST,None,Major Arterial,Etobicoke York,None,Traffic Signal,Clear,Daylight,Dry,Non-Fatal Injury,Pedestrian Collisions,Pedestrian,55 to 59,Major,None,South,Other,None,None,None,Vehicle turns left while ped crosses with ROW at inter.,Crossing with right of way,Normal,None,None,None,Yes,None,Yes,None,None,None,None,None,None,Yes,None,None,None,111,Rockcliffe-Smythe,111,Rockcliffe-Smythe (111),D11
4737,1116589,2009-06-22,2218,DANFORTH AVE,GREENWOOD AVE,None,Major Arterial,Toronto and East York,At Intersection,Traffic Signal,Clear,Dark,Dry,Non-Fatal Injury,Turning Movement,Passenger,25 to 29,Major,None,None,Other,None,None,None,None,None,None,None,None,None,None,None,Yes,Yes,None,None,None,Yes,None,None,None,None,None,69,Blake-Jones,69,Blake-Jones (69),D55
4738,1116589,2009-06-22,2218,DANFORTH AVE,GREENWOOD AVE,None,Major Arterial,Toronto and East York,At Intersection,Traffic Signal,Clear,Dark,Dry,Non-Fatal Injury,Turning Movement,Motorcycle Driver,30 to 34,Minimal,None,East,Motorcycle,Going Ahead,Driving Properly,Normal,None,None,None,None,None,None,None,None,Yes,Yes,None,None,None,Yes,None,None,None,None,None,69,Blake-Jones,69,Blake-Jones (69),D55
4739,1116589,2009-06-22,2218,DANFORTH AVE,GREENWOOD AVE,None,Major Arterial,Toronto and East York,At Intersection,Traffic Signal,Clear,Dark,Dry,Non-Fatal Injury,Turning Movement,Vehicle Owner,unknown,None,None,None,Other,None,None,None,None,None,None,None,None,None,None,None,Yes,Yes,None,None,None,Yes,None,None,None,None,None,69,Blake-Jones,69,Blake-Jones (69),D55
4740,1116589,2009-06-22,2218,DANFORTH AVE,GREENWOOD AVE,None,Major Arterial,Toronto and East York,At Intersection,Traffic Signal,Clear,Dark,Dry,Non-Fatal Injury,Turning Movement,Driver,40 to 44,None,None,West,"Automobile, Station Wagon",Turning Left,Improper Turn,Inattentive,None,None,None,None,None,None,None,None,Yes,Yes,None,None,None,Yes,None,None,None,None,None,69,Blake-Jones,69,Blake-Jones (69),D55