_id,ACCNUM,DATE,TIME,STREET1,STREET2,OFFSET,ROAD_CLASS,DISTRICT,ACCLOC,TRAFFCTL,VISIBILITY,LIGHT,RDSFCOND,ACCLASS,IMPACTYPE,INVTYPE,INVAGE,INJURY,FATAL_NO,INITDIR,VEHTYPE,MANOEUVER,DRIVACT,DRIVCOND,PEDTYPE,PEDACT,PEDCOND,CYCLISTYPE,CYCACT,CYCCOND,PEDESTRIAN,CYCLIST,AUTOMOBILE,MOTORCYCLE,TRUCK,TRSN_CITY_VEH,EMERG_VEH,PASSENGER,SPEEDING,AG_DRIV,REDLIGHT,ALCOHOL,DISABILITY,HOOD_158,NEIGHBOURHOOD_158,HOOD_140,NEIGHBOURHOOD_140,DIVISION
5000,1124595,2009-09-14,2103,KINGSTON RD,CLIFFSIDE DR,None,Major Arterial,Scarborough,At Intersection,Traffic Signal,Clear,Dark,Dry,Non-Fatal Injury,Cyclist Collisions,Passenger,50 to 54,Minor,None,None,Other,Other,None,None,None,None,None,None,None,None,None,Yes,Yes,None,None,None,None,Yes,None,None,None,None,None,122,Birchcliffe-Cliffside,122,Birchcliffe-Cliffside (122),D41
5001,1124595,2009-09-14,2103,KINGSTON RD,CLIFFSIDE DR,None,Major Arterial,Scarborough,At Intersection,Traffic Signal,Clear,Dark,Dry,Non-Fatal Injury,Cyclist Collisions,Cyclist,45 to 49,Major,None,None,Bicycle,Going Ahead,None,None,None,None,None,"Cyclist without ROW rides into path of motorist at inter, lnwy, dwy-Cyclist not turn.",Disobeyed Traffic Control,"Ability Impaired, Alcohol Over .80",None,Yes,Yes,None,None,None,None,Yes,None,None,None,None,None,122,Birchcliffe-Cliffside,122,Birchcliffe-Cliffside (122),D41
5002,1124865,2009-09-15,1400,KIPLING AVE,ALBION RD,None,Major Arterial,Etobicoke York,None,No Control,Clear,Daylight,Dry,Fatal,Pedestrian Collisions,Driver,40 to 44,None,None,South,"Automobile, Station Wagon",Going Ahead,Driving Properly,Normal,None,None,None,None,None,None,Yes,None,Yes,None,None,None,None,None,None,None,None,None,None,3,Thistletown-Beaumond Heights,3,Thistletown-Beaumond Heights (3),D23
5003,1124865,2009-09-15,1400,KIPLING AVE,ALBION RD,None,Major Arterial,Etobicoke York,None,No Control,Clear,Daylight,Dry,Fatal,Pedestrian Collisions,Pedestrian,75 to 79,Fatal,27,East,Other,None,None,None,Pedestrian hit at mid-block,"Crossing, no Traffic Control",Inattentive,None,None,None,Yes,None,Yes,None,None,None,None,None,None,None,None,None,None,3,Thistletown-Beaumond Heights,3,Thistletown-Beaumond Heights (3),D23
5004,1125395,2009-09-16,833,2680 KEELE ST,None,None,Major Arterial,North York,At Intersection,No Control,Clear,Daylight,Dry,Non-Fatal Injury,Turning Movement,Vehicle Owner,unknown,None,None,None,Other,None,None,None,None,None,None,None,None,None,None,None,Yes,None,Yes,None,None,None,None,None,None,None,None,154,Oakdale-Beverley Heights,26,Downsview-Roding-CFB (26),D31
5005,1125395,2009-09-16,833,2680 KEELE ST,None,None,Major Arterial,North York,At Intersection,No Control,Clear,Daylight,Dry,Non-Fatal Injury,Turning Movement,Truck Driver,50 to 54,None,None,South,Truck - Open,Going Ahead,Driving Properly,Normal,None,None,None,None,None,None,None,None,Yes,None,Yes,None,None,None,None,None,None,None,None,154,Oakdale-Beverley Heights,26,Downsview-Roding-CFB (26),D31
5006,1125395,2009-09-16,833,2680 KEELE ST,None,None,Major Arterial,North York,At Intersection,No Control,Clear,Daylight,Dry,Non-Fatal Injury,Turning Movement,Driver,85 to 89,Major,None,North,"Automobile, Station Wagon",Turning Left,Improper Turn,Inattentive,None,None,None,None,None,None,None,None,Yes,None,Yes,None,None,None,None,None,None,None,None,154,Oakdale-Beverley Heights,26,Downsview-Roding-CFB (26),D31
5007,1125395,2009-09-16,833,2680 KEELE ST,None,None,Major Arterial,North York,At Intersection,No Control,Clear,Daylight,Dry,Non-Fatal Injury,Turning Movement,Other,unknown,None,None,None,Other,None,None,None,None,None,None,None,None,None,None,None,Yes,None,Yes,None,None,None,None,None,None,None,None,154,Oakdale-Beverley Heights,26,Downsview-Roding-CFB (26),D31
5008,1130210,2009-09-16,950,BAY ST,ST JOSEPH ST,None,Major Arterial,Toronto and East York,At Intersection,Traffic Signal,Clear,Daylight,Dry,Non-Fatal Injury,Rear End,Motorcycle Driver,25 to 29,Major,None,South,Motorcycle,Slowing or Stopping,Following too Close,Inattentive,None,None,None,None,None,None,None,None,Yes,Yes,None,None,None,None,Yes,Yes,None,None,None,169,Bay-Cloverhill,76,Bay Street Corridor (76),D52
5009,1130210,2009-09-16,950,BAY ST,ST JOSEPH ST,None,Major Arterial,Toronto and East York,At Intersection,Traffic Signal,Clear,Daylight,Dry,Non-Fatal Injury,Rear End,Driver,50 to 54,None,None,South,"Automobile, Station Wagon",Stopped,Driving Properly,Normal,None,None,None,None,None,None,None,None,Yes,Yes,None,None,None,None,Yes,Yes,None,None,None,169,Bay-Cloverhill,76,Bay Street Corridor (76),D52
5010,1130310,2009-09-16,2320,QUEENS PARK CRES E,GROSVENOR ST,None,Major Arterial,Toronto and East York,None,No Control,Clear,Dark,Dry,Non-Fatal Injury,SMV Other,Motorcycle Driver,20 to 24,Major,None,North,Motorcycle,Going Ahead,Lost control,Inattentive,None,None,None,None,None,None,None,None,None,Yes,None,None,None,None,Yes,Yes,None,None,None,169,Bay-Cloverhill,76,Bay Street Corridor (76),D52
5011,1125430,2009-09-17,1349,KEELE ST,MURRAY ROSS PKWY,None,Major Arterial,Etobicoke York,At Intersection,Traffic Signal,Clear,Daylight,Dry,Non-Fatal Injury,SMV Other,Vehicle Owner,unknown,None,None,None,Other,None,None,None,None,None,None,None,None,None,None,None,Yes,None,None,None,None,None,None,None,None,None,Yes,27,York University Heights,27,York University Heights (27),D31
5012,1125430,2009-09-17,1349,KEELE ST,MURRAY ROSS PKWY,None,Major Arterial,Etobicoke York,At Intersection,Traffic Signal,Clear,Daylight,Dry,Non-Fatal Injury,SMV Other,Driver,45 to 49,Major,None,North,"Automobile, Station Wagon",Going Ahead,Lost control,Medical or Physical Disability,None,None,None,None,None,None,None,None,Yes,None,None,None,None,None,None,None,None,None,Yes,27,York University Heights,27,York University Heights (27),D31
5013,1125601,2009-09-17,1520,MARKHAM Road,TUXEDO Cour,None,Major Arterial,Scarborough,None,Traffic Signal,Clear,Daylight,Dry,Non-Fatal Injury,Pedestrian Collisions,Driver,35 to 39,None,None,South,"Automobile, Station Wagon",Going Ahead,Driving Properly,Normal,None,None,None,None,None,None,Yes,None,Yes,None,None,None,None,None,None,None,None,None,None,142,Woburn North,137,Woburn (137),D43
5014,1125601,2009-09-17,1520,MARKHAM Road,TUXEDO Cour,None,Major Arterial,Scarborough,None,Traffic Signal,Clear,Daylight,Dry,Non-Fatal Injury,Pedestrian Collisions,Pedestrian,75 to 79,Major,None,West,Other,None,None,None,Vehicle is going straight thru inter.while ped cross without ROW,Crossing without right of way,Normal,None,None,None,Yes,None,Yes,None,None,None,None,None,None,None,None,None,None,142,Woburn North,137,Woburn (137),D43
5015,1130482,2009-09-18,45,KINGSTON Rd,BIRCHCLIFF Ave,None,Major Arterial,Scarborough,None,No Control,Clear,Dark,Dry,Non-Fatal Injury,Pedestrian Collisions,Driver,40 to 44,None,None,East,"Automobile, Station Wagon",Going Ahead,Driving Properly,Normal,None,None,None,None,None,None,Yes,None,Yes,None,None,None,None,None,None,None,None,None,None,122,Birchcliffe-Cliffside,122,Birchcliffe-Cliffside (122),D41
5016,1130482,2009-09-18,45,KINGSTON Rd,BIRCHCLIFF Ave,None,Major Arterial,Scarborough,None,No Control,Clear,Dark,Dry,Non-Fatal Injury,Pedestrian Collisions,Pedestrian,15 to 19,Major,None,South,Other,None,None,None,Pedestrian hit at mid-block,Running onto Roadway,"Ability Impaired, Alcohol",None,None,None,Yes,None,Yes,None,None,None,None,None,None,None,None,None,None,122,Birchcliffe-Cliffside,122,Birchcliffe-Cliffside (122),D41
5017,1130499,2009-09-18,2302,DON MILLS RD,OVERLEA BLVD,None,Major Arterial,North York,At Intersection,Traffic Signal,Clear,Dark,Dry,Non-Fatal Injury,Pedestrian Collisions,Driver,50 to 54,None,None,West,"Automobile, Station Wagon",Turning Left,Driving Properly,Normal,None,None,None,None,None,None,Yes,None,Yes,None,None,None,None,None,None,None,None,None,None,44,Flemingdon Park,44,Flemingdon Park (44),D55
5018,1130499,2009-09-18,2302,DON MILLS RD,OVERLEA BLVD,None,Major Arterial,North York,At Intersection,Traffic Signal,Clear,Dark,Dry,Non-Fatal Injury,Pedestrian Collisions,Pedestrian,25 to 29,Major,None,West,Other,None,None,None,Vehicle turns left while ped crosses with ROW at inter.,Crossing with right of way,Inattentive,None,None,None,Yes,None,Yes,None,None,None,None,None,None,None,None,None,None,44,Flemingdon Park,44,Flemingdon Park (44),D55
5019,1130411,2009-09-19,1418,ELLESMERE RD,DEWEY DR,None,Major Arterial,Scarborough,At Intersection,Stop Sign,Clear,Daylight,Dry,Fatal,Turning Movement,Driver,30 to 34,None,None,East,"Automobile, Station Wagon",Going Ahead,Driving Properly,Normal,None,None,None,None,None,None,None,None,Yes,None,None,None,None,None,None,Yes,None,None,None,119,Wexford/Maryvale,119,Wexford/Maryvale (119),D41
5020,1130411,2009-09-19,1418,ELLESMERE RD,DEWEY DR,None,Major Arterial,Scarborough,At Intersection,Stop Sign,Clear,Daylight,Dry,Fatal,Turning Movement,Driver,85 to 89,Fatal,28,North,"Automobile, Station Wagon",Turning Left,Failed to Yield Right of Way,Inattentive,None,None,None,None,None,None,None,None,Yes,None,None,None,None,None,None,Yes,None,None,None,119,Wexford/Maryvale,119,Wexford/Maryvale (119),D41
5021,1130772,2009-09-19,2047,DANFORTH Aven,DAWES Road,None,Major Arterial,Toronto and East York,At Intersection,Traffic Signal,Clear,Dark,Dry,Non-Fatal Injury,Pedestrian Collisions,Driver,20 to 24,None,None,North,"Automobile, Station Wagon",Turning Left,Failed to Yield Right of Way,Normal,None,None,None,None,None,None,Yes,None,Yes,None,None,None,None,None,Yes,Yes,None,None,None,62,East End-Danforth,62,East End-Danforth (62),D55
5022,1130772,2009-09-19,2047,DANFORTH Aven,DAWES Road,None,Major Arterial,Toronto and East York,At Intersection,Traffic Signal,Clear,Dark,Dry,Non-Fatal Injury,Pedestrian Collisions,Pedestrian,55 to 59,Major,None,South,Other,None,None,None,Vehicle turns left while ped crosses with ROW at inter.,Crossing with right of way,Normal,None,None,None,Yes,None,Yes,None,None,None,None,None,Yes,Yes,None,None,None,62,East End-Danforth,62,East End-Danforth (62),D55
5023,1126375,2009-09-19,2315,DON MILLS RD,HAVENBROOK BLVD,None,Major Arterial,North York,At Intersection,Traffic Signal,Clear,Dark,Dry,Non-Fatal Injury,Pedestrian Collisions,Driver,unknown,None,None,South,"Automobile, Station Wagon",Going Ahead,Failed to Yield Right of Way,Unknown,None,None,None,None,None,None,Yes,None,Yes,None,None,None,None,None,None,Yes,None,None,None,53,Henry Farm,53,Henry Farm (53),D33
5024,1126375,2009-09-19,2315,DON MILLS RD,HAVENBROOK BLVD,None,Major Arterial,North York,At Intersection,Traffic Signal,Clear,Dark,Dry,Non-Fatal Injury,Pedestrian Collisions,Pedestrian,15 to 19,Major,None,West,Other,None,None,None,Vehicle is going straight thru inter.while ped cross with ROW,Crossing with right of way,Normal,None,None,None,Yes,None,Yes,None,None,None,None,None,None,Yes,None,None,None,53,Henry Farm,53,Henry Farm (53),D33
5025,1125793,2009-09-20,244,DUNDAS ST W,DOVERCOURT RD,None,Minor Arterial,Toronto and East York,At Intersection,Traffic Signal,Clear,Dark,Dry,Non-Fatal Injury,Rear End,Driver,45 to 49,Major,None,East,"Automobile, Station Wagon",Going Ahead,Driving Properly,Normal,None,None,None,None,None,None,None,None,Yes,None,None,None,None,None,Yes,Yes,None,Yes,None,81,Trinity-Bellwoods,81,Trinity-Bellwoods (81),D14
5026,1125793,2009-09-20,244,DUNDAS ST W,DOVERCOURT RD,None,Minor Arterial,Toronto and East York,At Intersection,Traffic Signal,Clear,Dark,Dry,Non-Fatal Injury,Rear End,Driver,65 to 69,Major,None,West,"Automobile, Station Wagon",Going Ahead,Exceeding Speed Limit,"Ability Impaired, Alcohol Over .08",None,None,None,None,None,None,None,None,Yes,None,None,None,None,None,Yes,Yes,None,Yes,None,81,Trinity-Bellwoods,81,Trinity-Bellwoods (81),D14
5027,1125793,2009-09-20,244,DUNDAS ST W,DOVERCOURT RD,None,Minor Arterial,Toronto and East York,At Intersection,Traffic Signal,Clear,Dark,Dry,Non-Fatal Injury,Rear End,Driver,15 to 19,Major,None,West,"Automobile, Station Wagon",Going Ahead,Driving Properly,Normal,None,None,None,None,None,None,None,None,Yes,None,None,None,None,None,Yes,Yes,None,Yes,None,81,Trinity-Bellwoods,81,Trinity-Bellwoods (81),D14
5028,1125793,2009-09-20,244,DUNDAS ST W,DOVERCOURT RD,None,Minor Arterial,Toronto and East York,At Intersection,Traffic Signal,Clear,Dark,Dry,Non-Fatal Injury,Rear End,Driver,45 to 49,Major,None,East,"Automobile, Station Wagon",Going Ahead,Driving Properly,Normal,None,None,None,None,None,None,None,None,Yes,None,None,None,None,None,Yes,Yes,None,Yes,None,81,Trinity-Bellwoods,81,Trinity-Bellwoods (81),D14
5029,1125794,2009-09-20,244,DUNDAS ST W,COOLMINE RD,None,Minor Arterial,Toronto and East York,At Intersection,No Control,Clear,Dark,Dry,Non-Fatal Injury,Rear End,Driver,65 to 69,Major,None,West,"Automobile, Station Wagon",Going Ahead,Exceeding Speed Limit,"Ability Impaired, Alcohol Over .08",None,None,None,None,None,None,None,None,Yes,None,None,None,None,None,Yes,Yes,None,Yes,None,84,Little Portugal,84,Little Portugal (84),D14
5030,1125794,2009-09-20,244,DUNDAS ST W,COOLMINE RD,None,Minor Arterial,Toronto and East York,At Intersection,No Control,Clear,Dark,Dry,Non-Fatal Injury,Rear End,Driver,40 to 44,Major,None,East,"Automobile, Station Wagon",Going Ahead,Driving Properly,Normal,None,None,None,None,None,None,None,None,Yes,None,None,None,None,None,Yes,Yes,None,Yes,None,84,Little Portugal,84,Little Portugal (84),D14
5031,1125794,2009-09-20,244,DUNDAS ST W,COOLMINE RD,None,Minor Arterial,Toronto and East York,At Intersection,No Control,Clear,Dark,Dry,Non-Fatal Injury,Rear End,Driver,30 to 34,Major,None,West,"Automobile, Station Wagon",Going Ahead,Driving Properly,Normal,None,None,None,None,None,None,None,None,Yes,None,None,None,None,None,Yes,Yes,None,Yes,None,84,Little Portugal,84,Little Portugal (84),D14
5032,1132426,2009-09-20,1220,BLOOR ST W,RENFORTH DR,None,Major Arterial,Etobicoke York,At Intersection,Stop Sign,Clear,Daylight,Dry,Non-Fatal Injury,Turning Movement,Driver,40 to 44,None,None,South,"Automobile, Station Wagon",Turning Left,Disobeyed Traffic Control,Normal,None,None,None,None,None,None,None,None,Yes,None,None,None,None,Yes,None,Yes,None,None,None,12,Markland Wood,12,Markland Wood (12),D22
5033,1132426,2009-09-20,1220,BLOOR ST W,RENFORTH DR,None,Major Arterial,Etobicoke York,At Intersection,Stop Sign,Clear,Daylight,Dry,Non-Fatal Injury,Turning Movement,Passenger,40 to 44,Minimal,None,None,Other,None,None,None,None,None,None,None,None,None,None,None,Yes,None,None,None,None,Yes,None,Yes,None,None,None,12,Markland Wood,12,Markland Wood (12),D22
5034,1132426,2009-09-20,1220,BLOOR ST W,RENFORTH DR,None,Major Arterial,Etobicoke York,At Intersection,Stop Sign,Clear,Daylight,Dry,Non-Fatal Injury,Turning Movement,Driver,40 to 44,Major,None,East,"Automobile, Station Wagon",Going Ahead,Driving Properly,Normal,None,None,None,None,None,None,None,None,Yes,None,None,None,None,Yes,None,Yes,None,None,None,12,Markland Wood,12,Markland Wood (12),D22
5035,1126015,2009-09-22,52,MURRAY ROSS PKWY,LEITCH AVE,None,Collector,Etobicoke York,None,No Control,Clear,Dark,Wet,Non-Fatal Injury,Pedestrian Collisions,Passenger,20 to 24,None,None,None,Other,None,None,None,None,None,None,None,None,None,Yes,None,Yes,None,None,None,None,Yes,Yes,Yes,None,None,None,27,York University Heights,27,York University Heights (27),D31
5036,1126015,2009-09-22,52,MURRAY ROSS PKWY,LEITCH AVE,None,Collector,Etobicoke York,None,No Control,Clear,Dark,Wet,Non-Fatal Injury,Pedestrian Collisions,Driver,25 to 29,None,None,West,"Automobile, Station Wagon",Going Ahead,Exceeding Speed Limit,Unknown,None,None,None,None,None,None,Yes,None,Yes,None,None,None,None,Yes,Yes,Yes,None,None,None,27,York University Heights,27,York University Heights (27),D31
5037,1126015,2009-09-22,52,MURRAY ROSS PKWY,LEITCH AVE,None,Collector,Etobicoke York,None,No Control,Clear,Dark,Wet,Non-Fatal Injury,Pedestrian Collisions,Pedestrian,20 to 24,Major,None,None,Other,None,None,None,Pedestrian hit on sidewalk or shoulder,On Sidewalk or Shoulder,Normal,None,None,None,Yes,None,Yes,None,None,None,None,Yes,Yes,Yes,None,None,None,27,York University Heights,27,York University Heights (27),D31
5038,1131662,2009-09-22,1320,SUNNYSIDE Aven,MARION Stre,None,Collector,Toronto and East York,None,No Control,Clear,Daylight,Dry,Non-Fatal Injury,Pedestrian Collisions,Vehicle Owner,unknown,None,None,None,Other,None,None,None,None,None,None,None,None,None,Yes,None,Yes,None,None,None,None,None,None,None,None,None,None,87,High Park-Swansea,87,High Park-Swansea (87),D11
5039,1131662,2009-09-22,1320,SUNNYSIDE Aven,MARION Stre,None,Collector,Toronto and East York,None,No Control,Clear,Daylight,Dry,Non-Fatal Injury,Pedestrian Collisions,Driver,65 to 69,None,None,North,"Automobile, Station Wagon",Going Ahead,Driving Properly,Normal,None,None,None,None,None,None,Yes,None,Yes,None,None,None,None,None,None,None,None,None,None,87,High Park-Swansea,87,High Park-Swansea (87),D11
5040,1131662,2009-09-22,1320,SUNNYSIDE Aven,MARION Stre,None,Collector,Toronto and East York,None,No Control,Clear,Daylight,Dry,Non-Fatal Injury,Pedestrian Collisions,Pedestrian,40 to 44,Major,None,West,Other,None,None,None,Vehicle hits the pedestrian walking or running out from between parked vehicles at mid-block,Coming From Behind Parked Vehicle,Normal,None,None,None,Yes,None,Yes,None,None,None,None,None,None,None,None,None,None,87,High Park-Swansea,87,High Park-Swansea (87),D11
5041,1126214,2009-09-22,2220,YONGE Stre,GROSVENOR Stre,None,Major Arterial,Toronto and East York,At Intersection,Traffic Signal,Clear,Dark,Dry,Non-Fatal Injury,Pedestrian Collisions,Driver,40 to 44,None,None,South,"Automobile, Station Wagon",Going Ahead,Driving Properly,Normal,None,None,None,None,None,None,Yes,None,Yes,None,None,None,None,None,None,None,None,None,None,167,Church-Wellesley,75,Church-Yonge Corridor (75),D51
5042,1126214,2009-09-22,2220,YONGE Stre,GROSVENOR Stre,None,Major Arterial,Toronto and East York,At Intersection,Traffic Signal,Clear,Dark,Dry,Non-Fatal Injury,Pedestrian Collisions,Vehicle Owner,unknown,None,None,None,Other,None,None,None,None,None,None,None,None,None,Yes,None,Yes,None,None,None,None,None,None,None,None,None,None,167,Church-Wellesley,75,Church-Yonge Corridor (75),D51
5043,1126214,2009-09-22,2220,YONGE Stre,GROSVENOR Stre,None,Major Arterial,Toronto and East York,At Intersection,Traffic Signal,Clear,Dark,Dry,Non-Fatal Injury,Pedestrian Collisions,Driver,20 to 24,None,None,South,"Automobile, Station Wagon",Going Ahead,Driving Properly,Normal,None,None,None,None,None,None,Yes,None,Yes,None,None,None,None,None,None,None,None,None,None,167,Church-Wellesley,75,Church-Yonge Corridor (75),D51
5044,1126214,2009-09-22,2220,YONGE Stre,GROSVENOR Stre,None,Major Arterial,Toronto and East York,At Intersection,Traffic Signal,Clear,Dark,Dry,Non-Fatal Injury,Pedestrian Collisions,Pedestrian,30 to 34,Major,None,None,Other,None,None,None,Vehicle is going straight thru inter.while ped cross without ROW,Other,Unknown,None,None,None,Yes,None,Yes,None,None,None,None,None,None,None,None,None,None,167,Church-Wellesley,75,Church-Yonge Corridor (75),D51
5045,1128816,2009-09-23,1230,LAKE SHORE BLVD E,LOWER JARVIS ST,None,Major Arterial,Toronto and East York,None,No Control,Clear,Daylight,Dry,Non-Fatal Injury,Sideswipe,Driver,25 to 29,None,None,West,"Automobile, Station Wagon",Changing Lanes,Improper Lane Change,Normal,None,None,None,None,None,None,None,None,Yes,None,None,None,None,Yes,None,None,None,None,None,166,St Lawrence-East Bayfront-The Islands,77,Waterfront Communities-The Island (77),D51
5046,1128816,2009-09-23,1230,LAKE SHORE BLVD E,LOWER JARVIS ST,None,Major Arterial,Toronto and East York,None,No Control,Clear,Daylight,Dry,Non-Fatal Injury,Sideswipe,Passenger,50 to 54,Major,None,None,Other,None,None,None,None,None,None,None,None,None,None,None,Yes,None,None,None,None,Yes,None,None,None,None,None,166,St Lawrence-East Bayfront-The Islands,77,Waterfront Communities-The Island (77),D51
5047,1128816,2009-09-23,1230,LAKE SHORE BLVD E,LOWER JARVIS ST,None,Major Arterial,Toronto and East York,None,No Control,Clear,Daylight,Dry,Non-Fatal Injury,Sideswipe,Driver,25 to 29,None,None,West,"Automobile, Station Wagon",Going Ahead,Driving Properly,Normal,None,None,None,None,None,None,None,None,Yes,None,None,None,None,Yes,None,None,None,None,None,166,St Lawrence-East Bayfront-The Islands,77,Waterfront Communities-The Island (77),D51
5048,1132051,2009-09-24,1010,CHURCH ST,GOULD ST,None,Minor Arterial,Toronto and East York,None,No Control,Clear,Daylight,Dry,Non-Fatal Injury,Cyclist Collisions,Driver,unknown,None,None,South,"Automobile, Station Wagon",Parked,Other,Inattentive,None,None,None,None,None,None,None,Yes,Yes,None,None,None,None,None,None,None,None,None,None,168,Downtown Yonge East,75,Church-Yonge Corridor (75),D51
5049,1132051,2009-09-24,1010,CHURCH ST,GOULD ST,None,Minor Arterial,Toronto and East York,None,No Control,Clear,Daylight,Dry,Non-Fatal Injury,Cyclist Collisions,Cyclist,20 to 24,Major,None,South,Bicycle,Slowing or Stopping,None,None,None,None,None,Cyclist struck opened vehicle door,Driving Properly,Normal,None,Yes,Yes,None,None,None,None,None,None,None,None,None,None,168,Downtown Yonge East,75,Church-Yonge Corridor (75),D51
5050,1131978,2009-09-24,1730,DUPONT ST,OSLER ST,None,Major Arterial,Toronto and East York,None,No Control,Clear,Daylight,Dry,Non-Fatal Injury,Cyclist Collisions,Driver,35 to 39,None,None,East,"Automobile, Station Wagon",Turning Left,Improper Turn,Normal,None,None,None,None,None,None,None,Yes,Yes,None,None,None,None,None,None,None,None,None,None,171,Junction-Wallace Emerson,93,Dovercourt-Wallace Emerson-Junction (93),D11
5051,1131978,2009-09-24,1730,DUPONT ST,OSLER ST,None,Major Arterial,Toronto and East York,None,No Control,Clear,Daylight,Dry,Non-Fatal Injury,Cyclist Collisions,Cyclist,30 to 34,Major,None,West,Bicycle,Going Ahead,None,None,None,None,None,Motorist turned left across cyclists path.,Driving Properly,Normal,None,Yes,Yes,None,None,None,None,None,None,None,None,None,None,171,Junction-Wallace Emerson,93,Dovercourt-Wallace Emerson-Junction (93),D11
5052,1133302,2009-09-24,2115,MARTIN GROVE Road,EGLINTON Aven W,None,Major Arterial,Etobicoke York,At Intersection,Traffic Signal,Clear,Dark,Dry,Non-Fatal Injury,Turning Movement,Driver,25 to 29,None,None,North,"Automobile, Station Wagon",Going Ahead,Driving Properly,Normal,None,None,None,None,None,None,None,None,Yes,Yes,None,None,None,Yes,None,None,None,None,None,11,Eringate-Centennial-West Deane,11,Eringate-Centennial-West Deane (11),D22
5053,1133302,2009-09-24,2115,MARTIN GROVE Road,EGLINTON Aven W,None,Major Arterial,Etobicoke York,At Intersection,Traffic Signal,Clear,Dark,Dry,Non-Fatal Injury,Turning Movement,Passenger,25 to 29,Major,None,None,Other,None,None,None,None,None,None,None,None,None,None,None,Yes,Yes,None,None,None,Yes,None,None,None,None,None,11,Eringate-Centennial-West Deane,11,Eringate-Centennial-West Deane (11),D22
5054,1133302,2009-09-24,2115,MARTIN GROVE Road,EGLINTON Aven W,None,Major Arterial,Etobicoke York,At Intersection,Traffic Signal,Clear,Dark,Dry,Non-Fatal Injury,Turning Movement,Motorcycle Driver,30 to 34,Major,None,South,Motorcycle,Turning Left,Improper Turn,Inattentive,None,None,None,None,None,None,None,None,Yes,Yes,None,None,None,Yes,None,None,None,None,None,11,Eringate-Centennial-West Deane,11,Eringate-Centennial-West Deane (11),D22
5055,1126950,2009-09-25,1340,80 AUTO MALL DR,None,None,Local,Scarborough,None,No Control,Clear,Daylight,Dry,Non-Fatal Injury,Sideswipe,Driver,50 to 54,None,None,North,Passenger Van,Turning Left,Driving Properly,Normal,None,None,None,None,None,None,None,None,Yes,Yes,None,None,None,None,None,Yes,None,None,None,144,Morningside Heights,131,Rouge (131),D42
5056,1126950,2009-09-25,1340,80 AUTO MALL DR,None,None,Local,Scarborough,None,No Control,Clear,Daylight,Dry,Non-Fatal Injury,Sideswipe,Motorcycle Driver,30 to 34,Major,None,North,Motorcycle,Overtaking,Improper Passing,Inattentive,None,None,None,None,None,None,None,None,Yes,Yes,None,None,None,None,None,Yes,None,None,None,144,Morningside Heights,131,Rouge (131),D42
5057,1132092,2009-09-25,1700,O CONNOR DR,COXWELL AVE,None,Major Arterial,Toronto and East York,None,Traffic Signal,Clear,Daylight,Dry,Non-Fatal Injury,Turning Movement,Driver,30 to 34,Minor,None,West,"Automobile, Station Wagon",Going Ahead,Driving Properly,Normal,None,None,None,None,None,None,None,None,Yes,None,None,None,None,Yes,None,Yes,None,None,None,58,Old East York,58,Old East York (58),D55
5058,1132092,2009-09-25,1700,O CONNOR DR,COXWELL AVE,None,Major Arterial,Toronto and East York,None,Traffic Signal,Clear,Daylight,Dry,Non-Fatal Injury,Turning Movement,Passenger,25 to 29,Major,None,None,Other,None,None,None,None,None,None,None,None,None,None,None,Yes,None,None,None,None,Yes,None,Yes,None,None,None,58,Old East York,58,Old East York (58),D55
5059,1132092,2009-09-25,1700,O CONNOR DR,COXWELL AVE,None,Major Arterial,Toronto and East York,None,Traffic Signal,Clear,Daylight,Dry,Non-Fatal Injury,Turning Movement,Driver,20 to 24,Minor,None,East,"Automobile, Station Wagon",Turning Left,Failed to Yield Right of Way,Normal,None,None,None,None,None,None,None,None,Yes,None,None,None,None,Yes,None,Yes,None,None,None,58,Old East York,58,Old East York (58),D55
5060,1132060,2009-09-25,2315,LAWRENCE AVE E,BIRCHMOUNT RD,None,Major Arterial,Scarborough,None,No Control,Clear,Dark,Dry,Non-Fatal Injury,Pedestrian Collisions,Pedestrian,50 to 54,Major,None,None,Other,None,None,None,Pedestrian involved in a collision with transit vehicle anywhere along roadway,Running onto Roadway,Had Been Drinking,None,None,None,Yes,None,None,None,None,Yes,None,None,None,None,None,None,None,126,Dorset Park,126,Dorset Park (126),D41
5061,1132060,2009-09-25,2315,LAWRENCE AVE E,BIRCHMOUNT RD,None,Major Arterial,Scarborough,None,No Control,Clear,Dark,Dry,Non-Fatal Injury,Pedestrian Collisions,Vehicle Owner,unknown,None,None,None,Other,None,None,None,None,None,None,None,None,None,Yes,None,None,None,None,Yes,None,None,None,None,None,None,None,126,Dorset Park,126,Dorset Park (126),D41
5062,1132060,2009-09-25,2315,LAWRENCE AVE E,BIRCHMOUNT RD,None,Major Arterial,Scarborough,None,No Control,Clear,Dark,Dry,Non-Fatal Injury,Pedestrian Collisions,Driver,50 to 54,None,None,East,Municipal Transit Bus (TTC),Pulling Away from Shoulder or Curb,Driving Properly,Normal,None,None,None,None,None,None,Yes,None,None,None,None,Yes,None,None,None,None,None,None,None,126,Dorset Park,126,Dorset Park (126),D41