_id,ACCNUM,DATE,TIME,STREET1,STREET2,OFFSET,ROAD_CLASS,DISTRICT,ACCLOC,TRAFFCTL,VISIBILITY,LIGHT,RDSFCOND,ACCLASS,IMPACTYPE,INVTYPE,INVAGE,INJURY,FATAL_NO,INITDIR,VEHTYPE,MANOEUVER,DRIVACT,DRIVCOND,PEDTYPE,PEDACT,PEDCOND,CYCLISTYPE,CYCACT,CYCCOND,PEDESTRIAN,CYCLIST,AUTOMOBILE,MOTORCYCLE,TRUCK,TRSN_CITY_VEH,EMERG_VEH,PASSENGER,SPEEDING,AG_DRIV,REDLIGHT,ALCOHOL,DISABILITY,HOOD_158,NEIGHBOURHOOD_158,HOOD_140,NEIGHBOURHOOD_140,DIVISION
5194,1137499,2009-10-25,116,DUFFERIN ST,ASCOT AVE,None,Major Arterial,Toronto and East York,None,Stop Sign,Clear,Dark,Dry,Non-Fatal Injury,Approaching,Passenger,15 to 19,Minor,None,None,Other,None,None,None,None,None,None,None,None,None,None,None,Yes,None,None,None,None,Yes,None,Yes,None,None,None,92,Corso Italia-Davenport,92,Corso Italia-Davenport (92),D13
5195,1137499,2009-10-25,116,DUFFERIN ST,ASCOT AVE,None,Major Arterial,Toronto and East York,None,Stop Sign,Clear,Dark,Dry,Non-Fatal Injury,Approaching,Passenger,40 to 44,Minor,None,None,Other,None,None,None,None,None,None,None,None,None,None,None,Yes,None,None,None,None,Yes,None,Yes,None,None,None,92,Corso Italia-Davenport,92,Corso Italia-Davenport (92),D13
5196,1137499,2009-10-25,116,DUFFERIN ST,ASCOT AVE,None,Major Arterial,Toronto and East York,None,Stop Sign,Clear,Dark,Dry,Non-Fatal Injury,Approaching,Vehicle Owner,unknown,None,None,None,Other,None,None,None,None,None,None,None,None,None,None,None,Yes,None,None,None,None,Yes,None,Yes,None,None,None,92,Corso Italia-Davenport,92,Corso Italia-Davenport (92),D13
5197,1137499,2009-10-25,116,DUFFERIN ST,ASCOT AVE,None,Major Arterial,Toronto and East York,None,Stop Sign,Clear,Dark,Dry,Non-Fatal Injury,Approaching,Driver,55 to 59,Minor,None,North,"Automobile, Station Wagon",Stopped,Driving Properly,Normal,None,None,None,None,None,None,None,None,Yes,None,None,None,None,Yes,None,Yes,None,None,None,92,Corso Italia-Davenport,92,Corso Italia-Davenport (92),D13
5198,1137499,2009-10-25,116,DUFFERIN ST,ASCOT AVE,None,Major Arterial,Toronto and East York,None,Stop Sign,Clear,Dark,Dry,Non-Fatal Injury,Approaching,Driver,20 to 24,None,None,North,"Automobile, Station Wagon",Going Ahead,Lost control,Unknown,None,None,None,None,None,None,None,None,Yes,None,None,None,None,Yes,None,Yes,None,None,None,92,Corso Italia-Davenport,92,Corso Italia-Davenport (92),D13
5199,1137440,2009-10-25,1722,ALBION RD,FINCH AVE W,None,Major Arterial,Etobicoke York,At Intersection,Traffic Signal,Clear,Daylight,Dry,Non-Fatal Injury,Turning Movement,Driver,20 to 24,Major,None,West,Taxi,Turning Left,Improper Turn,Normal,None,None,None,None,None,None,None,None,Yes,None,None,None,None,None,None,Yes,None,None,None,2,Mount Olive-Silverstone-Jamestown,2,Mount Olive-Silverstone-Jamestown (2),D23
5200,1137440,2009-10-25,1722,ALBION RD,FINCH AVE W,None,Major Arterial,Etobicoke York,At Intersection,Traffic Signal,Clear,Daylight,Dry,Non-Fatal Injury,Turning Movement,Driver,25 to 29,Minor,None,East,"Automobile, Station Wagon",Going Ahead,Driving Properly,Normal,None,None,None,None,None,None,None,None,Yes,None,None,None,None,None,None,Yes,None,None,None,2,Mount Olive-Silverstone-Jamestown,2,Mount Olive-Silverstone-Jamestown (2),D23
5201,1137620,2009-10-27,848,BATHURST ST,STEELES AVE W,None,Major Arterial,North York,At Intersection,No Control,Clear,Daylight,Dry,Non-Fatal Injury,Pedestrian Collisions,Driver,45 to 49,None,None,North,"Automobile, Station Wagon",Going Ahead,Driving Properly,Normal,None,None,None,None,None,None,Yes,None,Yes,None,None,None,None,None,None,None,None,None,None,36,Newtonbrook West,36,Newtonbrook West (36),D32
5202,1137620,2009-10-27,848,BATHURST ST,STEELES AVE W,None,Major Arterial,North York,At Intersection,No Control,Clear,Daylight,Dry,Non-Fatal Injury,Pedestrian Collisions,Pedestrian,35 to 39,Major,None,West,Other,None,None,None,Vehicle is going straight thru inter.while ped cross without ROW,Running onto Roadway,Normal,None,None,None,Yes,None,Yes,None,None,None,None,None,None,None,None,None,None,36,Newtonbrook West,36,Newtonbrook West (36),D32
5203,1133598,2009-10-28,707,BIRMINGHAM ST,NINETEENTH ST,None,Collector,Etobicoke York,None,No Control,Rain,"Dawn, artificial",Wet,Non-Fatal Injury,Pedestrian Collisions,Pedestrian,5 to 9,None,None,North,Other,None,None,None,Vehicle is going straight thru inter.while ped cross without ROW,"Crossing, no Traffic Control",Inattentive,None,None,None,Yes,None,None,None,None,Yes,None,None,None,None,None,None,None,18,New Toronto,18,New Toronto (18),D22
5204,1133598,2009-10-28,707,BIRMINGHAM ST,NINETEENTH ST,None,Collector,Etobicoke York,None,No Control,Rain,"Dawn, artificial",Wet,Non-Fatal Injury,Pedestrian Collisions,Pedestrian,30 to 34,None,None,North,Other,None,None,None,Vehicle is going straight thru inter.while ped cross without ROW,"Crossing, no Traffic Control",Inattentive,None,None,None,Yes,None,None,None,None,Yes,None,None,None,None,None,None,None,18,New Toronto,18,New Toronto (18),D22
5205,1133598,2009-10-28,707,BIRMINGHAM ST,NINETEENTH ST,None,Collector,Etobicoke York,None,No Control,Rain,"Dawn, artificial",Wet,Non-Fatal Injury,Pedestrian Collisions,Pedestrian,5 to 9,Major,None,North,Other,None,None,None,Vehicle is going straight thru inter.while ped cross without ROW,"Crossing, no Traffic Control",Inattentive,None,None,None,Yes,None,None,None,None,Yes,None,None,None,None,None,None,None,18,New Toronto,18,New Toronto (18),D22
5206,1133598,2009-10-28,707,BIRMINGHAM ST,NINETEENTH ST,None,Collector,Etobicoke York,None,No Control,Rain,"Dawn, artificial",Wet,Non-Fatal Injury,Pedestrian Collisions,Vehicle Owner,unknown,None,None,None,Other,None,None,None,None,None,None,None,None,None,Yes,None,None,None,None,Yes,None,None,None,None,None,None,None,18,New Toronto,18,New Toronto (18),D22
5207,1133598,2009-10-28,707,BIRMINGHAM ST,NINETEENTH ST,None,Collector,Etobicoke York,None,No Control,Rain,"Dawn, artificial",Wet,Non-Fatal Injury,Pedestrian Collisions,Driver,35 to 39,None,None,West,Municipal Transit Bus (TTC),Going Ahead,Driving Properly,Unknown,None,None,None,None,None,None,Yes,None,None,None,None,Yes,None,None,None,None,None,None,None,18,New Toronto,18,New Toronto (18),D22
5208,1137628,2009-10-28,1100,QUEEN Stre W,BATHURST Stre,None,Major Arterial,Toronto and East York,None,Traffic Signal,Clear,Daylight,Dry,Non-Fatal Injury,Pedestrian Collisions,Driver,65 to 69,None,None,East,"Automobile, Station Wagon",Going Ahead,Driving Properly,Normal,None,None,None,None,None,None,Yes,None,Yes,None,None,None,None,None,None,None,None,None,None,164,Wellington Place,77,Waterfront Communities-The Island (77),D14
5209,1137628,2009-10-28,1100,QUEEN Stre W,BATHURST Stre,None,Major Arterial,Toronto and East York,None,Traffic Signal,Clear,Daylight,Dry,Non-Fatal Injury,Pedestrian Collisions,Pedestrian,45 to 49,Major,None,None,Other,None,None,None,Vehicle is going straight thru inter.while ped cross without ROW,Crossing without right of way,Unknown,None,None,None,Yes,None,Yes,None,None,None,None,None,None,None,None,None,None,164,Wellington Place,77,Waterfront Communities-The Island (77),D14
5210,1137628,2009-10-28,1100,QUEEN Stre W,BATHURST Stre,None,Major Arterial,Toronto and East York,None,Traffic Signal,Clear,Daylight,Dry,Non-Fatal Injury,Pedestrian Collisions,Vehicle Owner,unknown,None,None,None,Other,None,None,None,None,None,None,None,None,None,Yes,None,Yes,None,None,None,None,None,None,None,None,None,None,164,Wellington Place,77,Waterfront Communities-The Island (77),D14
5211,1138372,2009-10-30,1950,MIDLAND AVE,WOLFE AVE,None,Minor Arterial,Scarborough,None,No Control,Clear,Dark,Dry,Non-Fatal Injury,Pedestrian Collisions,Pedestrian,15 to 19,Major,None,Unknown,Other,None,None,None,Vehicle is reversing and hits pedestrian,Other,Normal,None,None,None,Yes,None,Yes,None,None,None,None,None,None,None,None,None,None,124,Kennedy Park,124,Kennedy Park (124),D41
5212,1138372,2009-10-30,1950,MIDLAND AVE,WOLFE AVE,None,Minor Arterial,Scarborough,None,No Control,Clear,Dark,Dry,Non-Fatal Injury,Pedestrian Collisions,Vehicle Owner,unknown,None,None,None,Other,None,None,None,None,None,None,None,None,None,Yes,None,Yes,None,None,None,None,None,None,None,None,None,None,124,Kennedy Park,124,Kennedy Park (124),D41
5213,1138372,2009-10-30,1950,MIDLAND AVE,WOLFE AVE,None,Minor Arterial,Scarborough,None,No Control,Clear,Dark,Dry,Non-Fatal Injury,Pedestrian Collisions,Driver,50 to 54,None,None,East,"Automobile, Station Wagon",Reversing,Lost control,Normal,None,None,None,None,None,None,Yes,None,Yes,None,None,None,None,None,None,None,None,None,None,124,Kennedy Park,124,Kennedy Park (124),D41
5214,1138372,2009-10-30,1950,MIDLAND AVE,WOLFE AVE,None,Minor Arterial,Scarborough,None,No Control,Clear,Dark,Dry,Non-Fatal Injury,Pedestrian Collisions,Other Property Owner,unknown,None,None,None,Other,None,None,None,None,None,None,None,None,None,Yes,None,Yes,None,None,None,None,None,None,None,None,None,None,124,Kennedy Park,124,Kennedy Park (124),D41
5215,1134244,2009-10-31,901,KEELE ST,STEELES AVE W,None,Major Arterial,Etobicoke York,At Intersection,Traffic Signal,Rain,Daylight,Wet,Fatal,Turning Movement,Passenger,20 to 24,Minimal,None,None,Other,None,None,None,None,None,None,None,None,None,None,None,Yes,None,None,None,None,Yes,None,Yes,Yes,None,None,27,York University Heights,27,York University Heights (27),D31
5216,1134244,2009-10-31,901,KEELE ST,STEELES AVE W,None,Major Arterial,Etobicoke York,At Intersection,Traffic Signal,Rain,Daylight,Wet,Fatal,Turning Movement,Driver,15 to 19,Fatal,38,South,"Automobile, Station Wagon",Going Ahead,Disobeyed Traffic Control,Inattentive,None,None,None,None,None,None,None,None,Yes,None,None,None,None,Yes,None,Yes,Yes,None,None,27,York University Heights,27,York University Heights (27),D31
5217,1134244,2009-10-31,901,KEELE ST,STEELES AVE W,None,Major Arterial,Etobicoke York,At Intersection,Traffic Signal,Rain,Daylight,Wet,Fatal,Turning Movement,Driver,50 to 54,Minimal,None,West,"Automobile, Station Wagon",Turning Left,Driving Properly,Normal,None,None,None,None,None,None,None,None,Yes,None,None,None,None,Yes,None,Yes,Yes,None,None,27,York University Heights,27,York University Heights (27),D31
5218,1134244,2009-10-31,901,KEELE ST,STEELES AVE W,None,Major Arterial,Etobicoke York,At Intersection,Traffic Signal,Rain,Daylight,Wet,Fatal,Turning Movement,Driver,55 to 59,None,None,East,"Automobile, Station Wagon",Stopped,Driving Properly,Normal,None,None,None,None,None,None,None,None,Yes,None,None,None,None,Yes,None,Yes,Yes,None,None,27,York University Heights,27,York University Heights (27),D31
5219,1134481,2009-11-02,1045,YONGE Stre,DAVISVILLE Aven,None,Minor Arterial,Toronto and East York,At Intersection,No Control,Clear,Daylight,Dry,Non-Fatal Injury,SMV Unattended Vehicle,Driver,70 to 74,Major,None,East,"Automobile, Station Wagon",Going Ahead,Lost control,Medical or Physical Disability,None,None,None,None,None,None,None,None,Yes,None,None,None,None,None,Yes,Yes,None,None,Yes,174,South Eglinton-Davisville,104,Mount Pleasant West (104),D53
5220,1134481,2009-11-02,1045,YONGE Stre,DAVISVILLE Aven,None,Minor Arterial,Toronto and East York,At Intersection,No Control,Clear,Daylight,Dry,Non-Fatal Injury,SMV Unattended Vehicle,Vehicle Owner,unknown,None,None,None,Other,None,None,None,None,None,None,None,None,None,None,None,Yes,None,None,None,None,None,Yes,Yes,None,None,Yes,174,South Eglinton-Davisville,104,Mount Pleasant West (104),D53
5221,1139022,2009-11-02,1758,ST CLAIR Aven E,SELWYN Aven,None,Major Arterial,Toronto and East York,At Intersection,Traffic Signal,Rain,Dark,Wet,Non-Fatal Injury,Pedestrian Collisions,Driver,60 to 64,None,None,South,Pick Up Truck,Turning Left,Failed to Yield Right of Way,Normal,None,None,None,None,None,None,Yes,None,Yes,None,None,None,None,None,None,Yes,None,None,None,54,O'Connor-Parkview,54,O'Connor-Parkview (54),D55
5222,1139022,2009-11-02,1758,ST CLAIR Aven E,SELWYN Aven,None,Major Arterial,Toronto and East York,At Intersection,Traffic Signal,Rain,Dark,Wet,Non-Fatal Injury,Pedestrian Collisions,Pedestrian,15 to 19,Major,None,North,Other,None,None,None,Vehicle turns left while ped crosses with ROW at inter.,Crossing with right of way,Normal,None,None,None,Yes,None,Yes,None,None,None,None,None,None,Yes,None,None,None,54,O'Connor-Parkview,54,O'Connor-Parkview (54),D55
5223,1139055,2009-11-02,1823,JANE ST,ANNETTE ST,None,Major Arterial,Toronto and East York,None,Traffic Signal,Clear,Dark,Wet,Non-Fatal Injury,Turning Movement,Vehicle Owner,unknown,None,None,None,Other,None,None,None,None,None,None,None,None,None,None,None,Yes,None,None,None,None,None,None,Yes,None,None,None,89,Runnymede-Bloor West Village,89,Runnymede-Bloor West Village (89),D11
5224,1139055,2009-11-02,1823,JANE ST,ANNETTE ST,None,Major Arterial,Toronto and East York,None,Traffic Signal,Clear,Dark,Wet,Non-Fatal Injury,Turning Movement,Driver,40 to 44,Minor,None,South,"Automobile, Station Wagon",Turning Left,Failed to Yield Right of Way,Normal,None,None,None,None,None,None,None,None,Yes,None,None,None,None,None,None,Yes,None,None,None,89,Runnymede-Bloor West Village,89,Runnymede-Bloor West Village (89),D11
5225,1139055,2009-11-02,1823,JANE ST,ANNETTE ST,None,Major Arterial,Toronto and East York,None,Traffic Signal,Clear,Dark,Wet,Non-Fatal Injury,Turning Movement,Driver,55 to 59,Major,None,North,"Automobile, Station Wagon",Going Ahead,Driving Properly,Normal,None,None,None,None,None,None,None,None,Yes,None,None,None,None,None,None,Yes,None,None,None,89,Runnymede-Bloor West Village,89,Runnymede-Bloor West Village (89),D11
5226,1134663,2009-11-03,1445,GILDER DR,MIDLAND AVE,None,Major Arterial,Scarborough,At Intersection,Traffic Signal,Clear,Daylight,Dry,Fatal,Pedestrian Collisions,Vehicle Owner,unknown,None,None,None,Other,None,None,None,None,None,None,None,None,None,Yes,None,Yes,None,None,None,None,None,None,Yes,None,None,None,138,Eglinton East,138,Eglinton East (138),D41
5227,1134663,2009-11-03,1445,GILDER DR,MIDLAND AVE,None,Major Arterial,Scarborough,At Intersection,Traffic Signal,Clear,Daylight,Dry,Fatal,Pedestrian Collisions,Driver,50 to 54,None,None,West,"Automobile, Station Wagon",Turning Left,Failed to Yield Right of Way,Unknown,None,None,None,None,None,None,Yes,None,Yes,None,None,None,None,None,None,Yes,None,None,None,138,Eglinton East,138,Eglinton East (138),D41
5228,1134663,2009-11-03,1445,GILDER DR,MIDLAND AVE,None,Major Arterial,Scarborough,At Intersection,Traffic Signal,Clear,Daylight,Dry,Fatal,Pedestrian Collisions,Pedestrian,85 to 89,Fatal,37,East,Other,None,None,None,Vehicle turns left while ped crosses with ROW at inter.,Crossing with right of way,Unknown,None,None,None,Yes,None,Yes,None,None,None,None,None,None,Yes,None,None,None,138,Eglinton East,138,Eglinton East (138),D41
5229,1135071,2009-11-05,1655,STEELES Ave W,HIGHWAY 27  N,None,Major Arterial,Etobicoke York,None,No Control,Clear,Daylight,Dry,Non-Fatal Injury,Approaching,Driver,40 to 44,Minimal,None,East,"Automobile, Station Wagon",Going Ahead,Driving Properly,Normal,None,None,None,None,None,None,None,None,Yes,None,None,None,None,Yes,None,None,None,None,None,1,West Humber-Clairville,NSA,NSA,D23
5230,1135071,2009-11-05,1655,STEELES Ave W,HIGHWAY 27  N,None,Major Arterial,Etobicoke York,None,No Control,Clear,Daylight,Dry,Non-Fatal Injury,Approaching,Driver,35 to 39,Major,None,East,"Automobile, Station Wagon",Going Ahead,Driving Properly,Normal,None,None,None,None,None,None,None,None,Yes,None,None,None,None,Yes,None,None,None,None,None,1,West Humber-Clairville,NSA,NSA,D23
5231,1135071,2009-11-05,1655,STEELES Ave W,HIGHWAY 27  N,None,Major Arterial,Etobicoke York,None,No Control,Clear,Daylight,Dry,Non-Fatal Injury,Approaching,Vehicle Owner,unknown,None,None,None,Other,None,None,None,None,None,None,None,None,None,None,None,Yes,None,None,None,None,Yes,None,None,None,None,None,1,West Humber-Clairville,NSA,NSA,D23
5232,1135071,2009-11-05,1655,STEELES Ave W,HIGHWAY 27  N,None,Major Arterial,Etobicoke York,None,No Control,Clear,Daylight,Dry,Non-Fatal Injury,Approaching,Driver,40 to 44,Minor,None,East,"Automobile, Station Wagon",Going Ahead,Driving Properly,Normal,None,None,None,None,None,None,None,None,Yes,None,None,None,None,Yes,None,None,None,None,None,1,West Humber-Clairville,NSA,NSA,D23
5233,1135071,2009-11-05,1655,STEELES Ave W,HIGHWAY 27  N,None,Major Arterial,Etobicoke York,None,No Control,Clear,Daylight,Dry,Non-Fatal Injury,Approaching,Passenger,0 to 4,Minimal,None,None,Other,None,None,None,None,None,None,None,None,None,None,None,Yes,None,None,None,None,Yes,None,None,None,None,None,1,West Humber-Clairville,NSA,NSA,D23
5234,1135071,2009-11-05,1655,STEELES Ave W,HIGHWAY 27  N,None,Major Arterial,Etobicoke York,None,No Control,Clear,Daylight,Dry,Non-Fatal Injury,Approaching,Driver,20 to 24,Minor,None,West,"Automobile, Station Wagon",Going Ahead,Lost control,Unknown,None,None,None,None,None,None,None,None,Yes,None,None,None,None,Yes,None,None,None,None,None,1,West Humber-Clairville,NSA,NSA,D23
5235,1135071,2009-11-05,1655,STEELES Ave W,HIGHWAY 27  N,None,Major Arterial,Etobicoke York,None,No Control,Clear,Daylight,Dry,Non-Fatal Injury,Approaching,Other Property Owner,unknown,None,None,None,Other,None,None,None,None,None,None,None,None,None,None,None,Yes,None,None,None,None,Yes,None,None,None,None,None,1,West Humber-Clairville,NSA,NSA,D23
5236,1139402,2009-11-06,600,3655 KEELE ST,None,None,Major Arterial,Etobicoke York,None,No Control,Clear,Dark,Dry,Non-Fatal Injury,Turning Movement,Driver,25 to 29,None,None,South,Pick Up Truck,Turning Left,Improper Turn,Normal,None,None,None,None,None,None,None,Yes,Yes,None,None,None,None,None,None,None,None,None,None,27,York University Heights,27,York University Heights (27),D31
5237,1139402,2009-11-06,600,3655 KEELE ST,None,None,Major Arterial,Etobicoke York,None,No Control,Clear,Dark,Dry,Non-Fatal Injury,Turning Movement,Moped Driver,55 to 59,Major,None,North,Moped,Going Ahead,Driving Properly,Normal,None,None,None,None,None,None,None,Yes,Yes,None,None,None,None,None,None,None,None,None,None,27,York University Heights,27,York University Heights (27),D31
5238,1140607,2009-11-06,1033,GROSVENOR ST,BAY ST,None,Collector,Toronto and East York,None,No Control,Clear,Daylight,Dry,Non-Fatal Injury,Sideswipe,Moped Driver,35 to 39,Major,None,West,Moped,Overtaking,Improper Passing,Normal,None,None,None,None,None,None,None,Yes,Yes,None,None,None,None,None,None,Yes,None,None,None,169,Bay-Cloverhill,76,Bay Street Corridor (76),D52
5239,1140607,2009-11-06,1033,GROSVENOR ST,BAY ST,None,Collector,Toronto and East York,None,No Control,Clear,Daylight,Dry,Non-Fatal Injury,Sideswipe,Driver,55 to 59,None,None,West,"Automobile, Station Wagon",Pulling Away from Shoulder or Curb,Failed to Yield Right of Way,Normal,None,None,None,None,None,None,None,Yes,Yes,None,None,None,None,None,None,Yes,None,None,None,169,Bay-Cloverhill,76,Bay Street Corridor (76),D52
5240,1137790,2009-11-07,422,MOUNT PLEASANT RD,SOUTH DR,None,Major Arterial,Toronto and East York,None,No Control,Clear,Dark,Dry,Non-Fatal Injury,SMV Other,Vehicle Owner,unknown,None,None,None,Other,None,None,None,None,None,None,None,None,None,None,None,Yes,None,None,None,None,None,None,Yes,None,None,None,98,Rosedale-Moore Park,98,Rosedale-Moore Park (98),D53
5241,1137790,2009-11-07,422,MOUNT PLEASANT RD,SOUTH DR,None,Major Arterial,Toronto and East York,None,No Control,Clear,Dark,Dry,Non-Fatal Injury,SMV Other,Driver,20 to 24,Major,None,South,"Automobile, Station Wagon",Going Ahead,Lost control,Had Been Drinking,None,None,None,None,None,None,None,None,Yes,None,None,None,None,None,None,Yes,None,None,None,98,Rosedale-Moore Park,98,Rosedale-Moore Park (98),D53
5242,1135192,2009-11-07,755,STEELES Aven E,BRIMLEY Road,None,Major Arterial,Scarborough,At Intersection,Traffic Signal,Clear,Daylight,Dry,Non-Fatal Injury,Pedestrian Collisions,Vehicle Owner,unknown,None,None,None,Other,None,None,None,None,None,None,None,None,None,Yes,None,Yes,None,None,None,None,None,None,Yes,None,None,None,130,Milliken,130,Milliken (130),D42
5243,1135192,2009-11-07,755,STEELES Aven E,BRIMLEY Road,None,Major Arterial,Scarborough,At Intersection,Traffic Signal,Clear,Daylight,Dry,Non-Fatal Injury,Pedestrian Collisions,Driver,25 to 29,None,None,South,"Automobile, Station Wagon",Turning Left,Failed to Yield Right of Way,Unknown,None,None,None,None,None,None,Yes,None,Yes,None,None,None,None,None,None,Yes,None,None,None,130,Milliken,130,Milliken (130),D42
5244,1135192,2009-11-07,755,STEELES Aven E,BRIMLEY Road,None,Major Arterial,Scarborough,At Intersection,Traffic Signal,Clear,Daylight,Dry,Non-Fatal Injury,Pedestrian Collisions,Pedestrian,75 to 79,Major,None,North,Other,None,None,None,Vehicle turns left while ped crosses with ROW at inter.,Crossing with right of way,Normal,None,None,None,Yes,None,Yes,None,None,None,None,None,None,Yes,None,None,None,130,Milliken,130,Milliken (130),D42
5245,1135192,2009-11-07,755,STEELES Aven E,BRIMLEY Road,None,Major Arterial,Scarborough,At Intersection,Traffic Signal,Clear,Daylight,Dry,Non-Fatal Injury,Pedestrian Collisions,Pedestrian,80 to 84,Minor,None,North,Other,None,None,None,Vehicle turns left while ped crosses with ROW at inter.,Crossing with right of way,Normal,None,None,None,Yes,None,Yes,None,None,None,None,None,None,Yes,None,None,None,130,Milliken,130,Milliken (130),D42
5246,1135192,2009-11-07,755,STEELES Aven E,BRIMLEY Road,None,Major Arterial,Scarborough,At Intersection,Traffic Signal,Clear,Daylight,Dry,Non-Fatal Injury,Pedestrian Collisions,Pedestrian,45 to 49,Minimal,None,North,Other,None,None,None,Vehicle turns left while ped crosses with ROW at inter.,Crossing with right of way,Normal,None,None,None,Yes,None,Yes,None,None,None,None,None,None,Yes,None,None,None,130,Milliken,130,Milliken (130),D42
5247,1135255,2009-11-08,1035,LOWER SIMCOE ST,BREMNER BLVD,None,Collector,Toronto and East York,None,No Control,Clear,Daylight,Dry,Non-Fatal Injury,Pedestrian Collisions,Driver,25 to 29,None,None,South,"Automobile, Station Wagon",Going Ahead,Driving Properly,Normal,None,None,None,None,None,None,Yes,None,Yes,None,None,None,None,None,None,None,None,None,None,165,Harbourfront-CityPlace,77,Waterfront Communities-The Island (77),D52
5248,1135255,2009-11-08,1035,LOWER SIMCOE ST,BREMNER BLVD,None,Collector,Toronto and East York,None,No Control,Clear,Daylight,Dry,Non-Fatal Injury,Pedestrian Collisions,Pedestrian,25 to 29,Major,None,West,Other,None,None,None,Pedestrian hit at mid-block,"Crossing, no Traffic Control",Normal,None,None,None,Yes,None,Yes,None,None,None,None,None,None,None,None,None,None,165,Harbourfront-CityPlace,77,Waterfront Communities-The Island (77),D52
5249,1140679,2009-11-09,609,DANFORTH AVE,DRAYTON AVE,None,Major Arterial,Toronto and East York,At Intersection,No Control,Clear,Dark,Dry,Non-Fatal Injury,Pedestrian Collisions,Motorcycle Driver,60 to 64,None,None,West,Motorcycle,Going Ahead,Driving Properly,Normal,None,None,None,None,None,None,Yes,None,None,Yes,None,None,None,None,None,None,None,None,None,64,Woodbine Corridor,64,Woodbine Corridor (64),D55
5250,1140679,2009-11-09,609,DANFORTH AVE,DRAYTON AVE,None,Major Arterial,Toronto and East York,At Intersection,No Control,Clear,Dark,Dry,Non-Fatal Injury,Pedestrian Collisions,Pedestrian,40 to 44,Major,None,North,Other,None,None,None,Vehicle is going straight thru inter.while ped cross without ROW,"Crossing, no Traffic Control",Inattentive,None,None,None,Yes,None,None,Yes,None,None,None,None,None,None,None,None,None,64,Woodbine Corridor,64,Woodbine Corridor (64),D55
5251,1140739,2009-11-09,1255,QUEEN Stre W,ST PATRICK Stre,None,Major Arterial,Toronto and East York,At Intersection,Traffic Signal,Clear,Daylight,Dry,Non-Fatal Injury,Pedestrian Collisions,Pedestrian,35 to 39,Major,None,North,Other,None,None,None,Vehicle is going straight thru inter.while ped cross without ROW,Crossing without right of way,Inattentive,None,None,None,Yes,Yes,None,None,None,None,None,None,None,None,None,None,None,78,Kensington-Chinatown,78,Kensington-Chinatown (78),D52
5252,1140739,2009-11-09,1255,QUEEN Stre W,ST PATRICK Stre,None,Major Arterial,Toronto and East York,At Intersection,Traffic Signal,Clear,Daylight,Dry,Non-Fatal Injury,Pedestrian Collisions,Cyclist,25 to 29,Minimal,None,East,Bicycle,Going Ahead,None,None,None,None,None,Cyclist strikes pedestrian.,Driving Properly,Normal,Yes,Yes,None,None,None,None,None,None,None,None,None,None,None,78,Kensington-Chinatown,78,Kensington-Chinatown (78),D52
5253,1136343,2009-11-10,1452,MACDONELL AVE,PEARSON AVE,None,Local,Toronto and East York,None,Stop Sign,Clear,Daylight,Dry,Non-Fatal Injury,Cyclist Collisions,Vehicle Owner,unknown,None,None,None,Other,None,None,None,None,None,None,None,None,None,None,Yes,Yes,None,None,None,None,None,None,Yes,None,None,None,86,Roncesvalles,86,Roncesvalles (86),D11
5254,1136343,2009-11-10,1452,MACDONELL AVE,PEARSON AVE,None,Local,Toronto and East York,None,Stop Sign,Clear,Daylight,Dry,Non-Fatal Injury,Cyclist Collisions,Driver,50 to 54,None,None,South,"Automobile, Station Wagon",Going Ahead,Failed to Yield Right of Way,Unknown,None,None,None,None,None,None,None,Yes,Yes,None,None,None,None,None,None,Yes,None,None,None,86,Roncesvalles,86,Roncesvalles (86),D11
5255,1136343,2009-11-10,1452,MACDONELL AVE,PEARSON AVE,None,Local,Toronto and East York,None,Stop Sign,Clear,Daylight,Dry,Non-Fatal Injury,Cyclist Collisions,Cyclist,25 to 29,Major,None,East,Bicycle,Going Ahead,None,None,None,None,None,"Motorist without ROW drives into path of cyclist at inter, lnwy, dwy-Driver not turn.",Driving Properly,Normal,None,Yes,Yes,None,None,None,None,None,None,Yes,None,None,None,86,Roncesvalles,86,Roncesvalles (86),D11
5256,1141084,2009-11-11,1303,HIGHWAY 27  N,STEELES AVE W,None,Major Arterial,Etobicoke York,At Intersection,Traffic Signal,Clear,Daylight,Dry,Non-Fatal Injury,Rear End,Driver,50 to 54,Major,None,North,"Automobile, Station Wagon",Turning Right,Driving Properly,Normal,None,None,None,None,None,None,None,None,Yes,None,None,None,None,None,None,Yes,None,None,None,1,West Humber-Clairville,1,West Humber-Clairville (1),D23
5257,1141084,2009-11-11,1303,HIGHWAY 27  N,STEELES AVE W,None,Major Arterial,Etobicoke York,At Intersection,Traffic Signal,Clear,Daylight,Dry,Non-Fatal Injury,Rear End,Driver,55 to 59,Major,None,North,"Automobile, Station Wagon",Turning Right,Following too Close,Fatigue,None,None,None,None,None,None,None,None,Yes,None,None,None,None,None,None,Yes,None,None,None,1,West Humber-Clairville,1,West Humber-Clairville (1),D23