_id,ACCNUM,DATE,TIME,STREET1,STREET2,OFFSET,ROAD_CLASS,DISTRICT,ACCLOC,TRAFFCTL,VISIBILITY,LIGHT,RDSFCOND,ACCLASS,IMPACTYPE,INVTYPE,INVAGE,INJURY,FATAL_NO,INITDIR,VEHTYPE,MANOEUVER,DRIVACT,DRIVCOND,PEDTYPE,PEDACT,PEDCOND,CYCLISTYPE,CYCACT,CYCCOND,PEDESTRIAN,CYCLIST,AUTOMOBILE,MOTORCYCLE,TRUCK,TRSN_CITY_VEH,EMERG_VEH,PASSENGER,SPEEDING,AG_DRIV,REDLIGHT,ALCOHOL,DISABILITY,HOOD_158,NEIGHBOURHOOD_158,HOOD_140,NEIGHBOURHOOD_140,DIVISION
5258,1136272,2009-11-12,1759,BIRCHMOUNT RD,ROLARK DR,None,Major Arterial,Scarborough,None,No Control,Clear,Dusk,Dry,Fatal,Pedestrian Collisions,Vehicle Owner,unknown,None,None,None,Other,None,None,None,None,None,None,None,None,None,Yes,None,Yes,None,None,None,None,None,None,None,None,None,None,119,Wexford/Maryvale,119,Wexford/Maryvale (119),D41
5259,1136272,2009-11-12,1759,BIRCHMOUNT RD,ROLARK DR,None,Major Arterial,Scarborough,None,No Control,Clear,Dusk,Dry,Fatal,Pedestrian Collisions,Driver,35 to 39,None,None,North,"Automobile, Station Wagon",Going Ahead,Driving Properly,Normal,None,None,None,None,None,None,Yes,None,Yes,None,None,None,None,None,None,None,None,None,None,119,Wexford/Maryvale,119,Wexford/Maryvale (119),D41
5260,1136272,2009-11-12,1759,BIRCHMOUNT RD,ROLARK DR,None,Major Arterial,Scarborough,None,No Control,Clear,Dusk,Dry,Fatal,Pedestrian Collisions,Pedestrian,45 to 49,Fatal,39,West,Other,None,None,None,Vehicle is going straight thru inter.while ped cross without ROW,"Crossing, no Traffic Control",Inattentive,None,None,None,Yes,None,Yes,None,None,None,None,None,None,None,None,None,None,119,Wexford/Maryvale,119,Wexford/Maryvale (119),D41
5261,1141415,2009-11-13,1439,NEILSON RD,MCLEVIN AVE,None,Minor Arterial,Scarborough,At Intersection,Traffic Signal,Clear,Daylight,Dry,Non-Fatal Injury,Pedestrian Collisions,Vehicle Owner,unknown,None,None,None,Other,None,None,None,None,None,None,None,None,None,Yes,None,Yes,None,None,None,None,None,None,Yes,None,None,None,145,Malvern West,132,Malvern (132),D42
5262,1141415,2009-11-13,1439,NEILSON RD,MCLEVIN AVE,None,Minor Arterial,Scarborough,At Intersection,Traffic Signal,Clear,Daylight,Dry,Non-Fatal Injury,Pedestrian Collisions,Driver,35 to 39,None,None,East,"Automobile, Station Wagon",Turning Left,Failed to Yield Right of Way,Normal,None,None,None,None,None,None,Yes,None,Yes,None,None,None,None,None,None,Yes,None,None,None,145,Malvern West,132,Malvern (132),D42
5263,1141415,2009-11-13,1439,NEILSON RD,MCLEVIN AVE,None,Minor Arterial,Scarborough,At Intersection,Traffic Signal,Clear,Daylight,Dry,Non-Fatal Injury,Pedestrian Collisions,Pedestrian,75 to 79,Major,None,East,Other,None,None,None,Vehicle turns left while ped crosses with ROW at inter.,Crossing with right of way,Normal,None,None,None,Yes,None,Yes,None,None,None,None,None,None,Yes,None,None,None,145,Malvern West,132,Malvern (132),D42
5264,1141420,2009-11-13,1558,DEWSON ST,DOVERCOURT RD,None,Minor Arterial,Toronto and East York,At Intersection,Traffic Signal,Clear,Daylight,Dry,Non-Fatal Injury,Turning Movement,Motorcycle Driver,45 to 49,Major,None,West,Motorcycle,Stopped,Driving Properly,Normal,None,None,None,None,None,None,None,None,Yes,Yes,None,None,None,None,None,None,None,None,None,80,Palmerston-Little Italy,80,Palmerston-Little Italy (80),D14
5265,1141420,2009-11-13,1558,DEWSON ST,DOVERCOURT RD,None,Minor Arterial,Toronto and East York,At Intersection,Traffic Signal,Clear,Daylight,Dry,Non-Fatal Injury,Turning Movement,Driver,75 to 79,None,None,North,"Automobile, Station Wagon",Turning Right,Improper Turn,Inattentive,None,None,None,None,None,None,None,None,Yes,Yes,None,None,None,None,None,None,None,None,None,80,Palmerston-Little Italy,80,Palmerston-Little Italy (80),D14
5266,1141450,2009-11-14,1707,WARDEN Aven,ARKONA Driv,None,Major Arterial,Scarborough,At Intersection,Traffic Signal,Clear,Dark,Dry,Non-Fatal Injury,Turning Movement,Passenger,55 to 59,Major,None,None,Other,None,None,None,None,None,None,None,None,None,None,None,Yes,None,None,None,None,Yes,None,None,None,None,None,118,Tam O'Shanter-Sullivan,118,Tam O'Shanter-Sullivan (118),D42
5267,1141450,2009-11-14,1707,WARDEN Aven,ARKONA Driv,None,Major Arterial,Scarborough,At Intersection,Traffic Signal,Clear,Dark,Dry,Non-Fatal Injury,Turning Movement,Passenger,60 to 64,Minor,None,None,Other,None,None,None,None,None,None,None,None,None,None,None,Yes,None,None,None,None,Yes,None,None,None,None,None,118,Tam O'Shanter-Sullivan,118,Tam O'Shanter-Sullivan (118),D42
5268,1141450,2009-11-14,1707,WARDEN Aven,ARKONA Driv,None,Major Arterial,Scarborough,At Intersection,Traffic Signal,Clear,Dark,Dry,Non-Fatal Injury,Turning Movement,Passenger,60 to 64,Minor,None,None,Other,None,None,None,None,None,None,None,None,None,None,None,Yes,None,None,None,None,Yes,None,None,None,None,None,118,Tam O'Shanter-Sullivan,118,Tam O'Shanter-Sullivan (118),D42
5269,1141450,2009-11-14,1707,WARDEN Aven,ARKONA Driv,None,Major Arterial,Scarborough,At Intersection,Traffic Signal,Clear,Dark,Dry,Non-Fatal Injury,Turning Movement,Driver,60 to 64,None,None,North,Other,Going Ahead,Driving Properly,Normal,None,None,None,None,None,None,None,None,Yes,None,None,None,None,Yes,None,None,None,None,None,118,Tam O'Shanter-Sullivan,118,Tam O'Shanter-Sullivan (118),D42
5270,1141450,2009-11-14,1707,WARDEN Aven,ARKONA Driv,None,Major Arterial,Scarborough,At Intersection,Traffic Signal,Clear,Dark,Dry,Non-Fatal Injury,Turning Movement,Driver,20 to 24,None,None,South,"Automobile, Station Wagon",Turning Left,Improper Turn,Normal,None,None,None,None,None,None,None,None,Yes,None,None,None,None,Yes,None,None,None,None,None,118,Tam O'Shanter-Sullivan,118,Tam O'Shanter-Sullivan (118),D42
5271,1141450,2009-11-14,1707,WARDEN Aven,ARKONA Driv,None,Major Arterial,Scarborough,At Intersection,Traffic Signal,Clear,Dark,Dry,Non-Fatal Injury,Turning Movement,Other Property Owner,unknown,None,None,None,Other,None,None,None,None,None,None,None,None,None,None,None,Yes,None,None,None,None,Yes,None,None,None,None,None,118,Tam O'Shanter-Sullivan,118,Tam O'Shanter-Sullivan (118),D42
5272,1136780,2009-11-14,2348,1421 MILITARY TRL,None,None,Minor Arterial,Scarborough,None,No Control,Clear,Dark,Dry,Non-Fatal Injury,SMV Other,Vehicle Owner,unknown,None,None,None,Other,None,None,None,None,None,None,None,None,None,None,None,Yes,None,None,None,None,None,None,None,None,None,None,134,Highland Creek,134,Highland Creek (134),D43
5273,1136780,2009-11-14,2348,1421 MILITARY TRL,None,None,Minor Arterial,Scarborough,None,No Control,Clear,Dark,Dry,Non-Fatal Injury,SMV Other,Driver,30 to 34,Major,None,West,"Automobile, Station Wagon",Going Ahead,Lost control,Normal,None,None,None,None,None,None,None,None,Yes,None,None,None,None,None,None,None,None,None,None,134,Highland Creek,134,Highland Creek (134),D43
5274,1137133,2009-11-16,1127,F G GARDINER XY  W,CHERRY ST,None,Major Arterial,Toronto and East York,None,No Control,Clear,Daylight,Dry,Non-Fatal Injury,Rear End,Motorcycle Driver,40 to 44,Major,None,West,Motorcycle,Going Ahead,Speed too Fast For Condition,Normal,None,None,None,None,None,None,None,None,Yes,Yes,None,None,None,None,Yes,Yes,None,None,None,166,St Lawrence-East Bayfront-The Islands,77,Waterfront Communities-The Island (77),D51
5275,1137133,2009-11-16,1127,F G GARDINER XY  W,CHERRY ST,None,Major Arterial,Toronto and East York,None,No Control,Clear,Daylight,Dry,Non-Fatal Injury,Rear End,Driver,40 to 44,None,None,West,"Automobile, Station Wagon",Changing Lanes,Driving Properly,Normal,None,None,None,None,None,None,None,None,Yes,Yes,None,None,None,None,Yes,Yes,None,None,None,166,St Lawrence-East Bayfront-The Islands,77,Waterfront Communities-The Island (77),D51
5276,1137408,2009-11-16,1450,STEELES Aven W,WESTON Road,None,Major Arterial,Etobicoke York,None,Traffic Signal,Clear,Daylight,Dry,Non-Fatal Injury,Pedestrian Collisions,Pedestrian,35 to 39,Major,None,East,Other,None,None,None,Vehicle turns left while ped crosses with ROW at inter.,Crossing with right of way,Normal,None,None,None,Yes,None,Yes,None,None,None,None,None,None,Yes,None,None,None,21,Humber Summit,21,Humber Summit (21),D31
5277,1137408,2009-11-16,1450,STEELES Aven W,WESTON Road,None,Major Arterial,Etobicoke York,None,Traffic Signal,Clear,Daylight,Dry,Non-Fatal Injury,Pedestrian Collisions,Driver,unknown,None,None,West,"Automobile, Station Wagon",Turning Left,Failed to Yield Right of Way,Unknown,None,None,None,None,None,None,Yes,None,Yes,None,None,None,None,None,None,Yes,None,None,None,21,Humber Summit,21,Humber Summit (21),D31
5278,1137184,2009-11-16,1700,BATHURST ST,MARMION AVE,None,Major Arterial,North York,At Intersection,No Control,Clear,Dusk,Dry,Non-Fatal Injury,Pedestrian Collisions,Driver,45 to 49,None,None,South,"Automobile, Station Wagon",Slowing or Stopping,Driving Properly,Normal,None,None,None,None,None,None,Yes,None,Yes,None,None,None,None,None,None,None,None,None,None,39,Bedford Park-Nortown,39,Bedford Park-Nortown (39),D32
5279,1137184,2009-11-16,1700,BATHURST ST,MARMION AVE,None,Major Arterial,North York,At Intersection,No Control,Clear,Dusk,Dry,Non-Fatal Injury,Pedestrian Collisions,Pedestrian,10 to 14,Major,None,West,Other,None,None,None,Vehicle is going straight thru inter.while ped cross without ROW,Running onto Roadway,Inattentive,None,None,None,Yes,None,Yes,None,None,None,None,None,None,None,None,None,None,39,Bedford Park-Nortown,39,Bedford Park-Nortown (39),D32
5280,1141557,2009-11-16,2120,ELLESMERE Road,BRIMLEY Road,None,Major Arterial,Scarborough,At Intersection,Traffic Signal,Clear,Dark,Dry,Non-Fatal Injury,Pedestrian Collisions,Driver,25 to 29,None,None,East,"Automobile, Station Wagon",Turning Left,Failed to Yield Right of Way,None,None,None,None,None,None,None,Yes,None,Yes,None,None,None,None,None,None,Yes,None,None,None,156,Bendale-Glen Andrew,127,Bendale (127),D43
5281,1141557,2009-11-16,2120,ELLESMERE Road,BRIMLEY Road,None,Major Arterial,Scarborough,At Intersection,Traffic Signal,Clear,Dark,Dry,Non-Fatal Injury,Pedestrian Collisions,Pedestrian,unknown,Major,None,None,Other,Other,None,None,None,None,None,None,None,None,Yes,None,Yes,None,None,None,None,None,None,Yes,None,None,None,156,Bendale-Glen Andrew,127,Bendale (127),D43
5282,1137250,2009-11-17,845,GREENWIN VILLAGE RD,VILLAGE GT,None,Collector,North York,At Intersection,Stop Sign,Clear,Daylight,Dry,Fatal,Pedestrian Collisions,Vehicle Owner,unknown,None,None,None,Other,None,None,None,None,None,None,None,None,None,Yes,None,Yes,None,None,None,None,None,None,None,None,None,None,36,Newtonbrook West,36,Newtonbrook West (36),D32
5283,1137250,2009-11-17,845,GREENWIN VILLAGE RD,VILLAGE GT,None,Collector,North York,At Intersection,Stop Sign,Clear,Daylight,Dry,Fatal,Pedestrian Collisions,Driver,40 to 44,None,None,South,"Automobile, Station Wagon",Turning Left,Driving Properly,Normal,None,None,None,None,None,None,Yes,None,Yes,None,None,None,None,None,None,None,None,None,None,36,Newtonbrook West,36,Newtonbrook West (36),D32
5284,1137250,2009-11-17,845,GREENWIN VILLAGE RD,VILLAGE GT,None,Collector,North York,At Intersection,Stop Sign,Clear,Daylight,Dry,Fatal,Pedestrian Collisions,Pedestrian,65 to 69,Fatal,40,North,Other,None,None,None,Vehicle turns left while ped crosses without ROW at inter.,"Crossing, no Traffic Control",Normal,None,None,None,Yes,None,Yes,None,None,None,None,None,None,None,None,None,None,36,Newtonbrook West,36,Newtonbrook West (36),D32
5285,1137502,2009-11-17,1607,RONALD AVE,SCHELL AVE,None,Collector,North York,None,No Control,Clear,Daylight,Dry,Non-Fatal Injury,Pedestrian Collisions,Driver,75 to 79,None,None,South,"Automobile, Station Wagon",Going Ahead,Failed to Yield Right of Way,Unknown,None,None,None,None,None,None,Yes,None,Yes,None,None,None,None,None,None,Yes,None,None,None,108,Briar Hill-Belgravia,108,Briar Hill-Belgravia (108),D13
5286,1137502,2009-11-17,1607,RONALD AVE,SCHELL AVE,None,Collector,North York,None,No Control,Clear,Daylight,Dry,Non-Fatal Injury,Pedestrian Collisions,Wheelchair,75 to 79,Major,None,South,Other,Going Ahead,None,None,Pedestrian hit at mid-block,Crossing with right of way,Normal,None,None,None,Yes,None,Yes,None,None,None,None,None,None,Yes,None,None,None,108,Briar Hill-Belgravia,108,Briar Hill-Belgravia (108),D13
5287,1141576,2009-11-18,1050,COLLEGE Stre,BEVERLEY Stre,None,Major Arterial,Toronto and East York,None,No Control,Clear,Daylight,Dry,Non-Fatal Injury,Cyclist Collisions,Driver,30 to 34,None,None,East,"Automobile, Station Wagon",Turning Right,Failed to Yield Right of Way,Inattentive,None,None,None,None,None,None,None,Yes,Yes,None,None,None,None,None,None,Yes,None,None,None,79,University,79,University (79),D52
5288,1141576,2009-11-18,1050,COLLEGE Stre,BEVERLEY Stre,None,Major Arterial,Toronto and East York,None,No Control,Clear,Daylight,Dry,Non-Fatal Injury,Cyclist Collisions,Cyclist,30 to 34,Major,None,East,Bicycle,Going Ahead,None,None,None,None,None,"Motorist turns right at non-signal Inter.(stop, yield, no cont.,and dwy) and strikes cyclist.",Driving Properly,Normal,None,Yes,Yes,None,None,None,None,None,None,Yes,None,None,None,79,University,79,University (79),D52
5289,1137816,2009-11-19,1232,LAWRENCE Ave W,CULFORD Rd,None,Major Arterial,Etobicoke York,At Intersection,Traffic Signal,Rain,Daylight,Wet,Non-Fatal Injury,Pedestrian Collisions,Driver,60 to 64,None,None,East,"Automobile, Station Wagon",Going Ahead,Driving Properly,Normal,None,None,None,None,None,None,Yes,None,Yes,None,None,None,None,None,None,None,None,None,None,30,Brookhaven-Amesbury,30,Brookhaven-Amesbury (30),D12
5290,1137816,2009-11-19,1232,LAWRENCE Ave W,CULFORD Rd,None,Major Arterial,Etobicoke York,At Intersection,Traffic Signal,Rain,Daylight,Wet,Non-Fatal Injury,Pedestrian Collisions,Pedestrian,10 to 14,Major,None,North,Other,None,None,None,Vehicle is going straight thru inter.while ped cross without ROW,Crossing without right of way,Normal,None,None,None,Yes,None,Yes,None,None,None,None,None,None,None,None,None,None,30,Brookhaven-Amesbury,30,Brookhaven-Amesbury (30),D12
5291,1142556,2009-11-20,1835,THE QUEENSWAY,THE WEST MALL,None,Major Arterial,Etobicoke York,None,Traffic Signal,Clear,Dark,Dry,Non-Fatal Injury,Pedestrian Collisions,Pedestrian,50 to 54,Major,None,North,Other,None,None,None,Vehicle turns left while ped crosses with ROW at inter.,Crossing with right of way,Normal,None,None,None,Yes,None,Yes,None,None,None,None,None,None,Yes,None,None,None,159,Etobicoke City Centre,14,Islington-City Centre West (14),D22
5292,1142556,2009-11-20,1835,THE QUEENSWAY,THE WEST MALL,None,Major Arterial,Etobicoke York,None,Traffic Signal,Clear,Dark,Dry,Non-Fatal Injury,Pedestrian Collisions,Driver,55 to 59,None,None,North,"Automobile, Station Wagon",Turning Left,Failed to Yield Right of Way,Inattentive,None,None,None,None,None,None,Yes,None,Yes,None,None,None,None,None,None,Yes,None,None,None,159,Etobicoke City Centre,14,Islington-City Centre West (14),D22
5293,1144668,2009-11-21,1740,KENNEDY Rd,PARK St,None,Collector,Scarborough,None,No Control,Clear,Dark,Dry,Non-Fatal Injury,Rear End,Moped Driver,65 to 69,Major,None,North,Moped,Going Ahead,Driving Properly,Normal,None,None,None,None,None,None,None,Yes,Yes,None,None,None,None,None,Yes,Yes,None,None,None,122,Birchcliffe-Cliffside,122,Birchcliffe-Cliffside (122),D41
5294,1144668,2009-11-21,1740,KENNEDY Rd,PARK St,None,Collector,Scarborough,None,No Control,Clear,Dark,Dry,Non-Fatal Injury,Rear End,Driver,35 to 39,None,None,North,"Automobile, Station Wagon",Going Ahead,Following too Close,Normal,None,None,None,None,None,None,None,Yes,Yes,None,None,None,None,None,Yes,Yes,None,None,None,122,Birchcliffe-Cliffside,122,Birchcliffe-Cliffside (122),D41
5295,1138159,2009-11-21,1758,DANFORTH RD,HORTON BLVD,None,Major Arterial,Scarborough,At Intersection,No Control,Clear,Dark,Dry,Non-Fatal Injury,Pedestrian Collisions,Vehicle Owner,unknown,None,None,None,Other,None,None,None,None,None,None,None,None,None,Yes,None,Yes,None,None,None,None,None,None,None,None,None,None,138,Eglinton East,138,Eglinton East (138),D43
5296,1138159,2009-11-21,1758,DANFORTH RD,HORTON BLVD,None,Major Arterial,Scarborough,At Intersection,No Control,Clear,Dark,Dry,Non-Fatal Injury,Pedestrian Collisions,Driver,25 to 29,None,None,North,"Automobile, Station Wagon",Going Ahead,Driving Properly,Normal,None,None,None,None,None,None,Yes,None,Yes,None,None,None,None,None,None,None,None,None,None,138,Eglinton East,138,Eglinton East (138),D43
5297,1138159,2009-11-21,1758,DANFORTH RD,HORTON BLVD,None,Major Arterial,Scarborough,At Intersection,No Control,Clear,Dark,Dry,Non-Fatal Injury,Pedestrian Collisions,Pedestrian,50 to 54,Major,None,East,Other,None,None,None,Vehicle is going straight thru inter.while ped cross without ROW,Running onto Roadway,Had Been Drinking,None,None,None,Yes,None,Yes,None,None,None,None,None,None,None,None,None,None,138,Eglinton East,138,Eglinton East (138),D43
5298,1138618,2009-11-24,630,WARDEN AVE,CATARAQUI CRES,None,Minor Arterial,Scarborough,At Intersection,No Control,Rain,Dark,Wet,Fatal,Pedestrian Collisions,Vehicle Owner,unknown,None,None,None,Other,None,None,None,None,None,None,None,None,None,Yes,None,Yes,None,None,None,None,None,None,None,None,None,None,120,Clairlea-Birchmount,120,Clairlea-Birchmount (120),D41
5299,1138618,2009-11-24,630,WARDEN AVE,CATARAQUI CRES,None,Minor Arterial,Scarborough,At Intersection,No Control,Rain,Dark,Wet,Fatal,Pedestrian Collisions,Driver,55 to 59,Minor,None,South,"Automobile, Station Wagon",Going Ahead,Driving Properly,Normal,None,None,None,None,None,None,Yes,None,Yes,None,None,None,None,None,None,None,None,None,None,120,Clairlea-Birchmount,120,Clairlea-Birchmount (120),D41
5300,1138618,2009-11-24,630,WARDEN AVE,CATARAQUI CRES,None,Minor Arterial,Scarborough,At Intersection,No Control,Rain,Dark,Wet,Fatal,Pedestrian Collisions,Pedestrian,45 to 49,Fatal,42,East,Other,None,None,None,Pedestrian hit at mid-block,"Crossing, no Traffic Control",Unknown,None,None,None,Yes,None,Yes,None,None,None,None,None,None,None,None,None,None,120,Clairlea-Birchmount,120,Clairlea-Birchmount (120),D41
5301,1143325,2009-11-24,1310,WARDEN AVE,HUNTINGWOOD DR,None,Major Arterial,Scarborough,None,No Control,Rain,Daylight,Wet,Non-Fatal Injury,Turning Movement,Vehicle Owner,unknown,None,None,None,Other,None,None,None,None,None,None,None,None,None,None,None,Yes,None,Yes,None,None,None,None,Yes,None,None,None,118,Tam O'Shanter-Sullivan,118,Tam O'Shanter-Sullivan (118),D42
5302,1143325,2009-11-24,1310,WARDEN AVE,HUNTINGWOOD DR,None,Major Arterial,Scarborough,None,No Control,Rain,Daylight,Wet,Non-Fatal Injury,Turning Movement,Truck Driver,35 to 39,None,None,North,Truck - Open,Going Ahead,Driving Properly,Normal,None,None,None,None,None,None,None,None,Yes,None,Yes,None,None,None,None,Yes,None,None,None,118,Tam O'Shanter-Sullivan,118,Tam O'Shanter-Sullivan (118),D42
5303,1143325,2009-11-24,1310,WARDEN AVE,HUNTINGWOOD DR,None,Major Arterial,Scarborough,None,No Control,Rain,Daylight,Wet,Non-Fatal Injury,Turning Movement,Driver,40 to 44,Major,None,West,"Automobile, Station Wagon",Turning Right,Failed to Yield Right of Way,Inattentive,None,None,None,None,None,None,None,None,Yes,None,Yes,None,None,None,None,Yes,None,None,None,118,Tam O'Shanter-Sullivan,118,Tam O'Shanter-Sullivan (118),D42
5304,1138973,2009-11-25,1144,ELLESMERE RD,MIDLAND AVE,None,Major Arterial,Scarborough,None,Traffic Signal,Rain,Daylight,Wet,Non-Fatal Injury,Pedestrian Collisions,Pedestrian,30 to 34,Major,None,North,Other,None,None,None,Vehicle is going straight thru inter.while ped cross without ROW,Crossing without right of way,Had Been Drinking,None,None,None,Yes,None,Yes,None,None,None,None,None,None,None,None,None,None,156,Bendale-Glen Andrew,127,Bendale (127),D41
5305,1138973,2009-11-25,1144,ELLESMERE RD,MIDLAND AVE,None,Major Arterial,Scarborough,None,Traffic Signal,Rain,Daylight,Wet,Non-Fatal Injury,Pedestrian Collisions,Driver,65 to 69,None,None,East,"Automobile, Station Wagon",Going Ahead,Driving Properly,Normal,None,None,None,None,None,None,Yes,None,Yes,None,None,None,None,None,None,None,None,None,None,156,Bendale-Glen Andrew,127,Bendale (127),D41
5306,1143343,2009-11-25,1920,MAGNETIC Driv,ALNESS Stre,None,Minor Arterial,North York,At Intersection,Stop Sign,Clear,Dark,Wet,Non-Fatal Injury,Turning Movement,Passenger,20 to 24,Major,None,None,Other,None,None,None,None,None,None,None,None,None,None,None,Yes,None,None,None,None,Yes,None,None,None,None,None,27,York University Heights,27,York University Heights (27),D32
5307,1143343,2009-11-25,1920,MAGNETIC Driv,ALNESS Stre,None,Minor Arterial,North York,At Intersection,Stop Sign,Clear,Dark,Wet,Non-Fatal Injury,Turning Movement,Passenger,20 to 24,Minimal,None,None,Other,None,None,None,None,None,None,None,None,None,None,None,Yes,None,None,None,None,Yes,None,None,None,None,None,27,York University Heights,27,York University Heights (27),D32
5308,1143343,2009-11-25,1920,MAGNETIC Driv,ALNESS Stre,None,Minor Arterial,North York,At Intersection,Stop Sign,Clear,Dark,Wet,Non-Fatal Injury,Turning Movement,Passenger,20 to 24,Minimal,None,None,Other,None,None,None,None,None,None,None,None,None,None,None,Yes,None,None,None,None,Yes,None,None,None,None,None,27,York University Heights,27,York University Heights (27),D32
5309,1143343,2009-11-25,1920,MAGNETIC Driv,ALNESS Stre,None,Minor Arterial,North York,At Intersection,Stop Sign,Clear,Dark,Wet,Non-Fatal Injury,Turning Movement,Driver,25 to 29,Minor,None,West,"Automobile, Station Wagon",Turning Left,Improper Turn,Normal,None,None,None,None,None,None,None,None,Yes,None,None,None,None,Yes,None,None,None,None,None,27,York University Heights,27,York University Heights (27),D32
5310,1139232,2009-11-26,10,HIGHWAY 27  N,HUMBER COLLEGE Boul,None,Major Arterial,Etobicoke York,None,Traffic Signal,Clear,Dark,Wet,Non-Fatal Injury,Pedestrian Collisions,Passenger,25 to 29,None,None,None,Other,None,None,None,None,None,None,None,None,None,Yes,None,Yes,None,None,None,None,Yes,None,None,None,None,None,1,West Humber-Clairville,1,West Humber-Clairville (1),D23
5311,1139232,2009-11-26,10,HIGHWAY 27  N,HUMBER COLLEGE Boul,None,Major Arterial,Etobicoke York,None,Traffic Signal,Clear,Dark,Wet,Non-Fatal Injury,Pedestrian Collisions,Vehicle Owner,unknown,None,None,None,Other,None,None,None,None,None,None,None,None,None,Yes,None,Yes,None,None,None,None,Yes,None,None,None,None,None,1,West Humber-Clairville,1,West Humber-Clairville (1),D23
5312,1139232,2009-11-26,10,HIGHWAY 27  N,HUMBER COLLEGE Boul,None,Major Arterial,Etobicoke York,None,Traffic Signal,Clear,Dark,Wet,Non-Fatal Injury,Pedestrian Collisions,Driver,25 to 29,None,None,North,"Automobile, Station Wagon",Going Ahead,Driving Properly,Normal,None,None,None,None,None,None,Yes,None,Yes,None,None,None,None,Yes,None,None,None,None,None,1,West Humber-Clairville,1,West Humber-Clairville (1),D23
5313,1139232,2009-11-26,10,HIGHWAY 27  N,HUMBER COLLEGE Boul,None,Major Arterial,Etobicoke York,None,Traffic Signal,Clear,Dark,Wet,Non-Fatal Injury,Pedestrian Collisions,Pedestrian,20 to 24,Major,None,East,Other,Other,None,None,Vehicle is going straight thru inter.while ped cross without ROW,Crossing without right of way,Inattentive,None,None,None,Yes,None,Yes,None,None,None,None,Yes,None,None,None,None,None,1,West Humber-Clairville,1,West Humber-Clairville (1),D23
5314,1143058,2009-11-26,630,1050 ELLESMERE Rd,None,None,Major Arterial,Scarborough,None,No Control,Rain,Dark,Wet,Non-Fatal Injury,Cyclist Collisions,Driver,70 to 74,None,None,East,"Automobile, Station Wagon",Going Ahead,Failed to Yield Right of Way,Inattentive,None,None,None,None,None,None,None,Yes,Yes,None,None,None,None,None,None,Yes,None,None,None,126,Dorset Park,126,Dorset Park (126),D41
5315,1143058,2009-11-26,630,1050 ELLESMERE Rd,None,None,Major Arterial,Scarborough,None,No Control,Rain,Dark,Wet,Non-Fatal Injury,Cyclist Collisions,Cyclist,40 to 44,Major,None,East,Bicycle,Going Ahead,None,None,None,None,None,Cyclist and Driver travelling in same direction. One vehicle rear-ended the other.,Driving Properly,Normal,None,Yes,Yes,None,None,None,None,None,None,Yes,None,None,None,126,Dorset Park,126,Dorset Park (126),D41
5316,1144896,2009-11-26,1543,BROOKMILL BLVD,LA PEER BLVD,None,Collector,Scarborough,None,Stop Sign,Clear,Daylight,Dry,Non-Fatal Injury,Turning Movement,Passenger,5 to 9,Major,None,None,Other,None,None,None,None,None,None,None,None,None,None,None,Yes,None,None,None,None,Yes,None,Yes,None,None,None,148,East L'Amoreaux,117,L'Amoreaux (117),D42
5317,1144896,2009-11-26,1543,BROOKMILL BLVD,LA PEER BLVD,None,Collector,Scarborough,None,Stop Sign,Clear,Daylight,Dry,Non-Fatal Injury,Turning Movement,Vehicle Owner,unknown,None,None,None,Other,None,None,None,None,None,None,None,None,None,None,None,Yes,None,None,None,None,Yes,None,Yes,None,None,None,148,East L'Amoreaux,117,L'Amoreaux (117),D42
5318,1144896,2009-11-26,1543,BROOKMILL BLVD,LA PEER BLVD,None,Collector,Scarborough,None,Stop Sign,Clear,Daylight,Dry,Non-Fatal Injury,Turning Movement,Driver,40 to 44,Major,None,East,"Automobile, Station Wagon",Making U Turn,Improper Turn,Normal,None,None,None,None,None,None,None,None,Yes,None,None,None,None,Yes,None,Yes,None,None,None,148,East L'Amoreaux,117,L'Amoreaux (117),D42
5319,1144896,2009-11-26,1543,BROOKMILL BLVD,LA PEER BLVD,None,Collector,Scarborough,None,Stop Sign,Clear,Daylight,Dry,Non-Fatal Injury,Turning Movement,Driver,35 to 39,Major,None,East,"Automobile, Station Wagon",Going Ahead,Following too Close,Normal,None,None,None,None,None,None,None,None,Yes,None,None,None,None,Yes,None,Yes,None,None,None,148,East L'Amoreaux,117,L'Amoreaux (117),D42
5320,1139418,2009-11-27,655,MARKHAM RD,TUXEDO CRT,None,Major Arterial,Scarborough,At Intersection,Traffic Signal,Clear,Daylight,Dry,Non-Fatal Injury,Pedestrian Collisions,Driver,60 to 64,None,None,South,"Automobile, Station Wagon",Going Ahead,Driving Properly,Normal,None,None,None,None,None,None,Yes,None,Yes,None,None,None,None,None,None,None,None,None,None,142,Woburn North,137,Woburn (137),D43
5321,1139418,2009-11-27,655,MARKHAM RD,TUXEDO CRT,None,Major Arterial,Scarborough,At Intersection,Traffic Signal,Clear,Daylight,Dry,Non-Fatal Injury,Pedestrian Collisions,Pedestrian,70 to 74,Major,None,West,Other,None,None,None,Vehicle is going straight thru inter.while ped cross without ROW,Crossing without right of way,Normal,None,None,None,Yes,None,Yes,None,None,None,None,None,None,None,None,None,None,142,Woburn North,137,Woburn (137),D43