_id,ACCNUM,DATE,TIME,STREET1,STREET2,OFFSET,ROAD_CLASS,DISTRICT,ACCLOC,TRAFFCTL,VISIBILITY,LIGHT,RDSFCOND,ACCLASS,IMPACTYPE,INVTYPE,INVAGE,INJURY,FATAL_NO,INITDIR,VEHTYPE,MANOEUVER,DRIVACT,DRIVCOND,PEDTYPE,PEDACT,PEDCOND,CYCLISTYPE,CYCACT,CYCCOND,PEDESTRIAN,CYCLIST,AUTOMOBILE,MOTORCYCLE,TRUCK,TRSN_CITY_VEH,EMERG_VEH,PASSENGER,SPEEDING,AG_DRIV,REDLIGHT,ALCOHOL,DISABILITY,HOOD_158,NEIGHBOURHOOD_158,HOOD_140,NEIGHBOURHOOD_140,DIVISION
5842,1174308,2010-05-17,1325,KEELE ST,CALVINGTON DR,None,Major Arterial,North York,None,Traffic Signal,Clear,Daylight,Dry,Non-Fatal Injury,Rear End,Driver,30 to 34,Minimal,None,South,"Automobile, Station Wagon",Stopped,Driving Properly,Normal,None,None,None,None,None,None,None,None,Yes,None,None,None,None,None,Yes,Yes,None,None,None,155,Downsview,26,Downsview-Roding-CFB (26),D31
5843,1178114,2010-05-18,1318,AVENUE RD,ELGIN AVE,None,Major Arterial,Toronto and East York,None,No Control,Clear,Daylight,Dry,Non-Fatal Injury,Cyclist Collisions,Driver,50 to 54,None,None,South,"Automobile, Station Wagon",Parked,Other,Inattentive,None,None,None,None,None,None,None,Yes,Yes,None,None,Yes,None,None,None,None,None,None,None,95,Annex,95,Annex (95),D53
5844,1178114,2010-05-18,1318,AVENUE RD,ELGIN AVE,None,Major Arterial,Toronto and East York,None,No Control,Clear,Daylight,Dry,Non-Fatal Injury,Cyclist Collisions,Vehicle Owner,unknown,None,None,None,Other,None,None,None,None,None,None,None,None,None,None,Yes,Yes,None,None,Yes,None,None,None,None,None,None,None,95,Annex,95,Annex (95),D53
5845,1178114,2010-05-18,1318,AVENUE RD,ELGIN AVE,None,Major Arterial,Toronto and East York,None,No Control,Clear,Daylight,Dry,Non-Fatal Injury,Cyclist Collisions,Driver,50 to 54,None,None,South,Municipal Transit Bus (TTC),Going Ahead,Driving Properly,Normal,None,None,None,None,None,None,None,Yes,Yes,None,None,Yes,None,None,None,None,None,None,None,95,Annex,95,Annex (95),D53
5846,1178114,2010-05-18,1318,AVENUE RD,ELGIN AVE,None,Major Arterial,Toronto and East York,None,No Control,Clear,Daylight,Dry,Non-Fatal Injury,Cyclist Collisions,Cyclist,15 to 19,Major,None,South,Bicycle,Overtaking,None,None,None,None,None,Cyclist struck opened vehicle door,Driving Properly,Normal,None,Yes,Yes,None,None,Yes,None,None,None,None,None,None,None,95,Annex,95,Annex (95),D53
5847,1174310,2010-05-18,2110,LAKE SHORE BLVD W,FOURTH ST,None,Major Arterial,Etobicoke York,At Intersection,No Control,Clear,"Dark, artificial",Dry,Non-Fatal Injury,Pedestrian Collisions,Vehicle Owner,unknown,None,None,None,Other,None,None,None,None,None,None,None,None,None,Yes,None,Yes,None,None,None,None,None,None,None,None,None,None,18,New Toronto,18,New Toronto (18),D22
5848,1174310,2010-05-18,2110,LAKE SHORE BLVD W,FOURTH ST,None,Major Arterial,Etobicoke York,At Intersection,No Control,Clear,"Dark, artificial",Dry,Non-Fatal Injury,Pedestrian Collisions,Driver,30 to 34,None,None,East,"Automobile, Station Wagon",Making U Turn,Improper Turn,Normal,None,None,None,None,None,None,Yes,None,Yes,None,None,None,None,None,None,None,None,None,None,18,New Toronto,18,New Toronto (18),D22
5849,1174310,2010-05-18,2110,LAKE SHORE BLVD W,FOURTH ST,None,Major Arterial,Etobicoke York,At Intersection,No Control,Clear,"Dark, artificial",Dry,Non-Fatal Injury,Pedestrian Collisions,Pedestrian,45 to 49,Major,None,North,Other,None,None,None,Other / Undefined,"Crossing, no Traffic Control",Had Been Drinking,None,None,None,Yes,None,Yes,None,None,None,None,None,None,None,None,None,None,18,New Toronto,18,New Toronto (18),D22
5850,1174310,2010-05-18,2110,LAKE SHORE BLVD W,FOURTH ST,None,Major Arterial,Etobicoke York,At Intersection,No Control,Clear,"Dark, artificial",Dry,Non-Fatal Injury,Pedestrian Collisions,Pedestrian,45 to 49,Major,None,North,Other,None,None,None,Other / Undefined,"Crossing, no Traffic Control",Had Been Drinking,None,None,None,Yes,None,Yes,None,None,None,None,None,None,None,None,None,None,18,New Toronto,18,New Toronto (18),D22
5851,1175820,2010-05-19,1530,WANDLE AVE,KEELE ST,None,Major Arterial,North York,At Intersection,No Control,Clear,Daylight,Dry,Non-Fatal Injury,Pedestrian Collisions,Driver,35 to 39,None,None,East,"Automobile, Station Wagon",Going Ahead,Driving Properly,Unknown,None,None,None,None,None,None,Yes,None,Yes,None,None,None,None,None,None,Yes,None,None,None,155,Downsview,26,Downsview-Roding-CFB (26),D31
5852,1175820,2010-05-19,1530,WANDLE AVE,KEELE ST,None,Major Arterial,North York,At Intersection,No Control,Clear,Daylight,Dry,Non-Fatal Injury,Pedestrian Collisions,Driver,55 to 59,Minimal,None,North,"Automobile, Station Wagon",Turning Left,Failed to Yield Right of Way,Normal,None,None,None,None,None,None,Yes,None,Yes,None,None,None,None,None,None,Yes,None,None,None,155,Downsview,26,Downsview-Roding-CFB (26),D31
5853,1175820,2010-05-19,1530,WANDLE AVE,KEELE ST,None,Major Arterial,North York,At Intersection,No Control,Clear,Daylight,Dry,Non-Fatal Injury,Pedestrian Collisions,Vehicle Owner,unknown,None,None,None,Other,None,None,None,None,None,None,None,None,None,Yes,None,Yes,None,None,None,None,None,None,Yes,None,None,None,155,Downsview,26,Downsview-Roding-CFB (26),D31
5854,1175820,2010-05-19,1530,WANDLE AVE,KEELE ST,None,Major Arterial,North York,At Intersection,No Control,Clear,Daylight,Dry,Non-Fatal Injury,Pedestrian Collisions,Driver,20 to 24,None,None,South,"Automobile, Station Wagon",Stopped,Driving Properly,Normal,None,None,None,None,None,None,Yes,None,Yes,None,None,None,None,None,None,Yes,None,None,None,155,Downsview,26,Downsview-Roding-CFB (26),D31
5855,1175820,2010-05-19,1530,WANDLE AVE,KEELE ST,None,Major Arterial,North York,At Intersection,No Control,Clear,Daylight,Dry,Non-Fatal Injury,Pedestrian Collisions,Pedestrian,35 to 39,Major,None,South,Other,None,None,None,Vehicle turns left while ped crosses with ROW at inter.,Crossing with right of way,Normal,None,None,None,Yes,None,Yes,None,None,None,None,None,None,Yes,None,None,None,155,Downsview,26,Downsview-Roding-CFB (26),D31
5856,1174844,2010-05-19,1732,BENNINGTON HEIGHTS DR,MOOREHILL DR,None,Local,North York,None,Yield Sign,Clear,Daylight,Dry,Non-Fatal Injury,Turning Movement,Driver,15 to 19,Minimal,None,North,"Automobile, Station Wagon",Turning Left,Failed to Yield Right of Way,Normal,None,None,None,None,None,None,None,None,Yes,None,None,None,None,None,None,Yes,None,None,None,56,Leaside-Bennington,56,Leaside-Bennington (56),D53
5857,1174844,2010-05-19,1732,BENNINGTON HEIGHTS DR,MOOREHILL DR,None,Local,North York,None,Yield Sign,Clear,Daylight,Dry,Non-Fatal Injury,Turning Movement,Driver,30 to 34,Major,None,West,"Automobile, Station Wagon",Going Ahead,Driving Properly,Normal,None,None,None,None,None,None,None,None,Yes,None,None,None,None,None,None,Yes,None,None,None,56,Leaside-Bennington,56,Leaside-Bennington (56),D53
5858,1176088,2010-05-20,855,MOUNT PLEASANT RD,PENROSE RD,None,Major Arterial,North York,At Intersection,No Control,Clear,Daylight,Dry,Non-Fatal Injury,Turning Movement,Moped Driver,20 to 24,Major,None,South,Moped,Going Ahead,Driving Properly,Normal,None,None,None,None,None,None,None,Yes,Yes,None,None,None,None,None,None,Yes,None,None,None,174,South Eglinton-Davisville,104,Mount Pleasant West (104),D53
5859,1176088,2010-05-20,855,MOUNT PLEASANT RD,PENROSE RD,None,Major Arterial,North York,At Intersection,No Control,Clear,Daylight,Dry,Non-Fatal Injury,Turning Movement,Vehicle Owner,unknown,None,None,None,Other,None,None,None,None,None,None,None,None,None,None,Yes,Yes,None,None,None,None,None,None,Yes,None,None,None,174,South Eglinton-Davisville,104,Mount Pleasant West (104),D53
5860,1176088,2010-05-20,855,MOUNT PLEASANT RD,PENROSE RD,None,Major Arterial,North York,At Intersection,No Control,Clear,Daylight,Dry,Non-Fatal Injury,Turning Movement,Driver,45 to 49,None,None,North,"Automobile, Station Wagon",Turning Left,Improper Turn,Normal,None,None,None,None,None,None,None,Yes,Yes,None,None,None,None,None,None,Yes,None,None,None,174,South Eglinton-Davisville,104,Mount Pleasant West (104),D53
5861,1169356,2010-05-20,2105,TWYN RIVERS DR,SHEPPARD AVE E,None,Collector,Scarborough,None,No Control,Clear,Dark,Dry,Non-Fatal Injury,SMV Other,Motorcycle Driver,20 to 24,Major,None,East,Motorcycle,Going Ahead,Lost control,Inattentive,None,None,None,None,None,None,None,None,None,Yes,None,None,None,None,None,None,None,None,None,144,Morningside Heights,131,Rouge (131),D42
5862,1169356,2010-05-20,2105,TWYN RIVERS DR,SHEPPARD AVE E,None,Collector,Scarborough,None,No Control,Clear,Dark,Dry,Non-Fatal Injury,SMV Other,Other Property Owner,unknown,None,None,None,Other,None,None,None,None,None,None,None,None,None,None,None,None,Yes,None,None,None,None,None,None,None,None,None,144,Morningside Heights,131,Rouge (131),D42
5863,1176062,2010-05-21,614,KING ST W,STRACHAN AVE,None,Major Arterial,Toronto and East York,None,No Control,Clear,Daylight,Dry,Non-Fatal Injury,Pedestrian Collisions,Vehicle Owner,unknown,None,None,None,Other,None,None,None,None,None,None,None,None,None,Yes,None,None,None,None,Yes,None,None,None,None,None,None,None,162,West Queen West,82,Niagara (82),D14
5864,1176062,2010-05-21,614,KING ST W,STRACHAN AVE,None,Major Arterial,Toronto and East York,None,No Control,Clear,Daylight,Dry,Non-Fatal Injury,Pedestrian Collisions,Driver,30 to 34,None,None,East,Municipal Transit Bus (TTC),Going Ahead,Driving Properly,Normal,None,None,None,None,None,None,Yes,None,None,None,None,Yes,None,None,None,None,None,None,None,162,West Queen West,82,Niagara (82),D14
5865,1176062,2010-05-21,614,KING ST W,STRACHAN AVE,None,Major Arterial,Toronto and East York,None,No Control,Clear,Daylight,Dry,Non-Fatal Injury,Pedestrian Collisions,Pedestrian,45 to 49,Major,None,North,Other,None,None,None,Pedestrian involved in a collision with transit vehicle anywhere along roadway,"Crossing, no Traffic Control",Had Been Drinking,None,None,None,Yes,None,None,None,None,Yes,None,None,None,None,None,None,None,162,West Queen West,82,Niagara (82),D14
5866,1176586,2010-05-23,240,187 TEDDINGTON PARK AVE,None,None,Local,North York,None,No Control,Clear,Dark,Dry,Non-Fatal Injury,Pedestrian Collisions,Vehicle Owner,unknown,None,None,None,Other,None,None,None,None,None,None,None,None,None,Yes,None,Yes,None,None,None,None,None,None,Yes,None,None,None,105,Lawrence Park North,105,Lawrence Park North (105),D32
5867,1176586,2010-05-23,240,187 TEDDINGTON PARK AVE,None,None,Local,North York,None,No Control,Clear,Dark,Dry,Non-Fatal Injury,Pedestrian Collisions,Driver,30 to 34,None,None,East,"Automobile, Station Wagon",Going Ahead,Following too Close,Normal,None,None,None,None,None,None,Yes,None,Yes,None,None,None,None,None,None,Yes,None,None,None,105,Lawrence Park North,105,Lawrence Park North (105),D32
5868,1176586,2010-05-23,240,187 TEDDINGTON PARK AVE,None,None,Local,North York,None,No Control,Clear,Dark,Dry,Non-Fatal Injury,Pedestrian Collisions,Pedestrian,20 to 24,Major,None,East,Other,None,None,None,Pedestrian hit at mid-block,Running onto Roadway,Had Been Drinking,None,None,None,Yes,None,Yes,None,None,None,None,None,None,Yes,None,None,None,105,Lawrence Park North,105,Lawrence Park North (105),D32
5869,1176855,2010-05-24,2326,LAKE SHORE BLVD W,NEWFOUNDLAND RD,None,Major Arterial,Toronto and East York,At Intersection,Traffic Signal,Clear,Dark,Dry,Non-Fatal Injury,SMV Other,Passenger,25 to 29,Major,None,None,Other,None,None,None,None,None,None,None,None,None,None,None,Yes,None,None,None,None,Yes,None,None,None,None,None,163,Fort York-Liberty Village,82,Niagara (82),D14
5870,1176855,2010-05-24,2326,LAKE SHORE BLVD W,NEWFOUNDLAND RD,None,Major Arterial,Toronto and East York,At Intersection,Traffic Signal,Clear,Dark,Dry,Non-Fatal Injury,SMV Other,Vehicle Owner,unknown,None,None,None,Other,None,None,None,None,None,None,None,None,None,None,None,Yes,None,None,None,None,Yes,None,None,None,None,None,163,Fort York-Liberty Village,82,Niagara (82),D14
5871,1176855,2010-05-24,2326,LAKE SHORE BLVD W,NEWFOUNDLAND RD,None,Major Arterial,Toronto and East York,At Intersection,Traffic Signal,Clear,Dark,Dry,Non-Fatal Injury,SMV Other,Driver,25 to 29,Major,None,West,"Automobile, Station Wagon",Going Ahead,Lost control,Inattentive,None,None,None,None,None,None,None,None,Yes,None,None,None,None,Yes,None,None,None,None,None,163,Fort York-Liberty Village,82,Niagara (82),D14
5872,1169790,2010-05-25,1028,ORTON PARK RD,AMBOY RD,None,Minor Arterial,Scarborough,None,No Control,Clear,Daylight,Dry,Fatal,Approaching,Motorcycle Driver,50 to 54,Fatal,19,North,Motorcycle,Going Ahead,Driving Properly,Unknown,None,None,None,None,None,None,None,None,Yes,Yes,None,None,None,None,None,None,None,None,None,135,Morningside,135,Morningside (135),D43
5873,1169790,2010-05-25,1028,ORTON PARK RD,AMBOY RD,None,Minor Arterial,Scarborough,None,No Control,Clear,Daylight,Dry,Fatal,Approaching,Driver,40 to 44,None,None,South,"Automobile, Station Wagon",Going Ahead,Lost control,Inattentive,None,None,None,None,None,None,None,None,Yes,Yes,None,None,None,None,None,None,None,None,None,135,Morningside,135,Morningside (135),D43
5874,1177202,2010-05-25,1030,BATHURST ST,EGLINTON AVE W,None,Major Arterial,North York,At Intersection,Traffic Signal,Clear,Daylight,Dry,Non-Fatal Injury,Turning Movement,Passenger,10 to 14,Minor,None,None,Other,None,None,None,None,None,None,None,None,None,None,None,Yes,None,None,None,None,Yes,None,None,None,None,None,106,Humewood-Cedarvale,106,Humewood-Cedarvale (106),D13
5875,1177202,2010-05-25,1030,BATHURST ST,EGLINTON AVE W,None,Major Arterial,North York,At Intersection,Traffic Signal,Clear,Daylight,Dry,Non-Fatal Injury,Turning Movement,Vehicle Owner,unknown,None,None,None,Other,None,None,None,None,None,None,None,None,None,None,None,Yes,None,None,None,None,Yes,None,None,None,None,None,106,Humewood-Cedarvale,106,Humewood-Cedarvale (106),D13
5876,1177202,2010-05-25,1030,BATHURST ST,EGLINTON AVE W,None,Major Arterial,North York,At Intersection,Traffic Signal,Clear,Daylight,Dry,Non-Fatal Injury,Turning Movement,Driver,35 to 39,Minimal,None,North,"Automobile, Station Wagon",Going Ahead,Driving Properly,Normal,None,None,None,None,None,None,None,None,Yes,None,None,None,None,Yes,None,None,None,None,None,106,Humewood-Cedarvale,106,Humewood-Cedarvale (106),D13
5877,1177202,2010-05-25,1030,BATHURST ST,EGLINTON AVE W,None,Major Arterial,North York,At Intersection,Traffic Signal,Clear,Daylight,Dry,Non-Fatal Injury,Turning Movement,Passenger,10 to 14,Major,None,None,Other,None,None,None,None,None,None,None,None,None,None,None,Yes,None,None,None,None,Yes,None,None,None,None,None,106,Humewood-Cedarvale,106,Humewood-Cedarvale (106),D13
5878,1177202,2010-05-25,1030,BATHURST ST,EGLINTON AVE W,None,Major Arterial,North York,At Intersection,Traffic Signal,Clear,Daylight,Dry,Non-Fatal Injury,Turning Movement,Passenger,5 to 9,Major,None,None,Other,None,None,None,None,None,None,None,None,None,None,None,Yes,None,None,None,None,Yes,None,None,None,None,None,106,Humewood-Cedarvale,106,Humewood-Cedarvale (106),D13
5879,1177202,2010-05-25,1030,BATHURST ST,EGLINTON AVE W,None,Major Arterial,North York,At Intersection,Traffic Signal,Clear,Daylight,Dry,Non-Fatal Injury,Turning Movement,Passenger,40 to 44,Major,None,None,Other,None,None,None,None,None,None,None,None,None,None,None,Yes,None,None,None,None,Yes,None,None,None,None,None,106,Humewood-Cedarvale,106,Humewood-Cedarvale (106),D13
5880,1177202,2010-05-25,1030,BATHURST ST,EGLINTON AVE W,None,Major Arterial,North York,At Intersection,Traffic Signal,Clear,Daylight,Dry,Non-Fatal Injury,Turning Movement,Passenger,40 to 44,Minor,None,None,Other,None,None,None,None,None,None,None,None,None,None,None,Yes,None,None,None,None,Yes,None,None,None,None,None,106,Humewood-Cedarvale,106,Humewood-Cedarvale (106),D13
5881,1177202,2010-05-25,1030,BATHURST ST,EGLINTON AVE W,None,Major Arterial,North York,At Intersection,Traffic Signal,Clear,Daylight,Dry,Non-Fatal Injury,Turning Movement,Vehicle Owner,unknown,None,None,None,Other,None,None,None,None,None,None,None,None,None,None,None,Yes,None,None,None,None,Yes,None,None,None,None,None,106,Humewood-Cedarvale,106,Humewood-Cedarvale (106),D13
5882,1177202,2010-05-25,1030,BATHURST ST,EGLINTON AVE W,None,Major Arterial,North York,At Intersection,Traffic Signal,Clear,Daylight,Dry,Non-Fatal Injury,Turning Movement,Driver,40 to 44,Minimal,None,South,"Automobile, Station Wagon",Turning Left,Improper Turn,Inattentive,None,None,None,None,None,None,None,None,Yes,None,None,None,None,Yes,None,None,None,None,None,106,Humewood-Cedarvale,106,Humewood-Cedarvale (106),D13
5883,1177187,2010-05-25,1050,NOBLE ST,BROCK AVE,None,Collector,Toronto and East York,At Intersection,No Control,Clear,Daylight,Dry,Non-Fatal Injury,Pedestrian Collisions,Driver,35 to 39,None,None,South,"Automobile, Station Wagon",Turning Left,Failed to Yield Right of Way,Inattentive,None,None,None,None,None,None,Yes,None,Yes,None,None,None,None,None,None,Yes,None,None,None,86,Roncesvalles,86,Roncesvalles (86),D11
5884,1177187,2010-05-25,1050,NOBLE ST,BROCK AVE,None,Collector,Toronto and East York,At Intersection,No Control,Clear,Daylight,Dry,Non-Fatal Injury,Pedestrian Collisions,Pedestrian,40 to 44,Major,None,Unknown,Other,None,None,None,Vehicle turns left while ped crosses with ROW at inter.,Crossing with right of way,Normal,None,None,None,Yes,None,Yes,None,None,None,None,None,None,Yes,None,None,None,86,Roncesvalles,86,Roncesvalles (86),D11
5885,1170181,2010-05-27,1538,PORT UNION Rd,HIGHWAY 401 C  E,None,Minor Arterial,Scarborough,None,No Control,Clear,Daylight,Dry,Non-Fatal Injury,Cyclist Collisions,Other,unknown,None,None,North,Other,Parked,None,None,None,None,None,None,None,None,None,Yes,None,None,None,None,None,None,None,None,None,None,None,143,West Rouge,131,Rouge (131),D43
5886,1170181,2010-05-27,1538,PORT UNION Rd,HIGHWAY 401 C  E,None,Minor Arterial,Scarborough,None,No Control,Clear,Daylight,Dry,Non-Fatal Injury,Cyclist Collisions,Cyclist,35 to 39,Major,None,North,Bicycle,Going Ahead,None,None,None,None,None,Cyclist and Driver travelling in same direction. One vehicle rear-ended the other.,Other,"Ability Impaired, Drugs",None,Yes,None,None,None,None,None,None,None,None,None,None,None,143,West Rouge,131,Rouge (131),D43
5887,1178296,2010-05-28,1508,QUEENS QUAY W,LOWER SIMCOE ST,None,Minor Arterial,Toronto and East York,None,No Control,Clear,Daylight,Dry,Non-Fatal Injury,Turning Movement,Passenger,40 to 44,Major,None,None,Other,None,None,None,None,None,None,None,None,None,None,None,Yes,None,None,Yes,None,Yes,None,None,None,None,None,165,Harbourfront-CityPlace,77,Waterfront Communities-The Island (77),D52
5888,1178296,2010-05-28,1508,QUEENS QUAY W,LOWER SIMCOE ST,None,Minor Arterial,Toronto and East York,None,No Control,Clear,Daylight,Dry,Non-Fatal Injury,Turning Movement,Driver,45 to 49,Major,None,West,"Automobile, Station Wagon",Turning Left,Improper Turn,Inattentive,None,None,None,None,None,None,None,None,Yes,None,None,Yes,None,Yes,None,None,None,None,None,165,Harbourfront-CityPlace,77,Waterfront Communities-The Island (77),D52
5889,1178296,2010-05-28,1508,QUEENS QUAY W,LOWER SIMCOE ST,None,Minor Arterial,Toronto and East York,None,No Control,Clear,Daylight,Dry,Non-Fatal Injury,Turning Movement,Vehicle Owner,unknown,None,None,None,Other,None,None,None,None,None,None,None,None,None,None,None,Yes,None,None,Yes,None,Yes,None,None,None,None,None,165,Harbourfront-CityPlace,77,Waterfront Communities-The Island (77),D52
5890,1178296,2010-05-28,1508,QUEENS QUAY W,LOWER SIMCOE ST,None,Minor Arterial,Toronto and East York,None,No Control,Clear,Daylight,Dry,Non-Fatal Injury,Turning Movement,Driver,45 to 49,None,None,West,Municipal Transit Bus (TTC),Going Ahead,Driving Properly,Normal,None,None,None,None,None,None,None,None,Yes,None,None,Yes,None,Yes,None,None,None,None,None,165,Harbourfront-CityPlace,77,Waterfront Communities-The Island (77),D52
5891,1179238,2010-05-30,1410,CALEDONIA RD,KITCHENER AVE,None,Minor Arterial,Toronto and East York,At Intersection,Traffic Signal,Clear,Daylight,Dry,Non-Fatal Injury,Pedestrian Collisions,Pedestrian,15 to 19,Minor,None,East,Other,None,None,None,Vehicle turns left while ped crosses with ROW at inter.,Crossing with right of way,Normal,None,None,None,Yes,None,Yes,None,None,None,None,None,None,Yes,None,None,None,109,Caledonia-Fairbank,109,Caledonia-Fairbank (109),D13
5892,1179238,2010-05-30,1410,CALEDONIA RD,KITCHENER AVE,None,Minor Arterial,Toronto and East York,At Intersection,Traffic Signal,Clear,Daylight,Dry,Non-Fatal Injury,Pedestrian Collisions,Driver,50 to 54,Major,None,West,"Automobile, Station Wagon",Turning Left,Failed to Yield Right of Way,Normal,None,None,None,None,None,None,Yes,None,Yes,None,None,None,None,None,None,Yes,None,None,None,109,Caledonia-Fairbank,109,Caledonia-Fairbank (109),D13
5893,1178593,2010-05-31,1541,BLOOR ST W,ROYAL YORK RD,None,Major Arterial,Etobicoke York,At Intersection,Traffic Signal,Clear,Daylight,Dry,Non-Fatal Injury,Rear End,Vehicle Owner,unknown,None,None,None,Other,None,None,None,None,None,None,None,None,None,None,None,Yes,None,None,None,None,None,None,None,None,None,None,16,Stonegate-Queensway,16,Stonegate-Queensway (16),D22
5894,1178593,2010-05-31,1541,BLOOR ST W,ROYAL YORK RD,None,Major Arterial,Etobicoke York,At Intersection,Traffic Signal,Clear,Daylight,Dry,Non-Fatal Injury,Rear End,Driver,40 to 44,None,None,East,"Automobile, Station Wagon",Going Ahead,Driving Properly,Normal,None,None,None,None,None,None,None,None,Yes,None,None,None,None,None,None,None,None,None,None,16,Stonegate-Queensway,16,Stonegate-Queensway (16),D22
5895,1178593,2010-05-31,1541,BLOOR ST W,ROYAL YORK RD,None,Major Arterial,Etobicoke York,At Intersection,Traffic Signal,Clear,Daylight,Dry,Non-Fatal Injury,Rear End,Vehicle Owner,unknown,None,None,None,Other,None,None,None,None,None,None,None,None,None,None,None,Yes,None,None,None,None,None,None,None,None,None,None,16,Stonegate-Queensway,16,Stonegate-Queensway (16),D22
5896,1178593,2010-05-31,1541,BLOOR ST W,ROYAL YORK RD,None,Major Arterial,Etobicoke York,At Intersection,Traffic Signal,Clear,Daylight,Dry,Non-Fatal Injury,Rear End,Driver,35 to 39,Major,None,East,"Automobile, Station Wagon",Going Ahead,Lost control,Normal,None,None,None,None,None,None,None,None,Yes,None,None,None,None,None,None,None,None,None,None,16,Stonegate-Queensway,16,Stonegate-Queensway (16),D22
5897,1178593,2010-05-31,1541,BLOOR ST W,ROYAL YORK RD,None,Major Arterial,Etobicoke York,At Intersection,Traffic Signal,Clear,Daylight,Dry,Non-Fatal Injury,Rear End,Vehicle Owner,unknown,None,None,None,Other,None,None,None,None,None,None,None,None,None,None,None,Yes,None,None,None,None,None,None,None,None,None,None,16,Stonegate-Queensway,16,Stonegate-Queensway (16),D22
5898,1178593,2010-05-31,1541,BLOOR ST W,ROYAL YORK RD,None,Major Arterial,Etobicoke York,At Intersection,Traffic Signal,Clear,Daylight,Dry,Non-Fatal Injury,Rear End,Driver,40 to 44,None,None,East,"Automobile, Station Wagon",Going Ahead,Driving Properly,Normal,None,None,None,None,None,None,None,None,Yes,None,None,None,None,None,None,None,None,None,None,16,Stonegate-Queensway,16,Stonegate-Queensway (16),D22
5899,1178852,2010-06-01,143,DIXON RD,MARTIN GROVE RD,None,Major Arterial,Etobicoke York,At Intersection,Traffic Signal,Rain,Dark,Wet,Non-Fatal Injury,Angle,Vehicle Owner,unknown,None,None,None,Other,None,None,None,None,None,None,None,None,None,None,None,Yes,None,None,None,None,None,None,Yes,Yes,None,None,1,West Humber-Clairville,1,West Humber-Clairville (1),D23
5900,1178852,2010-06-01,143,DIXON RD,MARTIN GROVE RD,None,Major Arterial,Etobicoke York,At Intersection,Traffic Signal,Rain,Dark,Wet,Non-Fatal Injury,Angle,Driver,20 to 24,Minimal,None,South,"Automobile, Station Wagon",Going Ahead,Driving Properly,Normal,None,None,None,None,None,None,None,None,Yes,None,None,None,None,None,None,Yes,Yes,None,None,1,West Humber-Clairville,1,West Humber-Clairville (1),D23
5901,1178852,2010-06-01,143,DIXON RD,MARTIN GROVE RD,None,Major Arterial,Etobicoke York,At Intersection,Traffic Signal,Rain,Dark,Wet,Non-Fatal Injury,Angle,Driver,60 to 64,Major,None,East,"Automobile, Station Wagon",Going Ahead,Disobeyed Traffic Control,Unknown,None,None,None,None,None,None,None,None,Yes,None,None,None,None,None,None,Yes,Yes,None,None,1,West Humber-Clairville,1,West Humber-Clairville (1),D23
5902,1179667,2010-06-01,1239,KENNEDY RD,SHEPPARD AVE E,None,Major Arterial,Scarborough,None,No Control,Clear,Daylight,Dry,Non-Fatal Injury,Rear End,Driver,45 to 49,None,None,North,Pick Up Truck,Going Ahead,Speed too Fast For Condition,Normal,None,None,None,None,None,None,None,None,Yes,None,None,None,None,Yes,Yes,Yes,None,None,None,118,Tam O'Shanter-Sullivan,118,Tam O'Shanter-Sullivan (118),D42
5903,1179667,2010-06-01,1239,KENNEDY RD,SHEPPARD AVE E,None,Major Arterial,Scarborough,None,No Control,Clear,Daylight,Dry,Non-Fatal Injury,Rear End,Passenger,75 to 79,Major,None,None,Other,None,None,None,None,None,None,None,None,None,None,None,Yes,None,None,None,None,Yes,Yes,Yes,None,None,None,118,Tam O'Shanter-Sullivan,118,Tam O'Shanter-Sullivan (118),D42
5904,1179667,2010-06-01,1239,KENNEDY RD,SHEPPARD AVE E,None,Major Arterial,Scarborough,None,No Control,Clear,Daylight,Dry,Non-Fatal Injury,Rear End,Driver,55 to 59,Minimal,None,North,"Automobile, Station Wagon",Stopped,Driving Properly,Normal,None,None,None,None,None,None,None,None,Yes,None,None,None,None,Yes,Yes,Yes,None,None,None,118,Tam O'Shanter-Sullivan,118,Tam O'Shanter-Sullivan (118),D42
5905,1179667,2010-06-01,1239,KENNEDY RD,SHEPPARD AVE E,None,Major Arterial,Scarborough,None,No Control,Clear,Daylight,Dry,Non-Fatal Injury,Rear End,Passenger,20 to 24,Minor,None,None,Other,None,None,None,None,None,None,None,None,None,None,None,Yes,None,None,None,None,Yes,Yes,Yes,None,None,None,118,Tam O'Shanter-Sullivan,118,Tam O'Shanter-Sullivan (118),D42
5906,1179667,2010-06-01,1239,KENNEDY RD,SHEPPARD AVE E,None,Major Arterial,Scarborough,None,No Control,Clear,Daylight,Dry,Non-Fatal Injury,Rear End,Driver,50 to 54,Minor,None,North,"Automobile, Station Wagon",Stopped,Driving Properly,Normal,None,None,None,None,None,None,None,None,Yes,None,None,None,None,Yes,Yes,Yes,None,None,None,118,Tam O'Shanter-Sullivan,118,Tam O'Shanter-Sullivan (118),D42
5907,1179647,2010-06-01,1750,AVENUE RD,HILLHURST BLVD,None,Major Arterial,North York,At Intersection,Traffic Signal,Clear,Daylight,Dry,Non-Fatal Injury,Pedestrian Collisions,Vehicle Owner,unknown,None,None,None,Other,None,None,None,None,None,None,None,None,None,Yes,None,Yes,None,None,None,None,None,None,Yes,None,None,None,103,Lawrence Park South,103,Lawrence Park South (103),D53