_id,ACCNUM,DATE,TIME,STREET1,STREET2,OFFSET,ROAD_CLASS,DISTRICT,ACCLOC,TRAFFCTL,VISIBILITY,LIGHT,RDSFCOND,ACCLASS,IMPACTYPE,INVTYPE,INVAGE,INJURY,FATAL_NO,INITDIR,VEHTYPE,MANOEUVER,DRIVACT,DRIVCOND,PEDTYPE,PEDACT,PEDCOND,CYCLISTYPE,CYCACT,CYCCOND,PEDESTRIAN,CYCLIST,AUTOMOBILE,MOTORCYCLE,TRUCK,TRSN_CITY_VEH,EMERG_VEH,PASSENGER,SPEEDING,AG_DRIV,REDLIGHT,ALCOHOL,DISABILITY,HOOD_158,NEIGHBOURHOOD_158,HOOD_140,NEIGHBOURHOOD_140,DIVISION
5908,1179647,2010-06-01,1750,AVENUE RD,HILLHURST BLVD,None,Major Arterial,North York,At Intersection,Traffic Signal,Clear,Daylight,Dry,Non-Fatal Injury,Pedestrian Collisions,Driver,15 to 19,None,None,South,"Automobile, Station Wagon",Going Ahead,Following too Close,Normal,None,None,None,None,None,None,Yes,None,Yes,None,None,None,None,None,None,Yes,None,None,None,103,Lawrence Park South,103,Lawrence Park South (103),D53
5909,1179647,2010-06-01,1750,AVENUE RD,HILLHURST BLVD,None,Major Arterial,North York,At Intersection,Traffic Signal,Clear,Daylight,Dry,Non-Fatal Injury,Pedestrian Collisions,Vehicle Owner,unknown,None,None,None,Other,None,None,None,None,None,None,None,None,None,Yes,None,Yes,None,None,None,None,None,None,Yes,None,None,None,103,Lawrence Park South,103,Lawrence Park South (103),D53
5910,1179647,2010-06-01,1750,AVENUE RD,HILLHURST BLVD,None,Major Arterial,North York,At Intersection,Traffic Signal,Clear,Daylight,Dry,Non-Fatal Injury,Pedestrian Collisions,Driver,35 to 39,None,None,South,"Automobile, Station Wagon",Turning Right,Driving Properly,Normal,None,None,None,None,None,None,Yes,None,Yes,None,None,None,None,None,None,Yes,None,None,None,103,Lawrence Park South,103,Lawrence Park South (103),D53
5911,1179647,2010-06-01,1750,AVENUE RD,HILLHURST BLVD,None,Major Arterial,North York,At Intersection,Traffic Signal,Clear,Daylight,Dry,Non-Fatal Injury,Pedestrian Collisions,Pedestrian,40 to 44,Major,None,North,Other,None,None,None,Vehicle turns right while ped crosses with ROW at inter.,Crossing with right of way,Normal,None,None,None,Yes,None,Yes,None,None,None,None,None,None,Yes,None,None,None,103,Lawrence Park South,103,Lawrence Park South (103),D53
5912,1179395,2010-06-02,1115,MARKHAM RD,STEELES AVE E,None,Major Arterial,Scarborough,At Intersection,Traffic Signal,Clear,Daylight,Dry,Non-Fatal Injury,Angle,Vehicle Owner,unknown,None,None,None,Other,None,None,None,None,None,None,None,None,None,None,None,Yes,None,None,None,None,None,None,Yes,None,None,None,130,Milliken,130,Milliken (130),D42
5913,1179395,2010-06-02,1115,MARKHAM RD,STEELES AVE E,None,Major Arterial,Scarborough,At Intersection,Traffic Signal,Clear,Daylight,Dry,Non-Fatal Injury,Angle,Driver,40 to 44,None,None,East,"Automobile, Station Wagon",Going Ahead,Failed to Yield Right of Way,Normal,None,None,None,None,None,None,None,None,Yes,None,None,None,None,None,None,Yes,None,None,None,130,Milliken,130,Milliken (130),D42
5914,1179395,2010-06-02,1115,MARKHAM RD,STEELES AVE E,None,Major Arterial,Scarborough,At Intersection,Traffic Signal,Clear,Daylight,Dry,Non-Fatal Injury,Angle,Driver,35 to 39,Major,None,North,"Automobile, Station Wagon",Going Ahead,Driving Properly,Normal,None,None,None,None,None,None,None,None,Yes,None,None,None,None,None,None,Yes,None,None,None,130,Milliken,130,Milliken (130),D42
5915,1173447,2010-06-02,2039,ALEXDON RD,FINCH AVE W,None,Major Arterial,North York,At Intersection,Stop Sign,Rain,Dark,Wet,Non-Fatal Injury,Pedestrian Collisions,Driver,unknown,None,None,North,"Automobile, Station Wagon",Turning Right,Failed to Yield Right of Way,Normal,None,None,None,None,None,None,Yes,None,Yes,None,None,None,None,None,None,Yes,None,None,None,27,York University Heights,27,York University Heights (27),D31
5916,1173447,2010-06-02,2039,ALEXDON RD,FINCH AVE W,None,Major Arterial,North York,At Intersection,Stop Sign,Rain,Dark,Wet,Non-Fatal Injury,Pedestrian Collisions,Pedestrian,15 to 19,Major,None,East,Other,None,None,None,Vehicle turns right while ped crosses with ROW at inter.,Crossing with right of way,Normal,None,None,None,Yes,None,Yes,None,None,None,None,None,None,Yes,None,None,None,27,York University Heights,27,York University Heights (27),D31
5917,1171252,2010-06-02,2145,UNIVERSITY AVE,GERRARD ST W,None,Major Arterial,Toronto and East York,At Intersection,Traffic Signal,Rain,Dark,Wet,Non-Fatal Injury,Pedestrian Collisions,Driver,30 to 34,None,None,South,"Automobile, Station Wagon",Going Ahead,Driving Properly,Normal,None,None,None,None,None,None,Yes,None,Yes,None,None,None,None,None,None,None,None,None,None,170,Yonge-Bay Corridor,76,Bay Street Corridor (76),D52
5918,1171252,2010-06-02,2145,UNIVERSITY AVE,GERRARD ST W,None,Major Arterial,Toronto and East York,At Intersection,Traffic Signal,Rain,Dark,Wet,Non-Fatal Injury,Pedestrian Collisions,Pedestrian,30 to 34,Major,None,West,Other,None,None,None,Vehicle is going straight thru inter.while ped cross without ROW,Crossing without right of way,Had Been Drinking,None,None,None,Yes,None,Yes,None,None,None,None,None,None,None,None,None,None,170,Yonge-Bay Corridor,76,Bay Street Corridor (76),D52
5919,1171250,2010-06-03,120,DUFFERIN ST,ST CLAIR AVE W,None,Major Arterial,Toronto and East York,At Intersection,Traffic Signal,Rain,Dark,Wet,Fatal,Pedestrian Collisions,Driver,45 to 49,None,None,North,"Automobile, Station Wagon",Going Ahead,Driving Properly,Normal,None,None,None,None,None,None,Yes,None,Yes,None,None,None,None,None,None,None,None,None,None,92,Corso Italia-Davenport,92,Corso Italia-Davenport (92),D13
5920,1171250,2010-06-03,120,DUFFERIN ST,ST CLAIR AVE W,None,Major Arterial,Toronto and East York,At Intersection,Traffic Signal,Rain,Dark,Wet,Fatal,Pedestrian Collisions,Pedestrian,50 to 54,Fatal,20,West,Other,None,None,None,Vehicle is going straight thru inter.while ped cross without ROW,Crossing without right of way,Unknown,None,None,None,Yes,None,Yes,None,None,None,None,None,None,None,None,None,None,92,Corso Italia-Davenport,92,Corso Italia-Davenport (92),D13
5921,1179966,2010-06-03,1302,MILVERTON BLVD,LINNSMORE CRES,None,Local,Toronto and East York,None,No Control,Clear,Daylight,Dry,Non-Fatal Injury,Cyclist Collisions,Driver,35 to 39,None,None,West,"Automobile, Station Wagon",Parked,Other,Inattentive,None,None,None,None,None,None,None,Yes,Yes,None,None,None,None,None,None,None,None,None,None,66,Danforth,66,Danforth (66),D55
5922,1179966,2010-06-03,1302,MILVERTON BLVD,LINNSMORE CRES,None,Local,Toronto and East York,None,No Control,Clear,Daylight,Dry,Non-Fatal Injury,Cyclist Collisions,Cyclist,20 to 24,Major,None,West,Bicycle,Going Ahead,None,None,None,None,None,Cyclist struck opened vehicle door,Driving Properly,Normal,None,Yes,Yes,None,None,None,None,None,None,None,None,None,None,66,Danforth,66,Danforth (66),D55
5923,1171639,2010-06-04,310,KING ST W,JOE SHUSTER WAY,None,Major Arterial,Toronto and East York,At Intersection,Traffic Signal,Clear,Dark,Dry,Non-Fatal Injury,Rear End,Driver,30 to 34,None,None,West,"Automobile, Station Wagon",Going Ahead,Other,Normal,None,None,None,None,None,None,None,Yes,Yes,None,None,None,None,None,None,None,None,None,None,85,South Parkdale,85,South Parkdale (85),D14
5924,1171639,2010-06-04,310,KING ST W,JOE SHUSTER WAY,None,Major Arterial,Toronto and East York,At Intersection,Traffic Signal,Clear,Dark,Dry,Non-Fatal Injury,Rear End,Moped Driver,35 to 39,Major,None,West,"Automobile, Station Wagon",Going Ahead,Other,Had Been Drinking,None,None,None,None,None,None,None,Yes,Yes,None,None,None,None,None,None,None,None,None,None,85,South Parkdale,85,South Parkdale (85),D14
5925,1171946,2010-06-05,246,BAYVIEW AVE,POTTERY RD,None,Major Arterial,North York,None,No Control,Rain,Dark,Wet,Non-Fatal Injury,SMV Other,Driver,30 to 34,Major,None,South,"Automobile, Station Wagon",Going Ahead,Speed too Fast For Condition,Normal,None,None,None,None,None,None,None,None,Yes,None,None,None,None,None,Yes,Yes,None,None,None,56,Leaside-Bennington,56,Leaside-Bennington (56),D53
5926,1171946,2010-06-05,246,BAYVIEW AVE,POTTERY RD,None,Major Arterial,North York,None,No Control,Rain,Dark,Wet,Non-Fatal Injury,SMV Other,Other Property Owner,unknown,None,None,None,Other,None,None,None,None,None,None,None,None,None,None,None,Yes,None,None,None,None,None,Yes,Yes,None,None,None,56,Leaside-Bennington,56,Leaside-Bennington (56),D53
5927,1171865,2010-06-05,345,EGLINTON AVE W,LOCKSLEY AVE,None,Major Arterial,North York,At Intersection,No Control,"Fog, Mist, Smoke, Dust",Dark,Dry,Non-Fatal Injury,Pedestrian Collisions,Vehicle Owner,unknown,None,None,None,Other,None,None,None,None,None,None,None,None,None,Yes,None,Yes,None,None,None,None,None,None,Yes,None,None,None,107,Oakwood Village,107,Oakwood Village (107),D13
5928,1171865,2010-06-05,345,EGLINTON AVE W,LOCKSLEY AVE,None,Major Arterial,North York,At Intersection,No Control,"Fog, Mist, Smoke, Dust",Dark,Dry,Non-Fatal Injury,Pedestrian Collisions,Driver,20 to 24,None,None,East,"Automobile, Station Wagon",Going Ahead,Other,Had Been Drinking,None,None,None,None,None,None,Yes,None,Yes,None,None,None,None,None,None,Yes,None,None,None,107,Oakwood Village,107,Oakwood Village (107),D13
5929,1171865,2010-06-05,345,EGLINTON AVE W,LOCKSLEY AVE,None,Major Arterial,North York,At Intersection,No Control,"Fog, Mist, Smoke, Dust",Dark,Dry,Non-Fatal Injury,Pedestrian Collisions,Pedestrian,35 to 39,Major,None,North,Other,None,None,None,Pedestrian hit at mid-block,"Crossing, no Traffic Control",Had Been Drinking,None,None,None,Yes,None,Yes,None,None,None,None,None,None,Yes,None,None,None,107,Oakwood Village,107,Oakwood Village (107),D13
5930,1180385,2010-06-06,45,1492 LAKE SHORE BLVD W,None,None,Major Arterial,Toronto and East York,None,No Control,Rain,Dark,Wet,Non-Fatal Injury,SMV Other,Passenger,15 to 19,Minimal,None,None,Other,None,None,None,None,None,None,None,None,None,None,None,Yes,None,None,None,None,Yes,None,None,None,None,None,85,South Parkdale,85,South Parkdale (85),D11
5931,1180385,2010-06-06,45,1492 LAKE SHORE BLVD W,None,None,Major Arterial,Toronto and East York,None,No Control,Rain,Dark,Wet,Non-Fatal Injury,SMV Other,Driver,40 to 44,Major,None,East,"Automobile, Station Wagon",Going Ahead,Lost control,Normal,None,None,None,None,None,None,None,None,Yes,None,None,None,None,Yes,None,None,None,None,None,85,South Parkdale,85,South Parkdale (85),D11
5932,1180385,2010-06-06,45,1492 LAKE SHORE BLVD W,None,None,Major Arterial,Toronto and East York,None,No Control,Rain,Dark,Wet,Non-Fatal Injury,SMV Other,Passenger,15 to 19,Minor,None,None,Other,None,None,None,None,None,None,None,None,None,None,None,Yes,None,None,None,None,Yes,None,None,None,None,None,85,South Parkdale,85,South Parkdale (85),D11
5933,1180385,2010-06-06,45,1492 LAKE SHORE BLVD W,None,None,Major Arterial,Toronto and East York,None,No Control,Rain,Dark,Wet,Non-Fatal Injury,SMV Other,Other Property Owner,unknown,None,None,None,Other,None,None,None,None,None,None,None,None,None,None,None,Yes,None,None,None,None,Yes,None,None,None,None,None,85,South Parkdale,85,South Parkdale (85),D11
5934,1173449,2010-06-06,325,DUNDAS ST W,BLOOR ST W,None,Major Arterial,Toronto and East York,At Intersection,Traffic Signal,Rain,Dark,Wet,Non-Fatal Injury,Pedestrian Collisions,Driver,unknown,None,None,South,"Automobile, Station Wagon",Turning Left,Failed to Yield Right of Way,Unknown,None,None,None,None,None,None,Yes,None,Yes,None,None,None,None,None,None,Yes,None,None,None,88,High Park North,88,High Park North (88),D11
5935,1173449,2010-06-06,325,DUNDAS ST W,BLOOR ST W,None,Major Arterial,Toronto and East York,At Intersection,Traffic Signal,Rain,Dark,Wet,Non-Fatal Injury,Pedestrian Collisions,Pedestrian,25 to 29,Major,None,South,Other,None,None,None,Vehicle turns left while ped crosses with ROW at inter.,Crossing with right of way,Normal,None,None,None,Yes,None,Yes,None,None,None,None,None,None,Yes,None,None,None,88,High Park North,88,High Park North (88),D11
5936,1171997,2010-06-06,822,UNIVERSITY AVE,ORDE ST,None,Major Arterial,Toronto and East York,None,No Control,Rain,Daylight,Wet,Fatal,Pedestrian Collisions,Vehicle Owner,unknown,None,None,None,Other,None,None,None,None,None,None,None,None,None,Yes,None,None,None,None,Yes,None,None,None,None,None,None,None,170,Yonge-Bay Corridor,76,Bay Street Corridor (76),D52
5937,1171997,2010-06-06,822,UNIVERSITY AVE,ORDE ST,None,Major Arterial,Toronto and East York,None,No Control,Rain,Daylight,Wet,Fatal,Pedestrian Collisions,Driver,30 to 34,None,None,South,Municipal Transit Bus (TTC),Going Ahead,Driving Properly,Normal,None,None,None,None,None,None,Yes,None,None,None,None,Yes,None,None,None,None,None,None,None,170,Yonge-Bay Corridor,76,Bay Street Corridor (76),D52
5938,1171997,2010-06-06,822,UNIVERSITY AVE,ORDE ST,None,Major Arterial,Toronto and East York,None,No Control,Rain,Daylight,Wet,Fatal,Pedestrian Collisions,Pedestrian,40 to 44,Fatal,22,West,Other,None,None,None,Vehicle is going straight thru inter.while ped cross without ROW,"Crossing, no Traffic Control",Unknown,None,None,None,Yes,None,None,None,None,Yes,None,None,None,None,None,None,None,170,Yonge-Bay Corridor,76,Bay Street Corridor (76),D52
5939,1180878,2010-06-08,908,DUNDAS ST E,SACKVILLE ST,None,Major Arterial,Toronto and East York,None,No Control,Clear,Daylight,Dry,Non-Fatal Injury,Cyclist Collisions,Driver,35 to 39,None,None,West,"Automobile, Station Wagon",Overtaking,Improper Passing,Normal,None,None,None,None,None,None,None,Yes,Yes,None,None,None,None,None,None,Yes,None,None,None,72,Regent Park,72,Regent Park (72),D51
5940,1180878,2010-06-08,908,DUNDAS ST E,SACKVILLE ST,None,Major Arterial,Toronto and East York,None,No Control,Clear,Daylight,Dry,Non-Fatal Injury,Cyclist Collisions,Cyclist,40 to 44,Major,None,West,Bicycle,Going Ahead,None,None,None,None,None,Cyclist and Driver travelling in same direction. One vehicle sideswipes the other.,Driving Properly,Normal,None,Yes,Yes,None,None,None,None,None,None,Yes,None,None,None,72,Regent Park,72,Regent Park (72),D51
5941,1181330,2010-06-10,1548,MILNER AVE,MORNINGSIDE AVE,None,Major Arterial,Scarborough,At Intersection,Traffic Signal,Clear,Daylight,Dry,Non-Fatal Injury,Pedestrian Collisions,Vehicle Owner,unknown,None,None,None,Other,None,None,None,None,None,None,None,None,None,Yes,None,Yes,None,None,None,None,None,None,None,None,None,None,146,Malvern East,132,Malvern (132),D42
5942,1181330,2010-06-10,1548,MILNER AVE,MORNINGSIDE AVE,None,Major Arterial,Scarborough,At Intersection,Traffic Signal,Clear,Daylight,Dry,Non-Fatal Injury,Pedestrian Collisions,Driver,30 to 34,None,None,East,"Automobile, Station Wagon",Going Ahead,Driving Properly,Normal,None,None,None,None,None,None,Yes,None,Yes,None,None,None,None,None,None,None,None,None,None,146,Malvern East,132,Malvern (132),D42
5943,1181330,2010-06-10,1548,MILNER AVE,MORNINGSIDE AVE,None,Major Arterial,Scarborough,At Intersection,Traffic Signal,Clear,Daylight,Dry,Non-Fatal Injury,Pedestrian Collisions,Pedestrian,30 to 34,Major,None,South,Other,None,None,None,Vehicle is going straight thru inter.while ped cross without ROW,Crossing without right of way,Normal,None,None,None,Yes,None,Yes,None,None,None,None,None,None,None,None,None,None,146,Malvern East,132,Malvern (132),D42
5944,1180994,2010-06-10,1659,QUEEN ST W,CAMERON ST,None,Major Arterial,Toronto and East York,None,No Control,Clear,Daylight,Dry,Non-Fatal Injury,Turning Movement,Motorcycle Driver,25 to 29,Major,None,West,Motorcycle,Going Ahead,Driving Properly,Normal,None,None,None,None,None,None,None,None,Yes,Yes,None,None,None,None,None,None,None,None,None,164,Wellington Place,77,Waterfront Communities-The Island (77),D14
5945,1180994,2010-06-10,1659,QUEEN ST W,CAMERON ST,None,Major Arterial,Toronto and East York,None,No Control,Clear,Daylight,Dry,Non-Fatal Injury,Turning Movement,Driver,20 to 24,None,None,West,"Automobile, Station Wagon",Making U Turn,Improper Turn,Normal,None,None,None,None,None,None,None,None,Yes,Yes,None,None,None,None,None,None,None,None,None,164,Wellington Place,77,Waterfront Communities-The Island (77),D14
5946,1172906,2010-06-11,155,WESTON RD,PORTER AVE,None,Major Arterial,Etobicoke York,At Intersection,No Control,Clear,Dark,Dry,Non-Fatal Injury,Pedestrian Collisions,Driver,55 to 59,None,None,North,"Automobile, Station Wagon",Going Ahead,Disobeyed Traffic Control,Normal,None,None,None,None,None,None,Yes,None,Yes,None,None,None,None,None,None,Yes,None,None,None,111,Rockcliffe-Smythe,111,Rockcliffe-Smythe (111),D12
5947,1172906,2010-06-11,155,WESTON RD,PORTER AVE,None,Major Arterial,Etobicoke York,At Intersection,No Control,Clear,Dark,Dry,Non-Fatal Injury,Pedestrian Collisions,Pedestrian,20 to 24,Major,None,South,Other,None,None,None,Vehicle is going straight thru inter.while ped cross without ROW,"Crossing, no Traffic Control",Had Been Drinking,None,None,None,Yes,None,Yes,None,None,None,None,None,None,Yes,None,None,None,111,Rockcliffe-Smythe,111,Rockcliffe-Smythe (111),D12
5948,1172992,2010-06-12,916,ISLINGTON AVE,THE WESTWAY,None,Major Arterial,Etobicoke York,At Intersection,Traffic Signal,Clear,Daylight,Dry,Fatal,Angle,Driver,25 to 29,Fatal,21,East,"Automobile, Station Wagon",Going Ahead,Driving Properly,Unknown,None,None,None,None,None,None,None,None,Yes,None,None,None,None,None,None,Yes,Yes,None,None,6,Kingsview Village-The Westway,6,Kingsview Village-The Westway (6),D23
5949,1172992,2010-06-12,916,ISLINGTON AVE,THE WESTWAY,None,Major Arterial,Etobicoke York,At Intersection,Traffic Signal,Clear,Daylight,Dry,Fatal,Angle,Driver,40 to 44,None,None,North,"Automobile, Station Wagon",Stopped,Driving Properly,Normal,None,None,None,None,None,None,None,None,Yes,None,None,None,None,None,None,Yes,Yes,None,None,6,Kingsview Village-The Westway,6,Kingsview Village-The Westway (6),D23
5950,1172992,2010-06-12,916,ISLINGTON AVE,THE WESTWAY,None,Major Arterial,Etobicoke York,At Intersection,Traffic Signal,Clear,Daylight,Dry,Fatal,Angle,Vehicle Owner,unknown,None,None,None,Other,None,None,None,None,None,None,None,None,None,None,None,Yes,None,None,None,None,None,None,Yes,Yes,None,None,6,Kingsview Village-The Westway,6,Kingsview Village-The Westway (6),D23
5951,1172992,2010-06-12,916,ISLINGTON AVE,THE WESTWAY,None,Major Arterial,Etobicoke York,At Intersection,Traffic Signal,Clear,Daylight,Dry,Fatal,Angle,Driver,20 to 24,Minor,None,South,"Automobile, Station Wagon",Going Ahead,Disobeyed Traffic Control,Normal,None,None,None,None,None,None,None,None,Yes,None,None,None,None,None,None,Yes,Yes,None,None,6,Kingsview Village-The Westway,6,Kingsview Village-The Westway (6),D23
5952,1181132,2010-06-13,2145,124 ELLESMERE RD,None,None,Major Arterial,Scarborough,None,No Control,Clear,Dark,Dry,Non-Fatal Injury,Turning Movement,Driver,55 to 59,Major,None,South,"Automobile, Station Wagon",Turning Left,Improper Turn,Unknown,None,None,None,None,None,None,None,None,Yes,None,None,None,None,None,None,None,None,None,None,119,Wexford/Maryvale,119,Wexford/Maryvale (119),D41
5953,1181132,2010-06-13,2145,124 ELLESMERE RD,None,None,Major Arterial,Scarborough,None,No Control,Clear,Dark,Dry,Non-Fatal Injury,Turning Movement,Driver,25 to 29,None,None,West,"Automobile, Station Wagon",Going Ahead,Driving Properly,Normal,None,None,None,None,None,None,None,None,Yes,None,None,None,None,None,None,None,None,None,None,119,Wexford/Maryvale,119,Wexford/Maryvale (119),D41
5954,1181194,2010-06-14,1156,SCARBOROUGH GOLF CLUB RD,LAWRENCE AVE E,None,Major Arterial,Scarborough,At Intersection,Traffic Signal,Clear,Daylight,Dry,Non-Fatal Injury,Angle,Vehicle Owner,unknown,None,None,None,Other,None,None,None,None,None,None,None,None,None,None,None,Yes,None,None,None,None,None,None,Yes,Yes,None,None,141,Golfdale-Cedarbrae-Woburn,137,Woburn (137),D43
5955,1181194,2010-06-14,1156,SCARBOROUGH GOLF CLUB RD,LAWRENCE AVE E,None,Major Arterial,Scarborough,At Intersection,Traffic Signal,Clear,Daylight,Dry,Non-Fatal Injury,Angle,Driver,70 to 74,Major,None,North,"Automobile, Station Wagon",Going Ahead,Disobeyed Traffic Control,Normal,None,None,None,None,None,None,None,None,Yes,None,None,None,None,None,None,Yes,Yes,None,None,141,Golfdale-Cedarbrae-Woburn,137,Woburn (137),D43
5956,1181194,2010-06-14,1156,SCARBOROUGH GOLF CLUB RD,LAWRENCE AVE E,None,Major Arterial,Scarborough,At Intersection,Traffic Signal,Clear,Daylight,Dry,Non-Fatal Injury,Angle,Driver,40 to 44,Minimal,None,East,"Automobile, Station Wagon",Going Ahead,Driving Properly,Normal,None,None,None,None,None,None,None,None,Yes,None,None,None,None,None,None,Yes,Yes,None,None,141,Golfdale-Cedarbrae-Woburn,137,Woburn (137),D43
5957,1173424,2010-06-15,1846,DOVERCOURT RD,DUPONT ST,None,Major Arterial,Toronto and East York,At Intersection,Traffic Signal,Clear,Daylight,Dry,Non-Fatal Injury,Cyclist Collisions,Driver,45 to 49,None,None,North,"Automobile, Station Wagon",Going Ahead,Disobeyed Traffic Control,"Ability Impaired, Alcohol Over .08",None,None,None,None,None,None,None,Yes,Yes,None,None,None,None,None,None,Yes,Yes,Yes,None,172,Dovercourt Village,93,Dovercourt-Wallace Emerson-Junction (93),D14
5958,1173424,2010-06-15,1846,DOVERCOURT RD,DUPONT ST,None,Major Arterial,Toronto and East York,At Intersection,Traffic Signal,Clear,Daylight,Dry,Non-Fatal Injury,Cyclist Collisions,Cyclist,25 to 29,Major,None,East,Bicycle,Going Ahead,None,None,None,None,None,"Cyclist without ROW rides into path of motorist at inter, lnwy, dwy-Cyclist not turn.",Disobeyed Traffic Control,Normal,None,Yes,Yes,None,None,None,None,None,None,Yes,Yes,Yes,None,172,Dovercourt Village,93,Dovercourt-Wallace Emerson-Junction (93),D14
5959,1181388,2010-06-16,1722,ELM RIDGE DR,NEWGATE RD,None,Collector,North York,None,No Control,Clear,Daylight,Dry,Non-Fatal Injury,Pedestrian Collisions,Vehicle Owner,unknown,None,None,None,Other,None,None,None,None,None,None,None,None,None,Yes,None,Yes,None,None,None,None,None,None,None,None,None,None,102,Forest Hill North,102,Forest Hill North (102),D13
5960,1181388,2010-06-16,1722,ELM RIDGE DR,NEWGATE RD,None,Collector,North York,None,No Control,Clear,Daylight,Dry,Non-Fatal Injury,Pedestrian Collisions,Driver,60 to 64,None,None,East,"Automobile, Station Wagon",Going Ahead,Driving Properly,Normal,None,None,None,None,None,None,Yes,None,Yes,None,None,None,None,None,None,None,None,None,None,102,Forest Hill North,102,Forest Hill North (102),D13
5961,1181388,2010-06-16,1722,ELM RIDGE DR,NEWGATE RD,None,Collector,North York,None,No Control,Clear,Daylight,Dry,Non-Fatal Injury,Pedestrian Collisions,Pedestrian,35 to 39,Major,None,South,Other,None,None,None,Vehicle is going straight thru inter.while ped cross without ROW,Running onto Roadway,Inattentive,None,None,None,Yes,None,Yes,None,None,None,None,None,None,None,None,None,None,102,Forest Hill North,102,Forest Hill North (102),D13
5962,1181618,2010-06-17,1927,350 MIDWEST RD,None,None,Collector,Scarborough,None,No Control,Clear,Dark,Dry,Non-Fatal Injury,Turning Movement,Motorcycle Driver,35 to 39,Major,None,South,Motorcycle,Going Ahead,Improper Passing,Inattentive,None,None,None,None,None,None,None,None,None,Yes,Yes,None,None,None,None,Yes,None,None,None,126,Dorset Park,126,Dorset Park (126),D41
5963,1181618,2010-06-17,1927,350 MIDWEST RD,None,None,Collector,Scarborough,None,No Control,Clear,Dark,Dry,Non-Fatal Injury,Turning Movement,Vehicle Owner,unknown,None,None,None,Other,None,None,None,None,None,None,None,None,None,None,None,None,Yes,Yes,None,None,None,None,Yes,None,None,None,126,Dorset Park,126,Dorset Park (126),D41
5964,1181618,2010-06-17,1927,350 MIDWEST RD,None,None,Collector,Scarborough,None,No Control,Clear,Dark,Dry,Non-Fatal Injury,Turning Movement,Vehicle Owner,unknown,None,None,None,Other,None,None,None,None,None,None,None,None,None,None,None,None,Yes,Yes,None,None,None,None,Yes,None,None,None,126,Dorset Park,126,Dorset Park (126),D41
5965,1181618,2010-06-17,1927,350 MIDWEST RD,None,None,Collector,Scarborough,None,No Control,Clear,Dark,Dry,Non-Fatal Injury,Turning Movement,Truck Driver,25 to 29,None,None,South,Truck - Open,Turning Right,Driving Properly,Normal,None,None,None,None,None,None,None,None,None,Yes,Yes,None,None,None,None,Yes,None,None,None,126,Dorset Park,126,Dorset Park (126),D41
5966,1181546,2010-06-18,1700,26 ALABASTER RD,None,None,Local,Etobicoke York,None,No Control,Clear,Daylight,Dry,Non-Fatal Injury,Pedestrian Collisions,Other,unknown,None,None,Unknown,Other,Parked,None,None,None,None,None,None,None,None,Yes,None,None,None,None,None,None,None,None,None,None,None,None,2,Mount Olive-Silverstone-Jamestown,2,Mount Olive-Silverstone-Jamestown (2),D23
5967,1181546,2010-06-18,1700,26 ALABASTER RD,None,None,Local,Etobicoke York,None,No Control,Clear,Daylight,Dry,Non-Fatal Injury,Pedestrian Collisions,Pedestrian,30 to 34,Major,None,Unknown,Other,None,None,None,Other / Undefined,Person Getting on/off Vehicle,Unknown,None,None,None,Yes,None,None,None,None,None,None,None,None,None,None,None,None,2,Mount Olive-Silverstone-Jamestown,2,Mount Olive-Silverstone-Jamestown (2),D23
5968,1181613,2010-06-19,1600,COLLEGE ST,BAY ST,None,Major Arterial,Toronto and East York,None,No Control,Clear,Daylight,Dry,Non-Fatal Injury,Cyclist Collisions,Driver,50 to 54,None,None,East,"Automobile, Station Wagon",Stopped,Other,Normal,None,None,None,None,None,None,None,Yes,Yes,None,None,None,None,None,None,None,None,None,None,169,Bay-Cloverhill,76,Bay Street Corridor (76),D52
5969,1181613,2010-06-19,1600,COLLEGE ST,BAY ST,None,Major Arterial,Toronto and East York,None,No Control,Clear,Daylight,Dry,Non-Fatal Injury,Cyclist Collisions,Cyclist,30 to 34,Major,None,East,Bicycle,Going Ahead,None,None,None,None,None,Cyclist struck opened vehicle door,Driving Properly,Normal,None,Yes,Yes,None,None,None,None,None,None,None,None,None,None,169,Bay-Cloverhill,76,Bay Street Corridor (76),D52
5970,1176162,2010-06-19,1800,KING ST W,PETER ST,None,Major Arterial,Toronto and East York,At Intersection,Traffic Signal,Clear,Daylight,Dry,Non-Fatal Injury,Cyclist Collisions,Driver,unknown,None,None,East,"Automobile, Station Wagon",Turning Left,Improper Turn,Unknown,None,None,None,None,None,None,None,Yes,Yes,None,None,None,None,None,None,None,None,None,None,164,Wellington Place,77,Waterfront Communities-The Island (77),D52
5971,1176162,2010-06-19,1800,KING ST W,PETER ST,None,Major Arterial,Toronto and East York,At Intersection,Traffic Signal,Clear,Daylight,Dry,Non-Fatal Injury,Cyclist Collisions,Cyclist,20 to 24,Major,None,West,Bicycle,Going Ahead,None,None,None,None,None,Motorist turned left across cyclists path.,Driving Properly,Normal,None,Yes,Yes,None,None,None,None,None,None,None,None,None,None,164,Wellington Place,77,Waterfront Communities-The Island (77),D52