_id,ACCNUM,DATE,TIME,STREET1,STREET2,OFFSET,ROAD_CLASS,DISTRICT,ACCLOC,TRAFFCTL,VISIBILITY,LIGHT,RDSFCOND,ACCLASS,IMPACTYPE,INVTYPE,INVAGE,INJURY,FATAL_NO,INITDIR,VEHTYPE,MANOEUVER,DRIVACT,DRIVCOND,PEDTYPE,PEDACT,PEDCOND,CYCLISTYPE,CYCACT,CYCCOND,PEDESTRIAN,CYCLIST,AUTOMOBILE,MOTORCYCLE,TRUCK,TRSN_CITY_VEH,EMERG_VEH,PASSENGER,SPEEDING,AG_DRIV,REDLIGHT,ALCOHOL,DISABILITY,HOOD_158,NEIGHBOURHOOD_158,HOOD_140,NEIGHBOURHOOD_140,DIVISION
6037,1183691,2010-07-06,1130,KENNEDY Rd,PROGRESS Ave,None,Major Arterial,Scarborough,At Intersection,Traffic Signal,Clear,Daylight,Dry,Non-Fatal Injury,Pedestrian Collisions,Driver,30 to 34,None,None,West,"Automobile, Station Wagon",Turning Left,Failed to Yield Right of Way,Inattentive,None,None,None,None,None,None,Yes,None,Yes,None,None,None,None,None,None,Yes,None,None,None,126,Dorset Park,126,Dorset Park (126),D41
6038,1183691,2010-07-06,1130,KENNEDY Rd,PROGRESS Ave,None,Major Arterial,Scarborough,At Intersection,Traffic Signal,Clear,Daylight,Dry,Non-Fatal Injury,Pedestrian Collisions,Pedestrian,45 to 49,Major,None,East,Other,None,None,None,Vehicle turns left while ped crosses with ROW at inter.,Crossing with right of way,Normal,None,None,None,Yes,None,Yes,None,None,None,None,None,None,Yes,None,None,None,126,Dorset Park,126,Dorset Park (126),D41
6039,1183681,2010-07-06,1420,DUNDAS St E,CHURCH St,None,Major Arterial,Toronto and East York,At Intersection,Traffic Signal,Clear,Daylight,Dry,Non-Fatal Injury,Cyclist Collisions,Driver,50 to 54,None,None,East,"Automobile, Station Wagon",Turning Right,Improper Turn,Normal,None,None,None,None,None,None,None,Yes,Yes,None,None,None,None,None,None,None,None,None,None,168,Downtown Yonge East,75,Church-Yonge Corridor (75),D51
6040,1183681,2010-07-06,1420,DUNDAS St E,CHURCH St,None,Major Arterial,Toronto and East York,At Intersection,Traffic Signal,Clear,Daylight,Dry,Non-Fatal Injury,Cyclist Collisions,Cyclist,50 to 54,Major,None,East,Bicycle,Going Ahead,None,None,None,None,None,Motorist turning right on green or amber at signalized intersection strikes cyclist.,Driving Properly,Normal,None,Yes,Yes,None,None,None,None,None,None,None,None,None,None,168,Downtown Yonge East,75,Church-Yonge Corridor (75),D51
6041,1179068,2010-07-06,1530,EGLINTON Aven E,RAWLINSON Aven,None,Major Arterial,North York,At Intersection,Stop Sign,Clear,Daylight,Dry,Non-Fatal Injury,Cyclist Collisions,Driver,unknown,None,None,South,"Automobile, Station Wagon",Turning Left,Failed to Yield Right of Way,Normal,None,None,None,None,None,None,None,Yes,Yes,None,None,None,None,None,None,Yes,None,None,None,99,Mount Pleasant East,99,Mount Pleasant East (99),D53
6042,1179068,2010-07-06,1530,EGLINTON Aven E,RAWLINSON Aven,None,Major Arterial,North York,At Intersection,Stop Sign,Clear,Daylight,Dry,Non-Fatal Injury,Cyclist Collisions,Cyclist,30 to 34,Major,None,East,Bicycle,Slowing or Stopping,None,None,None,None,None,Motorist turned left across cyclists path.,Driving Properly,Normal,None,Yes,Yes,None,None,None,None,None,None,Yes,None,None,None,99,Mount Pleasant East,99,Mount Pleasant East (99),D53
6043,1176359,2010-07-07,1723,471 ASHDALE AVE,None,None,Local,Toronto and East York,None,No Control,Clear,Daylight,Dry,Non-Fatal Injury,Pedestrian Collisions,Driver,55 to 59,None,None,East,"Automobile, Station Wagon",Reversing,Other,Other,None,None,None,None,None,None,Yes,None,Yes,None,None,None,None,None,None,None,None,None,None,65,Greenwood-Coxwell,65,Greenwood-Coxwell (65),D55
6044,1176359,2010-07-07,1723,471 ASHDALE AVE,None,None,Local,Toronto and East York,None,No Control,Clear,Daylight,Dry,Non-Fatal Injury,Pedestrian Collisions,Pedestrian,55 to 59,Major,None,Unknown,Other,None,None,None,Vehicle is reversing and hits pedestrian,Other,Unknown,None,None,None,Yes,None,Yes,None,None,None,None,None,None,None,None,None,None,65,Greenwood-Coxwell,65,Greenwood-Coxwell (65),D55
6045,1176361,2010-07-07,2359,BICKNELL Ave,NASHVILLE Ave,None,Collector,Etobicoke York,None,No Control,Clear,Dark,Dry,Non-Fatal Injury,Cyclist Collisions,Vehicle Owner,unknown,None,None,None,Other,None,None,None,None,None,None,None,None,None,None,Yes,Yes,None,None,None,None,None,None,None,None,None,None,110,Keelesdale-Eglinton West,110,Keelesdale-Eglinton West (110),D12
6046,1176361,2010-07-07,2359,BICKNELL Ave,NASHVILLE Ave,None,Collector,Etobicoke York,None,No Control,Clear,Dark,Dry,Non-Fatal Injury,Cyclist Collisions,Driver,40 to 44,None,None,North,"Automobile, Station Wagon",Parked,Driving Properly,Normal,None,None,None,None,None,None,None,Yes,Yes,None,None,None,None,None,None,None,None,None,None,110,Keelesdale-Eglinton West,110,Keelesdale-Eglinton West (110),D12
6047,1176361,2010-07-07,2359,BICKNELL Ave,NASHVILLE Ave,None,Collector,Etobicoke York,None,No Control,Clear,Dark,Dry,Non-Fatal Injury,Cyclist Collisions,Cyclist,40 to 44,Major,None,North,Bicycle,Going Ahead,None,None,None,None,None,Cyclist and Driver travelling in same direction. One vehicle rear-ended the other.,Other,Had Been Drinking,None,Yes,Yes,None,None,None,None,None,None,None,None,None,None,110,Keelesdale-Eglinton West,110,Keelesdale-Eglinton West (110),D12
6048,1187759,2010-07-08,1429,1048 BLOOR ST W,None,None,Major Arterial,Toronto and East York,None,No Control,Clear,Daylight,Dry,Non-Fatal Injury,Pedestrian Collisions,Driver,20 to 24,None,None,East,"Automobile, Station Wagon",Going Ahead,Driving Properly,Normal,None,None,None,None,None,None,Yes,None,Yes,None,None,None,None,None,None,None,None,None,None,172,Dovercourt Village,93,Dovercourt-Wallace Emerson-Junction (93),D14
6049,1187759,2010-07-08,1429,1048 BLOOR ST W,None,None,Major Arterial,Toronto and East York,None,No Control,Clear,Daylight,Dry,Non-Fatal Injury,Pedestrian Collisions,Pedestrian,10 to 14,Major,None,North,Other,None,None,None,Vehicle is going straight thru inter.while ped cross without ROW,Running onto Roadway,None,None,None,None,Yes,None,Yes,None,None,None,None,None,None,None,None,None,None,172,Dovercourt Village,93,Dovercourt-Wallace Emerson-Junction (93),D14
6050,1176502,2010-07-08,1725,EGLINTON AVE E,BIMBROK RD,None,Major Arterial,Scarborough,At Intersection,No Control,Clear,Daylight,Dry,Non-Fatal Injury,Pedestrian Collisions,Vehicle Owner,unknown,None,None,None,Other,None,None,None,None,None,None,None,None,None,Yes,None,None,None,None,Yes,None,None,None,None,None,None,None,124,Kennedy Park,124,Kennedy Park (124),D41
6051,1176502,2010-07-08,1725,EGLINTON AVE E,BIMBROK RD,None,Major Arterial,Scarborough,At Intersection,No Control,Clear,Daylight,Dry,Non-Fatal Injury,Pedestrian Collisions,Driver,55 to 59,None,None,West,Municipal Transit Bus (TTC),Going Ahead,Driving Properly,Normal,None,None,None,None,None,None,Yes,None,None,None,None,Yes,None,None,None,None,None,None,None,124,Kennedy Park,124,Kennedy Park (124),D41
6052,1176502,2010-07-08,1725,EGLINTON AVE E,BIMBROK RD,None,Major Arterial,Scarborough,At Intersection,No Control,Clear,Daylight,Dry,Non-Fatal Injury,Pedestrian Collisions,Pedestrian,55 to 59,Major,None,North,Other,Unknown,None,None,Pedestrian involved in a collision with transit vehicle anywhere along roadway,Crossing without right of way,Had Been Drinking,None,None,None,Yes,None,None,None,None,Yes,None,None,None,None,None,None,None,124,Kennedy Park,124,Kennedy Park (124),D41
6053,1184000,2010-07-09,627,ALBION Rd,WESTON Rd,None,Major Arterial,Etobicoke York,None,No Control,Rain,Daylight,Wet,Non-Fatal Injury,Approaching,Vehicle Owner,unknown,None,None,None,Other,None,None,None,None,None,None,None,None,None,None,None,Yes,None,None,None,None,None,Yes,Yes,None,Yes,None,23,Pelmo Park-Humberlea,23,Pelmo Park-Humberlea (23),D31
6054,1184000,2010-07-09,627,ALBION Rd,WESTON Rd,None,Major Arterial,Etobicoke York,None,No Control,Rain,Daylight,Wet,Non-Fatal Injury,Approaching,Driver,50 to 54,Major,None,East,"Automobile, Station Wagon",Going Ahead,Driving Properly,Normal,None,None,None,None,None,None,None,None,Yes,None,None,None,None,None,Yes,Yes,None,Yes,None,23,Pelmo Park-Humberlea,23,Pelmo Park-Humberlea (23),D31
6055,1184000,2010-07-09,627,ALBION Rd,WESTON Rd,None,Major Arterial,Etobicoke York,None,No Control,Rain,Daylight,Wet,Non-Fatal Injury,Approaching,Driver,25 to 29,Minor,None,West,"Automobile, Station Wagon",Going Ahead,Exceeding Speed Limit,"Ability Impaired, Alcohol Over .08",None,None,None,None,None,None,None,None,Yes,None,None,None,None,None,Yes,Yes,None,Yes,None,23,Pelmo Park-Humberlea,23,Pelmo Park-Humberlea (23),D31
6056,1183977,2010-07-09,1545,KINGSTON Road,GLEN MANOR Driv,None,Major Arterial,Toronto and East York,At Intersection,Stop Sign,Clear,Daylight,Dry,Non-Fatal Injury,Turning Movement,Passenger,45 to 49,Minor,None,None,Other,None,None,None,None,None,None,None,None,None,None,None,Yes,None,None,None,None,Yes,None,None,None,None,None,62,East End-Danforth,62,East End-Danforth (62),D55
6057,1183977,2010-07-09,1545,KINGSTON Road,GLEN MANOR Driv,None,Major Arterial,Toronto and East York,At Intersection,Stop Sign,Clear,Daylight,Dry,Non-Fatal Injury,Turning Movement,Driver,30 to 34,Minor,None,East,"Automobile, Station Wagon",Going Ahead,Driving Properly,Normal,None,None,None,None,None,None,None,None,Yes,None,None,None,None,Yes,None,None,None,None,None,62,East End-Danforth,62,East End-Danforth (62),D55
6058,1183977,2010-07-09,1545,KINGSTON Road,GLEN MANOR Driv,None,Major Arterial,Toronto and East York,At Intersection,Stop Sign,Clear,Daylight,Dry,Non-Fatal Injury,Turning Movement,Driver,25 to 29,Major,None,North,"Automobile, Station Wagon",Turning Left,Improper Turn,Normal,None,None,None,None,None,None,None,None,Yes,None,None,None,None,Yes,None,None,None,None,None,62,East End-Danforth,62,East End-Danforth (62),D55
6059,1183429,2010-07-09,1920,PORT UNION RD,KINGSTON RD,None,Major Arterial,Scarborough,At Intersection,Traffic Signal,Clear,Daylight,Dry,Non-Fatal Injury,Turning Movement,Driver,15 to 19,None,None,North,"Automobile, Station Wagon",Turning Left,Failed to Yield Right of Way,Inattentive,None,None,None,None,None,None,None,None,Yes,None,None,None,None,Yes,None,Yes,None,None,None,133,Centennial Scarborough,133,Centennial Scarborough (133),D42
6060,1183429,2010-07-09,1920,PORT UNION RD,KINGSTON RD,None,Major Arterial,Scarborough,At Intersection,Traffic Signal,Clear,Daylight,Dry,Non-Fatal Injury,Turning Movement,Passenger,5 to 9,Minimal,None,None,Other,None,None,None,None,None,None,None,None,None,None,None,Yes,None,None,None,None,Yes,None,Yes,None,None,None,133,Centennial Scarborough,133,Centennial Scarborough (133),D42
6061,1183429,2010-07-09,1920,PORT UNION RD,KINGSTON RD,None,Major Arterial,Scarborough,At Intersection,Traffic Signal,Clear,Daylight,Dry,Non-Fatal Injury,Turning Movement,Driver,40 to 44,Major,None,South,"Automobile, Station Wagon",Going Ahead,Driving Properly,Normal,None,None,None,None,None,None,None,None,Yes,None,None,None,None,Yes,None,Yes,None,None,None,133,Centennial Scarborough,133,Centennial Scarborough (133),D42
6062,1184180,2010-07-09,2115,CARLAW Ave,COLGATE Ave,None,Minor Arterial,Toronto and East York,None,No Control,Clear,Dark,Dry,Non-Fatal Injury,Sideswipe,Passenger,45 to 49,Minor,None,None,None,None,None,None,None,None,None,None,None,None,None,Yes,Yes,None,None,None,None,Yes,None,None,None,None,None,70,South Riverdale,70,South Riverdale (70),D55
6063,1184180,2010-07-09,2115,CARLAW Ave,COLGATE Ave,None,Minor Arterial,Toronto and East York,None,No Control,Clear,Dark,Dry,Non-Fatal Injury,Sideswipe,Driver,45 to 49,None,None,North,"Automobile, Station Wagon",Parked,Other,Normal,None,None,None,None,None,None,None,Yes,Yes,None,None,None,None,Yes,None,None,None,None,None,70,South Riverdale,70,South Riverdale (70),D55
6064,1184180,2010-07-09,2115,CARLAW Ave,COLGATE Ave,None,Minor Arterial,Toronto and East York,None,No Control,Clear,Dark,Dry,Non-Fatal Injury,Sideswipe,Vehicle Owner,unknown,None,None,None,None,None,None,None,None,None,None,None,None,None,None,Yes,Yes,None,None,None,None,Yes,None,None,None,None,None,70,South Riverdale,70,South Riverdale (70),D55
6065,1184180,2010-07-09,2115,CARLAW Ave,COLGATE Ave,None,Minor Arterial,Toronto and East York,None,No Control,Clear,Dark,Dry,Non-Fatal Injury,Sideswipe,Passenger,15 to 19,Major,None,None,None,None,None,None,None,None,None,None,None,None,None,Yes,Yes,None,None,None,None,Yes,None,None,None,None,None,70,South Riverdale,70,South Riverdale (70),D55
6066,1184180,2010-07-09,2115,CARLAW Ave,COLGATE Ave,None,Minor Arterial,Toronto and East York,None,No Control,Clear,Dark,Dry,Non-Fatal Injury,Sideswipe,Moped Driver,15 to 19,None,None,North,Moped,None,None,None,None,None,None,None,None,None,None,Yes,Yes,None,None,None,None,Yes,None,None,None,None,None,70,South Riverdale,70,South Riverdale (70),D55
6067,1184071,2010-07-10,341,BURNHAMTHORPE RD,BURNHAMTHORPE CRES,None,Major Arterial,Etobicoke York,None,No Control,Clear,Dark,Dry,Non-Fatal Injury,SMV Other,Passenger,20 to 24,Major,None,None,Other,None,None,None,None,None,None,None,None,None,None,None,Yes,None,None,None,None,Yes,None,None,None,Yes,None,158,Islington,14,Islington-City Centre West (14),D22
6068,1184071,2010-07-10,341,BURNHAMTHORPE RD,BURNHAMTHORPE CRES,None,Major Arterial,Etobicoke York,None,No Control,Clear,Dark,Dry,Non-Fatal Injury,SMV Other,Passenger,20 to 24,Minimal,None,None,Other,None,None,None,None,None,None,None,None,None,None,None,Yes,None,None,None,None,Yes,None,None,None,Yes,None,158,Islington,14,Islington-City Centre West (14),D22
6069,1184071,2010-07-10,341,BURNHAMTHORPE RD,BURNHAMTHORPE CRES,None,Major Arterial,Etobicoke York,None,No Control,Clear,Dark,Dry,Non-Fatal Injury,SMV Other,Driver,25 to 29,None,None,South,"Automobile, Station Wagon",Going Ahead,Lost control,"Ability Impaired, Alcohol Over .08",None,None,None,None,None,None,None,None,Yes,None,None,None,None,Yes,None,None,None,Yes,None,158,Islington,14,Islington-City Centre West (14),D22
6070,1184071,2010-07-10,341,BURNHAMTHORPE RD,BURNHAMTHORPE CRES,None,Major Arterial,Etobicoke York,None,No Control,Clear,Dark,Dry,Non-Fatal Injury,SMV Other,Vehicle Owner,unknown,None,None,None,Other,None,None,None,None,None,None,None,None,None,None,None,Yes,None,None,None,None,Yes,None,None,None,Yes,None,158,Islington,14,Islington-City Centre West (14),D22
6071,1184066,2010-07-10,1910,DUFFERIN St,EVERSFIELD Rd,None,Major Arterial,Toronto and East York,None,No Control,Clear,Daylight,Dry,Non-Fatal Injury,Pedestrian Collisions,Vehicle Owner,unknown,None,None,None,Other,None,None,None,None,None,None,None,None,None,Yes,None,None,None,None,Yes,None,None,None,None,None,None,None,109,Caledonia-Fairbank,109,Caledonia-Fairbank (109),D13
6072,1184066,2010-07-10,1910,DUFFERIN St,EVERSFIELD Rd,None,Major Arterial,Toronto and East York,None,No Control,Clear,Daylight,Dry,Non-Fatal Injury,Pedestrian Collisions,Driver,40 to 44,None,None,North,Municipal Transit Bus (TTC),Going Ahead,Driving Properly,Normal,None,None,None,None,None,None,Yes,None,None,None,None,Yes,None,None,None,None,None,None,None,109,Caledonia-Fairbank,109,Caledonia-Fairbank (109),D13
6073,1184066,2010-07-10,1910,DUFFERIN St,EVERSFIELD Rd,None,Major Arterial,Toronto and East York,None,No Control,Clear,Daylight,Dry,Non-Fatal Injury,Pedestrian Collisions,Pedestrian,55 to 59,Major,None,None,Other,None,None,None,Pedestrian involved in a collision with transit vehicle anywhere along roadway,Other,Had Been Drinking,None,None,None,Yes,None,None,None,None,Yes,None,None,None,None,None,None,None,109,Caledonia-Fairbank,109,Caledonia-Fairbank (109),D13
6074,1184036,2010-07-11,1936,MEADOWVALE Rd,SHEPPARD Ave E,None,Major Arterial,Scarborough,At Intersection,Traffic Signal,Clear,Daylight,Dry,Non-Fatal Injury,Pedestrian Collisions,Driver,50 to 54,None,None,North,"Automobile, Station Wagon",Turning Left,Failed to Yield Right of Way,Inattentive,None,None,None,None,None,None,Yes,None,Yes,None,None,None,None,None,None,Yes,None,None,None,143,West Rouge,131,Rouge (131),D42
6075,1184036,2010-07-11,1936,MEADOWVALE Rd,SHEPPARD Ave E,None,Major Arterial,Scarborough,At Intersection,Traffic Signal,Clear,Daylight,Dry,Non-Fatal Injury,Pedestrian Collisions,Pedestrian,60 to 64,Major,None,South,Other,None,None,None,Vehicle turns left while ped crosses with ROW at inter.,Crossing with right of way,Normal,None,None,None,Yes,None,Yes,None,None,None,None,None,None,Yes,None,None,None,143,West Rouge,131,Rouge (131),D42
6076,1184369,2010-07-12,105,ELLESMERE Road,MCCOWAN Road,None,Major Arterial,Scarborough,At Intersection,Traffic Signal,Clear,Dark,Dry,Non-Fatal Injury,SMV Other,Driver,20 to 24,Major,None,East,"Automobile, Station Wagon",Going Ahead,Exceeding Speed Limit,Had Been Drinking,None,None,None,None,None,None,None,None,Yes,None,None,None,None,None,Yes,Yes,None,None,None,156,Bendale-Glen Andrew,127,Bendale (127),D43
6077,1184369,2010-07-12,105,ELLESMERE Road,MCCOWAN Road,None,Major Arterial,Scarborough,At Intersection,Traffic Signal,Clear,Dark,Dry,Non-Fatal Injury,SMV Other,Other Property Owner,unknown,None,None,None,Other,None,None,None,None,None,None,None,None,None,None,None,Yes,None,None,None,None,None,Yes,Yes,None,None,None,156,Bendale-Glen Andrew,127,Bendale (127),D43
6078,1184354,2010-07-12,1800,93 BRIMWOOD Boul,None,None,Collector,Scarborough,None,No Control,Clear,Daylight,Dry,Non-Fatal Injury,Other,Passenger,55 to 59,Major,None,None,Other,None,None,None,None,None,None,None,None,None,None,None,Yes,None,None,None,None,Yes,None,None,None,None,None,129,Agincourt North,129,Agincourt North (129),D42
6079,1184354,2010-07-12,1800,93 BRIMWOOD Boul,None,None,Collector,Scarborough,None,No Control,Clear,Daylight,Dry,Non-Fatal Injury,Other,Vehicle Owner,unknown,None,None,None,Other,None,None,None,None,None,None,None,None,None,None,None,Yes,None,None,None,None,Yes,None,None,None,None,None,129,Agincourt North,129,Agincourt North (129),D42
6080,1184354,2010-07-12,1800,93 BRIMWOOD Boul,None,None,Collector,Scarborough,None,No Control,Clear,Daylight,Dry,Non-Fatal Injury,Other,Driver,15 to 19,None,None,West,"Automobile, Station Wagon",Reversing,Other,Inattentive,None,None,None,None,None,None,None,None,Yes,None,None,None,None,Yes,None,None,None,None,None,129,Agincourt North,129,Agincourt North (129),D42
6081,1200876,2010-07-13,1030,COMMISSIONERS Stre,SAULTER Stre S,None,Collector,Toronto and East York,At Intersection,No Control,Clear,Daylight,Dry,Non-Fatal Injury,SMV Other,Vehicle Owner,unknown,None,None,None,Other,None,None,None,None,None,None,None,None,None,None,None,None,None,Yes,None,None,None,None,None,None,None,None,70,South Riverdale,70,South Riverdale (70),D55
6082,1200876,2010-07-13,1030,COMMISSIONERS Stre,SAULTER Stre S,None,Collector,Toronto and East York,At Intersection,No Control,Clear,Daylight,Dry,Non-Fatal Injury,SMV Other,Truck Driver,30 to 34,Major,None,West,Truck - Open,Going Ahead,Lost control,Normal,None,None,None,None,None,None,None,None,None,None,Yes,None,None,None,None,None,None,None,None,70,South Riverdale,70,South Riverdale (70),D55
6083,1184650,2010-07-13,1835,EGLINTON Ave E,LAIRD Dr,None,Major Arterial,North York,None,Traffic Signal,Clear,Daylight,Dry,Non-Fatal Injury,Rear End,Driver,30 to 34,Minor,None,East,"Automobile, Station Wagon",Stopped,Driving Properly,Normal,None,None,None,None,None,None,None,None,Yes,None,None,None,None,None,None,None,None,None,None,55,Thorncliffe Park,55,Thorncliffe Park (55),D53
6084,1184650,2010-07-13,1835,EGLINTON Ave E,LAIRD Dr,None,Major Arterial,North York,None,Traffic Signal,Clear,Daylight,Dry,Non-Fatal Injury,Rear End,Driver,35 to 39,Minor,None,East,"Automobile, Station Wagon",Stopped,Driving Properly,Normal,None,None,None,None,None,None,None,None,Yes,None,None,None,None,None,None,None,None,None,None,55,Thorncliffe Park,55,Thorncliffe Park (55),D53
6085,1184650,2010-07-13,1835,EGLINTON Ave E,LAIRD Dr,None,Major Arterial,North York,None,Traffic Signal,Clear,Daylight,Dry,Non-Fatal Injury,Rear End,Vehicle Owner,unknown,None,None,None,Other,None,None,None,None,None,None,None,None,None,None,None,Yes,None,None,None,None,None,None,None,None,None,None,55,Thorncliffe Park,55,Thorncliffe Park (55),D53
6086,1184650,2010-07-13,1835,EGLINTON Ave E,LAIRD Dr,None,Major Arterial,North York,None,Traffic Signal,Clear,Daylight,Dry,Non-Fatal Injury,Rear End,Driver,50 to 54,Major,None,West,Other,Stopped,Driving Properly,Normal,None,None,None,None,None,None,None,None,Yes,None,None,None,None,None,None,None,None,None,None,55,Thorncliffe Park,55,Thorncliffe Park (55),D53
6087,1184650,2010-07-13,1835,EGLINTON Ave E,LAIRD Dr,None,Major Arterial,North York,None,Traffic Signal,Clear,Daylight,Dry,Non-Fatal Injury,Rear End,Driver,20 to 24,None,None,West,"Automobile, Station Wagon",Stopped,Driving Properly,Normal,None,None,None,None,None,None,None,None,Yes,None,None,None,None,None,None,None,None,None,None,55,Thorncliffe Park,55,Thorncliffe Park (55),D53
6088,1184650,2010-07-13,1835,EGLINTON Ave E,LAIRD Dr,None,Major Arterial,North York,None,Traffic Signal,Clear,Daylight,Dry,Non-Fatal Injury,Rear End,Vehicle Owner,unknown,None,None,None,Other,None,None,None,None,None,None,None,None,None,None,None,Yes,None,None,None,None,None,None,None,None,None,None,55,Thorncliffe Park,55,Thorncliffe Park (55),D53
6089,1184650,2010-07-13,1835,EGLINTON Ave E,LAIRD Dr,None,Major Arterial,North York,None,Traffic Signal,Clear,Daylight,Dry,Non-Fatal Injury,Rear End,Driver,20 to 24,Minimal,None,East,"Automobile, Station Wagon",Going Ahead,Lost control,Inattentive,None,None,None,None,None,None,None,None,Yes,None,None,None,None,None,None,None,None,None,None,55,Thorncliffe Park,55,Thorncliffe Park (55),D53
6090,1176916,2010-07-13,2035,KIPLING AVE,BELFIELD RD,None,Major Arterial,Etobicoke York,At Intersection,Traffic Signal,Clear,Dark,Dry,Fatal,Angle,Truck Driver,40 to 44,None,None,West,Truck - Open,Going Ahead,Driving Properly,Normal,None,None,None,None,None,None,None,None,Yes,None,Yes,None,None,None,None,Yes,Yes,None,None,1,West Humber-Clairville,1,West Humber-Clairville (1),D23
6091,1176916,2010-07-13,2035,KIPLING AVE,BELFIELD RD,None,Major Arterial,Etobicoke York,At Intersection,Traffic Signal,Clear,Dark,Dry,Fatal,Angle,Vehicle Owner,unknown,None,None,None,Other,None,None,None,None,None,None,None,None,None,None,None,Yes,None,Yes,None,None,None,None,Yes,Yes,None,None,1,West Humber-Clairville,1,West Humber-Clairville (1),D23
6092,1176916,2010-07-13,2035,KIPLING AVE,BELFIELD RD,None,Major Arterial,Etobicoke York,At Intersection,Traffic Signal,Clear,Dark,Dry,Fatal,Angle,Driver,65 to 69,Fatal,23,South,"Automobile, Station Wagon",Going Ahead,Disobeyed Traffic Control,Unknown,None,None,None,None,None,None,None,None,Yes,None,Yes,None,None,None,None,Yes,Yes,None,None,1,West Humber-Clairville,1,West Humber-Clairville (1),D23
6093,1176916,2010-07-13,2035,KIPLING AVE,BELFIELD RD,None,Major Arterial,Etobicoke York,At Intersection,Traffic Signal,Clear,Dark,Dry,Fatal,Angle,Other Property Owner,unknown,None,None,None,Other,None,None,None,None,None,None,None,None,None,None,None,Yes,None,Yes,None,None,None,None,Yes,Yes,None,None,1,West Humber-Clairville,1,West Humber-Clairville (1),D23
6094,1177384,2010-07-15,2018,CALEDONIA PARK RD,DAVENPORT RD,None,Minor Arterial,Toronto and East York,At Intersection,Traffic Controller,Clear,Dusk,Dry,Non-Fatal Injury,Cyclist Collisions,Cyclist,40 to 44,Major,None,South,Bicycle,Turning Left,None,None,None,None,None,"Cyclist loses control and strikes object (pole, ttc track)",Lost control,Normal,None,Yes,None,None,None,None,None,None,None,None,None,None,None,171,Junction-Wallace Emerson,93,Dovercourt-Wallace Emerson-Junction (93),D13
6095,1180034,2010-07-16,1011,SPADINA AVE,ST ANDREW ST,None,Major Arterial,Toronto and East York,None,Traffic Signal,Clear,Daylight,Dry,Non-Fatal Injury,Pedestrian Collisions,Pedestrian,50 to 54,Major,None,West,Other,None,None,None,Pedestrian involved in a collision with transit vehicle anywhere along roadway,Crossing without right of way,Had Been Drinking,None,None,None,Yes,None,None,None,None,Yes,None,None,None,None,None,None,None,78,Kensington-Chinatown,78,Kensington-Chinatown (78),D52
6096,1180034,2010-07-16,1011,SPADINA AVE,ST ANDREW ST,None,Major Arterial,Toronto and East York,None,Traffic Signal,Clear,Daylight,Dry,Non-Fatal Injury,Pedestrian Collisions,Vehicle Owner,unknown,None,None,None,Other,None,None,None,None,None,None,None,None,None,Yes,None,None,None,None,Yes,None,None,None,None,None,None,None,78,Kensington-Chinatown,78,Kensington-Chinatown (78),D52
6097,1180034,2010-07-16,1011,SPADINA AVE,ST ANDREW ST,None,Major Arterial,Toronto and East York,None,Traffic Signal,Clear,Daylight,Dry,Non-Fatal Injury,Pedestrian Collisions,Driver,40 to 44,None,None,South,Municipal Transit Bus (TTC),Going Ahead,Driving Properly,Normal,None,None,None,None,None,None,Yes,None,None,None,None,Yes,None,None,None,None,None,None,None,78,Kensington-Chinatown,78,Kensington-Chinatown (78),D52
6098,1177531,2010-07-16,1647,JANE ST,DUNDAS ST W,None,Major Arterial,Toronto and East York,At Intersection,Traffic Signal,Clear,Daylight,Dry,Fatal,Turning Movement,Driver,75 to 79,Major,None,South,"Automobile, Station Wagon",Turning Left,Improper Turn,Unknown,None,None,None,None,None,None,None,None,Yes,None,None,Yes,None,Yes,None,Yes,None,None,None,89,Runnymede-Bloor West Village,89,Runnymede-Bloor West Village (89),D11
6099,1177531,2010-07-16,1647,JANE ST,DUNDAS ST W,None,Major Arterial,Toronto and East York,At Intersection,Traffic Signal,Clear,Daylight,Dry,Fatal,Turning Movement,Passenger,85 to 89,Fatal,25,None,Other,None,None,None,None,None,None,None,None,None,None,None,Yes,None,None,Yes,None,Yes,None,Yes,None,None,None,89,Runnymede-Bloor West Village,89,Runnymede-Bloor West Village (89),D11
6100,1177531,2010-07-16,1647,JANE ST,DUNDAS ST W,None,Major Arterial,Toronto and East York,At Intersection,Traffic Signal,Clear,Daylight,Dry,Fatal,Turning Movement,Passenger,90 to 94,Fatal,24,None,Other,None,None,None,None,None,None,None,None,None,None,None,Yes,None,None,Yes,None,Yes,None,Yes,None,None,None,89,Runnymede-Bloor West Village,89,Runnymede-Bloor West Village (89),D11
6101,1177531,2010-07-16,1647,JANE ST,DUNDAS ST W,None,Major Arterial,Toronto and East York,At Intersection,Traffic Signal,Clear,Daylight,Dry,Fatal,Turning Movement,Driver,25 to 29,None,None,South,"Automobile, Station Wagon",Stopped,Driving Properly,Normal,None,None,None,None,None,None,None,None,Yes,None,None,Yes,None,Yes,None,Yes,None,None,None,89,Runnymede-Bloor West Village,89,Runnymede-Bloor West Village (89),D11
6102,1177531,2010-07-16,1647,JANE ST,DUNDAS ST W,None,Major Arterial,Toronto and East York,At Intersection,Traffic Signal,Clear,Daylight,Dry,Fatal,Turning Movement,Vehicle Owner,unknown,None,None,None,Other,None,None,None,None,None,None,None,None,None,None,None,Yes,None,None,Yes,None,Yes,None,Yes,None,None,None,89,Runnymede-Bloor West Village,89,Runnymede-Bloor West Village (89),D11