_id,ACCNUM,DATE,TIME,STREET1,STREET2,OFFSET,ROAD_CLASS,DISTRICT,ACCLOC,TRAFFCTL,VISIBILITY,LIGHT,RDSFCOND,ACCLASS,IMPACTYPE,INVTYPE,INVAGE,INJURY,FATAL_NO,INITDIR,VEHTYPE,MANOEUVER,DRIVACT,DRIVCOND,PEDTYPE,PEDACT,PEDCOND,CYCLISTYPE,CYCACT,CYCCOND,PEDESTRIAN,CYCLIST,AUTOMOBILE,MOTORCYCLE,TRUCK,TRSN_CITY_VEH,EMERG_VEH,PASSENGER,SPEEDING,AG_DRIV,REDLIGHT,ALCOHOL,DISABILITY,HOOD_158,NEIGHBOURHOOD_158,HOOD_140,NEIGHBOURHOOD_140,DIVISION
6298,1197199,2010-09-19,1550,EGLINTON AVE E,VICTORIA PARK AVE,None,Major Arterial,North York,At Intersection,Traffic Signal,Clear,Daylight,Dry,Non-Fatal Injury,Turning Movement,Driver,60 to 64,None,None,West,"Automobile, Station Wagon",Turning Left,Improper Turn,Inattentive,None,None,None,None,None,None,None,None,Yes,Yes,None,None,None,None,None,None,None,None,None,119,Wexford/Maryvale,119,Wexford/Maryvale (119),D41
6299,1190299,2010-09-20,1008,PINEWAY BLVD,FINCH AVE E,None,Major Arterial,North York,At Intersection,Traffic Signal,Clear,Daylight,Dry,Non-Fatal Injury,Pedestrian Collisions,Driver,30 to 34,None,None,South,"Automobile, Station Wagon",Turning Left,Failed to Yield Right of Way,Normal,None,None,None,None,None,None,Yes,None,Yes,None,None,None,None,None,None,Yes,None,None,None,52,Bayview Village,49,Bayview Woods-Steeles (49),D33
6300,1190299,2010-09-20,1008,PINEWAY BLVD,FINCH AVE E,None,Major Arterial,North York,At Intersection,Traffic Signal,Clear,Daylight,Dry,Non-Fatal Injury,Pedestrian Collisions,Pedestrian,70 to 74,Major,None,North,Other,None,None,None,Vehicle turns left while ped crosses with ROW at inter.,Crossing with right of way,Normal,None,None,None,Yes,None,Yes,None,None,None,None,None,None,Yes,None,None,None,52,Bayview Village,49,Bayview Woods-Steeles (49),D33
6301,1197305,2010-09-20,2317,PASSMORE AVE,TAPSCOTT RD,None,Minor Arterial,Scarborough,At Intersection,Stop Sign,Clear,Dark,Dry,Non-Fatal Injury,Angle,Driver,30 to 34,Minor,None,North,"Automobile, Station Wagon",Going Ahead,Driving Properly,Normal,None,None,None,None,None,None,None,None,Yes,None,None,None,None,None,None,Yes,None,Yes,None,144,Morningside Heights,131,Rouge (131),D42
6302,1197305,2010-09-20,2317,PASSMORE AVE,TAPSCOTT RD,None,Minor Arterial,Scarborough,At Intersection,Stop Sign,Clear,Dark,Dry,Non-Fatal Injury,Angle,Driver,30 to 34,Major,None,East,"Automobile, Station Wagon",Going Ahead,Disobeyed Traffic Control,"Ability Impaired, Alcohol",None,None,None,None,None,None,None,None,Yes,None,None,None,None,None,None,Yes,None,Yes,None,144,Morningside Heights,131,Rouge (131),D42
6303,1198255,2010-09-22,1448,YONGE ST,ELLERSLIE AVE,None,Major Arterial,North York,At Intersection,Stop Sign,Clear,Daylight,Dry,Non-Fatal Injury,Turning Movement,Motorcycle Driver,30 to 34,Major,None,South,Motorcycle,Going Ahead,Driving Properly,Normal,None,None,None,None,None,None,None,None,Yes,Yes,None,None,None,None,None,Yes,None,None,None,37,Willowdale West,37,Willowdale West (37),D32
6304,1198255,2010-09-22,1448,YONGE ST,ELLERSLIE AVE,None,Major Arterial,North York,At Intersection,Stop Sign,Clear,Daylight,Dry,Non-Fatal Injury,Turning Movement,Driver,65 to 69,None,None,East,"Automobile, Station Wagon",Turning Left,Failed to Yield Right of Way,Inattentive,None,None,None,None,None,None,None,None,Yes,Yes,None,None,None,None,None,Yes,None,None,None,37,Willowdale West,37,Willowdale West (37),D32
6305,1191013,2010-09-23,902,KENNEDY Road,BERTRAND Aven,None,Major Arterial,Scarborough,At Intersection,Traffic Signal,Clear,Daylight,Dry,Non-Fatal Injury,Cyclist Collisions,Driver,25 to 29,None,None,North,"Automobile, Station Wagon",Going Ahead,Disobeyed Traffic Control,Inattentive,None,None,None,None,None,None,None,Yes,Yes,None,None,None,None,None,None,Yes,Yes,None,None,125,Ionview,125,Ionview (125),D41
6306,1191013,2010-09-23,902,KENNEDY Road,BERTRAND Aven,None,Major Arterial,Scarborough,At Intersection,Traffic Signal,Clear,Daylight,Dry,Non-Fatal Injury,Cyclist Collisions,Cyclist,50 to 54,Major,None,West,Bicycle,Turning Left,None,None,None,None,None,"Motorist without ROW drives into path of cyclist at inter, lnwy, dwy-Driver not turn.",Driving Properly,Normal,None,Yes,Yes,None,None,None,None,None,None,Yes,Yes,None,None,125,Ionview,125,Ionview (125),D41
6307,1197847,2010-09-23,1755,2110 KEELE ST,None,None,Major Arterial,Etobicoke York,None,No Control,Clear,Daylight,Dry,Non-Fatal Injury,Approaching,Passenger,50 to 54,Minor,None,None,Other,None,None,None,None,None,None,None,None,None,None,None,Yes,None,None,None,None,Yes,None,None,None,None,None,30,Brookhaven-Amesbury,30,Brookhaven-Amesbury (30),D12
6308,1197847,2010-09-23,1755,2110 KEELE ST,None,None,Major Arterial,Etobicoke York,None,No Control,Clear,Daylight,Dry,Non-Fatal Injury,Approaching,Passenger,55 to 59,Minor,None,None,Other,None,None,None,None,None,None,None,None,None,None,None,Yes,None,None,None,None,Yes,None,None,None,None,None,30,Brookhaven-Amesbury,30,Brookhaven-Amesbury (30),D12
6309,1197847,2010-09-23,1755,2110 KEELE ST,None,None,Major Arterial,Etobicoke York,None,No Control,Clear,Daylight,Dry,Non-Fatal Injury,Approaching,Vehicle Owner,unknown,None,None,None,Other,None,None,None,None,None,None,None,None,None,None,None,Yes,None,None,None,None,Yes,None,None,None,None,None,30,Brookhaven-Amesbury,30,Brookhaven-Amesbury (30),D12
6310,1197847,2010-09-23,1755,2110 KEELE ST,None,None,Major Arterial,Etobicoke York,None,No Control,Clear,Daylight,Dry,Non-Fatal Injury,Approaching,Driver,25 to 29,Major,None,South,Pick Up Truck,Going Ahead,Driving Properly,Normal,None,None,None,None,None,None,None,None,Yes,None,None,None,None,Yes,None,None,None,None,None,30,Brookhaven-Amesbury,30,Brookhaven-Amesbury (30),D12
6311,1197847,2010-09-23,1755,2110 KEELE ST,None,None,Major Arterial,Etobicoke York,None,No Control,Clear,Daylight,Dry,Non-Fatal Injury,Approaching,Passenger,10 to 14,Minimal,None,None,Other,None,None,None,None,None,None,None,None,None,None,None,Yes,None,None,None,None,Yes,None,None,None,None,None,30,Brookhaven-Amesbury,30,Brookhaven-Amesbury (30),D12
6312,1197847,2010-09-23,1755,2110 KEELE ST,None,None,Major Arterial,Etobicoke York,None,No Control,Clear,Daylight,Dry,Non-Fatal Injury,Approaching,Passenger,50 to 54,Minimal,None,None,Other,None,None,None,None,None,None,None,None,None,None,None,Yes,None,None,None,None,Yes,None,None,None,None,None,30,Brookhaven-Amesbury,30,Brookhaven-Amesbury (30),D12
6313,1197847,2010-09-23,1755,2110 KEELE ST,None,None,Major Arterial,Etobicoke York,None,No Control,Clear,Daylight,Dry,Non-Fatal Injury,Approaching,Driver,45 to 49,Minor,None,North,"Automobile, Station Wagon",Going Ahead,Lost control,Inattentive,None,None,None,None,None,None,None,None,Yes,None,None,None,None,Yes,None,None,None,None,None,30,Brookhaven-Amesbury,30,Brookhaven-Amesbury (30),D12
6314,1198068,2010-09-24,1713,PAPE AVE,SELKIRK ST,None,Major Arterial,Toronto and East York,None,No Control,Clear,Daylight,Dry,Non-Fatal Injury,Rear End,Driver,40 to 44,Major,None,South,"Automobile, Station Wagon",Slowing or Stopping,Driving Properly,Normal,None,None,None,None,None,None,None,None,Yes,None,None,Yes,None,None,None,Yes,None,None,None,67,Playter Estates-Danforth,67,Playter Estates-Danforth (67),D55
6315,1198068,2010-09-24,1713,PAPE AVE,SELKIRK ST,None,Major Arterial,Toronto and East York,None,No Control,Clear,Daylight,Dry,Non-Fatal Injury,Rear End,Driver,40 to 44,None,None,South,Municipal Transit Bus (TTC),Going Ahead,Following too Close,Inattentive,None,None,None,None,None,None,None,None,Yes,None,None,Yes,None,None,None,Yes,None,None,None,67,Playter Estates-Danforth,67,Playter Estates-Danforth (67),D55
6316,1198068,2010-09-24,1713,PAPE AVE,SELKIRK ST,None,Major Arterial,Toronto and East York,None,No Control,Clear,Daylight,Dry,Non-Fatal Injury,Rear End,Vehicle Owner,unknown,None,None,None,Other,None,None,None,None,None,None,None,None,None,None,None,Yes,None,None,Yes,None,None,None,Yes,None,None,None,67,Playter Estates-Danforth,67,Playter Estates-Danforth (67),D55
6317,1191325,2010-09-24,2225,ALBION RD,TODD BROOK DR,None,Major Arterial,Etobicoke York,None,No Control,Clear,Dark,Dry,Non-Fatal Injury,Rear End,Motorcycle Driver,20 to 24,Major,None,East,Motorcycle,Going Ahead,Exceeding Speed Limit,Normal,None,None,None,None,None,None,None,None,Yes,Yes,None,None,None,None,Yes,Yes,None,None,None,3,Thistletown-Beaumond Heights,3,Thistletown-Beaumond Heights (3),D23
6318,1191325,2010-09-24,2225,ALBION RD,TODD BROOK DR,None,Major Arterial,Etobicoke York,None,No Control,Clear,Dark,Dry,Non-Fatal Injury,Rear End,Driver,50 to 54,None,None,East,"Automobile, Station Wagon",Going Ahead,Driving Properly,Normal,None,None,None,None,None,None,None,None,Yes,Yes,None,None,None,None,Yes,Yes,None,None,None,3,Thistletown-Beaumond Heights,3,Thistletown-Beaumond Heights (3),D23
6319,1198314,2010-09-25,1704,CALEDONIA RD,BOWIE AVE,None,Minor Arterial,North York,At Intersection,Stop Sign,Clear,Daylight,Dry,Non-Fatal Injury,Cyclist Collisions,Vehicle Owner,unknown,None,None,None,None,None,None,None,None,None,None,None,None,None,None,Yes,Yes,None,None,None,None,None,None,None,None,None,None,108,Briar Hill-Belgravia,108,Briar Hill-Belgravia (108),D13
6320,1198314,2010-09-25,1704,CALEDONIA RD,BOWIE AVE,None,Minor Arterial,North York,At Intersection,Stop Sign,Clear,Daylight,Dry,Non-Fatal Injury,Cyclist Collisions,Driver,20 to 24,None,None,West,Pick Up Truck,Turning Left,Driving Properly,Normal,None,None,None,None,None,None,None,Yes,Yes,None,None,None,None,None,None,None,None,None,None,108,Briar Hill-Belgravia,108,Briar Hill-Belgravia (108),D13
6321,1198314,2010-09-25,1704,CALEDONIA RD,BOWIE AVE,None,Minor Arterial,North York,At Intersection,Stop Sign,Clear,Daylight,Dry,Non-Fatal Injury,Cyclist Collisions,Cyclist,50 to 54,Major,None,East,Bicycle,Going Ahead,None,None,None,None,None,Motorist turned left across cyclists path.,Failed to Yield Right of Way,Had Been Drinking,None,Yes,Yes,None,None,None,None,None,None,None,None,None,None,108,Briar Hill-Belgravia,108,Briar Hill-Belgravia (108),D13
6322,1191508,2010-09-26,1550,ROSEDALE VALLEY RD,BLOOR ST E,None,Minor Arterial,Toronto and East York,None,No Control,Clear,Daylight,Dry,Non-Fatal Injury,SMV Other,Motorcycle Passenger,20 to 24,Major,None,None,Other,None,None,None,None,None,None,None,None,None,None,None,None,Yes,None,None,None,Yes,None,Yes,None,None,None,71,Cabbagetown-South St.James Town,71,Cabbagetown-South St.James Town (71),D51
6323,1191508,2010-09-26,1550,ROSEDALE VALLEY RD,BLOOR ST E,None,Minor Arterial,Toronto and East York,None,No Control,Clear,Daylight,Dry,Non-Fatal Injury,SMV Other,Motorcycle Driver,35 to 39,Major,None,West,Motorcycle,Overtaking,Improper Passing,Unknown,None,None,None,None,None,None,None,None,None,Yes,None,None,None,Yes,None,Yes,None,None,None,71,Cabbagetown-South St.James Town,71,Cabbagetown-South St.James Town (71),D51
6324,1198624,2010-09-26,1937,DUFFERIN ST,KEYWEST AVE,None,Major Arterial,Toronto and East York,At Intersection,No Control,Clear,Dark,Dry,Non-Fatal Injury,Turning Movement,Motorcycle Driver,30 to 34,Major,None,North,Motorcycle,Going Ahead,Driving Properly,Normal,None,None,None,None,None,None,None,None,Yes,Yes,None,None,None,None,None,None,None,None,None,109,Caledonia-Fairbank,109,Caledonia-Fairbank (109),D13
6325,1198624,2010-09-26,1937,DUFFERIN ST,KEYWEST AVE,None,Major Arterial,Toronto and East York,At Intersection,No Control,Clear,Dark,Dry,Non-Fatal Injury,Turning Movement,Driver,40 to 44,None,None,South,"Automobile, Station Wagon",Turning Left,Improper Turn,Inattentive,None,None,None,None,None,None,None,None,Yes,Yes,None,None,None,None,None,None,None,None,None,109,Caledonia-Fairbank,109,Caledonia-Fairbank (109),D13
6326,1191546,2010-09-26,2235,HIGHWAY 27  N,VICE REGENT BLVD,None,Major Arterial,Etobicoke York,At Intersection,Stop Sign,Clear,Dark,Dry,Fatal,Turning Movement,Vehicle Owner,unknown,None,None,None,Other,None,None,None,None,None,None,None,None,None,None,None,Yes,None,None,None,None,Yes,Yes,Yes,None,Yes,None,1,West Humber-Clairville,1,West Humber-Clairville (1),D23
6327,1191546,2010-09-26,2235,HIGHWAY 27  N,VICE REGENT BLVD,None,Major Arterial,Etobicoke York,At Intersection,Stop Sign,Clear,Dark,Dry,Fatal,Turning Movement,Driver,45 to 49,None,None,North,"Automobile, Station Wagon",Going Ahead,Exceeding Speed Limit,"Ability Impaired, Alcohol Over .08",None,None,None,None,None,None,None,None,Yes,None,None,None,None,Yes,Yes,Yes,None,Yes,None,1,West Humber-Clairville,1,West Humber-Clairville (1),D23
6328,1191546,2010-09-26,2235,HIGHWAY 27  N,VICE REGENT BLVD,None,Major Arterial,Etobicoke York,At Intersection,Stop Sign,Clear,Dark,Dry,Fatal,Turning Movement,Passenger,unknown,Minor,None,None,Other,None,None,None,None,None,None,None,None,None,None,None,Yes,None,None,None,None,Yes,Yes,Yes,None,Yes,None,1,West Humber-Clairville,1,West Humber-Clairville (1),D23
6329,1191546,2010-09-26,2235,HIGHWAY 27  N,VICE REGENT BLVD,None,Major Arterial,Etobicoke York,At Intersection,Stop Sign,Clear,Dark,Dry,Fatal,Turning Movement,Passenger,5 to 9,Major,None,None,Other,None,None,None,None,None,None,None,None,None,None,None,Yes,None,None,None,None,Yes,Yes,Yes,None,Yes,None,1,West Humber-Clairville,1,West Humber-Clairville (1),D23
6330,1191546,2010-09-26,2235,HIGHWAY 27  N,VICE REGENT BLVD,None,Major Arterial,Etobicoke York,At Intersection,Stop Sign,Clear,Dark,Dry,Fatal,Turning Movement,Passenger,25 to 29,Fatal,32,None,Other,None,None,None,None,None,None,None,None,None,None,None,Yes,None,None,None,None,Yes,Yes,Yes,None,Yes,None,1,West Humber-Clairville,1,West Humber-Clairville (1),D23
6331,1191546,2010-09-26,2235,HIGHWAY 27  N,VICE REGENT BLVD,None,Major Arterial,Etobicoke York,At Intersection,Stop Sign,Clear,Dark,Dry,Fatal,Turning Movement,Vehicle Owner,unknown,None,None,None,Other,None,None,None,None,None,None,None,None,None,None,None,Yes,None,None,None,None,Yes,Yes,Yes,None,Yes,None,1,West Humber-Clairville,1,West Humber-Clairville (1),D23
6332,1191546,2010-09-26,2235,HIGHWAY 27  N,VICE REGENT BLVD,None,Major Arterial,Etobicoke York,At Intersection,Stop Sign,Clear,Dark,Dry,Fatal,Turning Movement,Driver,30 to 34,Minimal,None,West,"Automobile, Station Wagon",Turning Left,Driving Properly,Normal,None,None,None,None,None,None,None,None,Yes,None,None,None,None,Yes,Yes,Yes,None,Yes,None,1,West Humber-Clairville,1,West Humber-Clairville (1),D23
6333,1191582,2010-09-26,2309,LAKE SHORE BLVD W,COLBORNE LODGE DR,None,Major Arterial,Toronto and East York,At Intersection,Traffic Signal,Clear,Dark,Dry,Fatal,Cyclist Collisions,Driver,30 to 34,None,None,East,"Automobile, Station Wagon",Going Ahead,Driving Properly,Normal,None,None,None,None,None,None,None,Yes,Yes,None,None,None,None,None,None,None,None,None,None,85,South Parkdale,85,South Parkdale (85),D11
6334,1191582,2010-09-26,2309,LAKE SHORE BLVD W,COLBORNE LODGE DR,None,Major Arterial,Toronto and East York,At Intersection,Traffic Signal,Clear,Dark,Dry,Fatal,Cyclist Collisions,Driver,60 to 64,None,None,East,"Automobile, Station Wagon",Going Ahead,Driving Properly,Normal,None,None,None,None,None,None,None,Yes,Yes,None,None,None,None,None,None,None,None,None,None,85,South Parkdale,85,South Parkdale (85),D11
6335,1191582,2010-09-26,2309,LAKE SHORE BLVD W,COLBORNE LODGE DR,None,Major Arterial,Toronto and East York,At Intersection,Traffic Signal,Clear,Dark,Dry,Fatal,Cyclist Collisions,Cyclist,25 to 29,Fatal,33,South,Bicycle,Going Ahead,None,None,None,None,None,"Cyclist without ROW rides into path of motorist at inter, lnwy, dwy-Cyclist not turn.",Disobeyed Traffic Control,Had Been Drinking,None,Yes,Yes,None,None,None,None,None,None,None,None,None,None,85,South Parkdale,85,South Parkdale (85),D11
6336,1198637,2010-09-27,2158,BRIMLEY RD,FINCH AVE E,None,Major Arterial,Scarborough,At Intersection,Traffic Signal,Rain,Dark,Wet,Non-Fatal Injury,Pedestrian Collisions,Driver,40 to 44,None,None,North,"Automobile, Station Wagon",Turning Left,Failed to Yield Right of Way,Inattentive,None,None,None,None,None,None,Yes,None,Yes,None,None,None,None,None,None,Yes,None,None,None,129,Agincourt North,129,Agincourt North (129),D42
6337,1198637,2010-09-27,2158,BRIMLEY RD,FINCH AVE E,None,Major Arterial,Scarborough,At Intersection,Traffic Signal,Rain,Dark,Wet,Non-Fatal Injury,Pedestrian Collisions,Pedestrian,50 to 54,Major,None,North,Other,None,None,None,Vehicle turns left while ped crosses with ROW at inter.,Crossing with right of way,Normal,None,None,None,Yes,None,Yes,None,None,None,None,None,None,Yes,None,None,None,129,Agincourt North,129,Agincourt North (129),D42
6338,1199022,2010-09-28,625,JANE ST,EDDYSTONE AVE,None,Major Arterial,Etobicoke York,At Intersection,Traffic Signal,Clear,Dark,Dry,Non-Fatal Injury,Pedestrian Collisions,Driver,55 to 59,Minimal,None,East,"Automobile, Station Wagon",Turning Left,Failed to Yield Right of Way,Normal,None,None,None,None,None,None,Yes,None,Yes,None,None,None,None,None,None,Yes,None,None,None,25,Glenfield-Jane Heights,25,Glenfield-Jane Heights (25),D31
6339,1199022,2010-09-28,625,JANE ST,EDDYSTONE AVE,None,Major Arterial,Etobicoke York,At Intersection,Traffic Signal,Clear,Dark,Dry,Non-Fatal Injury,Pedestrian Collisions,Pedestrian,55 to 59,Major,None,East,Other,None,None,None,Vehicle turns left while ped crosses with ROW at inter.,Crossing with right of way,Unknown,None,None,None,Yes,None,Yes,None,None,None,None,None,None,Yes,None,None,None,25,Glenfield-Jane Heights,25,Glenfield-Jane Heights (25),D31
6340,1200665,2010-09-28,1035,DANFORTH AVE,MAIN ST,None,Major Arterial,Toronto and East York,At Intersection,Traffic Signal,Rain,Daylight,Wet,Non-Fatal Injury,Pedestrian Collisions,Vehicle Owner,unknown,None,None,None,Other,None,None,None,None,None,None,None,None,None,Yes,None,Yes,None,None,None,None,None,None,None,None,None,None,62,East End-Danforth,62,East End-Danforth (62),D55
6341,1200665,2010-09-28,1035,DANFORTH AVE,MAIN ST,None,Major Arterial,Toronto and East York,At Intersection,Traffic Signal,Rain,Daylight,Wet,Non-Fatal Injury,Pedestrian Collisions,Driver,60 to 64,None,None,North,"Automobile, Station Wagon",Turning Left,Improper Turn,Inattentive,None,None,None,None,None,None,Yes,None,Yes,None,None,None,None,None,None,None,None,None,None,62,East End-Danforth,62,East End-Danforth (62),D55
6342,1200665,2010-09-28,1035,DANFORTH AVE,MAIN ST,None,Major Arterial,Toronto and East York,At Intersection,Traffic Signal,Rain,Daylight,Wet,Non-Fatal Injury,Pedestrian Collisions,Pedestrian,75 to 79,Major,None,North,Other,None,None,None,Vehicle turns left while ped crosses with ROW at inter.,Crossing with right of way,Normal,None,None,None,Yes,None,Yes,None,None,None,None,None,None,None,None,None,None,62,East End-Danforth,62,East End-Danforth (62),D55
6343,1199172,2010-09-28,1526,1300 YONGE St,None,None,Major Arterial,Toronto and East York,None,No Control,Clear,Daylight,Dry,Non-Fatal Injury,Cyclist Collisions,Other,unknown,None,None,None,Other,Parked,None,None,None,None,None,None,None,None,None,Yes,None,None,None,None,None,None,None,None,None,None,None,97,Yonge-St.Clair,97,Yonge-St.Clair (97),D53
6344,1199172,2010-09-28,1526,1300 YONGE St,None,None,Major Arterial,Toronto and East York,None,No Control,Clear,Daylight,Dry,Non-Fatal Injury,Cyclist Collisions,Cyclist,20 to 24,Major,None,South,Bicycle,Going Ahead,None,None,None,None,None,Cyclist strikes a parked vehicle.,Speed too Fast For Condition,Normal,None,Yes,None,None,None,None,None,None,None,None,None,None,None,97,Yonge-St.Clair,97,Yonge-St.Clair (97),D53
6345,1204660,2010-09-29,654,MOUNT PLEASANT RD,DAVISVILLE AVE,None,Major Arterial,North York,At Intersection,Traffic Signal,Clear,Daylight,Dry,Non-Fatal Injury,Turning Movement,Passenger,25 to 29,Major,None,None,Other,None,None,None,None,None,None,None,None,None,None,None,Yes,None,None,None,None,Yes,None,Yes,None,None,None,174,South Eglinton-Davisville,104,Mount Pleasant West (104),D53
6346,1204660,2010-09-29,654,MOUNT PLEASANT RD,DAVISVILLE AVE,None,Major Arterial,North York,At Intersection,Traffic Signal,Clear,Daylight,Dry,Non-Fatal Injury,Turning Movement,Driver,50 to 54,Minimal,None,North,"Automobile, Station Wagon",Turning Left,Failed to Yield Right of Way,Inattentive,None,None,None,None,None,None,None,None,Yes,None,None,None,None,Yes,None,Yes,None,None,None,174,South Eglinton-Davisville,104,Mount Pleasant West (104),D53
6347,1204660,2010-09-29,654,MOUNT PLEASANT RD,DAVISVILLE AVE,None,Major Arterial,North York,At Intersection,Traffic Signal,Clear,Daylight,Dry,Non-Fatal Injury,Turning Movement,Vehicle Owner,unknown,None,None,None,Other,None,None,None,None,None,None,None,None,None,None,None,Yes,None,None,None,None,Yes,None,Yes,None,None,None,174,South Eglinton-Davisville,104,Mount Pleasant West (104),D53
6348,1204660,2010-09-29,654,MOUNT PLEASANT RD,DAVISVILLE AVE,None,Major Arterial,North York,At Intersection,Traffic Signal,Clear,Daylight,Dry,Non-Fatal Injury,Turning Movement,Driver,40 to 44,Minor,None,South,"Automobile, Station Wagon",Going Ahead,Driving Properly,Normal,None,None,None,None,None,None,None,None,Yes,None,None,None,None,Yes,None,Yes,None,None,None,174,South Eglinton-Davisville,104,Mount Pleasant West (104),D53
6349,1192613,2010-10-01,1232,KING ST W,FRASER AVE,None,Major Arterial,Toronto and East York,At Intersection,Stop Sign,Clear,Daylight,Dry,Non-Fatal Injury,Turning Movement,Motorcycle Driver,30 to 34,Major,None,East,Motorcycle,Going Ahead,Driving Properly,Normal,None,None,None,None,None,None,None,None,Yes,Yes,None,None,None,None,None,None,None,None,None,85,South Parkdale,85,South Parkdale (85),D14
6350,1192613,2010-10-01,1232,KING ST W,FRASER AVE,None,Major Arterial,Toronto and East York,At Intersection,Stop Sign,Clear,Daylight,Dry,Non-Fatal Injury,Turning Movement,Driver,55 to 59,None,None,West,"Automobile, Station Wagon",Turning Left,Improper Turn,Inattentive,None,None,None,None,None,None,None,None,Yes,Yes,None,None,None,None,None,None,None,None,None,85,South Parkdale,85,South Parkdale (85),D14
6351,1196563,2010-10-01,2230,SILVER SPRINGS BLVD,BIRCHMOUNT RD,None,Collector,Scarborough,None,Pedestrian Crossover,Clear,Dark,Dry,Non-Fatal Injury,Pedestrian Collisions,Driver,unknown,None,None,West,"Automobile, Station Wagon",Going Ahead,Disobeyed Traffic Control,Unknown,None,None,None,None,None,None,Yes,None,Yes,None,None,None,None,None,None,Yes,None,None,None,148,East L'Amoreaux,117,L'Amoreaux (117),D42
6352,1196563,2010-10-01,2230,SILVER SPRINGS BLVD,BIRCHMOUNT RD,None,Collector,Scarborough,None,Pedestrian Crossover,Clear,Dark,Dry,Non-Fatal Injury,Pedestrian Collisions,Pedestrian,45 to 49,Major,None,South,Other,None,None,None,Pedestrian hit a PXO/ped. Mid-block signal,"Crossing, Pedestrian Crossover",Normal,None,None,None,Yes,None,Yes,None,None,None,None,None,None,Yes,None,None,None,148,East L'Amoreaux,117,L'Amoreaux (117),D42
6353,1199427,2010-10-02,1810,ADELAIDE ST E,SHERBOURNE ST,None,Major Arterial,Toronto and East York,At Intersection,Traffic Signal,Clear,Daylight,Dry,Non-Fatal Injury,Angle,Motorcycle Driver,40 to 44,Major,None,South,Motorcycle,Going Ahead,Disobeyed Traffic Control,Normal,None,None,None,None,None,None,None,None,Yes,Yes,None,None,None,None,None,Yes,Yes,None,None,73,Moss Park,73,Moss Park (73),D51
6354,1199427,2010-10-02,1810,ADELAIDE ST E,SHERBOURNE ST,None,Major Arterial,Toronto and East York,At Intersection,Traffic Signal,Clear,Daylight,Dry,Non-Fatal Injury,Angle,Vehicle Owner,unknown,None,None,None,Other,None,None,None,None,None,None,None,None,None,None,None,Yes,Yes,None,None,None,None,None,Yes,Yes,None,None,73,Moss Park,73,Moss Park (73),D51
6355,1199427,2010-10-02,1810,ADELAIDE ST E,SHERBOURNE ST,None,Major Arterial,Toronto and East York,At Intersection,Traffic Signal,Clear,Daylight,Dry,Non-Fatal Injury,Angle,Driver,20 to 24,None,None,East,"Automobile, Station Wagon",Going Ahead,Driving Properly,Normal,None,None,None,None,None,None,None,None,Yes,Yes,None,None,None,None,None,Yes,Yes,None,None,73,Moss Park,73,Moss Park (73),D51
6356,1192726,2010-10-02,2017,DANFORTH RD,BIRCHMOUNT RD,None,Minor Arterial,Scarborough,None,No Control,Clear,Dark,Dry,Non-Fatal Injury,Pedestrian Collisions,Passenger,0 to 4,None,None,None,Other,None,None,None,None,None,None,None,None,None,Yes,None,Yes,None,None,None,None,Yes,None,None,None,None,None,120,Clairlea-Birchmount,120,Clairlea-Birchmount (120),D41
6357,1192726,2010-10-02,2017,DANFORTH RD,BIRCHMOUNT RD,None,Minor Arterial,Scarborough,None,No Control,Clear,Dark,Dry,Non-Fatal Injury,Pedestrian Collisions,Passenger,5 to 9,None,None,None,Other,None,None,None,None,None,None,None,None,None,Yes,None,Yes,None,None,None,None,Yes,None,None,None,None,None,120,Clairlea-Birchmount,120,Clairlea-Birchmount (120),D41
6358,1192726,2010-10-02,2017,DANFORTH RD,BIRCHMOUNT RD,None,Minor Arterial,Scarborough,None,No Control,Clear,Dark,Dry,Non-Fatal Injury,Pedestrian Collisions,Passenger,10 to 14,None,None,None,Other,None,None,None,None,None,None,None,None,None,Yes,None,Yes,None,None,None,None,Yes,None,None,None,None,None,120,Clairlea-Birchmount,120,Clairlea-Birchmount (120),D41
6359,1192726,2010-10-02,2017,DANFORTH RD,BIRCHMOUNT RD,None,Minor Arterial,Scarborough,None,No Control,Clear,Dark,Dry,Non-Fatal Injury,Pedestrian Collisions,Driver,35 to 39,None,None,East,"Automobile, Station Wagon",Slowing or Stopping,Driving Properly,Normal,None,None,None,None,None,None,Yes,None,Yes,None,None,None,None,Yes,None,None,None,None,None,120,Clairlea-Birchmount,120,Clairlea-Birchmount (120),D41
6360,1192726,2010-10-02,2017,DANFORTH RD,BIRCHMOUNT RD,None,Minor Arterial,Scarborough,None,No Control,Clear,Dark,Dry,Non-Fatal Injury,Pedestrian Collisions,Pedestrian,75 to 79,Major,None,South,Other,None,None,None,Pedestrian hit at mid-block,"Crossing, no Traffic Control",Unknown,None,None,None,Yes,None,Yes,None,None,None,None,Yes,None,None,None,None,None,120,Clairlea-Birchmount,120,Clairlea-Birchmount (120),D41
6361,1199237,2010-10-02,2245,145 COURCELETTE RD,None,None,Local,Scarborough,Non Intersection,No Control,Clear,Dark,Dry,Non-Fatal Injury,Cyclist Collisions,Driver,60 to 64,None,None,North,"Automobile, Station Wagon",Turning Left,Improper Turn,Unknown,None,None,None,None,None,None,None,Yes,Yes,None,None,None,None,None,None,None,None,None,None,122,Birchcliffe-Cliffside,122,Birchcliffe-Cliffside (122),D41
6362,1199237,2010-10-02,2245,145 COURCELETTE RD,None,None,Local,Scarborough,Non Intersection,No Control,Clear,Dark,Dry,Non-Fatal Injury,Cyclist Collisions,Cyclist,55 to 59,Major,None,South,Bicycle,Going Ahead,None,None,None,None,None,Cyclist falls off bike - no contact with motorist.,Lost control,Normal,None,Yes,Yes,None,None,None,None,None,None,None,None,None,None,122,Birchcliffe-Cliffside,122,Birchcliffe-Cliffside (122),D41