_id,ACCNUM,DATE,TIME,STREET1,STREET2,OFFSET,ROAD_CLASS,DISTRICT,ACCLOC,TRAFFCTL,VISIBILITY,LIGHT,RDSFCOND,ACCLASS,IMPACTYPE,INVTYPE,INVAGE,INJURY,FATAL_NO,INITDIR,VEHTYPE,MANOEUVER,DRIVACT,DRIVCOND,PEDTYPE,PEDACT,PEDCOND,CYCLISTYPE,CYCACT,CYCCOND,PEDESTRIAN,CYCLIST,AUTOMOBILE,MOTORCYCLE,TRUCK,TRSN_CITY_VEH,EMERG_VEH,PASSENGER,SPEEDING,AG_DRIV,REDLIGHT,ALCOHOL,DISABILITY,HOOD_158,NEIGHBOURHOOD_158,HOOD_140,NEIGHBOURHOOD_140,DIVISION
7140,1250936,2011-07-12,714,SYMINGTON AVE,DUPONT ST,None,Major Arterial,Toronto and East York,At Intersection,Traffic Signal,Clear,Daylight,Dry,Non-Fatal Injury,Angle,Vehicle Owner,unknown,None,None,None,Other,None,None,None,None,None,None,None,None,None,None,None,Yes,None,None,None,None,None,None,Yes,Yes,None,None,171,Junction-Wallace Emerson,93,Dovercourt-Wallace Emerson-Junction (93),D11
7141,1250936,2011-07-12,714,SYMINGTON AVE,DUPONT ST,None,Major Arterial,Toronto and East York,At Intersection,Traffic Signal,Clear,Daylight,Dry,Non-Fatal Injury,Angle,Driver,55 to 59,Minimal,None,North,"Automobile, Station Wagon",Going Ahead,Disobeyed Traffic Control,Normal,None,None,None,None,None,None,None,None,Yes,None,None,None,None,None,None,Yes,Yes,None,None,171,Junction-Wallace Emerson,93,Dovercourt-Wallace Emerson-Junction (93),D11
7142,1250782,2011-07-14,1610,AVENUE Road,EDMUND Aven,None,Major Arterial,Toronto and East York,None,Traffic Signal,Clear,Daylight,Dry,Non-Fatal Injury,Cyclist Collisions,Driver,50 to 54,None,None,North,"Automobile, Station Wagon",Going Ahead,Driving Properly,Normal,None,None,None,None,None,None,None,Yes,Yes,None,None,None,None,None,None,None,None,None,None,97,Yonge-St.Clair,97,Yonge-St.Clair (97),D53
7143,1250782,2011-07-14,1610,AVENUE Road,EDMUND Aven,None,Major Arterial,Toronto and East York,None,Traffic Signal,Clear,Daylight,Dry,Non-Fatal Injury,Cyclist Collisions,Cyclist,25 to 29,Major,None,East,Bicycle,Going Ahead,None,None,None,None,None,"Cyclist without ROW rides into path of motorist at inter, lnwy, dwy-Cyclist not turn.",Disobeyed Traffic Control,Inattentive,None,Yes,Yes,None,None,None,None,None,None,None,None,None,None,97,Yonge-St.Clair,97,Yonge-St.Clair (97),D53
7144,1250979,2011-07-15,1630,DON MILLS RD,WYNFORD DR,None,Major Arterial,North York,None,No Control,Clear,Daylight,Dry,Non-Fatal Injury,Cyclist Collisions,Driver,55 to 59,None,None,North,"Automobile, Station Wagon",Going Ahead,Following too Close,Inattentive,None,None,None,None,None,None,None,Yes,Yes,None,None,None,None,None,None,Yes,None,None,None,42,Banbury-Don Mills,42,Banbury-Don Mills (42),D33
7145,1250979,2011-07-15,1630,DON MILLS RD,WYNFORD DR,None,Major Arterial,North York,None,No Control,Clear,Daylight,Dry,Non-Fatal Injury,Cyclist Collisions,Cyclist,30 to 34,Major,None,North,Bicycle,Going Ahead,None,None,None,None,None,Cyclist and Driver travelling in same direction. One vehicle rear-ended the other.,Driving Properly,Normal,None,Yes,Yes,None,None,None,None,None,None,Yes,None,None,None,42,Banbury-Don Mills,42,Banbury-Don Mills (42),D33
7146,1250894,2011-07-15,1655,DANFORTH Ave,LANGFORD Ave,None,Major Arterial,Toronto and East York,None,No Control,Clear,Daylight,Dry,Non-Fatal Injury,Cyclist Collisions,Driver,45 to 49,None,None,West,"Automobile, Station Wagon",Parked,Other,Inattentive,None,None,None,None,None,None,None,Yes,Yes,None,None,None,None,None,None,None,None,None,None,69,Blake-Jones,69,Blake-Jones (69),D55
7147,1250894,2011-07-15,1655,DANFORTH Ave,LANGFORD Ave,None,Major Arterial,Toronto and East York,None,No Control,Clear,Daylight,Dry,Non-Fatal Injury,Cyclist Collisions,Cyclist,50 to 54,Major,None,West,Bicycle,Going Ahead,None,None,None,None,None,Cyclist struck opened vehicle door,Driving Properly,Normal,None,Yes,Yes,None,None,None,None,None,None,None,None,None,None,69,Blake-Jones,69,Blake-Jones (69),D55
7148,1244229,2011-07-15,2344,QUEEN Stre W,DUFFERIN,None,Major Arterial,Toronto and East York,None,Streetcar (Stop for),Clear,Dark,Dry,Non-Fatal Injury,Pedestrian Collisions,Pedestrian,20 to 24,Major,None,North,Other,None,None,None,Pedestrian hit at mid-block,Person Getting on/off Vehicle,Unknown,None,None,None,Yes,None,Yes,None,None,None,None,None,None,Yes,None,None,None,85,South Parkdale,85,South Parkdale (85),D14
7149,1244229,2011-07-15,2344,QUEEN Stre W,DUFFERIN,None,Major Arterial,Toronto and East York,None,Streetcar (Stop for),Clear,Dark,Dry,Non-Fatal Injury,Pedestrian Collisions,Driver,15 to 19,None,None,West,"Automobile, Station Wagon",Going Ahead,Failed to Yield Right of Way,Normal,None,None,None,None,None,None,Yes,None,Yes,None,None,None,None,None,None,Yes,None,None,None,85,South Parkdale,85,South Parkdale (85),D14
7150,1250828,2011-07-16,847,SHEPPARD Aven E,MORNINGSIDE Aven,None,Major Arterial,Scarborough,None,No Control,Clear,Daylight,Dry,Non-Fatal Injury,Rear End,Driver,35 to 39,Minor,None,West,"Automobile, Station Wagon",Going Ahead,Driving Properly,Normal,None,None,None,None,None,None,None,None,Yes,None,None,None,None,Yes,Yes,Yes,None,None,Yes,144,Morningside Heights,131,Rouge (131),D42
7151,1250828,2011-07-16,847,SHEPPARD Aven E,MORNINGSIDE Aven,None,Major Arterial,Scarborough,None,No Control,Clear,Daylight,Dry,Non-Fatal Injury,Rear End,Driver,65 to 69,None,None,West,"Automobile, Station Wagon",Going Ahead,Driving Properly,Normal,None,None,None,None,None,None,None,None,Yes,None,None,None,None,Yes,Yes,Yes,None,None,Yes,144,Morningside Heights,131,Rouge (131),D42
7152,1250828,2011-07-16,847,SHEPPARD Aven E,MORNINGSIDE Aven,None,Major Arterial,Scarborough,None,No Control,Clear,Daylight,Dry,Non-Fatal Injury,Rear End,Driver,45 to 49,Major,None,West,"Automobile, Station Wagon",Going Ahead,Lost control,Medical or Physical Disability,None,None,None,None,None,None,None,None,Yes,None,None,None,None,Yes,Yes,Yes,None,None,Yes,144,Morningside Heights,131,Rouge (131),D42
7153,1250828,2011-07-16,847,SHEPPARD Aven E,MORNINGSIDE Aven,None,Major Arterial,Scarborough,None,No Control,Clear,Daylight,Dry,Non-Fatal Injury,Rear End,Passenger,5 to 9,Minimal,None,None,Other,None,None,None,None,None,None,None,None,None,None,None,Yes,None,None,None,None,Yes,Yes,Yes,None,None,Yes,144,Morningside Heights,131,Rouge (131),D42
7154,1250828,2011-07-16,847,SHEPPARD Aven E,MORNINGSIDE Aven,None,Major Arterial,Scarborough,None,No Control,Clear,Daylight,Dry,Non-Fatal Injury,Rear End,Driver,40 to 44,Minimal,None,West,"Automobile, Station Wagon",Going Ahead,Driving Properly,Normal,None,None,None,None,None,None,None,None,Yes,None,None,None,None,Yes,Yes,Yes,None,None,Yes,144,Morningside Heights,131,Rouge (131),D42
7155,1244328,2011-07-16,1215,LAWRENCE AVE W,ROYAL YORK RD,None,Minor Arterial,Etobicoke York,At Intersection,Traffic Signal,Clear,Daylight,Dry,Fatal,SMV Other,Passenger,70 to 74,Fatal,14,None,Other,None,None,None,None,None,None,None,None,None,None,None,Yes,None,None,None,None,Yes,None,None,None,None,None,8,Humber Heights-Westmount,8,Humber Heights-Westmount (8),D23
7156,1244328,2011-07-16,1215,LAWRENCE AVE W,ROYAL YORK RD,None,Minor Arterial,Etobicoke York,At Intersection,Traffic Signal,Clear,Daylight,Dry,Fatal,SMV Other,Driver,70 to 74,Major,None,West,"Automobile, Station Wagon",Going Ahead,Lost control,Unknown,None,None,None,None,None,None,None,None,Yes,None,None,None,None,Yes,None,None,None,None,None,8,Humber Heights-Westmount,8,Humber Heights-Westmount (8),D23
7157,1244328,2011-07-16,1215,LAWRENCE AVE W,ROYAL YORK RD,None,Minor Arterial,Etobicoke York,At Intersection,Traffic Signal,Clear,Daylight,Dry,Fatal,SMV Other,Other Property Owner,unknown,None,None,None,Other,None,None,None,None,None,None,None,None,None,None,None,Yes,None,None,None,None,Yes,None,None,None,None,None,8,Humber Heights-Westmount,8,Humber Heights-Westmount (8),D23
7158,1251049,2011-07-17,630,BREMNER Boul,VAN DE WATER Cres,None,Minor Arterial,Toronto and East York,At Intersection,Traffic Signal,Clear,Daylight,Dry,Non-Fatal Injury,Rear End,Motorcycle Driver,30 to 34,Major,None,East,Motorcycle,Going Ahead,Driving Properly,Normal,None,None,None,None,None,None,None,None,Yes,Yes,None,None,None,None,None,Yes,None,None,None,165,Harbourfront-CityPlace,77,Waterfront Communities-The Island (77),D52
7159,1251049,2011-07-17,630,BREMNER Boul,VAN DE WATER Cres,None,Minor Arterial,Toronto and East York,At Intersection,Traffic Signal,Clear,Daylight,Dry,Non-Fatal Injury,Rear End,Vehicle Owner,unknown,None,None,None,Other,None,None,None,None,None,None,None,None,None,None,None,Yes,Yes,None,None,None,None,None,Yes,None,None,None,165,Harbourfront-CityPlace,77,Waterfront Communities-The Island (77),D52
7160,1251049,2011-07-17,630,BREMNER Boul,VAN DE WATER Cres,None,Minor Arterial,Toronto and East York,At Intersection,Traffic Signal,Clear,Daylight,Dry,Non-Fatal Injury,Rear End,Driver,35 to 39,Minimal,None,East,"Automobile, Station Wagon",Slowing or Stopping,Improper Passing,Inattentive,None,None,None,None,None,None,None,None,Yes,Yes,None,None,None,None,None,Yes,None,None,None,165,Harbourfront-CityPlace,77,Waterfront Communities-The Island (77),D52
7161,1244462,2011-07-17,2000,TWYN RIVERS Driv,LITTLE ROUGE RIVER,None,Collector,Scarborough,None,No Control,Clear,Daylight,Dry,Non-Fatal Injury,Approaching,Motorcycle Driver,30 to 34,Major,None,East,Motorcycle,Going Ahead,Other,Unknown,None,None,None,None,None,None,None,None,Yes,Yes,None,None,None,None,None,None,None,None,None,144,Morningside Heights,131,Rouge (131),D42
7162,1244462,2011-07-17,2000,TWYN RIVERS Driv,LITTLE ROUGE RIVER,None,Collector,Scarborough,None,No Control,Clear,Daylight,Dry,Non-Fatal Injury,Approaching,Motorcycle Driver,25 to 29,Minor,None,East,Motorcycle,Going Ahead,Other,Unknown,None,None,None,None,None,None,None,None,Yes,Yes,None,None,None,None,None,None,None,None,None,144,Morningside Heights,131,Rouge (131),D42
7163,1244462,2011-07-17,2000,TWYN RIVERS Driv,LITTLE ROUGE RIVER,None,Collector,Scarborough,None,No Control,Clear,Daylight,Dry,Non-Fatal Injury,Approaching,Driver,35 to 39,None,None,West,"Automobile, Station Wagon",Going Ahead,Driving Properly,Normal,None,None,None,None,None,None,None,None,Yes,Yes,None,None,None,None,None,None,None,None,None,144,Morningside Heights,131,Rouge (131),D42
7164,1244530,2011-07-18,28,BAYVIEW Ave,MCKEE Ave,None,Major Arterial,North York,None,No Control,Clear,"Dark, artificial",Dry,Non-Fatal Injury,Pedestrian Collisions,Pedestrian,55 to 59,Major,None,Unknown,"Automobile, Station Wagon",None,None,None,Pedestrian hit at mid-block,Playing or Working on Highway,Normal,None,None,None,Yes,None,Yes,None,None,None,None,Yes,Yes,Yes,None,None,None,52,Bayview Village,52,Bayview Village (52),D33
7165,1244530,2011-07-18,28,BAYVIEW Ave,MCKEE Ave,None,Major Arterial,North York,None,No Control,Clear,"Dark, artificial",Dry,Non-Fatal Injury,Pedestrian Collisions,Passenger,20 to 24,Major,None,None,Other,None,None,None,None,None,None,None,None,None,Yes,None,Yes,None,None,None,None,Yes,Yes,Yes,None,None,None,52,Bayview Village,52,Bayview Village (52),D33
7166,1244530,2011-07-18,28,BAYVIEW Ave,MCKEE Ave,None,Major Arterial,North York,None,No Control,Clear,"Dark, artificial",Dry,Non-Fatal Injury,Pedestrian Collisions,Vehicle Owner,unknown,None,None,None,Other,None,None,None,None,None,None,None,None,None,Yes,None,Yes,None,None,None,None,Yes,Yes,Yes,None,None,None,52,Bayview Village,52,Bayview Village (52),D33
7167,1244530,2011-07-18,28,BAYVIEW Ave,MCKEE Ave,None,Major Arterial,North York,None,No Control,Clear,"Dark, artificial",Dry,Non-Fatal Injury,Pedestrian Collisions,Passenger,25 to 29,Major,None,None,Other,None,None,None,None,None,None,None,None,None,Yes,None,Yes,None,None,None,None,Yes,Yes,Yes,None,None,None,52,Bayview Village,52,Bayview Village (52),D33
7168,1244530,2011-07-18,28,BAYVIEW Ave,MCKEE Ave,None,Major Arterial,North York,None,No Control,Clear,"Dark, artificial",Dry,Non-Fatal Injury,Pedestrian Collisions,Passenger,20 to 24,Major,None,None,Other,None,None,None,None,None,None,None,None,None,Yes,None,Yes,None,None,None,None,Yes,Yes,Yes,None,None,None,52,Bayview Village,52,Bayview Village (52),D33
7169,1244530,2011-07-18,28,BAYVIEW Ave,MCKEE Ave,None,Major Arterial,North York,None,No Control,Clear,"Dark, artificial",Dry,Non-Fatal Injury,Pedestrian Collisions,Driver,25 to 29,Major,None,North,"Automobile, Station Wagon",Going Ahead,Exceeding Speed Limit,Had Been Drinking,None,None,None,None,None,None,Yes,None,Yes,None,None,None,None,Yes,Yes,Yes,None,None,None,52,Bayview Village,52,Bayview Village (52),D33
7170,1244765,2011-07-19,340,GARDINER X W SHERWAY GARDENS RAMP,427 C S QEW X W RAMP,None,None,Etobicoke York,None,No Control,Clear,Dark,Dry,Non-Fatal Injury,SMV Other,Motorcycle Driver,20 to 24,Major,None,West,Motorcycle,Going Ahead,Lost control,Normal,None,None,None,None,None,None,None,None,None,Yes,None,None,None,None,None,None,None,None,None,159,Etobicoke City Centre,14,Islington-City Centre West (14),D22
7171,1252312,2011-07-19,1925,PARKSIDE DR,ALGONQUIN AVE,None,Major Arterial,Toronto and East York,At Intersection,No Control,Clear,Daylight,Dry,Non-Fatal Injury,Rear End,Passenger,70 to 74,Major,None,None,Other,None,None,None,None,None,None,None,None,None,None,None,Yes,None,None,None,None,Yes,None,None,None,None,None,87,High Park-Swansea,87,High Park-Swansea (87),D11
7172,1252312,2011-07-19,1925,PARKSIDE DR,ALGONQUIN AVE,None,Major Arterial,Toronto and East York,At Intersection,No Control,Clear,Daylight,Dry,Non-Fatal Injury,Rear End,Passenger,40 to 44,Minor,None,None,Other,None,None,None,None,None,None,None,None,None,None,None,Yes,None,None,None,None,Yes,None,None,None,None,None,87,High Park-Swansea,87,High Park-Swansea (87),D11
7173,1252312,2011-07-19,1925,PARKSIDE DR,ALGONQUIN AVE,None,Major Arterial,Toronto and East York,At Intersection,No Control,Clear,Daylight,Dry,Non-Fatal Injury,Rear End,Driver,40 to 44,Minor,None,North,"Automobile, Station Wagon",Stopped,Driving Properly,Normal,None,None,None,None,None,None,None,None,Yes,None,None,None,None,Yes,None,None,None,None,None,87,High Park-Swansea,87,High Park-Swansea (87),D11
7174,1252312,2011-07-19,1925,PARKSIDE DR,ALGONQUIN AVE,None,Major Arterial,Toronto and East York,At Intersection,No Control,Clear,Daylight,Dry,Non-Fatal Injury,Rear End,Vehicle Owner,unknown,None,None,None,Other,None,None,None,None,None,None,None,None,None,None,None,Yes,None,None,None,None,Yes,None,None,None,None,None,87,High Park-Swansea,87,High Park-Swansea (87),D11
7175,1252312,2011-07-19,1925,PARKSIDE DR,ALGONQUIN AVE,None,Major Arterial,Toronto and East York,At Intersection,No Control,Clear,Daylight,Dry,Non-Fatal Injury,Rear End,Driver,30 to 34,None,None,North,"Automobile, Station Wagon",Going Ahead,Other,Normal,None,None,None,None,None,None,None,None,Yes,None,None,None,None,Yes,None,None,None,None,None,87,High Park-Swansea,87,High Park-Swansea (87),D11
7176,1251243,2011-07-20,1023,3030 BIRCHMOUNT RD,None,None,Major Arterial,Scarborough,None,No Control,Clear,Daylight,Dry,Non-Fatal Injury,Turning Movement,Driver,50 to 54,Minimal,None,South,"Automobile, Station Wagon",Going Ahead,Driving Properly,Normal,None,None,None,None,None,None,None,None,Yes,None,None,None,None,Yes,None,Yes,None,None,None,148,East L'Amoreaux,117,L'Amoreaux (117),D42
7177,1251243,2011-07-20,1023,3030 BIRCHMOUNT RD,None,None,Major Arterial,Scarborough,None,No Control,Clear,Daylight,Dry,Non-Fatal Injury,Turning Movement,Passenger,60 to 64,Minimal,None,None,Other,None,None,None,None,None,None,None,None,None,None,None,Yes,None,None,None,None,Yes,None,Yes,None,None,None,148,East L'Amoreaux,117,L'Amoreaux (117),D42
7178,1251243,2011-07-20,1023,3030 BIRCHMOUNT RD,None,None,Major Arterial,Scarborough,None,No Control,Clear,Daylight,Dry,Non-Fatal Injury,Turning Movement,Driver,60 to 64,Major,None,East,"Automobile, Station Wagon",Turning Left,Failed to Yield Right of Way,Inattentive,None,None,None,None,None,None,None,None,Yes,None,None,None,None,Yes,None,Yes,None,None,None,148,East L'Amoreaux,117,L'Amoreaux (117),D42
7179,1251261,2011-07-20,1130,KEELE ST,YORE RD,None,Major Arterial,Etobicoke York,None,No Control,Clear,Daylight,Dry,Non-Fatal Injury,SMV Other,Passenger,45 to 49,Major,None,None,Other,None,None,None,None,None,None,None,None,None,None,None,None,None,Yes,None,None,Yes,None,None,None,None,None,112,Beechborough-Greenbrook,112,Beechborough-Greenbrook (112),D12
7180,1251261,2011-07-20,1130,KEELE ST,YORE RD,None,Major Arterial,Etobicoke York,None,No Control,Clear,Daylight,Dry,Non-Fatal Injury,SMV Other,Vehicle Owner,unknown,None,None,None,Other,None,None,None,None,None,None,None,None,None,None,None,None,None,Yes,None,None,Yes,None,None,None,None,None,112,Beechborough-Greenbrook,112,Beechborough-Greenbrook (112),D12
7181,1251261,2011-07-20,1130,KEELE ST,YORE RD,None,Major Arterial,Etobicoke York,None,No Control,Clear,Daylight,Dry,Non-Fatal Injury,SMV Other,Truck Driver,25 to 29,Minor,None,East,Truck - Open,Turning Left,Lost control,Inattentive,None,None,None,None,None,None,None,None,None,None,Yes,None,None,Yes,None,None,None,None,None,112,Beechborough-Greenbrook,112,Beechborough-Greenbrook (112),D12
7182,1251261,2011-07-20,1130,KEELE ST,YORE RD,None,Major Arterial,Etobicoke York,None,No Control,Clear,Daylight,Dry,Non-Fatal Injury,SMV Other,Other Property Owner,unknown,None,None,None,Other,None,None,None,None,None,None,None,None,None,None,None,None,None,Yes,None,None,Yes,None,None,None,None,None,112,Beechborough-Greenbrook,112,Beechborough-Greenbrook (112),D12
7183,1251261,2011-07-20,1130,KEELE ST,YORE RD,None,Major Arterial,Etobicoke York,None,No Control,Clear,Daylight,Dry,Non-Fatal Injury,SMV Other,Other Property Owner,unknown,None,None,None,Other,None,None,None,None,None,None,None,None,None,None,None,None,None,Yes,None,None,Yes,None,None,None,None,None,112,Beechborough-Greenbrook,112,Beechborough-Greenbrook (112),D12
7184,1251261,2011-07-20,1130,KEELE ST,YORE RD,None,Major Arterial,Etobicoke York,None,No Control,Clear,Daylight,Dry,Non-Fatal Injury,SMV Other,Other Property Owner,unknown,None,None,None,Other,None,None,None,None,None,None,None,None,None,None,None,None,None,Yes,None,None,Yes,None,None,None,None,None,112,Beechborough-Greenbrook,112,Beechborough-Greenbrook (112),D12
7185,1251239,2011-07-20,1323,SHEPPARD AVE E,ALLANFORD RD,None,Major Arterial,Scarborough,At Intersection,Traffic Signal,Clear,Daylight,Dry,Non-Fatal Injury,Turning Movement,Driver,15 to 19,Major,None,East,"Automobile, Station Wagon",Going Ahead,Disobeyed Traffic Control,Inattentive,None,None,None,None,None,None,None,None,Yes,None,None,None,None,None,None,Yes,Yes,None,None,118,Tam O'Shanter-Sullivan,118,Tam O'Shanter-Sullivan (118),D42
7186,1251239,2011-07-20,1323,SHEPPARD AVE E,ALLANFORD RD,None,Major Arterial,Scarborough,At Intersection,Traffic Signal,Clear,Daylight,Dry,Non-Fatal Injury,Turning Movement,Driver,35 to 39,Minimal,None,North,"Automobile, Station Wagon",Turning Left,Driving Properly,Normal,None,None,None,None,None,None,None,None,Yes,None,None,None,None,None,None,Yes,Yes,None,None,118,Tam O'Shanter-Sullivan,118,Tam O'Shanter-Sullivan (118),D42
7187,1253635,2011-07-20,1800,QUEENS QUAY W,REES ST,None,Minor Arterial,Toronto and East York,At Intersection,Traffic Signal,Clear,Daylight,Dry,Non-Fatal Injury,Cyclist Collisions,Vehicle Owner,unknown,None,None,None,Other,None,None,None,None,None,None,None,None,None,None,Yes,Yes,None,None,None,None,None,None,None,None,None,None,165,Harbourfront-CityPlace,77,Waterfront Communities-The Island (77),D52
7188,1253635,2011-07-20,1800,QUEENS QUAY W,REES ST,None,Minor Arterial,Toronto and East York,At Intersection,Traffic Signal,Clear,Daylight,Dry,Non-Fatal Injury,Cyclist Collisions,Driver,40 to 44,None,None,West,"Automobile, Station Wagon",Parked,Other,Normal,None,None,None,None,None,None,None,Yes,Yes,None,None,None,None,None,None,None,None,None,None,165,Harbourfront-CityPlace,77,Waterfront Communities-The Island (77),D52
7189,1253635,2011-07-20,1800,QUEENS QUAY W,REES ST,None,Minor Arterial,Toronto and East York,At Intersection,Traffic Signal,Clear,Daylight,Dry,Non-Fatal Injury,Cyclist Collisions,Cyclist,40 to 44,Major,None,West,Bicycle,Going Ahead,None,None,None,None,None,Cyclist struck opened vehicle door,Driving Properly,Normal,None,Yes,Yes,None,None,None,None,None,None,None,None,None,None,165,Harbourfront-CityPlace,77,Waterfront Communities-The Island (77),D52
7190,1251696,2011-07-20,1819,EGLINTON AVE E,DON AVON DR,None,Major Arterial,North York,None,No Control,Clear,Daylight,Dry,Non-Fatal Injury,Turning Movement,Passenger,55 to 59,Minor,None,None,Other,None,None,None,None,None,None,None,None,None,None,None,Yes,None,None,None,None,Yes,None,Yes,None,None,None,55,Thorncliffe Park,55,Thorncliffe Park (55),D53
7191,1251696,2011-07-20,1819,EGLINTON AVE E,DON AVON DR,None,Major Arterial,North York,None,No Control,Clear,Daylight,Dry,Non-Fatal Injury,Turning Movement,Driver,50 to 54,Minor,None,West,"Automobile, Station Wagon",Turning Left,Failed to Yield Right of Way,Inattentive,None,None,None,None,None,None,None,None,Yes,None,None,None,None,Yes,None,Yes,None,None,None,55,Thorncliffe Park,55,Thorncliffe Park (55),D53
7192,1251696,2011-07-20,1819,EGLINTON AVE E,DON AVON DR,None,Major Arterial,North York,None,No Control,Clear,Daylight,Dry,Non-Fatal Injury,Turning Movement,Driver,50 to 54,Major,None,East,"Automobile, Station Wagon",Going Ahead,Driving Properly,Normal,None,None,None,None,None,None,None,None,Yes,None,None,None,None,Yes,None,Yes,None,None,None,55,Thorncliffe Park,55,Thorncliffe Park (55),D53
7193,1251711,2011-07-21,1645,NORTHERN DANCER BLVD,QUEEN ST E,None,Minor Arterial,Toronto and East York,At Intersection,Stop Sign,Clear,Daylight,Dry,Non-Fatal Injury,Pedestrian Collisions,Driver,35 to 39,None,None,North,"Automobile, Station Wagon",Turning Left,Failed to Yield Right of Way,Inattentive,None,None,None,None,None,None,Yes,None,Yes,None,None,None,None,None,None,Yes,None,None,None,63,The Beaches,63,The Beaches (63),D55
7194,1251711,2011-07-21,1645,NORTHERN DANCER BLVD,QUEEN ST E,None,Minor Arterial,Toronto and East York,At Intersection,Stop Sign,Clear,Daylight,Dry,Non-Fatal Injury,Pedestrian Collisions,Pedestrian,40 to 44,Major,None,East,Other,None,None,None,Vehicle turns left while ped crosses with ROW at inter.,Crossing with right of way,Normal,None,None,None,Yes,None,Yes,None,None,None,None,None,None,Yes,None,None,None,63,The Beaches,63,The Beaches (63),D55
7195,1249794,2011-07-23,2202,HIGHWAY 27  S,VICE REGENT BLVD,None,Major Arterial,Etobicoke York,At Intersection,No Control,Rain,"Dark, artificial",Wet,Non-Fatal Injury,Pedestrian Collisions,Driver,45 to 49,None,None,South,"Automobile, Station Wagon",Going Ahead,Driving Properly,Normal,None,None,None,None,None,None,Yes,None,Yes,None,None,None,None,None,None,None,None,None,None,1,West Humber-Clairville,1,West Humber-Clairville (1),D23
7196,1249794,2011-07-23,2202,HIGHWAY 27  S,VICE REGENT BLVD,None,Major Arterial,Etobicoke York,At Intersection,No Control,Rain,"Dark, artificial",Wet,Non-Fatal Injury,Pedestrian Collisions,Pedestrian,65 to 69,Major,None,West,Other,None,None,None,Vehicle is going straight thru inter.while ped cross without ROW,"Crossing, no Traffic Control",Had Been Drinking,None,None,None,Yes,None,Yes,None,None,None,None,None,None,None,None,None,None,1,West Humber-Clairville,1,West Humber-Clairville (1),D23
7197,1246736,2011-07-24,1349,LAWRENCE AVE E,OVERTURE RD,None,Major Arterial,Scarborough,At Intersection,Traffic Signal,Clear,Daylight,Dry,Fatal,Approaching,Passenger,unknown,Major,None,None,Other,Other,None,None,None,None,None,None,None,None,None,None,Yes,None,None,None,None,Yes,None,Yes,None,None,None,136,West Hill,136,West Hill (136),D43
7198,1246736,2011-07-24,1349,LAWRENCE AVE E,OVERTURE RD,None,Major Arterial,Scarborough,At Intersection,Traffic Signal,Clear,Daylight,Dry,Fatal,Approaching,Driver,65 to 69,Fatal,15,East,"Automobile, Station Wagon",Going Ahead,None,None,None,None,None,None,None,None,None,None,Yes,None,None,None,None,Yes,None,Yes,None,None,None,136,West Hill,136,West Hill (136),D43
7199,1246736,2011-07-24,1349,LAWRENCE AVE E,OVERTURE RD,None,Major Arterial,Scarborough,At Intersection,Traffic Signal,Clear,Daylight,Dry,Fatal,Approaching,Passenger,unknown,Minimal,None,None,Other,Other,None,None,None,None,None,None,None,None,None,None,Yes,None,None,None,None,Yes,None,Yes,None,None,None,136,West Hill,136,West Hill (136),D43
7200,1246736,2011-07-24,1349,LAWRENCE AVE E,OVERTURE RD,None,Major Arterial,Scarborough,At Intersection,Traffic Signal,Clear,Daylight,Dry,Fatal,Approaching,Passenger,unknown,Minimal,None,None,Other,Other,None,None,None,None,None,None,None,None,None,None,Yes,None,None,None,None,Yes,None,Yes,None,None,None,136,West Hill,136,West Hill (136),D43
7201,1246736,2011-07-24,1349,LAWRENCE AVE E,OVERTURE RD,None,Major Arterial,Scarborough,At Intersection,Traffic Signal,Clear,Daylight,Dry,Fatal,Approaching,Passenger,unknown,Minimal,None,None,Other,Other,None,None,None,None,None,None,None,None,None,None,Yes,None,None,None,None,Yes,None,Yes,None,None,None,136,West Hill,136,West Hill (136),D43
7202,1246736,2011-07-24,1349,LAWRENCE AVE E,OVERTURE RD,None,Major Arterial,Scarborough,At Intersection,Traffic Signal,Clear,Daylight,Dry,Fatal,Approaching,Driver,40 to 44,None,None,West,"Automobile, Station Wagon",Stopped,None,None,None,None,None,None,None,None,None,None,Yes,None,None,None,None,Yes,None,Yes,None,None,None,136,West Hill,136,West Hill (136),D43
7203,1254646,2011-07-27,955,FINCH AVE E,KENNETH AVE,None,Major Arterial,North York,At Intersection,Traffic Signal,Clear,Daylight,Dry,Non-Fatal Injury,Pedestrian Collisions,Driver,65 to 69,None,None,South,"Automobile, Station Wagon",Turning Left,Failed to Yield Right of Way,Unknown,None,None,None,None,None,None,Yes,None,Yes,None,None,None,None,None,None,Yes,None,None,None,152,East Willowdale,51,Willowdale East (51),D32
7204,1254646,2011-07-27,955,FINCH AVE E,KENNETH AVE,None,Major Arterial,North York,At Intersection,Traffic Signal,Clear,Daylight,Dry,Non-Fatal Injury,Pedestrian Collisions,Pedestrian,50 to 54,Major,None,North,Other,None,None,None,Vehicle turns left while ped crosses with ROW at inter.,Crossing with right of way,Normal,None,None,None,Yes,None,Yes,None,None,None,None,None,None,Yes,None,None,None,152,East Willowdale,51,Willowdale East (51),D32