_id,ACCNUM,DATE,TIME,STREET1,STREET2,OFFSET,ROAD_CLASS,DISTRICT,ACCLOC,TRAFFCTL,VISIBILITY,LIGHT,RDSFCOND,ACCLASS,IMPACTYPE,INVTYPE,INVAGE,INJURY,FATAL_NO,INITDIR,VEHTYPE,MANOEUVER,DRIVACT,DRIVCOND,PEDTYPE,PEDACT,PEDCOND,CYCLISTYPE,CYCACT,CYCCOND,PEDESTRIAN,CYCLIST,AUTOMOBILE,MOTORCYCLE,TRUCK,TRSN_CITY_VEH,EMERG_VEH,PASSENGER,SPEEDING,AG_DRIV,REDLIGHT,ALCOHOL,DISABILITY,HOOD_158,NEIGHBOURHOOD_158,HOOD_140,NEIGHBOURHOOD_140,DIVISION
7205,1246125,2011-07-27,1620,FINCH AVE E,PAGE AVE,None,Major Arterial,North York,None,No Control,Clear,Daylight,Dry,Non-Fatal Injury,Angle,Driver,60 to 64,Major,None,North,"Automobile, Station Wagon",Going Ahead,Driving Properly,Normal,None,None,None,None,None,None,None,None,Yes,None,None,None,None,Yes,None,None,None,None,None,52,Bayview Village,52,Bayview Village (52),D33
7206,1246125,2011-07-27,1620,FINCH AVE E,PAGE AVE,None,Major Arterial,North York,None,No Control,Clear,Daylight,Dry,Non-Fatal Injury,Angle,Passenger,60 to 64,Minor,None,None,Other,None,None,None,None,None,None,None,None,None,None,None,Yes,None,None,None,None,Yes,None,None,None,None,None,52,Bayview Village,52,Bayview Village (52),D33
7207,1246125,2011-07-27,1620,FINCH AVE E,PAGE AVE,None,Major Arterial,North York,None,No Control,Clear,Daylight,Dry,Non-Fatal Injury,Angle,Driver,75 to 79,Minor,None,East,"Automobile, Station Wagon",Going Ahead,Lost control,Unknown,None,None,None,None,None,None,None,None,Yes,None,None,None,None,Yes,None,None,None,None,None,52,Bayview Village,52,Bayview Village (52),D33
7208,1246125,2011-07-27,1620,FINCH AVE E,PAGE AVE,None,Major Arterial,North York,None,No Control,Clear,Daylight,Dry,Non-Fatal Injury,Angle,Other Property Owner,unknown,None,None,None,Other,None,None,None,None,None,None,None,None,None,None,None,Yes,None,None,None,None,Yes,None,None,None,None,None,52,Bayview Village,52,Bayview Village (52),D33
7209,1254931,2011-07-28,1354,4277 LAWRENCE AVE E,None,None,Minor Arterial,Scarborough,None,No Control,Rain,Daylight,Wet,Non-Fatal Injury,Cyclist Collisions,Driver,35 to 39,None,None,North,"Automobile, Station Wagon",Slowing or Stopping,Failed to Yield Right of Way,Normal,None,None,None,None,None,None,None,Yes,Yes,None,None,None,None,None,None,Yes,None,None,None,136,West Hill,136,West Hill (136),D43
7210,1254931,2011-07-28,1354,4277 LAWRENCE AVE E,None,None,Minor Arterial,Scarborough,None,No Control,Rain,Daylight,Wet,Non-Fatal Injury,Cyclist Collisions,Cyclist,35 to 39,Major,None,East,Bicycle,Going Ahead,None,None,None,None,None,"Motorist without ROW drives into path of cyclist at inter, lnwy, dwy-Driver not turn.",Driving Properly,Other,None,Yes,Yes,None,None,None,None,None,None,Yes,None,None,None,136,West Hill,136,West Hill (136),D43
7211,1256019,2011-07-29,1450,CONSILIUM PL,CORPORATE DR,None,Collector,Scarborough,At Intersection,Traffic Signal,Clear,Daylight,Dry,Non-Fatal Injury,Turning Movement,Passenger,15 to 19,Minor,None,None,Other,None,None,None,None,None,None,None,None,None,None,None,Yes,None,None,None,None,Yes,None,Yes,None,None,None,142,Woburn North,137,Woburn (137),D43
7212,1256019,2011-07-29,1450,CONSILIUM PL,CORPORATE DR,None,Collector,Scarborough,At Intersection,Traffic Signal,Clear,Daylight,Dry,Non-Fatal Injury,Turning Movement,Vehicle Owner,unknown,None,None,None,Other,None,None,None,None,None,None,None,None,None,None,None,Yes,None,None,None,None,Yes,None,Yes,None,None,None,142,Woburn North,137,Woburn (137),D43
7213,1256019,2011-07-29,1450,CONSILIUM PL,CORPORATE DR,None,Collector,Scarborough,At Intersection,Traffic Signal,Clear,Daylight,Dry,Non-Fatal Injury,Turning Movement,Driver,15 to 19,Minor,None,South,"Automobile, Station Wagon",Turning Left,Failed to Yield Right of Way,Inattentive,None,None,None,None,None,None,None,None,Yes,None,None,None,None,Yes,None,Yes,None,None,None,142,Woburn North,137,Woburn (137),D43
7214,1256019,2011-07-29,1450,CONSILIUM PL,CORPORATE DR,None,Collector,Scarborough,At Intersection,Traffic Signal,Clear,Daylight,Dry,Non-Fatal Injury,Turning Movement,Passenger,0 to 4,Major,None,None,Other,None,None,None,None,None,None,None,None,None,None,None,Yes,None,None,None,None,Yes,None,Yes,None,None,None,142,Woburn North,137,Woburn (137),D43
7215,1256019,2011-07-29,1450,CONSILIUM PL,CORPORATE DR,None,Collector,Scarborough,At Intersection,Traffic Signal,Clear,Daylight,Dry,Non-Fatal Injury,Turning Movement,Passenger,30 to 34,Major,None,None,Other,None,None,None,None,None,None,None,None,None,None,None,Yes,None,None,None,None,Yes,None,Yes,None,None,None,142,Woburn North,137,Woburn (137),D43
7216,1256019,2011-07-29,1450,CONSILIUM PL,CORPORATE DR,None,Collector,Scarborough,At Intersection,Traffic Signal,Clear,Daylight,Dry,Non-Fatal Injury,Turning Movement,Vehicle Owner,unknown,None,None,None,Other,None,None,None,None,None,None,None,None,None,None,None,Yes,None,None,None,None,Yes,None,Yes,None,None,None,142,Woburn North,137,Woburn (137),D43
7217,1256019,2011-07-29,1450,CONSILIUM PL,CORPORATE DR,None,Collector,Scarborough,At Intersection,Traffic Signal,Clear,Daylight,Dry,Non-Fatal Injury,Turning Movement,Driver,30 to 34,Minor,None,North,"Automobile, Station Wagon",Going Ahead,Driving Properly,Normal,None,None,None,None,None,None,None,None,Yes,None,None,None,None,Yes,None,Yes,None,None,None,142,Woburn North,137,Woburn (137),D43
7218,1246967,2011-08-02,1236,LAKE SHORE BLVD W,EIGHTH ST,None,Major Arterial,Etobicoke York,At Intersection,No Control,Clear,Daylight,Dry,Fatal,Pedestrian Collisions,Vehicle Owner,unknown,None,None,None,Other,None,None,None,None,None,None,None,None,None,Yes,None,Yes,None,None,None,None,None,None,Yes,None,None,None,18,New Toronto,18,New Toronto (18),D22
7219,1246967,2011-08-02,1236,LAKE SHORE BLVD W,EIGHTH ST,None,Major Arterial,Etobicoke York,At Intersection,No Control,Clear,Daylight,Dry,Fatal,Pedestrian Collisions,Driver,45 to 49,None,None,West,"Automobile, Station Wagon",Turning Left,Failed to Yield Right of Way,Normal,None,None,None,None,None,None,Yes,None,Yes,None,None,None,None,None,None,Yes,None,None,None,18,New Toronto,18,New Toronto (18),D22
7220,1246967,2011-08-02,1236,LAKE SHORE BLVD W,EIGHTH ST,None,Major Arterial,Etobicoke York,At Intersection,No Control,Clear,Daylight,Dry,Fatal,Pedestrian Collisions,Pedestrian,85 to 89,Fatal,18,East,Other,None,None,None,Vehicle turns left while ped crosses with ROW at inter.,Crossing with right of way,Unknown,None,None,None,Yes,None,Yes,None,None,None,None,None,None,Yes,None,None,None,18,New Toronto,18,New Toronto (18),D22
7221,1247048,2011-08-02,1550,BATHURST Stre,FOLLIS Aven,None,Major Arterial,Toronto and East York,None,No Control,Clear,Daylight,Dry,Non-Fatal Injury,Pedestrian Collisions,Driver,45 to 49,None,None,South,"Automobile, Station Wagon",Going Ahead,Driving Properly,Normal,None,None,None,None,None,None,Yes,None,Yes,None,None,None,None,None,None,None,None,None,None,95,Annex,95,Annex (95),D14
7222,1247048,2011-08-02,1550,BATHURST Stre,FOLLIS Aven,None,Major Arterial,Toronto and East York,None,No Control,Clear,Daylight,Dry,Non-Fatal Injury,Pedestrian Collisions,Pedestrian,90 to 94,Major,None,West,Other,None,None,None,Vehicle is going straight thru inter.while ped cross without ROW,"Crossing, no Traffic Control",Unknown,None,None,None,Yes,None,Yes,None,None,None,None,None,None,None,None,None,None,95,Annex,95,Annex (95),D14
7223,1247356,2011-08-03,1322,DANFORTH AVE,BYRON AVE,None,Major Arterial,Toronto and East York,None,No Control,Clear,Daylight,Dry,Non-Fatal Injury,Pedestrian Collisions,Driver,25 to 29,None,None,West,"Automobile, Station Wagon",Going Ahead,Driving Properly,Normal,None,None,None,None,None,None,Yes,None,Yes,None,None,None,None,None,None,None,None,None,None,66,Danforth,66,Danforth (66),D55
7224,1247356,2011-08-03,1322,DANFORTH AVE,BYRON AVE,None,Major Arterial,Toronto and East York,None,No Control,Clear,Daylight,Dry,Non-Fatal Injury,Pedestrian Collisions,Pedestrian,75 to 79,Major,None,South,Other,None,None,None,Vehicle hits the pedestrian walking or running out from between parked vehicles at mid-block,Coming From Behind Parked Vehicle,Inattentive,None,None,None,Yes,None,Yes,None,None,None,None,None,None,None,None,None,None,66,Danforth,66,Danforth (66),D55
7225,1256431,2011-08-03,1604,GERRARD Stre E,SCARBOROUGH Road,None,Minor Arterial,Toronto and East York,At Intersection,Stop Sign,Clear,Daylight,Dry,Non-Fatal Injury,Turning Movement,Passenger,55 to 59,Minimal,None,None,Other,None,None,None,None,None,None,None,None,None,None,None,Yes,None,None,None,None,Yes,Yes,Yes,None,Yes,None,62,East End-Danforth,62,East End-Danforth (62),D55
7226,1256431,2011-08-03,1604,GERRARD Stre E,SCARBOROUGH Road,None,Minor Arterial,Toronto and East York,At Intersection,Stop Sign,Clear,Daylight,Dry,Non-Fatal Injury,Turning Movement,Passenger,55 to 59,Minimal,None,None,Other,None,None,None,None,None,None,None,None,None,None,None,Yes,None,None,None,None,Yes,Yes,Yes,None,Yes,None,62,East End-Danforth,62,East End-Danforth (62),D55
7227,1256431,2011-08-03,1604,GERRARD Stre E,SCARBOROUGH Road,None,Minor Arterial,Toronto and East York,At Intersection,Stop Sign,Clear,Daylight,Dry,Non-Fatal Injury,Turning Movement,Vehicle Owner,unknown,None,None,None,Other,None,None,None,None,None,None,None,None,None,None,None,Yes,None,None,None,None,Yes,Yes,Yes,None,Yes,None,62,East End-Danforth,62,East End-Danforth (62),D55
7228,1256431,2011-08-03,1604,GERRARD Stre E,SCARBOROUGH Road,None,Minor Arterial,Toronto and East York,At Intersection,Stop Sign,Clear,Daylight,Dry,Non-Fatal Injury,Turning Movement,Driver,35 to 39,None,None,North,"Automobile, Station Wagon",Turning Left,Other,Normal,None,None,None,None,None,None,None,None,Yes,None,None,None,None,Yes,Yes,Yes,None,Yes,None,62,East End-Danforth,62,East End-Danforth (62),D55
7229,1256431,2011-08-03,1604,GERRARD Stre E,SCARBOROUGH Road,None,Minor Arterial,Toronto and East York,At Intersection,Stop Sign,Clear,Daylight,Dry,Non-Fatal Injury,Turning Movement,Vehicle Owner,unknown,None,None,None,Other,None,None,None,None,None,None,None,None,None,None,None,Yes,None,None,None,None,Yes,Yes,Yes,None,Yes,None,62,East End-Danforth,62,East End-Danforth (62),D55
7230,1256431,2011-08-03,1604,GERRARD Stre E,SCARBOROUGH Road,None,Minor Arterial,Toronto and East York,At Intersection,Stop Sign,Clear,Daylight,Dry,Non-Fatal Injury,Turning Movement,Driver,25 to 29,Major,None,East,"Automobile, Station Wagon",Changing Lanes,Speed too Fast For Condition,"Ability Impaired, Alcohol",None,None,None,None,None,None,None,None,Yes,None,None,None,None,Yes,Yes,Yes,None,Yes,None,62,East End-Danforth,62,East End-Danforth (62),D55
7231,1256606,2011-08-03,1842,AILEEN AVE,KEELE ST,None,Local,Etobicoke York,None,No Control,Rain,Daylight,Wet,Non-Fatal Injury,Cyclist Collisions,Driver,45 to 49,None,None,East,"Automobile, Station Wagon",Going Ahead,Driving Properly,Normal,None,None,None,None,None,None,None,Yes,Yes,None,None,None,None,None,None,None,None,None,None,110,Keelesdale-Eglinton West,110,Keelesdale-Eglinton West (110),D12
7232,1256606,2011-08-03,1842,AILEEN AVE,KEELE ST,None,Local,Etobicoke York,None,No Control,Rain,Daylight,Wet,Non-Fatal Injury,Cyclist Collisions,Cyclist,10 to 14,Major,None,North,Bicycle,Going Ahead,None,None,None,None,None,"Cyclist without ROW rides into path of motorist at inter, lnwy, dwy-Cyclist not turn.",Failed to Yield Right of Way,Inattentive,None,Yes,Yes,None,None,None,None,None,None,None,None,None,None,110,Keelesdale-Eglinton West,110,Keelesdale-Eglinton West (110),D12
7233,1247398,2011-08-04,205,LAKE SHORE BLVD W,LAKE CRES W,None,Major Arterial,Etobicoke York,At Intersection,No Control,Clear,Dark,Dry,Non-Fatal Injury,SMV Other,Other Property Owner,unknown,None,None,None,Other,None,None,None,None,None,None,None,None,None,None,None,Yes,None,None,None,None,Yes,Yes,Yes,None,None,None,160,Mimico-Queensway,17,Mimico (includes Humber Bay Shores) (17),D22
7234,1247398,2011-08-04,205,LAKE SHORE BLVD W,LAKE CRES W,None,Major Arterial,Etobicoke York,At Intersection,No Control,Clear,Dark,Dry,Non-Fatal Injury,SMV Other,Passenger,35 to 39,Major,None,None,Other,None,None,None,None,None,None,None,None,None,None,None,Yes,None,None,None,None,Yes,Yes,Yes,None,None,None,160,Mimico-Queensway,17,Mimico (includes Humber Bay Shores) (17),D22
7235,1247398,2011-08-04,205,LAKE SHORE BLVD W,LAKE CRES W,None,Major Arterial,Etobicoke York,At Intersection,No Control,Clear,Dark,Dry,Non-Fatal Injury,SMV Other,Driver,30 to 34,Minimal,None,East,"Automobile, Station Wagon",Going Ahead,Exceeding Speed Limit,Unknown,None,None,None,None,None,None,None,None,Yes,None,None,None,None,Yes,Yes,Yes,None,None,None,160,Mimico-Queensway,17,Mimico (includes Humber Bay Shores) (17),D22
7236,1247894,2011-08-04,2301,YORK MILLS RD,DVP N YORK MILLS W RAMP,None,Major Arterial,North York,None,Traffic Signal,Clear,Dark,Dry,Non-Fatal Injury,Cyclist Collisions,Driver,40 to 44,None,None,North,"Automobile, Station Wagon",Stopped,Driving Properly,Normal,None,None,None,None,None,None,None,Yes,Yes,None,None,None,None,None,None,None,None,None,None,150,Fenside-Parkwoods,45,Parkwoods-Donalda (45),D33
7237,1247894,2011-08-04,2301,YORK MILLS RD,DVP N YORK MILLS W RAMP,None,Major Arterial,North York,None,Traffic Signal,Clear,Dark,Dry,Non-Fatal Injury,Cyclist Collisions,Cyclist,20 to 24,Major,None,West,Bicycle,Going Ahead,None,None,None,None,None,"Cyclist without ROW rides into path of motorist at inter, lnwy, dwy-Cyclist not turn.",Disobeyed Traffic Control,Unknown,None,Yes,Yes,None,None,None,None,None,None,None,None,None,None,150,Fenside-Parkwoods,45,Parkwoods-Donalda (45),D33
7238,1249781,2011-08-04,2318,QUEEN ST W,YORK ST,None,Major Arterial,Toronto and East York,None,No Control,Clear,Dark,Dry,Non-Fatal Injury,Pedestrian Collisions,Pedestrian,30 to 34,Major,None,South,Other,None,None,None,Pedestrian involved in a collision with transit vehicle anywhere along roadway,"Crossing, no Traffic Control","Ability Impaired, Alcohol",None,None,None,Yes,None,None,None,None,Yes,None,None,None,None,None,None,None,170,Yonge-Bay Corridor,76,Bay Street Corridor (76),D52
7239,1249781,2011-08-04,2318,QUEEN ST W,YORK ST,None,Major Arterial,Toronto and East York,None,No Control,Clear,Dark,Dry,Non-Fatal Injury,Pedestrian Collisions,Vehicle Owner,unknown,None,None,None,Other,None,None,None,None,None,None,None,None,None,Yes,None,None,None,None,Yes,None,None,None,None,None,None,None,170,Yonge-Bay Corridor,76,Bay Street Corridor (76),D52
7240,1249781,2011-08-04,2318,QUEEN ST W,YORK ST,None,Major Arterial,Toronto and East York,None,No Control,Clear,Dark,Dry,Non-Fatal Injury,Pedestrian Collisions,Driver,50 to 54,None,None,West,Municipal Transit Bus (TTC),Going Ahead,Driving Properly,Normal,None,None,None,None,None,None,Yes,None,None,None,None,Yes,None,None,None,None,None,None,None,170,Yonge-Bay Corridor,76,Bay Street Corridor (76),D52
7241,1247766,2011-08-05,902,GREENWOOD AVE,PLAINS RD,None,Collector,Toronto and East York,At Intersection,Stop Sign,Clear,Daylight,Dry,Fatal,Cyclist Collisions,Vehicle Owner,unknown,None,None,None,Other,None,None,None,None,None,None,None,None,None,None,Yes,Yes,None,None,None,None,None,None,Yes,None,None,None,58,Old East York,58,Old East York (58),D55
7242,1247766,2011-08-05,902,GREENWOOD AVE,PLAINS RD,None,Collector,Toronto and East York,At Intersection,Stop Sign,Clear,Daylight,Dry,Fatal,Cyclist Collisions,Driver,80 to 84,None,None,South,"Automobile, Station Wagon",Going Ahead,Failed to Yield Right of Way,Inattentive,None,None,None,None,None,None,None,Yes,Yes,None,None,None,None,None,None,Yes,None,None,None,58,Old East York,58,Old East York (58),D55
7243,1247766,2011-08-05,902,GREENWOOD AVE,PLAINS RD,None,Collector,Toronto and East York,At Intersection,Stop Sign,Clear,Daylight,Dry,Fatal,Cyclist Collisions,Cyclist,80 to 84,Fatal,16,West,Bicycle,Going Ahead,None,None,None,None,None,"Motorist without ROW drives into path of cyclist at inter, lnwy, dwy-Driver not turn.",Driving Properly,Normal,None,Yes,Yes,None,None,None,None,None,None,Yes,None,None,None,58,Old East York,58,Old East York (58),D55
7244,1257236,2011-08-05,1509,DEWSON ST,OSSINGTON AVE,None,Minor Arterial,Toronto and East York,At Intersection,Stop Sign,Clear,Daylight,Dry,Non-Fatal Injury,Turning Movement,Moped Driver,40 to 44,Major,None,South,Moped,Going Ahead,Driving Properly,Normal,None,None,None,None,None,None,None,Yes,Yes,None,None,None,None,None,None,Yes,None,None,None,80,Palmerston-Little Italy,80,Palmerston-Little Italy (80),D14
7245,1257236,2011-08-05,1509,DEWSON ST,OSSINGTON AVE,None,Minor Arterial,Toronto and East York,At Intersection,Stop Sign,Clear,Daylight,Dry,Non-Fatal Injury,Turning Movement,Vehicle Owner,unknown,None,None,None,Other,None,None,None,None,None,None,None,None,None,None,Yes,Yes,None,None,None,None,None,None,Yes,None,None,None,80,Palmerston-Little Italy,80,Palmerston-Little Italy (80),D14
7246,1257236,2011-08-05,1509,DEWSON ST,OSSINGTON AVE,None,Minor Arterial,Toronto and East York,At Intersection,Stop Sign,Clear,Daylight,Dry,Non-Fatal Injury,Turning Movement,Driver,45 to 49,None,None,East,"Automobile, Station Wagon",Turning Left,Failed to Yield Right of Way,Unknown,None,None,None,None,None,None,None,Yes,Yes,None,None,None,None,None,None,Yes,None,None,None,80,Palmerston-Little Italy,80,Palmerston-Little Italy (80),D14
7247,1251014,2011-08-06,1335,60 LACEY AVE,CAMERON Aven,None,Local,Etobicoke York,None,No Control,Clear,Daylight,Dry,Non-Fatal Injury,Cyclist Collisions,Driver,unknown,None,None,North,"Automobile, Station Wagon",Going Ahead,Other,Normal,None,None,None,None,None,None,None,Yes,Yes,None,None,None,None,None,None,None,None,None,None,110,Keelesdale-Eglinton West,110,Keelesdale-Eglinton West (110),D12
7248,1251014,2011-08-06,1335,60 LACEY AVE,CAMERON Aven,None,Local,Etobicoke York,None,No Control,Clear,Daylight,Dry,Non-Fatal Injury,Cyclist Collisions,Cyclist,10 to 14,Major,None,South,Bicycle,Going Ahead,None,None,None,None,None,Insufficient information (to determine cyclist crash type).,Driving Properly,Normal,None,Yes,Yes,None,None,None,None,None,None,None,None,None,None,110,Keelesdale-Eglinton West,110,Keelesdale-Eglinton West (110),D12
7249,1257392,2011-08-07,137,BLACK CREEK DR,PHOTOGRAPHY DR W,None,Major Arterial,Etobicoke York,At Intersection,No Control,Clear,Dark,Dry,Non-Fatal Injury,Rear End,Vehicle Owner,unknown,None,None,None,Other,None,None,None,None,None,None,None,None,None,None,None,Yes,None,None,None,None,None,None,None,None,Yes,None,110,Keelesdale-Eglinton West,110,Keelesdale-Eglinton West (110),D12
7250,1257392,2011-08-07,137,BLACK CREEK DR,PHOTOGRAPHY DR W,None,Major Arterial,Etobicoke York,At Intersection,No Control,Clear,Dark,Dry,Non-Fatal Injury,Rear End,Driver,35 to 39,Major,None,North,"Automobile, Station Wagon",Going Ahead,Other,"Ability Impaired, Alcohol",None,None,None,None,None,None,None,None,Yes,None,None,None,None,None,None,None,None,Yes,None,110,Keelesdale-Eglinton West,110,Keelesdale-Eglinton West (110),D12
7251,1257392,2011-08-07,137,BLACK CREEK DR,PHOTOGRAPHY DR W,None,Major Arterial,Etobicoke York,At Intersection,No Control,Clear,Dark,Dry,Non-Fatal Injury,Rear End,Vehicle Owner,unknown,None,None,None,Other,None,None,None,None,None,None,None,None,None,None,None,Yes,None,None,None,None,None,None,None,None,Yes,None,110,Keelesdale-Eglinton West,110,Keelesdale-Eglinton West (110),D12
7252,1257392,2011-08-07,137,BLACK CREEK DR,PHOTOGRAPHY DR W,None,Major Arterial,Etobicoke York,At Intersection,No Control,Clear,Dark,Dry,Non-Fatal Injury,Rear End,Driver,45 to 49,Minimal,None,North,"Automobile, Station Wagon",Stopped,Driving Properly,Normal,None,None,None,None,None,None,None,None,Yes,None,None,None,None,None,None,None,None,Yes,None,110,Keelesdale-Eglinton West,110,Keelesdale-Eglinton West (110),D12
7253,1247862,2011-08-07,1154,DIXON RD,GOLFWOOD HTS Heig,None,Major Arterial,Etobicoke York,At Intersection,Traffic Signal,Clear,Daylight,Dry,Fatal,Turning Movement,Motorcycle Driver,30 to 34,Fatal,17,West,Motorcycle,Going Ahead,Exceeding Speed Limit,Normal,None,None,None,None,None,None,None,None,Yes,Yes,None,None,None,None,Yes,Yes,None,None,None,6,Kingsview Village-The Westway,6,Kingsview Village-The Westway (6),D23
7254,1247862,2011-08-07,1154,DIXON RD,GOLFWOOD HTS Heig,None,Major Arterial,Etobicoke York,At Intersection,Traffic Signal,Clear,Daylight,Dry,Fatal,Turning Movement,Driver,75 to 79,Minimal,None,East,"Automobile, Station Wagon",Turning Left,Driving Properly,Normal,None,None,None,None,None,None,None,None,Yes,Yes,None,None,None,None,Yes,Yes,None,None,None,6,Kingsview Village-The Westway,6,Kingsview Village-The Westway (6),D23
7255,1247862,2011-08-07,1154,DIXON RD,GOLFWOOD HTS Heig,None,Major Arterial,Etobicoke York,At Intersection,Traffic Signal,Clear,Daylight,Dry,Fatal,Turning Movement,Other Property Owner,unknown,None,None,None,Other,None,None,None,None,None,None,None,None,None,None,None,Yes,Yes,None,None,None,None,Yes,Yes,None,None,None,6,Kingsview Village-The Westway,6,Kingsview Village-The Westway (6),D23
7256,1258248,2011-08-08,1457,BIRCHMOUNT RD,BONIS AVE,None,Major Arterial,Scarborough,At Intersection,Traffic Signal,Clear,Daylight,Dry,Non-Fatal Injury,Cyclist Collisions,Driver,50 to 54,None,None,West,"Automobile, Station Wagon",Turning Left,Failed to Yield Right of Way,Normal,None,None,None,None,None,None,None,Yes,Yes,None,None,None,None,None,None,Yes,None,None,None,118,Tam O'Shanter-Sullivan,118,Tam O'Shanter-Sullivan (118),D42
7257,1258248,2011-08-08,1457,BIRCHMOUNT RD,BONIS AVE,None,Major Arterial,Scarborough,At Intersection,Traffic Signal,Clear,Daylight,Dry,Non-Fatal Injury,Cyclist Collisions,Cyclist,60 to 64,Major,None,East,Bicycle,Going Ahead,None,None,None,None,None,Motorist turned left across cyclists path.,Other,Normal,None,Yes,Yes,None,None,None,None,None,None,Yes,None,None,None,118,Tam O'Shanter-Sullivan,118,Tam O'Shanter-Sullivan (118),D42
7258,1258512,2011-08-09,1810,QUEEN ST E,DALHOUSIE ST,None,Major Arterial,Toronto and East York,None,No Control,Clear,Daylight,Dry,Non-Fatal Injury,Rear End,Vehicle Owner,unknown,None,None,None,Other,None,None,None,None,None,None,None,None,None,None,None,Yes,None,None,Yes,None,None,None,None,None,None,None,168,Downtown Yonge East,75,Church-Yonge Corridor (75),D51
7259,1258512,2011-08-09,1810,QUEEN ST E,DALHOUSIE ST,None,Major Arterial,Toronto and East York,None,No Control,Clear,Daylight,Dry,Non-Fatal Injury,Rear End,Driver,50 to 54,None,None,East,Municipal Transit Bus (TTC),Going Ahead,Driving Properly,Normal,None,None,None,None,None,None,None,None,Yes,None,None,Yes,None,None,None,None,None,None,None,168,Downtown Yonge East,75,Church-Yonge Corridor (75),D51
7260,1258512,2011-08-09,1810,QUEEN ST E,DALHOUSIE ST,None,Major Arterial,Toronto and East York,None,No Control,Clear,Daylight,Dry,Non-Fatal Injury,Rear End,Driver,50 to 54,Major,None,East,"Automobile, Station Wagon",Slowing or Stopping,Other,Inattentive,None,None,None,None,None,None,None,None,Yes,None,None,Yes,None,None,None,None,None,None,None,168,Downtown Yonge East,75,Church-Yonge Corridor (75),D51
7261,1251421,2011-08-09,2141,ST CLAIR AVE E,VICROSS RD,None,Major Arterial,Toronto and East York,None,No Control,Clear,Dark,Dry,Non-Fatal Injury,Pedestrian Collisions,Vehicle Owner,unknown,None,None,None,Other,None,None,None,None,None,None,None,None,None,Yes,None,Yes,None,None,None,None,None,None,Yes,None,None,None,54,O'Connor-Parkview,54,O'Connor-Parkview (54),D55
7262,1251421,2011-08-09,2141,ST CLAIR AVE E,VICROSS RD,None,Major Arterial,Toronto and East York,None,No Control,Clear,Dark,Dry,Non-Fatal Injury,Pedestrian Collisions,Driver,30 to 34,None,None,East,"Automobile, Station Wagon",Going Ahead,Driving Properly,Normal,None,None,None,None,None,None,Yes,None,Yes,None,None,None,None,None,None,Yes,None,None,None,54,O'Connor-Parkview,54,O'Connor-Parkview (54),D55
7263,1251421,2011-08-09,2141,ST CLAIR AVE E,VICROSS RD,None,Major Arterial,Toronto and East York,None,No Control,Clear,Dark,Dry,Non-Fatal Injury,Pedestrian Collisions,Driver,unknown,None,None,Unknown,"Automobile, Station Wagon",Unknown,Other,Other,None,None,None,None,None,None,Yes,None,Yes,None,None,None,None,None,None,Yes,None,None,None,54,O'Connor-Parkview,54,O'Connor-Parkview (54),D55
7264,1251421,2011-08-09,2141,ST CLAIR AVE E,VICROSS RD,None,Major Arterial,Toronto and East York,None,No Control,Clear,Dark,Dry,Non-Fatal Injury,Pedestrian Collisions,Pedestrian,55 to 59,Major,None,South,Other,None,None,None,Pedestrian hit at mid-block,"Crossing, no Traffic Control",Normal,None,None,None,Yes,None,Yes,None,None,None,None,None,None,Yes,None,None,None,54,O'Connor-Parkview,54,O'Connor-Parkview (54),D55
7265,1258447,2011-08-11,1530,BISHOP Aven,KENNETH Aven,None,Collector,North York,At Intersection,No Control,Clear,Daylight,Dry,Non-Fatal Injury,Pedestrian Collisions,Driver,50 to 54,None,None,West,"Automobile, Station Wagon",Turning Left,Failed to Yield Right of Way,Inattentive,None,None,None,None,None,None,Yes,None,Yes,None,None,None,None,None,None,Yes,None,None,None,50,Newtonbrook East,50,Newtonbrook East (50),D32
7266,1258447,2011-08-11,1530,BISHOP Aven,KENNETH Aven,None,Collector,North York,At Intersection,No Control,Clear,Daylight,Dry,Non-Fatal Injury,Pedestrian Collisions,Pedestrian,55 to 59,Major,None,East,Other,None,None,None,Vehicle turns left while ped crosses with ROW at inter.,Crossing with right of way,Normal,None,None,None,Yes,None,Yes,None,None,None,None,None,None,Yes,None,None,None,50,Newtonbrook East,50,Newtonbrook East (50),D32
7267,1258313,2011-08-12,1430,STEELES AVE W,MARKBROOK LANE,None,Major Arterial,Etobicoke York,None,No Control,Clear,Daylight,Dry,Non-Fatal Injury,Rear End,Motorcycle Driver,25 to 29,Major,None,West,Motorcycle,Going Ahead,Speed too Fast For Condition,Inattentive,None,None,None,None,None,None,None,None,None,Yes,None,Yes,None,None,Yes,Yes,None,None,None,2,Mount Olive-Silverstone-Jamestown,2,Mount Olive-Silverstone-Jamestown (2),D23
7268,1258313,2011-08-12,1430,STEELES AVE W,MARKBROOK LANE,None,Major Arterial,Etobicoke York,None,No Control,Clear,Daylight,Dry,Non-Fatal Injury,Rear End,Vehicle Owner,unknown,None,None,None,Other,None,None,None,None,None,None,None,None,None,None,None,None,Yes,None,Yes,None,None,Yes,Yes,None,None,None,2,Mount Olive-Silverstone-Jamestown,2,Mount Olive-Silverstone-Jamestown (2),D23
7269,1258313,2011-08-12,1430,STEELES AVE W,MARKBROOK LANE,None,Major Arterial,Etobicoke York,None,No Control,Clear,Daylight,Dry,Non-Fatal Injury,Rear End,Driver,40 to 44,None,None,West,Municipal Transit Bus (TTC),Stopped,Driving Properly,Normal,None,None,None,None,None,None,None,None,None,Yes,None,Yes,None,None,Yes,Yes,None,None,None,2,Mount Olive-Silverstone-Jamestown,2,Mount Olive-Silverstone-Jamestown (2),D23