_id,ACCNUM,DATE,TIME,STREET1,STREET2,OFFSET,ROAD_CLASS,DISTRICT,ACCLOC,TRAFFCTL,VISIBILITY,LIGHT,RDSFCOND,ACCLASS,IMPACTYPE,INVTYPE,INVAGE,INJURY,FATAL_NO,INITDIR,VEHTYPE,MANOEUVER,DRIVACT,DRIVCOND,PEDTYPE,PEDACT,PEDCOND,CYCLISTYPE,CYCACT,CYCCOND,PEDESTRIAN,CYCLIST,AUTOMOBILE,MOTORCYCLE,TRUCK,TRSN_CITY_VEH,EMERG_VEH,PASSENGER,SPEEDING,AG_DRIV,REDLIGHT,ALCOHOL,DISABILITY,HOOD_158,NEIGHBOURHOOD_158,HOOD_140,NEIGHBOURHOOD_140,DIVISION
7405,1253771,2011-09-13,1958,LAKE SHORE BLVD W,bastion  st,None,Major Arterial,Toronto and East York,At Intersection,Traffic Signal,Clear,"Dark, artificial",Dry,Non-Fatal Injury,Pedestrian Collisions,Driver,30 to 34,None,None,East,"Automobile, Station Wagon",Going Ahead,Driving Properly,Normal,None,None,None,None,None,None,Yes,None,Yes,None,None,None,None,None,None,None,None,None,None,163,Fort York-Liberty Village,82,Niagara (82),D14
7406,1253771,2011-09-13,1958,LAKE SHORE BLVD W,bastion  st,None,Major Arterial,Toronto and East York,At Intersection,Traffic Signal,Clear,"Dark, artificial",Dry,Non-Fatal Injury,Pedestrian Collisions,Pedestrian,25 to 29,Major,None,Unknown,Other,None,None,None,Vehicle is going straight thru inter.while ped cross without ROW,Running onto Roadway,Unknown,None,None,None,Yes,None,Yes,None,None,None,None,None,None,None,None,None,None,163,Fort York-Liberty Village,82,Niagara (82),D14
7407,1264189,2011-09-13,2122,BATHURST St,HERRICK St,None,Major Arterial,Toronto and East York,None,No Control,Clear,Dark,Dry,Non-Fatal Injury,Turning Movement,Passenger,35 to 39,Major,None,None,Other,None,None,None,None,None,None,None,None,None,None,None,Yes,Yes,None,None,None,Yes,None,Yes,None,None,None,79,University,79,University (79),D14
7408,1264189,2011-09-13,2122,BATHURST St,HERRICK St,None,Major Arterial,Toronto and East York,None,No Control,Clear,Dark,Dry,Non-Fatal Injury,Turning Movement,Motorcycle Driver,30 to 34,Major,None,North,Motorcycle,Going Ahead,Driving Properly,Normal,None,None,None,None,None,None,None,None,Yes,Yes,None,None,None,Yes,None,Yes,None,None,None,79,University,79,University (79),D14
7409,1264189,2011-09-13,2122,BATHURST St,HERRICK St,None,Major Arterial,Toronto and East York,None,No Control,Clear,Dark,Dry,Non-Fatal Injury,Turning Movement,Driver,45 to 49,None,None,North,"Automobile, Station Wagon",Making U Turn,Failed to Yield Right of Way,Normal,None,None,None,None,None,None,None,None,Yes,Yes,None,None,None,Yes,None,Yes,None,None,None,79,University,79,University (79),D14
7410,1265429,2011-09-14,1400,YONGE Stre,ST MARY Stre,None,Major Arterial,Toronto and East York,None,Stop Sign,Clear,Daylight,Dry,Non-Fatal Injury,Pedestrian Collisions,Pedestrian,85 to 89,Major,None,East,Other,None,None,None,Vehicle turns left while ped crosses without ROW at inter.,Crossing without right of way,Inattentive,None,None,None,Yes,None,Yes,None,None,None,None,None,None,None,None,None,None,169,Bay-Cloverhill,76,Bay Street Corridor (76),D52
7411,1265429,2011-09-14,1400,YONGE Stre,ST MARY Stre,None,Major Arterial,Toronto and East York,None,Stop Sign,Clear,Daylight,Dry,Non-Fatal Injury,Pedestrian Collisions,Vehicle Owner,unknown,None,None,None,Other,None,None,None,None,None,None,None,None,None,Yes,None,Yes,None,None,None,None,None,None,None,None,None,None,169,Bay-Cloverhill,76,Bay Street Corridor (76),D52
7412,1265429,2011-09-14,1400,YONGE Stre,ST MARY Stre,None,Major Arterial,Toronto and East York,None,Stop Sign,Clear,Daylight,Dry,Non-Fatal Injury,Pedestrian Collisions,Driver,50 to 54,None,None,East,"Automobile, Station Wagon",Turning Left,Improper Turn,Inattentive,None,None,None,None,None,None,Yes,None,Yes,None,None,None,None,None,None,None,None,None,None,169,Bay-Cloverhill,76,Bay Street Corridor (76),D52
7413,1254156,2011-09-15,1804,FINCH AVE E,SKYMARK DR,None,Major Arterial,North York,At Intersection,Traffic Signal,Clear,"Dusk, artificial",Dry,Non-Fatal Injury,Rear End,Vehicle Owner,unknown,None,None,None,None,None,None,None,None,None,None,None,None,None,None,None,Yes,None,None,None,None,Yes,None,None,None,None,Yes,47,Don Valley Village,47,Don Valley Village (47),D33
7414,1254156,2011-09-15,1804,FINCH AVE E,SKYMARK DR,None,Major Arterial,North York,At Intersection,Traffic Signal,Clear,"Dusk, artificial",Dry,Non-Fatal Injury,Rear End,Driver,75 to 79,Major,None,West,"Automobile, Station Wagon",Going Ahead,Lost control,Medical or Physical Disability,None,None,None,None,None,None,None,None,Yes,None,None,None,None,Yes,None,None,None,None,Yes,47,Don Valley Village,47,Don Valley Village (47),D33
7415,1254156,2011-09-15,1804,FINCH AVE E,SKYMARK DR,None,Major Arterial,North York,At Intersection,Traffic Signal,Clear,"Dusk, artificial",Dry,Non-Fatal Injury,Rear End,Passenger,45 to 49,Minor,None,None,None,None,None,None,None,None,None,None,None,None,None,None,Yes,None,None,None,None,Yes,None,None,None,None,Yes,47,Don Valley Village,47,Don Valley Village (47),D33
7416,1254156,2011-09-15,1804,FINCH AVE E,SKYMARK DR,None,Major Arterial,North York,At Intersection,Traffic Signal,Clear,"Dusk, artificial",Dry,Non-Fatal Injury,Rear End,Driver,45 to 49,Minor,None,West,Passenger Van,Stopped,Driving Properly,Normal,None,None,None,None,None,None,None,None,Yes,None,None,None,None,Yes,None,None,None,None,Yes,47,Don Valley Village,47,Don Valley Village (47),D33
7417,1264906,2011-09-16,845,MIDDLEFIELD RD,PASSMORE AVE,None,Minor Arterial,Scarborough,At Intersection,Traffic Signal,Clear,Daylight,Dry,Non-Fatal Injury,Cyclist Collisions,Driver,60 to 64,None,None,West,"Automobile, Station Wagon",Stopped,Driving Properly,Normal,None,None,None,None,None,None,None,Yes,Yes,None,None,None,None,None,None,Yes,None,None,None,130,Milliken,130,Milliken (130),D42
7418,1264906,2011-09-16,845,MIDDLEFIELD RD,PASSMORE AVE,None,Minor Arterial,Scarborough,At Intersection,Traffic Signal,Clear,Daylight,Dry,Non-Fatal Injury,Cyclist Collisions,Vehicle Owner,unknown,None,None,None,Other,None,None,None,None,None,None,None,None,None,None,Yes,Yes,None,None,None,None,None,None,Yes,None,None,None,130,Milliken,130,Milliken (130),D42
7419,1264906,2011-09-16,845,MIDDLEFIELD RD,PASSMORE AVE,None,Minor Arterial,Scarborough,At Intersection,Traffic Signal,Clear,Daylight,Dry,Non-Fatal Injury,Cyclist Collisions,Driver,60 to 64,None,None,South,"Automobile, Station Wagon",Turning Left,Failed to Yield Right of Way,Inattentive,None,None,None,None,None,None,None,Yes,Yes,None,None,None,None,None,None,Yes,None,None,None,130,Milliken,130,Milliken (130),D42
7420,1264906,2011-09-16,845,MIDDLEFIELD RD,PASSMORE AVE,None,Minor Arterial,Scarborough,At Intersection,Traffic Signal,Clear,Daylight,Dry,Non-Fatal Injury,Cyclist Collisions,Cyclist,75 to 79,Major,None,North,Bicycle,Going Ahead,None,None,None,None,None,Motorist turned left across cyclists path.,Driving Properly,Normal,None,Yes,Yes,None,None,None,None,None,None,Yes,None,None,None,130,Milliken,130,Milliken (130),D42
7421,1266099,2011-09-17,1320,AVENUE Road,BERNARD Aven,None,Major Arterial,Toronto and East York,None,No Control,Clear,Daylight,Dry,Non-Fatal Injury,Rear End,Vehicle Owner,unknown,None,None,None,Other,None,None,None,None,None,None,None,None,None,None,None,Yes,None,None,None,None,Yes,None,Yes,None,None,None,95,Annex,95,Annex (95),D53
7422,1266099,2011-09-17,1320,AVENUE Road,BERNARD Aven,None,Major Arterial,Toronto and East York,None,No Control,Clear,Daylight,Dry,Non-Fatal Injury,Rear End,Driver,20 to 24,Minor,None,South,"Automobile, Station Wagon",Stopped,Driving Properly,Normal,None,None,None,None,None,None,None,None,Yes,None,None,None,None,Yes,None,Yes,None,None,None,95,Annex,95,Annex (95),D53
7423,1266099,2011-09-17,1320,AVENUE Road,BERNARD Aven,None,Major Arterial,Toronto and East York,None,No Control,Clear,Daylight,Dry,Non-Fatal Injury,Rear End,Driver,20 to 24,None,None,South,"Automobile, Station Wagon",Stopped,Driving Properly,Normal,None,None,None,None,None,None,None,None,Yes,None,None,None,None,Yes,None,Yes,None,None,None,95,Annex,95,Annex (95),D53
7424,1266099,2011-09-17,1320,AVENUE Road,BERNARD Aven,None,Major Arterial,Toronto and East York,None,No Control,Clear,Daylight,Dry,Non-Fatal Injury,Rear End,Passenger,25 to 29,Major,None,None,Other,None,None,None,None,None,None,None,None,None,None,None,Yes,None,None,None,None,Yes,None,Yes,None,None,None,95,Annex,95,Annex (95),D53
7425,1266099,2011-09-17,1320,AVENUE Road,BERNARD Aven,None,Major Arterial,Toronto and East York,None,No Control,Clear,Daylight,Dry,Non-Fatal Injury,Rear End,Vehicle Owner,unknown,None,None,None,Other,None,None,None,None,None,None,None,None,None,None,None,Yes,None,None,None,None,Yes,None,Yes,None,None,None,95,Annex,95,Annex (95),D53
7426,1266099,2011-09-17,1320,AVENUE Road,BERNARD Aven,None,Major Arterial,Toronto and East York,None,No Control,Clear,Daylight,Dry,Non-Fatal Injury,Rear End,Driver,55 to 59,Major,None,South,"Automobile, Station Wagon",Going Ahead,Following too Close,Normal,None,None,None,None,None,None,None,None,Yes,None,None,None,None,Yes,None,Yes,None,None,None,95,Annex,95,Annex (95),D53
7427,1265542,2011-09-18,120,DAVENPORT RD,HURON ST,None,Minor Arterial,Toronto and East York,At Intersection,Stop Sign,Clear,Dark,Dry,Non-Fatal Injury,SMV Other,Motorcycle Driver,30 to 34,Major,None,West,Motorcycle,Going Ahead,Speed too Fast For Condition,Had Been Drinking,None,None,None,None,None,None,None,None,None,Yes,None,None,None,None,Yes,Yes,None,None,None,96,Casa Loma,96,Casa Loma (96),D53
7428,1254898,2011-09-18,355,KIPLING Aven,THORNCREST Road,None,Major Arterial,Etobicoke York,At Intersection,Stop Sign,Clear,Dark,Dry,Non-Fatal Injury,Pedestrian Collisions,Driver,unknown,None,None,North,"Automobile, Station Wagon",Going Ahead,None,None,None,None,None,None,None,None,Yes,None,Yes,None,None,None,None,None,None,None,None,None,None,10,Princess-Rosethorn,10,Princess-Rosethorn (10),D22
7429,1254898,2011-09-18,355,KIPLING Aven,THORNCREST Road,None,Major Arterial,Etobicoke York,At Intersection,Stop Sign,Clear,Dark,Dry,Non-Fatal Injury,Pedestrian Collisions,Pedestrian,unknown,Major,None,None,Other,Other,None,None,None,None,None,None,None,None,Yes,None,Yes,None,None,None,None,None,None,None,None,None,None,10,Princess-Rosethorn,10,Princess-Rosethorn (10),D22
7430,1265838,2011-09-19,1955,BLACK CREEK DR,TRETHEWEY DR,None,Major Arterial,Etobicoke York,At Intersection,Traffic Signal,Rain,Dark,Wet,Non-Fatal Injury,Pedestrian Collisions,Driver,40 to 44,None,None,West,"Automobile, Station Wagon",Turning Right,Failed to Yield Right of Way,Inattentive,None,None,None,None,None,None,Yes,None,Yes,None,None,None,None,None,None,Yes,None,None,None,112,Beechborough-Greenbrook,112,Beechborough-Greenbrook (112),D12
7431,1265838,2011-09-19,1955,BLACK CREEK DR,TRETHEWEY DR,None,Major Arterial,Etobicoke York,At Intersection,Traffic Signal,Rain,Dark,Wet,Non-Fatal Injury,Pedestrian Collisions,Pedestrian,35 to 39,Major,None,West,Other,None,None,None,Vehicle turns right while ped crosses with ROW at inter.,Crossing with right of way,Normal,None,None,None,Yes,None,Yes,None,None,None,None,None,None,Yes,None,None,None,112,Beechborough-Greenbrook,112,Beechborough-Greenbrook (112),D12
7432,1255068,2011-09-20,1723,ANTIBES DR,BATHURST ST,None,Major Arterial,North York,At Intersection,Traffic Signal,Clear,Daylight,Dry,Non-Fatal Injury,Cyclist Collisions,Cyclist,45 to 49,Major,None,East,Bicycle,Overtaking,None,None,None,None,None,Cyclist and Driver travelling in same direction. One vehicle sideswipes the other.,Improper Passing,Normal,None,Yes,None,None,None,Yes,None,None,None,None,None,None,None,36,Newtonbrook West,36,Newtonbrook West (36),D32
7433,1255068,2011-09-20,1723,ANTIBES DR,BATHURST ST,None,Major Arterial,North York,At Intersection,Traffic Signal,Clear,Daylight,Dry,Non-Fatal Injury,Cyclist Collisions,Vehicle Owner,unknown,None,None,None,Other,None,None,None,None,None,None,None,None,None,None,Yes,None,None,None,Yes,None,None,None,None,None,None,None,36,Newtonbrook West,36,Newtonbrook West (36),D32
7434,1255068,2011-09-20,1723,ANTIBES DR,BATHURST ST,None,Major Arterial,North York,At Intersection,Traffic Signal,Clear,Daylight,Dry,Non-Fatal Injury,Cyclist Collisions,Driver,60 to 64,None,None,East,Municipal Transit Bus (TTC),Going Ahead,Driving Properly,Normal,None,None,None,None,None,None,None,Yes,None,None,None,Yes,None,None,None,None,None,None,None,36,Newtonbrook West,36,Newtonbrook West (36),D32
7435,1266347,2011-09-21,2233,DUFFERIN Stre,DUNDAS Stre W,None,Minor Arterial,Toronto and East York,At Intersection,Traffic Signal,Clear,"Dark, artificial",Wet,Non-Fatal Injury,Cyclist Collisions,Driver,25 to 29,None,None,North,"Automobile, Station Wagon",Going Ahead,Driving Properly,Unknown,None,None,None,None,None,None,None,Yes,Yes,None,None,None,None,None,None,None,None,None,None,84,Little Portugal,84,Little Portugal (84),D11
7436,1266347,2011-09-21,2233,DUFFERIN Stre,DUNDAS Stre W,None,Minor Arterial,Toronto and East York,At Intersection,Traffic Signal,Clear,"Dark, artificial",Wet,Non-Fatal Injury,Cyclist Collisions,Cyclist,20 to 24,Major,None,South,Bicycle,Turning Left,None,None,None,None,None,Cyclist turned left across motorists path.,Improper Turn,Unknown,None,Yes,Yes,None,None,None,None,None,None,None,None,None,None,84,Little Portugal,84,Little Portugal (84),D11
7437,1266314,2011-09-21,2328,DANFORTH AVE,COXWELL AVE,None,Major Arterial,Toronto and East York,At Intersection,Traffic Signal,Rain,Dark,Wet,Non-Fatal Injury,Pedestrian Collisions,Vehicle Owner,unknown,None,None,None,Other,None,None,None,None,None,None,None,None,None,Yes,None,Yes,None,None,None,None,None,None,Yes,None,None,None,64,Woodbine Corridor,64,Woodbine Corridor (64),D55
7438,1266314,2011-09-21,2328,DANFORTH AVE,COXWELL AVE,None,Major Arterial,Toronto and East York,At Intersection,Traffic Signal,Rain,Dark,Wet,Non-Fatal Injury,Pedestrian Collisions,Driver,30 to 34,None,None,South,"Automobile, Station Wagon",Turning Left,Failed to Yield Right of Way,Had Been Drinking,None,None,None,None,None,None,Yes,None,Yes,None,None,None,None,None,None,Yes,None,None,None,64,Woodbine Corridor,64,Woodbine Corridor (64),D55
7439,1266314,2011-09-21,2328,DANFORTH AVE,COXWELL AVE,None,Major Arterial,Toronto and East York,At Intersection,Traffic Signal,Rain,Dark,Wet,Non-Fatal Injury,Pedestrian Collisions,Pedestrian,55 to 59,Major,None,North,Other,None,None,None,Vehicle turns left while ped crosses with ROW at inter.,Crossing with right of way,Normal,None,None,None,Yes,None,Yes,None,None,None,None,None,None,Yes,None,None,None,64,Woodbine Corridor,64,Woodbine Corridor (64),D55
7440,1266571,2011-09-22,936,KINGSTON RD,BLANTYRE AVE,None,Major Arterial,Scarborough,None,No Control,Clear,Daylight,Dry,Non-Fatal Injury,Pedestrian Collisions,Driver,50 to 54,None,None,West,"Automobile, Station Wagon",Going Ahead,Driving Properly,Normal,None,None,None,None,None,None,Yes,None,Yes,None,None,None,None,None,None,None,None,None,None,122,Birchcliffe-Cliffside,122,Birchcliffe-Cliffside (122),D41
7441,1266571,2011-09-22,936,KINGSTON RD,BLANTYRE AVE,None,Major Arterial,Scarborough,None,No Control,Clear,Daylight,Dry,Non-Fatal Injury,Pedestrian Collisions,Pedestrian,15 to 19,Major,None,North,Other,None,None,None,Pedestrian hit at mid-block,"Crossing, no Traffic Control",Inattentive,None,None,None,Yes,None,Yes,None,None,None,None,None,None,None,None,None,None,122,Birchcliffe-Cliffside,122,Birchcliffe-Cliffside (122),D41
7442,1255918,2011-09-22,1617,O CONNOR Driv,DOHME Aven,None,Major Arterial,Toronto and East York,At Intersection,Traffic Signal,Clear,Daylight,Dry,Non-Fatal Injury,Pedestrian Collisions,Driver,35 to 39,None,None,North,"Automobile, Station Wagon",Going Ahead,Driving Properly,Normal,None,None,None,None,None,None,Yes,None,Yes,None,None,None,None,None,None,None,None,None,None,54,O'Connor-Parkview,54,O'Connor-Parkview (54),D55
7443,1255918,2011-09-22,1617,O CONNOR Driv,DOHME Aven,None,Major Arterial,Toronto and East York,At Intersection,Traffic Signal,Clear,Daylight,Dry,Non-Fatal Injury,Pedestrian Collisions,Pedestrian,20 to 24,Major,None,West,Other,None,None,None,Vehicle is going straight thru inter.while ped cross without ROW,Coming From Behind Parked Vehicle,Inattentive,None,None,None,Yes,None,Yes,None,None,None,None,None,None,None,None,None,None,54,O'Connor-Parkview,54,O'Connor-Parkview (54),D55
7444,1266373,2011-09-22,1910,MOUNT PLEASANT Road,KEEWATIN Aven,None,Major Arterial,North York,At Intersection,Stop Sign,Clear,Dark,Dry,Non-Fatal Injury,Turning Movement,Vehicle Owner,unknown,None,None,None,Other,None,None,None,None,None,None,None,None,None,None,None,Yes,None,None,None,None,None,None,Yes,None,None,None,173,North Toronto,104,Mount Pleasant West (104),D53
7445,1266373,2011-09-22,1910,MOUNT PLEASANT Road,KEEWATIN Aven,None,Major Arterial,North York,At Intersection,Stop Sign,Clear,Dark,Dry,Non-Fatal Injury,Turning Movement,Driver,55 to 59,Major,None,North,"Automobile, Station Wagon",Going Ahead,Driving Properly,Normal,None,None,None,None,None,None,None,None,Yes,None,None,None,None,None,None,Yes,None,None,None,173,North Toronto,104,Mount Pleasant West (104),D53
7446,1266373,2011-09-22,1910,MOUNT PLEASANT Road,KEEWATIN Aven,None,Major Arterial,North York,At Intersection,Stop Sign,Clear,Dark,Dry,Non-Fatal Injury,Turning Movement,Driver,50 to 54,None,None,East,"Automobile, Station Wagon",Turning Left,Failed to Yield Right of Way,Inattentive,None,None,None,None,None,None,None,None,Yes,None,None,None,None,None,None,Yes,None,None,None,173,North Toronto,104,Mount Pleasant West (104),D53
7447,1255438,2011-09-23,243,DIXON Rd,CARLINGVIEW Dr,None,Major Arterial,Etobicoke York,None,No Control,Clear,"Dark, artificial",Dry,Non-Fatal Injury,SMV Other,Driver,50 to 54,Major,None,East,"Automobile, Station Wagon",Going Ahead,Lost control,Medical or Physical Disability,None,None,None,None,None,None,None,None,Yes,None,None,None,None,None,None,None,None,None,Yes,1,West Humber-Clairville,1,West Humber-Clairville (1),D23
7448,1255438,2011-09-23,243,DIXON Rd,CARLINGVIEW Dr,None,Major Arterial,Etobicoke York,None,No Control,Clear,"Dark, artificial",Dry,Non-Fatal Injury,SMV Other,Other Property Owner,unknown,None,None,None,Other,None,None,None,None,None,None,None,None,None,None,None,Yes,None,None,None,None,None,None,None,None,None,Yes,1,West Humber-Clairville,1,West Humber-Clairville (1),D23
7449,1255438,2011-09-23,243,DIXON Rd,CARLINGVIEW Dr,None,Major Arterial,Etobicoke York,None,No Control,Clear,"Dark, artificial",Dry,Non-Fatal Injury,SMV Other,Other Property Owner,unknown,None,None,None,Other,None,None,None,None,None,None,None,None,None,None,None,Yes,None,None,None,None,None,None,None,None,None,Yes,1,West Humber-Clairville,1,West Humber-Clairville (1),D23
7450,1266558,2011-09-23,1613,HARBORD ST,MAJOR ST,None,Minor Arterial,Toronto and East York,At Intersection,No Control,Rain,Daylight,Wet,Non-Fatal Injury,Cyclist Collisions,Driver,35 to 39,None,None,East,"Automobile, Station Wagon",Turning Left,Failed to Yield Right of Way,Normal,None,None,None,None,None,None,None,Yes,Yes,None,None,None,None,None,None,Yes,None,None,None,79,University,79,University (79),D14
7451,1266558,2011-09-23,1613,HARBORD ST,MAJOR ST,None,Minor Arterial,Toronto and East York,At Intersection,No Control,Rain,Daylight,Wet,Non-Fatal Injury,Cyclist Collisions,Cyclist,25 to 29,Major,None,West,Bicycle,Unknown,None,None,None,None,None,Motorist turned left across cyclists path.,Driving Properly,Normal,None,Yes,Yes,None,None,None,None,None,None,Yes,None,None,None,79,University,79,University (79),D14
7452,1255565,2011-09-23,1912,MARTIN GROVE Road,DIXON Road,None,Major Arterial,Etobicoke York,At Intersection,Traffic Signal,Rain,Dark,Wet,Fatal,Pedestrian Collisions,Passenger,0 to 4,None,None,None,Other,Other,None,None,None,None,None,None,None,None,Yes,None,Yes,None,None,None,None,Yes,None,None,None,None,None,1,West Humber-Clairville,1,West Humber-Clairville (1),D23
7453,1255565,2011-09-23,1912,MARTIN GROVE Road,DIXON Road,None,Major Arterial,Etobicoke York,At Intersection,Traffic Signal,Rain,Dark,Wet,Fatal,Pedestrian Collisions,Passenger,25 to 29,None,None,None,Other,Other,None,None,None,None,None,None,None,None,Yes,None,Yes,None,None,None,None,Yes,None,None,None,None,None,1,West Humber-Clairville,1,West Humber-Clairville (1),D23
7454,1255565,2011-09-23,1912,MARTIN GROVE Road,DIXON Road,None,Major Arterial,Etobicoke York,At Intersection,Traffic Signal,Rain,Dark,Wet,Fatal,Pedestrian Collisions,Driver,30 to 34,None,None,East,"Automobile, Station Wagon",Going Ahead,Driving Properly,Normal,None,None,None,None,None,None,Yes,None,Yes,None,None,None,None,Yes,None,None,None,None,None,1,West Humber-Clairville,1,West Humber-Clairville (1),D23
7455,1255565,2011-09-23,1912,MARTIN GROVE Road,DIXON Road,None,Major Arterial,Etobicoke York,At Intersection,Traffic Signal,Rain,Dark,Wet,Fatal,Pedestrian Collisions,Pedestrian,75 to 79,Fatal,25,East,Other,Other,None,None,Vehicle is going straight thru inter.while ped cross without ROW,Crossing marked crosswalk without ROW,Inattentive,None,None,None,Yes,None,Yes,None,None,None,None,Yes,None,None,None,None,None,1,West Humber-Clairville,1,West Humber-Clairville (1),D23
7456,1266612,2011-09-24,1505,BIRMINGHAM Stre,ETTA WYLIE Road,None,Collector,Etobicoke York,At Intersection,No Control,Clear,Daylight,Dry,Non-Fatal Injury,Cyclist Collisions,Driver,60 to 64,None,None,West,"Automobile, Station Wagon",Turning Left,Failed to Yield Right of Way,Inattentive,None,None,None,None,None,None,None,Yes,Yes,None,None,None,None,None,None,Yes,None,None,None,18,New Toronto,18,New Toronto (18),D22
7457,1266612,2011-09-24,1505,BIRMINGHAM Stre,ETTA WYLIE Road,None,Collector,Etobicoke York,At Intersection,No Control,Clear,Daylight,Dry,Non-Fatal Injury,Cyclist Collisions,Cyclist,50 to 54,Major,None,East,Bicycle,Going Ahead,None,None,None,None,None,Motorist turned left across cyclists path.,Driving Properly,Normal,None,Yes,Yes,None,None,None,None,None,None,Yes,None,None,None,18,New Toronto,18,New Toronto (18),D22
7458,1266936,2011-09-25,130,1279 BLOOR St W,None,None,Major Arterial,Toronto and East York,None,No Control,Clear,Dark,Dry,Non-Fatal Injury,Pedestrian Collisions,Vehicle Owner,unknown,None,None,None,Other,None,None,None,None,None,None,None,None,None,Yes,None,Yes,None,None,None,None,None,None,None,None,None,None,83,Dufferin Grove,83,Dufferin Grove (83),D11
7459,1266936,2011-09-25,130,1279 BLOOR St W,None,None,Major Arterial,Toronto and East York,None,No Control,Clear,Dark,Dry,Non-Fatal Injury,Pedestrian Collisions,Driver,70 to 74,None,None,East,"Automobile, Station Wagon",Going Ahead,Driving Properly,Normal,None,None,None,None,None,None,Yes,None,Yes,None,None,None,None,None,None,None,None,None,None,83,Dufferin Grove,83,Dufferin Grove (83),D11
7460,1266936,2011-09-25,130,1279 BLOOR St W,None,None,Major Arterial,Toronto and East York,None,No Control,Clear,Dark,Dry,Non-Fatal Injury,Pedestrian Collisions,Pedestrian,50 to 54,Major,None,South,Other,None,None,None,Pedestrian hit at mid-block,"Crossing, no Traffic Control",Normal,None,None,None,Yes,None,Yes,None,None,None,None,None,None,None,None,None,None,83,Dufferin Grove,83,Dufferin Grove (83),D11
7461,1266995,2011-09-25,1945,GRACEDALE Boul,DUNCANWOODS Driv,None,Collector,Etobicoke York,At Intersection,Stop Sign,Clear,Dark,Dry,Non-Fatal Injury,Cyclist Collisions,Driver,65 to 69,None,None,South,"Automobile, Station Wagon",Going Ahead,Failed to Yield Right of Way,Normal,None,None,None,None,None,None,None,Yes,Yes,None,None,None,None,None,None,Yes,None,None,None,21,Humber Summit,21,Humber Summit (21),D31
7462,1266995,2011-09-25,1945,GRACEDALE Boul,DUNCANWOODS Driv,None,Collector,Etobicoke York,At Intersection,Stop Sign,Clear,Dark,Dry,Non-Fatal Injury,Cyclist Collisions,Cyclist,10 to 14,Major,None,West,Bicycle,Going Ahead,None,None,None,None,None,"Motorist without ROW drives into path of cyclist at inter, lnwy, dwy-Driver not turn.",Driving Properly,Normal,None,Yes,Yes,None,None,None,None,None,None,Yes,None,None,None,21,Humber Summit,21,Humber Summit (21),D31
7463,1255770,2011-09-25,1958,LAWRENCE Ave E,VALPARAISO Ave,None,Major Arterial,Scarborough,None,No Control,Clear,Dark,Dry,Non-Fatal Injury,Pedestrian Collisions,Vehicle Owner,unknown,None,None,None,Other,None,None,None,None,None,None,None,None,None,Yes,None,Yes,None,None,None,None,None,None,None,None,None,None,157,Bendale South,127,Bendale (127),D43
7464,1255770,2011-09-25,1958,LAWRENCE Ave E,VALPARAISO Ave,None,Major Arterial,Scarborough,None,No Control,Clear,Dark,Dry,Non-Fatal Injury,Pedestrian Collisions,Driver,50 to 54,None,None,East,"Automobile, Station Wagon",Going Ahead,Driving Properly,Normal,None,None,None,None,None,None,Yes,None,Yes,None,None,None,None,None,None,None,None,None,None,157,Bendale South,127,Bendale (127),D43
7465,1255770,2011-09-25,1958,LAWRENCE Ave E,VALPARAISO Ave,None,Major Arterial,Scarborough,None,No Control,Clear,Dark,Dry,Non-Fatal Injury,Pedestrian Collisions,Pedestrian,50 to 54,Major,None,South,Other,None,None,None,Vehicle is going straight thru inter.while ped cross without ROW,"Crossing, no Traffic Control",Unknown,None,None,None,Yes,None,Yes,None,None,None,None,None,None,None,None,None,None,157,Bendale South,127,Bendale (127),D43
7466,1267110,2011-09-27,1905,16 STORMONT AVE,None,None,Local,North York,None,No Control,Clear,Daylight,Dry,Non-Fatal Injury,Pedestrian Collisions,Driver,55 to 59,None,None,East,"Automobile, Station Wagon",Going Ahead,Driving Properly,Normal,None,None,None,None,None,None,Yes,None,Yes,None,None,None,None,None,None,None,None,None,None,39,Bedford Park-Nortown,39,Bedford Park-Nortown (39),D53
7467,1267110,2011-09-27,1905,16 STORMONT AVE,None,None,Local,North York,None,No Control,Clear,Daylight,Dry,Non-Fatal Injury,Pedestrian Collisions,Pedestrian,5 to 9,Major,None,Unknown,Other,None,None,None,Pedestrian hit at mid-block,Playing or Working on Highway,Inattentive,None,None,None,Yes,None,Yes,None,None,None,None,None,None,None,None,None,None,39,Bedford Park-Nortown,39,Bedford Park-Nortown (39),D53
7468,1259697,2011-09-28,830,BATHURST Stre,REINER Road,None,Major Arterial,North York,At Intersection,Stop Sign,Clear,Daylight,Dry,Non-Fatal Injury,Pedestrian Collisions,Driver,unknown,None,None,East,"Automobile, Station Wagon",Turning Right,Failed to Yield Right of Way,Inattentive,None,None,None,None,None,None,Yes,None,Yes,None,None,None,None,None,None,Yes,None,None,None,38,Lansing-Westgate,38,Lansing-Westgate (38),D32