_id,ACCNUM,DATE,TIME,STREET1,STREET2,OFFSET,ROAD_CLASS,DISTRICT,ACCLOC,TRAFFCTL,VISIBILITY,LIGHT,RDSFCOND,ACCLASS,IMPACTYPE,INVTYPE,INVAGE,INJURY,FATAL_NO,INITDIR,VEHTYPE,MANOEUVER,DRIVACT,DRIVCOND,PEDTYPE,PEDACT,PEDCOND,CYCLISTYPE,CYCACT,CYCCOND,PEDESTRIAN,CYCLIST,AUTOMOBILE,MOTORCYCLE,TRUCK,TRSN_CITY_VEH,EMERG_VEH,PASSENGER,SPEEDING,AG_DRIV,REDLIGHT,ALCOHOL,DISABILITY,HOOD_158,NEIGHBOURHOOD_158,HOOD_140,NEIGHBOURHOOD_140,DIVISION
7662,1264625,2011-11-16,955,F G GARDINER ExP E,PARK LAWN RD,None,None,Etobicoke York,None,No Control,Clear,Daylight,Dry,Non-Fatal Injury,Rear End,Driver,35 to 39,Major,None,East,"Automobile, Station Wagon",Stopped,Driving Properly,Normal,None,None,None,None,None,None,None,None,Yes,None,None,None,None,None,None,Yes,None,None,None,161,Humber Bay Shores,17,Mimico (includes Humber Bay Shores) (17),D22
7663,1277496,2011-11-16,1655,20 MURRAY ST,None,None,Local,Toronto and East York,None,No Control,Clear,Dusk,Dry,Non-Fatal Injury,Pedestrian Collisions,Vehicle Owner,unknown,None,None,None,Other,None,None,None,None,None,None,None,None,None,Yes,None,Yes,None,None,None,None,None,None,None,None,None,None,78,Kensington-Chinatown,78,Kensington-Chinatown (78),D52
7664,1277496,2011-11-16,1655,20 MURRAY ST,None,None,Local,Toronto and East York,None,No Control,Clear,Dusk,Dry,Non-Fatal Injury,Pedestrian Collisions,Driver,40 to 44,None,None,East,"Automobile, Station Wagon",Turning Right,Driving Properly,Normal,None,None,None,None,None,None,Yes,None,Yes,None,None,None,None,None,None,None,None,None,None,78,Kensington-Chinatown,78,Kensington-Chinatown (78),D52
7665,1277496,2011-11-16,1655,20 MURRAY ST,None,None,Local,Toronto and East York,None,No Control,Clear,Dusk,Dry,Non-Fatal Injury,Pedestrian Collisions,Pedestrian,55 to 59,Major,None,North,Other,None,None,None,Pedestrian hit at mid-block,"Crossing, no Traffic Control","Ability Impaired, Alcohol",None,None,None,Yes,None,Yes,None,None,None,None,None,None,None,None,None,None,78,Kensington-Chinatown,78,Kensington-Chinatown (78),D52
7666,1264639,2011-11-16,1735,DON MILLS RD,OVERLEA BLVD,None,Major Arterial,North York,None,No Control,Clear,Dark,Dry,Non-Fatal Injury,Pedestrian Collisions,Vehicle Owner,unknown,None,None,None,Other,None,None,None,None,None,None,None,None,None,Yes,None,Yes,None,None,None,None,None,None,None,None,None,None,44,Flemingdon Park,44,Flemingdon Park (44),D55
7667,1264639,2011-11-16,1735,DON MILLS RD,OVERLEA BLVD,None,Major Arterial,North York,None,No Control,Clear,Dark,Dry,Non-Fatal Injury,Pedestrian Collisions,Driver,15 to 19,None,None,South,"Automobile, Station Wagon",Going Ahead,Driving Properly,Normal,None,None,None,None,None,None,Yes,None,Yes,None,None,None,None,None,None,None,None,None,None,44,Flemingdon Park,44,Flemingdon Park (44),D55
7668,1264639,2011-11-16,1735,DON MILLS RD,OVERLEA BLVD,None,Major Arterial,North York,None,No Control,Clear,Dark,Dry,Non-Fatal Injury,Pedestrian Collisions,Pedestrian,30 to 34,Major,None,West,Other,None,None,None,Pedestrian hit at mid-block,Running onto Roadway,Inattentive,None,None,None,Yes,None,Yes,None,None,None,None,None,None,None,None,None,None,44,Flemingdon Park,44,Flemingdon Park (44),D55
7669,1264639,2011-11-16,1735,DON MILLS RD,OVERLEA BLVD,None,Major Arterial,North York,None,No Control,Clear,Dark,Dry,Non-Fatal Injury,Pedestrian Collisions,Pedestrian,10 to 14,Major,None,West,Other,None,None,None,Pedestrian hit at mid-block,Running onto Roadway,Inattentive,None,None,None,Yes,None,Yes,None,None,None,None,None,None,None,None,None,None,44,Flemingdon Park,44,Flemingdon Park (44),D55
7670,1265142,2011-11-18,1511,BATHURST ST,RIDGEWOOD RD,None,Major Arterial,Toronto and East York,None,No Control,Clear,Daylight,Dry,Non-Fatal Injury,Rear End,Driver,50 to 54,None,None,North,"Automobile, Station Wagon",Going Ahead,Driving Properly,Normal,None,None,None,None,None,None,None,None,Yes,None,None,None,None,None,None,None,None,None,Yes,101,Forest Hill South,101,Forest Hill South (101),D13
7671,1265142,2011-11-18,1511,BATHURST ST,RIDGEWOOD RD,None,Major Arterial,Toronto and East York,None,No Control,Clear,Daylight,Dry,Non-Fatal Injury,Rear End,Driver,50 to 54,Major,None,North,"Automobile, Station Wagon",Going Ahead,Lost control,Medical or Physical Disability,None,None,None,None,None,None,None,None,Yes,None,None,None,None,None,None,None,None,None,Yes,101,Forest Hill South,101,Forest Hill South (101),D13
7672,1278390,2011-11-22,1851,BATHURST Stre,DUNDAS Stre W,None,Major Arterial,Toronto and East York,None,Traffic Signal,Rain,Dark,Wet,Non-Fatal Injury,Pedestrian Collisions,Driver,50 to 54,None,None,South,"Automobile, Station Wagon",Going Ahead,None,None,None,None,None,None,None,None,Yes,None,Yes,None,None,None,None,None,None,None,None,None,None,78,Kensington-Chinatown,78,Kensington-Chinatown (78),D14
7673,1278390,2011-11-22,1851,BATHURST Stre,DUNDAS Stre W,None,Major Arterial,Toronto and East York,None,Traffic Signal,Rain,Dark,Wet,Non-Fatal Injury,Pedestrian Collisions,Pedestrian,unknown,Major,None,None,Other,Other,None,None,None,None,None,None,None,None,Yes,None,Yes,None,None,None,None,None,None,None,None,None,None,78,Kensington-Chinatown,78,Kensington-Chinatown (78),D14
7674,1265520,2011-11-22,2057,STONG CRT,JANE ST,None,Collector,Etobicoke York,None,No Control,Rain,"Dark, artificial",Wet,Non-Fatal Injury,SMV Other,Driver,70 to 74,Major,None,East,"Automobile, Station Wagon",Unknown,Other,Medical or Physical Disability,None,None,None,None,None,None,None,None,Yes,None,None,None,None,None,None,None,None,None,Yes,24,Black Creek,24,Black Creek (24),D31
7675,1265525,2011-11-22,2145,BATHURST ST,BARTON AVE,None,Major Arterial,Toronto and East York,None,No Control,Rain,"Dark, artificial",Wet,Non-Fatal Injury,Pedestrian Collisions,Passenger,30 to 34,None,None,None,Other,None,None,None,None,None,None,None,None,None,Yes,None,Yes,None,None,None,None,Yes,None,None,None,None,None,95,Annex,95,Annex (95),D14
7676,1265525,2011-11-22,2145,BATHURST ST,BARTON AVE,None,Major Arterial,Toronto and East York,None,No Control,Rain,"Dark, artificial",Wet,Non-Fatal Injury,Pedestrian Collisions,Passenger,25 to 29,None,None,None,Other,None,None,None,None,None,None,None,None,None,Yes,None,Yes,None,None,None,None,Yes,None,None,None,None,None,95,Annex,95,Annex (95),D14
7677,1265525,2011-11-22,2145,BATHURST ST,BARTON AVE,None,Major Arterial,Toronto and East York,None,No Control,Rain,"Dark, artificial",Wet,Non-Fatal Injury,Pedestrian Collisions,Passenger,30 to 34,None,None,None,Other,None,None,None,None,None,None,None,None,None,Yes,None,Yes,None,None,None,None,Yes,None,None,None,None,None,95,Annex,95,Annex (95),D14
7678,1265525,2011-11-22,2145,BATHURST ST,BARTON AVE,None,Major Arterial,Toronto and East York,None,No Control,Rain,"Dark, artificial",Wet,Non-Fatal Injury,Pedestrian Collisions,Vehicle Owner,unknown,None,None,None,Other,None,None,None,None,None,None,None,None,None,Yes,None,Yes,None,None,None,None,Yes,None,None,None,None,None,95,Annex,95,Annex (95),D14
7679,1265525,2011-11-22,2145,BATHURST ST,BARTON AVE,None,Major Arterial,Toronto and East York,None,No Control,Rain,"Dark, artificial",Wet,Non-Fatal Injury,Pedestrian Collisions,Driver,55 to 59,None,None,South,"Automobile, Station Wagon",Going Ahead,Driving Properly,Normal,None,None,None,None,None,None,Yes,None,Yes,None,None,None,None,Yes,None,None,None,None,None,95,Annex,95,Annex (95),D14
7680,1265525,2011-11-22,2145,BATHURST ST,BARTON AVE,None,Major Arterial,Toronto and East York,None,No Control,Rain,"Dark, artificial",Wet,Non-Fatal Injury,Pedestrian Collisions,Pedestrian,30 to 34,Major,None,East,Other,None,None,None,Pedestrian hit at mid-block,Running onto Roadway,"Ability Impaired, Alcohol",None,None,None,Yes,None,Yes,None,None,None,None,Yes,None,None,None,None,None,95,Annex,95,Annex (95),D14
7681,1275666,2011-11-23,118,WILSON HEIGHTS BLVD,SHEPPARD AVE W,None,Major Arterial,North York,At Intersection,Traffic Signal,Rain,"Dark, artificial",Wet,Non-Fatal Injury,Pedestrian Collisions,Driver,45 to 49,None,None,South,"Automobile, Station Wagon",Turning Left,Failed to Yield Right of Way,Inattentive,None,None,None,None,None,None,Yes,None,Yes,None,None,None,None,None,None,Yes,None,None,None,33,Clanton Park,33,Clanton Park (33),D32
7682,1275666,2011-11-23,118,WILSON HEIGHTS BLVD,SHEPPARD AVE W,None,Major Arterial,North York,At Intersection,Traffic Signal,Rain,"Dark, artificial",Wet,Non-Fatal Injury,Pedestrian Collisions,Pedestrian,50 to 54,Major,None,North,Other,None,None,None,Vehicle turns left while ped crosses with ROW at inter.,Crossing with right of way,Unknown,None,None,None,Yes,None,Yes,None,None,None,None,None,None,Yes,None,None,None,33,Clanton Park,33,Clanton Park (33),D32
7683,1265738,2011-11-23,2240,DUFFERIN ST,KENNARD AVE,None,Major Arterial,North York,None,No Control,Clear,"Dark, artificial",Dry,Non-Fatal Injury,Pedestrian Collisions,Driver,30 to 34,None,None,North,"Automobile, Station Wagon",Going Ahead,Driving Properly,Normal,None,None,None,None,None,None,Yes,None,Yes,None,None,None,None,None,None,None,None,None,None,34,Bathurst Manor,34,Bathurst Manor (34),D32
7684,1265738,2011-11-23,2240,DUFFERIN ST,KENNARD AVE,None,Major Arterial,North York,None,No Control,Clear,"Dark, artificial",Dry,Non-Fatal Injury,Pedestrian Collisions,Pedestrian,25 to 29,Major,None,West,Other,None,None,None,Pedestrian hit at mid-block,"Crossing, no Traffic Control",Normal,None,None,None,Yes,None,Yes,None,None,None,None,None,None,None,None,None,None,34,Bathurst Manor,34,Bathurst Manor (34),D32
7685,1275736,2011-11-24,1440,RUNNYMEDE RD,DEFOREST RD,None,Collector,Toronto and East York,None,Stop Sign,Clear,Daylight,Dry,Non-Fatal Injury,Cyclist Collisions,Vehicle Owner,unknown,None,None,None,Other,None,None,None,None,None,None,None,None,None,None,Yes,None,None,None,Yes,None,None,None,None,None,None,None,87,High Park-Swansea,87,High Park-Swansea (87),D11
7686,1275736,2011-11-24,1440,RUNNYMEDE RD,DEFOREST RD,None,Collector,Toronto and East York,None,Stop Sign,Clear,Daylight,Dry,Non-Fatal Injury,Cyclist Collisions,Driver,50 to 54,None,None,North,Municipal Transit Bus (TTC),Going Ahead,Driving Properly,Normal,None,None,None,None,None,None,None,Yes,None,None,None,Yes,None,None,None,None,None,None,None,87,High Park-Swansea,87,High Park-Swansea (87),D11
7687,1275736,2011-11-24,1440,RUNNYMEDE RD,DEFOREST RD,None,Collector,Toronto and East York,None,Stop Sign,Clear,Daylight,Dry,Non-Fatal Injury,Cyclist Collisions,Cyclist,55 to 59,Major,None,North,Bicycle,Other,None,None,None,None,None,Cyclist and Driver travelling in same direction. One vehicle rear-ended the other.,Other,Normal,None,Yes,None,None,None,Yes,None,None,None,None,None,None,None,87,High Park-Swansea,87,High Park-Swansea (87),D11
7688,1265912,2011-11-24,2017,DIXON RD,CARLINGVIEW DR,None,Major Arterial,Etobicoke York,None,No Control,Clear,Dark,Dry,Non-Fatal Injury,Pedestrian Collisions,Vehicle Owner,unknown,None,None,None,Other,None,None,None,None,None,None,None,None,None,Yes,None,Yes,None,None,None,None,None,None,None,None,None,None,1,West Humber-Clairville,1,West Humber-Clairville (1),D23
7689,1265912,2011-11-24,2017,DIXON RD,CARLINGVIEW DR,None,Major Arterial,Etobicoke York,None,No Control,Clear,Dark,Dry,Non-Fatal Injury,Pedestrian Collisions,Driver,45 to 49,None,None,East,"Automobile, Station Wagon",Slowing or Stopping,Driving Properly,Normal,None,None,None,None,None,None,Yes,None,Yes,None,None,None,None,None,None,None,None,None,None,1,West Humber-Clairville,1,West Humber-Clairville (1),D23
7690,1265912,2011-11-24,2017,DIXON RD,CARLINGVIEW DR,None,Major Arterial,Etobicoke York,None,No Control,Clear,Dark,Dry,Non-Fatal Injury,Pedestrian Collisions,Pedestrian,70 to 74,Major,None,South,Other,None,None,None,Pedestrian hit at mid-block,Running onto Roadway,Normal,None,None,None,Yes,None,Yes,None,None,None,None,None,None,None,None,None,None,1,West Humber-Clairville,1,West Humber-Clairville (1),D23
7691,1276528,2011-11-25,958,RICHMOND Stre E,YONGE Stre,None,Major Arterial,Toronto and East York,At Intersection,Traffic Signal,Clear,Daylight,Dry,Non-Fatal Injury,Cyclist Collisions,Vehicle Owner,unknown,None,None,None,Other,None,None,None,None,None,None,None,None,None,None,Yes,Yes,None,Yes,None,None,None,None,None,None,None,None,170,Yonge-Bay Corridor,76,Bay Street Corridor (76),D52
7692,1276528,2011-11-25,958,RICHMOND Stre E,YONGE Stre,None,Major Arterial,Toronto and East York,At Intersection,Traffic Signal,Clear,Daylight,Dry,Non-Fatal Injury,Cyclist Collisions,Truck Driver,35 to 39,None,None,West,Truck - Open,Going Ahead,Driving Properly,Normal,None,None,None,None,None,None,None,Yes,Yes,None,Yes,None,None,None,None,None,None,None,None,170,Yonge-Bay Corridor,76,Bay Street Corridor (76),D52
7693,1276528,2011-11-25,958,RICHMOND Stre E,YONGE Stre,None,Major Arterial,Toronto and East York,At Intersection,Traffic Signal,Clear,Daylight,Dry,Non-Fatal Injury,Cyclist Collisions,Vehicle Owner,unknown,None,None,None,Other,None,None,None,None,None,None,None,None,None,None,Yes,Yes,None,Yes,None,None,None,None,None,None,None,None,170,Yonge-Bay Corridor,76,Bay Street Corridor (76),D52
7694,1276528,2011-11-25,958,RICHMOND Stre E,YONGE Stre,None,Major Arterial,Toronto and East York,At Intersection,Traffic Signal,Clear,Daylight,Dry,Non-Fatal Injury,Cyclist Collisions,Driver,55 to 59,None,None,West,"Automobile, Station Wagon",Going Ahead,Driving Properly,Normal,None,None,None,None,None,None,None,Yes,Yes,None,Yes,None,None,None,None,None,None,None,None,170,Yonge-Bay Corridor,76,Bay Street Corridor (76),D52
7695,1276528,2011-11-25,958,RICHMOND Stre E,YONGE Stre,None,Major Arterial,Toronto and East York,At Intersection,Traffic Signal,Clear,Daylight,Dry,Non-Fatal Injury,Cyclist Collisions,Cyclist,30 to 34,Major,None,West,Bicycle,Going Ahead,None,None,None,None,None,Cyclist and Driver travelling in same direction. One vehicle sideswipes the other.,Improper Passing,Unknown,None,Yes,Yes,None,Yes,None,None,None,None,None,None,None,None,170,Yonge-Bay Corridor,76,Bay Street Corridor (76),D52
7696,1266196,2011-11-25,1556,KINGSTON Road,RASPBERRY Road,None,Major Arterial,Scarborough,At Intersection,No Control,Clear,Daylight,Dry,Non-Fatal Injury,Cyclist Collisions,Driver,55 to 59,None,None,West,"Automobile, Station Wagon",Going Ahead,Following too Close,Inattentive,None,None,None,None,None,None,None,Yes,Yes,None,None,None,None,None,None,Yes,None,None,None,143,West Rouge,131,Rouge (131),D42
7697,1266196,2011-11-25,1556,KINGSTON Road,RASPBERRY Road,None,Major Arterial,Scarborough,At Intersection,No Control,Clear,Daylight,Dry,Non-Fatal Injury,Cyclist Collisions,Cyclist,50 to 54,Major,None,West,Bicycle,Going Ahead,None,None,None,None,None,Cyclist and Driver travelling in same direction. One vehicle rear-ended the other.,Driving Properly,Normal,None,Yes,Yes,None,None,None,None,None,None,Yes,None,None,None,143,West Rouge,131,Rouge (131),D42
7698,1275965,2011-11-25,1604,YORK MILLS Road,LESMILL Road,None,Major Arterial,North York,None,Traffic Signal,Clear,Daylight,Dry,Non-Fatal Injury,Cyclist Collisions,Driver,20 to 24,None,None,West,"Automobile, Station Wagon",Turning Left,Improper Turn,Inattentive,None,None,None,None,None,None,None,Yes,Yes,None,None,None,None,None,None,None,None,None,None,42,Banbury-Don Mills,42,Banbury-Don Mills (42),D33
7699,1275965,2011-11-25,1604,YORK MILLS Road,LESMILL Road,None,Major Arterial,North York,None,Traffic Signal,Clear,Daylight,Dry,Non-Fatal Injury,Cyclist Collisions,Cyclist,60 to 64,Major,None,East,Bicycle,Going Ahead,None,None,None,None,None,Motorist turned left across cyclists path.,Driving Properly,Normal,None,Yes,Yes,None,None,None,None,None,None,None,None,None,None,42,Banbury-Don Mills,42,Banbury-Don Mills (42),D33
7700,1268545,2011-11-26,1235,EGLINTON AVE E,FORMAN AVE,None,Major Arterial,North York,At Intersection,Traffic Signal,Clear,Daylight,Dry,Non-Fatal Injury,Pedestrian Collisions,Passenger,10 to 14,None,None,None,Other,None,None,None,None,None,None,None,None,None,Yes,None,Yes,None,None,None,None,Yes,None,None,None,None,None,99,Mount Pleasant East,99,Mount Pleasant East (99),D53
7701,1268545,2011-11-26,1235,EGLINTON AVE E,FORMAN AVE,None,Major Arterial,North York,At Intersection,Traffic Signal,Clear,Daylight,Dry,Non-Fatal Injury,Pedestrian Collisions,Vehicle Owner,unknown,None,None,None,Other,None,None,None,None,None,None,None,None,None,Yes,None,Yes,None,None,None,None,Yes,None,None,None,None,None,99,Mount Pleasant East,99,Mount Pleasant East (99),D53
7702,1268545,2011-11-26,1235,EGLINTON AVE E,FORMAN AVE,None,Major Arterial,North York,At Intersection,Traffic Signal,Clear,Daylight,Dry,Non-Fatal Injury,Pedestrian Collisions,Driver,45 to 49,None,None,West,"Automobile, Station Wagon",Going Ahead,Driving Properly,Normal,None,None,None,None,None,None,Yes,None,Yes,None,None,None,None,Yes,None,None,None,None,None,99,Mount Pleasant East,99,Mount Pleasant East (99),D53
7703,1268545,2011-11-26,1235,EGLINTON AVE E,FORMAN AVE,None,Major Arterial,North York,At Intersection,Traffic Signal,Clear,Daylight,Dry,Non-Fatal Injury,Pedestrian Collisions,Pedestrian,50 to 54,Major,None,North,Other,None,None,None,Vehicle is going straight thru inter.while ped cross without ROW,Crossing without right of way,Normal,None,None,None,Yes,None,Yes,None,None,None,None,Yes,None,None,None,None,None,99,Mount Pleasant East,99,Mount Pleasant East (99),D53
7704,1276407,2011-11-26,1955,2001 FINCH AVE W,None,None,Major Arterial,Etobicoke York,None,No Control,Clear,"Dark, artificial",Dry,Non-Fatal Injury,Turning Movement,Motorcycle Driver,35 to 39,Major,None,East,Motorcycle,Going Ahead,Driving Properly,Normal,None,None,None,None,None,None,None,None,Yes,Yes,None,None,None,None,None,Yes,None,None,None,25,Glenfield-Jane Heights,25,Glenfield-Jane Heights (25),D31
7705,1276407,2011-11-26,1955,2001 FINCH AVE W,None,None,Major Arterial,Etobicoke York,None,No Control,Clear,"Dark, artificial",Dry,Non-Fatal Injury,Turning Movement,Driver,35 to 39,None,None,West,"Automobile, Station Wagon",Turning Left,Failed to Yield Right of Way,Inattentive,None,None,None,None,None,None,None,None,Yes,Yes,None,None,None,None,None,Yes,None,None,None,25,Glenfield-Jane Heights,25,Glenfield-Jane Heights (25),D31
7706,1266407,2011-11-27,0,DUNERA Aven,EMCARR Driv,None,Local,Scarborough,At Intersection,Stop Sign,Rain,Dark,Wet,Non-Fatal Injury,Cyclist Collisions,Vehicle Owner,unknown,None,None,None,Other,Other,None,None,None,None,None,None,None,None,None,Yes,Yes,None,None,None,None,None,None,None,None,None,None,136,West Hill,136,West Hill (136),D43
7707,1266407,2011-11-27,0,DUNERA Aven,EMCARR Driv,None,Local,Scarborough,At Intersection,Stop Sign,Rain,Dark,Wet,Non-Fatal Injury,Cyclist Collisions,Driver,30 to 34,None,None,West,"Automobile, Station Wagon",Going Ahead,None,None,None,None,None,None,None,None,None,Yes,Yes,None,None,None,None,None,None,None,None,None,None,136,West Hill,136,West Hill (136),D43
7708,1266407,2011-11-27,0,DUNERA Aven,EMCARR Driv,None,Local,Scarborough,At Intersection,Stop Sign,Rain,Dark,Wet,Non-Fatal Injury,Cyclist Collisions,Cyclist,50 to 54,Major,None,South,Bicycle,Turning Left,None,None,None,None,None,None,None,None,None,Yes,Yes,None,None,None,None,None,None,None,None,None,None,136,West Hill,136,West Hill (136),D43
7709,1267111,2011-11-27,312,YONGE ST,SHEPPARD AVE E,None,Major Arterial,North York,At Intersection,Traffic Signal,Clear,"Dark, artificial",Dry,Non-Fatal Injury,Turning Movement,Driver,25 to 29,Major,None,North,"Automobile, Station Wagon",Going Ahead,Driving Properly,Normal,None,None,None,None,None,None,None,None,Yes,None,None,None,None,None,None,None,None,None,None,151,Yonge-Doris,51,Willowdale East (51),D32
7710,1267111,2011-11-27,312,YONGE ST,SHEPPARD AVE E,None,Major Arterial,North York,At Intersection,Traffic Signal,Clear,"Dark, artificial",Dry,Non-Fatal Injury,Turning Movement,Other Property Owner,unknown,None,None,None,Other,None,None,None,None,None,None,None,None,None,None,None,Yes,None,None,None,None,None,None,None,None,None,None,151,Yonge-Doris,51,Willowdale East (51),D32
7711,1267111,2011-11-27,312,YONGE ST,SHEPPARD AVE E,None,Major Arterial,North York,At Intersection,Traffic Signal,Clear,"Dark, artificial",Dry,Non-Fatal Injury,Turning Movement,Driver,unknown,None,None,West,"Automobile, Station Wagon",Turning Right,Improper Turn,Inattentive,None,None,None,None,None,None,None,None,Yes,None,None,None,None,None,None,None,None,None,None,151,Yonge-Doris,51,Willowdale East (51),D32
7712,1266689,2011-11-29,1635,BIRCHMOUNT RD,BESWICK PARK  CRT,None,Major Arterial,Scarborough,None,No Control,Rain,"Dark, artificial",Wet,Non-Fatal Injury,Pedestrian Collisions,Driver,65 to 69,None,None,South,"Automobile, Station Wagon",Going Ahead,Driving Properly,Normal,None,None,None,None,None,None,Yes,None,Yes,None,None,None,None,None,None,None,None,None,None,116,Steeles,116,Steeles (116),D42
7713,1266689,2011-11-29,1635,BIRCHMOUNT RD,BESWICK PARK  CRT,None,Major Arterial,Scarborough,None,No Control,Rain,"Dark, artificial",Wet,Non-Fatal Injury,Pedestrian Collisions,Pedestrian,45 to 49,Major,None,West,Other,None,None,None,Vehicle is going straight thru inter.while ped cross without ROW,"Crossing, no Traffic Control",Inattentive,None,None,None,Yes,None,Yes,None,None,None,None,None,None,None,None,None,None,116,Steeles,116,Steeles (116),D42
7714,1266690,2011-11-29,1746,DOVEHOUSE AVE,KEELE ST,None,Major Arterial,North York,None,Traffic Signal,Rain,"Dark, artificial",Wet,Non-Fatal Injury,Pedestrian Collisions,Driver,40 to 44,None,None,North,"Automobile, Station Wagon",Turning Left,Failed to Yield Right of Way,Inattentive,None,None,None,None,None,None,Yes,None,Yes,None,None,None,None,None,None,Yes,None,None,None,27,York University Heights,27,York University Heights (27),D31
7715,1266690,2011-11-29,1746,DOVEHOUSE AVE,KEELE ST,None,Major Arterial,North York,None,Traffic Signal,Rain,"Dark, artificial",Wet,Non-Fatal Injury,Pedestrian Collisions,Pedestrian,65 to 69,Major,None,South,Other,None,None,None,Vehicle turns left while ped crosses with ROW at inter.,Crossing with right of way,Normal,None,None,None,Yes,None,Yes,None,None,None,None,None,None,Yes,None,None,None,27,York University Heights,27,York University Heights (27),D31
7716,1269088,2011-11-29,1900,STEELES AVE E,MARKHAM RD,None,Major Arterial,Scarborough,At Intersection,Traffic Signal,Rain,"Dusk, artificial",Wet,Non-Fatal Injury,Pedestrian Collisions,Driver,unknown,None,None,East,"Automobile, Station Wagon",Going Ahead,Failed to Yield Right of Way,Unknown,None,None,None,None,None,None,Yes,None,Yes,None,None,None,None,None,None,Yes,None,None,None,144,Morningside Heights,131,Rouge (131),D42
7717,1269088,2011-11-29,1900,STEELES AVE E,MARKHAM RD,None,Major Arterial,Scarborough,At Intersection,Traffic Signal,Rain,"Dusk, artificial",Wet,Non-Fatal Injury,Pedestrian Collisions,Pedestrian,25 to 29,Major,None,North,Other,None,None,None,Vehicle is going straight thru inter.while ped cross with ROW,Crossing with right of way,Normal,None,None,None,Yes,None,Yes,None,None,None,None,None,None,Yes,None,None,None,144,Morningside Heights,131,Rouge (131),D42
7718,1266990,2011-12-01,102,JANE ST,ELLIS AVE,None,Major Arterial,Etobicoke York,None,No Control,Clear,"Dark, artificial",Dry,Fatal,Pedestrian Collisions,Driver,45 to 49,None,None,North,"Automobile, Station Wagon",Going Ahead,Driving Properly,Normal,None,None,None,None,None,None,Yes,None,Yes,None,None,None,None,None,None,None,None,None,None,30,Brookhaven-Amesbury,30,Brookhaven-Amesbury (30),D12
7719,1266990,2011-12-01,102,JANE ST,ELLIS AVE,None,Major Arterial,Etobicoke York,None,No Control,Clear,"Dark, artificial",Dry,Fatal,Pedestrian Collisions,Pedestrian,50 to 54,Fatal,32,Unknown,Other,None,None,None,Other / Undefined,Other,Unknown,None,None,None,Yes,None,Yes,None,None,None,None,None,None,None,None,None,None,30,Brookhaven-Amesbury,30,Brookhaven-Amesbury (30),D12
7720,1267274,2011-12-02,1830,LAWRENCE AVE E,TOWNLEY AVE,None,Major Arterial,Scarborough,At Intersection,No Control,Clear,"Dusk, artificial",Dry,Fatal,Pedestrian Collisions,Vehicle Owner,unknown,None,None,None,Other,None,None,None,None,None,None,None,None,None,Yes,None,Yes,None,None,None,None,None,None,None,None,None,None,119,Wexford/Maryvale,119,Wexford/Maryvale (119),D41
7721,1267274,2011-12-02,1830,LAWRENCE AVE E,TOWNLEY AVE,None,Major Arterial,Scarborough,At Intersection,No Control,Clear,"Dusk, artificial",Dry,Fatal,Pedestrian Collisions,Driver,65 to 69,None,None,West,"Automobile, Station Wagon",Going Ahead,Driving Properly,Unknown,None,None,None,None,None,None,Yes,None,Yes,None,None,None,None,None,None,None,None,None,None,119,Wexford/Maryvale,119,Wexford/Maryvale (119),D41
7722,1267274,2011-12-02,1830,LAWRENCE AVE E,TOWNLEY AVE,None,Major Arterial,Scarborough,At Intersection,No Control,Clear,"Dusk, artificial",Dry,Fatal,Pedestrian Collisions,Pedestrian,65 to 69,Fatal,33,South,Other,None,None,None,Pedestrian hit at mid-block,"Crossing, no Traffic Control",Unknown,None,None,None,Yes,None,Yes,None,None,None,None,None,None,None,None,None,None,119,Wexford/Maryvale,119,Wexford/Maryvale (119),D41
7723,1268378,2011-12-03,353,960 WARDEN Ave,None,None,Major Arterial,Scarborough,None,No Control,Clear,Dark,Dry,Non-Fatal Injury,Rear End,Driver,25 to 29,None,None,South,"Automobile, Station Wagon",Going Ahead,Driving Properly,Normal,None,None,None,None,None,None,None,None,Yes,None,None,None,None,None,None,None,None,None,None,119,Wexford/Maryvale,119,Wexford/Maryvale (119),D41
7724,1268378,2011-12-03,353,960 WARDEN Ave,None,None,Major Arterial,Scarborough,None,No Control,Clear,Dark,Dry,Non-Fatal Injury,Rear End,Driver,unknown,Major,None,South,"Automobile, Station Wagon",Going Ahead,Other,Unknown,None,None,None,None,None,None,None,None,Yes,None,None,None,None,None,None,None,None,None,None,119,Wexford/Maryvale,119,Wexford/Maryvale (119),D41
7725,1277349,2011-12-04,1620,CHURCH ST,GLOUCESTER ST,None,Minor Arterial,Toronto and East York,At Intersection,No Control,Clear,Daylight,Dry,Non-Fatal Injury,Pedestrian Collisions,Driver,35 to 39,None,None,South,"Automobile, Station Wagon",Going Ahead,Driving Properly,Normal,None,None,None,None,None,None,Yes,None,Yes,None,None,None,None,None,None,None,None,None,None,167,Church-Wellesley,75,Church-Yonge Corridor (75),D51
7726,1277349,2011-12-04,1620,CHURCH ST,GLOUCESTER ST,None,Minor Arterial,Toronto and East York,At Intersection,No Control,Clear,Daylight,Dry,Non-Fatal Injury,Pedestrian Collisions,Pedestrian,75 to 79,Major,None,East,Other,None,None,None,Vehicle is going straight thru inter.while ped cross without ROW,"Crossing, no Traffic Control",Unknown,None,None,None,Yes,None,Yes,None,None,None,None,None,None,None,None,None,None,167,Church-Wellesley,75,Church-Yonge Corridor (75),D51