_id,ACCNUM,DATE,TIME,STREET1,STREET2,OFFSET,ROAD_CLASS,DISTRICT,ACCLOC,TRAFFCTL,VISIBILITY,LIGHT,RDSFCOND,ACCLASS,IMPACTYPE,INVTYPE,INVAGE,INJURY,FATAL_NO,INITDIR,VEHTYPE,MANOEUVER,DRIVACT,DRIVCOND,PEDTYPE,PEDACT,PEDCOND,CYCLISTYPE,CYCACT,CYCCOND,PEDESTRIAN,CYCLIST,AUTOMOBILE,MOTORCYCLE,TRUCK,TRSN_CITY_VEH,EMERG_VEH,PASSENGER,SPEEDING,AG_DRIV,REDLIGHT,ALCOHOL,DISABILITY,HOOD_158,NEIGHBOURHOOD_158,HOOD_140,NEIGHBOURHOOD_140,DIVISION
8629,1318799,2012-08-27,1558,OAKWOOD AVE,CONWAY AVE,None,Minor Arterial,Toronto and East York,None,Pedestrian Crossover,Clear,Daylight,Dry,Non-Fatal Injury,Pedestrian Collisions,Driver,40 to 44,None,None,South,"Automobile, Station Wagon",Going Ahead,Disobeyed Traffic Control,Normal,None,None,None,None,None,None,Yes,None,Yes,None,None,None,None,None,None,Yes,None,None,None,107,Oakwood Village,107,Oakwood Village (107),D13
8630,1318799,2012-08-27,1558,OAKWOOD AVE,CONWAY AVE,None,Minor Arterial,Toronto and East York,None,Pedestrian Crossover,Clear,Daylight,Dry,Non-Fatal Injury,Pedestrian Collisions,Pedestrian,50 to 54,Major,None,East,Other,None,None,None,Pedestrian hit a PXO/ped. Mid-block signal,"Crossing, Pedestrian Crossover",Normal,None,None,None,Yes,None,Yes,None,None,None,None,None,None,Yes,None,None,None,107,Oakwood Village,107,Oakwood Village (107),D13
8631,1319075,2012-08-28,1404,VICTORIA PARK AVE,SOUTHMEAD RD,None,Major Arterial,North York,None,No Control,Clear,Daylight,Dry,Non-Fatal Injury,Other,Passenger,85 to 89,Major,None,None,Other,None,None,None,None,None,None,None,None,None,None,None,None,None,None,Yes,None,Yes,None,None,None,None,None,43,Victoria Village,43,Victoria Village (43),D55
8632,1319075,2012-08-28,1404,VICTORIA PARK AVE,SOUTHMEAD RD,None,Major Arterial,North York,None,No Control,Clear,Daylight,Dry,Non-Fatal Injury,Other,Vehicle Owner,unknown,None,None,None,Other,None,None,None,None,None,None,None,None,None,None,None,None,None,None,Yes,None,Yes,None,None,None,None,None,43,Victoria Village,43,Victoria Village (43),D55
8633,1319075,2012-08-28,1404,VICTORIA PARK AVE,SOUTHMEAD RD,None,Major Arterial,North York,None,No Control,Clear,Daylight,Dry,Non-Fatal Injury,Other,Driver,35 to 39,None,None,South,Municipal Transit Bus (TTC),Slowing or Stopping,Driving Properly,Unknown,None,None,None,None,None,None,None,None,None,None,None,Yes,None,Yes,None,None,None,None,None,43,Victoria Village,43,Victoria Village (43),D55
8634,1319211,2012-08-29,112,YORKSHIRE RD,IONVIEW RD,None,Local,Scarborough,At Intersection,Stop Sign,Clear,"Dark, artificial",Dry,Non-Fatal Injury,SMV Other,Passenger,25 to 29,Major,None,None,Other,None,None,None,None,None,None,None,None,None,None,None,Yes,None,None,None,None,Yes,None,None,None,None,None,125,Ionview,125,Ionview (125),D41
8635,1319211,2012-08-29,112,YORKSHIRE RD,IONVIEW RD,None,Local,Scarborough,At Intersection,Stop Sign,Clear,"Dark, artificial",Dry,Non-Fatal Injury,SMV Other,Vehicle Owner,unknown,None,None,None,Other,None,None,None,None,None,None,None,None,None,None,None,Yes,None,None,None,None,Yes,None,None,None,None,None,125,Ionview,125,Ionview (125),D41
8636,1319211,2012-08-29,112,YORKSHIRE RD,IONVIEW RD,None,Local,Scarborough,At Intersection,Stop Sign,Clear,"Dark, artificial",Dry,Non-Fatal Injury,SMV Other,Driver,25 to 29,Minimal,None,North,"Automobile, Station Wagon",Going Ahead,Lost control,Unknown,None,None,None,None,None,None,None,None,Yes,None,None,None,None,Yes,None,None,None,None,None,125,Ionview,125,Ionview (125),D41
8637,1319211,2012-08-29,112,YORKSHIRE RD,IONVIEW RD,None,Local,Scarborough,At Intersection,Stop Sign,Clear,"Dark, artificial",Dry,Non-Fatal Injury,SMV Other,Other Property Owner,unknown,None,None,None,Other,None,None,None,None,None,None,None,None,None,None,None,Yes,None,None,None,None,Yes,None,None,None,None,None,125,Ionview,125,Ionview (125),D41
8638,1319184,2012-08-29,840,STEELES AVE E,KELVIN GROVE AVE,None,Major Arterial,Scarborough,At Intersection,Traffic Signal,Clear,Daylight,Dry,Non-Fatal Injury,Pedestrian Collisions,Driver,45 to 49,None,None,South,"Automobile, Station Wagon",Turning Left,Failed to Yield Right of Way,Inattentive,None,None,None,None,None,None,Yes,None,Yes,None,None,None,None,None,None,Yes,None,None,None,116,Steeles,116,Steeles (116),D42
8639,1319184,2012-08-29,840,STEELES AVE E,KELVIN GROVE AVE,None,Major Arterial,Scarborough,At Intersection,Traffic Signal,Clear,Daylight,Dry,Non-Fatal Injury,Pedestrian Collisions,Pedestrian,55 to 59,Major,None,North,Other,None,None,None,Vehicle turns left while ped crosses with ROW at inter.,Crossing with right of way,Normal,None,None,None,Yes,None,Yes,None,None,None,None,None,None,Yes,None,None,None,116,Steeles,116,Steeles (116),D42
8640,1319292,2012-08-30,952,BATHURST ST,ADELAIDE ST W,None,Major Arterial,Toronto and East York,At Intersection,Traffic Signal,Clear,Daylight,Dry,Non-Fatal Injury,Pedestrian Collisions,Vehicle Owner,unknown,None,None,None,Other,None,None,None,None,None,None,None,None,None,Yes,None,None,None,Yes,None,None,None,None,None,None,None,None,164,Wellington Place,77,Waterfront Communities-The Island (77),D14
8641,1319292,2012-08-30,952,BATHURST ST,ADELAIDE ST W,None,Major Arterial,Toronto and East York,At Intersection,Traffic Signal,Clear,Daylight,Dry,Non-Fatal Injury,Pedestrian Collisions,Truck Driver,45 to 49,None,None,South,Truck - Open,Turning Left,Improper Turn,Normal,None,None,None,None,None,None,Yes,None,None,None,Yes,None,None,None,None,None,None,None,None,164,Wellington Place,77,Waterfront Communities-The Island (77),D14
8642,1319292,2012-08-30,952,BATHURST ST,ADELAIDE ST W,None,Major Arterial,Toronto and East York,At Intersection,Traffic Signal,Clear,Daylight,Dry,Non-Fatal Injury,Pedestrian Collisions,Pedestrian,50 to 54,Major,None,South,Other,None,None,None,Vehicle turns left while ped crosses with ROW at inter.,Crossing with right of way,Normal,None,None,None,Yes,None,None,None,Yes,None,None,None,None,None,None,None,None,164,Wellington Place,77,Waterfront Communities-The Island (77),D14
8643,1312366,2012-08-30,1019,RATHBURN RD,THE EAST MALL,None,Minor Arterial,Etobicoke York,At Intersection,Traffic Signal,Clear,Daylight,Other,Non-Fatal Injury,Pedestrian Collisions,Driver,55 to 59,None,None,South,"Automobile, Station Wagon",Turning Left,Failed to Yield Right of Way,Normal,None,None,None,None,None,None,Yes,None,Yes,None,None,None,None,None,None,Yes,None,None,None,11,Eringate-Centennial-West Deane,11,Eringate-Centennial-West Deane (11),D22
8644,1312366,2012-08-30,1019,RATHBURN RD,THE EAST MALL,None,Minor Arterial,Etobicoke York,At Intersection,Traffic Signal,Clear,Daylight,Other,Non-Fatal Injury,Pedestrian Collisions,Pedestrian,85 to 89,Major,None,North,Other,None,None,None,Vehicle turns left while ped crosses with ROW at inter.,Crossing with right of way,Normal,None,None,None,Yes,None,Yes,None,None,None,None,None,None,Yes,None,None,None,11,Eringate-Centennial-West Deane,11,Eringate-Centennial-West Deane (11),D22
8645,1319338,2012-08-30,1630,DUNDAS ST W,HOWARD PARK AVE,None,Minor Arterial,Toronto and East York,At Intersection,Traffic Signal,Clear,Daylight,Dry,Non-Fatal Injury,Cyclist Collisions,Driver,65 to 69,None,None,West,"Automobile, Station Wagon",Going Ahead,Driving Properly,Normal,None,None,None,None,None,None,None,Yes,Yes,None,None,None,None,None,None,None,None,None,None,86,Roncesvalles,86,Roncesvalles (86),D11
8646,1319338,2012-08-30,1630,DUNDAS ST W,HOWARD PARK AVE,None,Minor Arterial,Toronto and East York,At Intersection,Traffic Signal,Clear,Daylight,Dry,Non-Fatal Injury,Cyclist Collisions,Cyclist,15 to 19,Major,None,East,Bicycle,Turning Left,None,None,None,None,None,Cyclist turned left across motorists path.,Improper Turn,Normal,None,Yes,Yes,None,None,None,None,None,None,None,None,None,None,86,Roncesvalles,86,Roncesvalles (86),D11
8647,1319386,2012-08-31,1640,ST CLAIR AVE E,WARDEN AVE,None,Major Arterial,Scarborough,At Intersection,Traffic Signal,Clear,Daylight,Dry,Non-Fatal Injury,Turning Movement,Driver,45 to 49,None,None,South,"Automobile, Station Wagon",Stopped,Driving Properly,Normal,None,None,None,None,None,None,None,None,Yes,None,None,None,None,Yes,None,Yes,Yes,None,None,120,Clairlea-Birchmount,120,Clairlea-Birchmount (120),D41
8648,1319386,2012-08-31,1640,ST CLAIR AVE E,WARDEN AVE,None,Major Arterial,Scarborough,At Intersection,Traffic Signal,Clear,Daylight,Dry,Non-Fatal Injury,Turning Movement,Passenger,65 to 69,Major,None,None,Other,None,None,None,None,None,None,None,None,None,None,None,Yes,None,None,None,None,Yes,None,Yes,Yes,None,None,120,Clairlea-Birchmount,120,Clairlea-Birchmount (120),D41
8649,1319386,2012-08-31,1640,ST CLAIR AVE E,WARDEN AVE,None,Major Arterial,Scarborough,At Intersection,Traffic Signal,Clear,Daylight,Dry,Non-Fatal Injury,Turning Movement,Driver,15 to 19,Minimal,None,East,"Automobile, Station Wagon",Turning Left,Driving Properly,Normal,None,None,None,None,None,None,None,None,Yes,None,None,None,None,Yes,None,Yes,Yes,None,None,120,Clairlea-Birchmount,120,Clairlea-Birchmount (120),D41
8650,1319386,2012-08-31,1640,ST CLAIR AVE E,WARDEN AVE,None,Major Arterial,Scarborough,At Intersection,Traffic Signal,Clear,Daylight,Dry,Non-Fatal Injury,Turning Movement,Driver,40 to 44,Minor,None,West,"Automobile, Station Wagon",Going Ahead,Disobeyed Traffic Control,Normal,None,None,None,None,None,None,None,None,Yes,None,None,None,None,Yes,None,Yes,Yes,None,None,120,Clairlea-Birchmount,120,Clairlea-Birchmount (120),D41
8651,1319682,2012-09-01,36,PAPE AVE,COSBURN AVE,None,Major Arterial,Toronto and East York,At Intersection,Traffic Signal,Clear,"Dark, artificial",Dry,Non-Fatal Injury,Pedestrian Collisions,Driver,20 to 24,None,None,North,"Automobile, Station Wagon",Going Ahead,Failed to Yield Right of Way,"Ability Impaired, Alcohol",None,None,None,None,None,None,Yes,None,Yes,None,None,None,None,None,None,Yes,None,Yes,None,58,Old East York,58,Old East York (58),D55
8652,1319682,2012-09-01,36,PAPE AVE,COSBURN AVE,None,Major Arterial,Toronto and East York,At Intersection,Traffic Signal,Clear,"Dark, artificial",Dry,Non-Fatal Injury,Pedestrian Collisions,Pedestrian,25 to 29,Major,None,North,Other,None,None,None,Vehicle is going straight thru inter.while ped cross with ROW,Crossing with right of way,Had Been Drinking,None,None,None,Yes,None,Yes,None,None,None,None,None,None,Yes,None,Yes,None,58,Old East York,58,Old East York (58),D55
8653,1319679,2012-09-01,320,DANFORTH Ave,PAPE Ave,None,Major Arterial,Toronto and East York,At Intersection,Traffic Signal,Clear,Dark,Dry,Non-Fatal Injury,Pedestrian Collisions,Driver,20 to 24,None,None,West,"Automobile, Station Wagon",Going Ahead,Driving Properly,Normal,None,None,None,None,None,None,Yes,None,Yes,None,None,None,None,None,None,None,None,None,None,69,Blake-Jones,69,Blake-Jones (69),D55
8654,1319679,2012-09-01,320,DANFORTH Ave,PAPE Ave,None,Major Arterial,Toronto and East York,At Intersection,Traffic Signal,Clear,Dark,Dry,Non-Fatal Injury,Pedestrian Collisions,Pedestrian,20 to 24,Major,None,North,Other,None,None,None,Vehicle is going straight thru inter.while ped cross without ROW,Crossing without right of way,Had Been Drinking,None,None,None,Yes,None,Yes,None,None,None,None,None,None,None,None,None,None,69,Blake-Jones,69,Blake-Jones (69),D55
8655,1319584,2012-09-02,115,COLLEGE ST,LIPPINCOTT ST,None,Major Arterial,Toronto and East York,At Intersection,No Control,Clear,"Dark, artificial",Dry,Non-Fatal Injury,Cyclist Collisions,Vehicle Owner,unknown,None,None,None,None,None,None,None,None,None,None,None,None,None,None,Yes,Yes,None,None,None,None,None,None,None,None,None,None,78,Kensington-Chinatown,78,Kensington-Chinatown (78),D14
8656,1319584,2012-09-02,115,COLLEGE ST,LIPPINCOTT ST,None,Major Arterial,Toronto and East York,At Intersection,No Control,Clear,"Dark, artificial",Dry,Non-Fatal Injury,Cyclist Collisions,Driver,55 to 59,None,None,West,"Automobile, Station Wagon",Making U Turn,Improper Turn,Inattentive,None,None,None,None,None,None,None,Yes,Yes,None,None,None,None,None,None,None,None,None,None,78,Kensington-Chinatown,78,Kensington-Chinatown (78),D14
8657,1319584,2012-09-02,115,COLLEGE ST,LIPPINCOTT ST,None,Major Arterial,Toronto and East York,At Intersection,No Control,Clear,"Dark, artificial",Dry,Non-Fatal Injury,Cyclist Collisions,Cyclist,20 to 24,Major,None,West,Bicycle,Overtaking,None,None,None,None,None,Motorist makes u-turn in-front of cyclist.,Driving Properly,Normal,None,Yes,Yes,None,None,None,None,None,None,None,None,None,None,78,Kensington-Chinatown,78,Kensington-Chinatown (78),D14
8658,1319643,2012-09-02,1855,WESTON RD,GLENVALLEY DR,None,Minor Arterial,Etobicoke York,At Intersection,Stop Sign,Clear,Daylight,Dry,Non-Fatal Injury,Cyclist Collisions,Driver,45 to 49,None,None,North,"Automobile, Station Wagon",Turning Left,Failed to Yield Right of Way,Inattentive,None,None,None,None,None,None,None,Yes,Yes,None,None,None,None,None,None,Yes,None,None,None,115,Mount Dennis,115,Mount Dennis (115),D12
8659,1319643,2012-09-02,1855,WESTON RD,GLENVALLEY DR,None,Minor Arterial,Etobicoke York,At Intersection,Stop Sign,Clear,Daylight,Dry,Non-Fatal Injury,Cyclist Collisions,Cyclist,45 to 49,Major,None,South,Bicycle,Going Ahead,None,None,None,None,None,Motorist turned left across cyclists path.,Driving Properly,Normal,None,Yes,Yes,None,None,None,None,None,None,Yes,None,None,None,115,Mount Dennis,115,Mount Dennis (115),D12
8660,1316598,2012-09-03,1755,PINE ST,WILLIAM ST,None,Collector,Etobicoke York,None,Stop Sign,Clear,Daylight,Dry,Non-Fatal Injury,Pedestrian Collisions,Motorcycle Driver,unknown,None,None,South,Motorcycle,Going Ahead,Lost control,Unknown,None,None,None,None,None,None,Yes,None,None,Yes,None,None,None,None,None,None,None,None,None,113,Weston,113,Weston (113),D12
8661,1316598,2012-09-03,1755,PINE ST,WILLIAM ST,None,Collector,Etobicoke York,None,Stop Sign,Clear,Daylight,Dry,Non-Fatal Injury,Pedestrian Collisions,Pedestrian,60 to 64,Major,None,Unknown,Other,None,None,None,Other / Undefined,Other,Normal,None,None,None,Yes,None,None,Yes,None,None,None,None,None,None,None,None,None,113,Weston,113,Weston (113),D12
8662,1313400,2012-09-05,1615,KENNETH AVE,PEMBERTON AVE,None,Local,North York,None,No Control,Clear,Daylight,Dry,Non-Fatal Injury,Pedestrian Collisions,Driver,65 to 69,None,None,North,"Automobile, Station Wagon",Going Ahead,Failed to Yield Right of Way,Normal,None,None,None,None,None,None,Yes,None,Yes,None,None,None,None,None,None,Yes,None,None,None,50,Newtonbrook East,50,Newtonbrook East (50),D32
8663,1313400,2012-09-05,1615,KENNETH AVE,PEMBERTON AVE,None,Local,North York,None,No Control,Clear,Daylight,Dry,Non-Fatal Injury,Pedestrian Collisions,Pedestrian,0 to 4,Major,None,East,Other,None,None,None,Vehicle is going straight thru inter.while ped cross with ROW,Crossing with right of way,Other,None,None,None,Yes,None,Yes,None,None,None,None,None,None,Yes,None,None,None,50,Newtonbrook East,50,Newtonbrook East (50),D32
8664,1320057,2012-09-06,615,KENNEDY RD,FOXRIDGE DR,None,Major Arterial,Scarborough,At Intersection,No Control,Clear,"Daylight, artificial",Dry,Non-Fatal Injury,Cyclist Collisions,Driver,50 to 54,None,None,North,"Automobile, Station Wagon",Turning Left,Failed to Yield Right of Way,Normal,None,None,None,None,None,None,None,Yes,Yes,None,None,None,None,None,None,Yes,None,None,None,124,Kennedy Park,124,Kennedy Park (124),D41
8665,1320057,2012-09-06,615,KENNEDY RD,FOXRIDGE DR,None,Major Arterial,Scarborough,At Intersection,No Control,Clear,"Daylight, artificial",Dry,Non-Fatal Injury,Cyclist Collisions,Cyclist,35 to 39,Major,None,South,Bicycle,Going Ahead,None,None,None,None,None,Motorist turned left across cyclists path.,Driving Properly,Normal,None,Yes,Yes,None,None,None,None,None,None,Yes,None,None,None,124,Kennedy Park,124,Kennedy Park (124),D41
8666,1316027,2012-09-06,1440,KING ST E,VICTORIA ST,None,Major Arterial,Toronto and East York,At Intersection,No Control,Clear,Daylight,Dry,Non-Fatal Injury,Cyclist Collisions,Vehicle Owner,unknown,None,None,None,Other,None,None,None,None,None,None,None,None,None,None,Yes,Yes,None,None,None,None,None,None,Yes,None,None,None,168,Downtown Yonge East,75,Church-Yonge Corridor (75),D51
8667,1316027,2012-09-06,1440,KING ST E,VICTORIA ST,None,Major Arterial,Toronto and East York,At Intersection,No Control,Clear,Daylight,Dry,Non-Fatal Injury,Cyclist Collisions,Driver,60 to 64,None,None,East,"Automobile, Station Wagon",Turning Left,Failed to Yield Right of Way,Unknown,None,None,None,None,None,None,None,Yes,Yes,None,None,None,None,None,None,Yes,None,None,None,168,Downtown Yonge East,75,Church-Yonge Corridor (75),D51
8668,1316027,2012-09-06,1440,KING ST E,VICTORIA ST,None,Major Arterial,Toronto and East York,At Intersection,No Control,Clear,Daylight,Dry,Non-Fatal Injury,Cyclist Collisions,Cyclist,20 to 24,Major,None,West,Bicycle,Going Ahead,None,None,None,None,None,Motorist turned left across cyclists path.,Driving Properly,Normal,None,Yes,Yes,None,None,None,None,None,None,Yes,None,None,None,168,Downtown Yonge East,75,Church-Yonge Corridor (75),D51
8669,1313728,2012-09-07,525,ROYAL YORK RD,EVANS AVE,None,Minor Arterial,Etobicoke York,At Intersection,Traffic Signal,Clear,"Dark, artificial",Dry,Non-Fatal Injury,Turning Movement,Motorcycle Driver,55 to 59,Major,None,South,Motorcycle,Going Ahead,Other,Unknown,None,None,None,None,None,None,None,None,Yes,Yes,None,None,None,None,None,Yes,None,None,None,160,Mimico-Queensway,17,Mimico (includes Humber Bay Shores) (17),D22
8670,1313728,2012-09-07,525,ROYAL YORK RD,EVANS AVE,None,Minor Arterial,Etobicoke York,At Intersection,Traffic Signal,Clear,"Dark, artificial",Dry,Non-Fatal Injury,Turning Movement,Vehicle Owner,unknown,None,None,None,Other,None,None,None,None,None,None,None,None,None,None,None,Yes,Yes,None,None,None,None,None,Yes,None,None,None,160,Mimico-Queensway,17,Mimico (includes Humber Bay Shores) (17),D22
8671,1313728,2012-09-07,525,ROYAL YORK RD,EVANS AVE,None,Minor Arterial,Etobicoke York,At Intersection,Traffic Signal,Clear,"Dark, artificial",Dry,Non-Fatal Injury,Turning Movement,Driver,55 to 59,None,None,North,"Automobile, Station Wagon",Turning Left,Failed to Yield Right of Way,Inattentive,None,None,None,None,None,None,None,None,Yes,Yes,None,None,None,None,None,Yes,None,None,None,160,Mimico-Queensway,17,Mimico (includes Humber Bay Shores) (17),D22
8672,1322166,2012-09-07,2040,BYNG AVE,DORIS AVE,None,Minor Arterial,North York,None,Traffic Signal,Clear,"Dark, artificial",Dry,Non-Fatal Injury,Pedestrian Collisions,Vehicle Owner,unknown,None,None,None,Other,None,None,None,None,None,None,None,None,None,Yes,None,Yes,None,None,None,None,None,None,Yes,None,None,None,151,Yonge-Doris,51,Willowdale East (51),D32
8673,1322166,2012-09-07,2040,BYNG AVE,DORIS AVE,None,Minor Arterial,North York,None,Traffic Signal,Clear,"Dark, artificial",Dry,Non-Fatal Injury,Pedestrian Collisions,Driver,60 to 64,None,None,East,"Automobile, Station Wagon",Turning Left,Failed to Yield Right of Way,Normal,None,None,None,None,None,None,Yes,None,Yes,None,None,None,None,None,None,Yes,None,None,None,151,Yonge-Doris,51,Willowdale East (51),D32
8674,1322166,2012-09-07,2040,BYNG AVE,DORIS AVE,None,Minor Arterial,North York,None,Traffic Signal,Clear,"Dark, artificial",Dry,Non-Fatal Injury,Pedestrian Collisions,Pedestrian,55 to 59,Major,None,East,Other,None,None,None,Vehicle turns left while ped crosses with ROW at inter.,Crossing with right of way,Normal,None,None,None,Yes,None,Yes,None,None,None,None,None,None,Yes,None,None,None,151,Yonge-Doris,51,Willowdale East (51),D32
8675,1320320,2012-09-08,1345,BRAHMS AVE,CRESTHAVEN DR,None,Collector,North York,None,No Control,Rain,Daylight,Wet,Non-Fatal Injury,Pedestrian Collisions,Pedestrian,25 to 29,Major,None,Unknown,Other,None,None,None,Pedestrian hit at mid-block,Other,None,None,None,None,Yes,None,Yes,None,None,None,None,None,None,None,None,None,None,48,Hillcrest Village,48,Hillcrest Village (48),D33
8676,1320320,2012-09-08,1345,BRAHMS AVE,CRESTHAVEN DR,None,Collector,North York,None,No Control,Rain,Daylight,Wet,Non-Fatal Injury,Pedestrian Collisions,Driver,25 to 29,None,None,North,"Automobile, Station Wagon",Going Ahead,Other,Normal,None,None,None,None,None,None,Yes,None,Yes,None,None,None,None,None,None,None,None,None,None,48,Hillcrest Village,48,Hillcrest Village (48),D33
8677,1320520,2012-09-09,1438,1265 WILSON AVE,None,None,Major Arterial,North York,None,No Control,Clear,Daylight,Dry,Non-Fatal Injury,Turning Movement,Motorcycle Driver,35 to 39,Major,None,North,Motorcycle,Turning Left,Failed to Yield Right of Way,Unknown,None,None,None,None,None,None,None,None,Yes,Yes,None,None,None,Yes,None,Yes,None,None,None,154,Oakdale-Beverley Heights,26,Downsview-Roding-CFB (26),D31
8678,1320520,2012-09-09,1438,1265 WILSON AVE,None,None,Major Arterial,North York,None,No Control,Clear,Daylight,Dry,Non-Fatal Injury,Turning Movement,Passenger,20 to 24,Minimal,None,None,Other,None,None,None,None,None,None,None,None,None,None,None,Yes,Yes,None,None,None,Yes,None,Yes,None,None,None,154,Oakdale-Beverley Heights,26,Downsview-Roding-CFB (26),D31
8679,1320520,2012-09-09,1438,1265 WILSON AVE,None,None,Major Arterial,North York,None,No Control,Clear,Daylight,Dry,Non-Fatal Injury,Turning Movement,Driver,40 to 44,Minimal,None,East,"Automobile, Station Wagon",Going Ahead,Driving Properly,Normal,None,None,None,None,None,None,None,None,Yes,Yes,None,None,None,Yes,None,Yes,None,None,None,154,Oakdale-Beverley Heights,26,Downsview-Roding-CFB (26),D31
8680,1320459,2012-09-09,2225,YONGE ST,COLLEGE ST,None,Major Arterial,Toronto and East York,At Intersection,Traffic Signal,Clear,"Dark, artificial",Dry,Non-Fatal Injury,Pedestrian Collisions,Vehicle Owner,unknown,None,None,None,Other,None,None,None,None,None,None,None,None,None,Yes,None,Yes,None,None,None,None,None,None,Yes,None,None,None,168,Downtown Yonge East,75,Church-Yonge Corridor (75),D51
8681,1320459,2012-09-09,2225,YONGE ST,COLLEGE ST,None,Major Arterial,Toronto and East York,At Intersection,Traffic Signal,Clear,"Dark, artificial",Dry,Non-Fatal Injury,Pedestrian Collisions,Driver,45 to 49,None,None,South,"Automobile, Station Wagon",Turning Right,Failed to Yield Right of Way,Inattentive,None,None,None,None,None,None,Yes,None,Yes,None,None,None,None,None,None,Yes,None,None,None,168,Downtown Yonge East,75,Church-Yonge Corridor (75),D51
8682,1320459,2012-09-09,2225,YONGE ST,COLLEGE ST,None,Major Arterial,Toronto and East York,At Intersection,Traffic Signal,Clear,"Dark, artificial",Dry,Non-Fatal Injury,Pedestrian Collisions,Pedestrian,60 to 64,Major,None,East,Other,None,None,None,Vehicle turns right while ped crosses with ROW at inter.,Crossing with right of way,Normal,None,None,None,Yes,None,Yes,None,None,None,None,None,None,Yes,None,None,None,168,Downtown Yonge East,75,Church-Yonge Corridor (75),D51
8683,1316023,2012-09-10,915,ALBION RD,FINCH AVE W,None,Major Arterial,Etobicoke York,At Intersection,Traffic Signal,Clear,Daylight,Dry,Non-Fatal Injury,Rear End,Driver,45 to 49,Major,None,East,"Automobile, Station Wagon",Stopped,Driving Properly,Normal,None,None,None,None,None,None,None,None,Yes,None,None,None,None,None,None,Yes,None,None,None,2,Mount Olive-Silverstone-Jamestown,2,Mount Olive-Silverstone-Jamestown (2),D23
8684,1316023,2012-09-10,915,ALBION RD,FINCH AVE W,None,Major Arterial,Etobicoke York,At Intersection,Traffic Signal,Clear,Daylight,Dry,Non-Fatal Injury,Rear End,Driver,unknown,None,None,East,"Automobile, Station Wagon",Going Ahead,Following too Close,Unknown,None,None,None,None,None,None,None,None,Yes,None,None,None,None,None,None,Yes,None,None,None,2,Mount Olive-Silverstone-Jamestown,2,Mount Olive-Silverstone-Jamestown (2),D23
8685,1314089,2012-09-10,943,3133 BAYVIEW AVE,BYNG AVE,None,Major Arterial,North York,None,No Control,Clear,Daylight,Dry,Fatal,Pedestrian Collisions,Vehicle Owner,unknown,None,None,None,Other,None,None,None,None,None,None,None,None,None,Yes,None,Yes,None,None,None,None,None,None,Yes,None,None,None,52,Bayview Village,52,Bayview Village (52),D33
8686,1314089,2012-09-10,943,3133 BAYVIEW AVE,BYNG AVE,None,Major Arterial,North York,None,No Control,Clear,Daylight,Dry,Fatal,Pedestrian Collisions,Driver,50 to 54,None,None,West,"Automobile, Station Wagon",Turning Right,Failed to Yield Right of Way,Inattentive,None,None,None,None,None,None,Yes,None,Yes,None,None,None,None,None,None,Yes,None,None,None,52,Bayview Village,52,Bayview Village (52),D33
8687,1314089,2012-09-10,943,3133 BAYVIEW AVE,BYNG AVE,None,Major Arterial,North York,None,No Control,Clear,Daylight,Dry,Fatal,Pedestrian Collisions,Pedestrian,75 to 79,Fatal,29,West,Other,None,None,None,Pedestrian hit at mid-block,Walking on Roadway Against Traffic,Normal,None,None,None,Yes,None,Yes,None,None,None,None,None,None,Yes,None,None,None,52,Bayview Village,52,Bayview Village (52),D33
8688,1320431,2012-09-10,1825,DANFORTH Road,HUNTINGTON Aven,None,Major Arterial,Scarborough,None,No Control,Clear,Daylight,Dry,Non-Fatal Injury,Rear End,Motorcycle Driver,50 to 54,Major,None,South,Motorcycle,Going Ahead,Driving Properly,Normal,None,None,None,None,None,None,None,None,Yes,Yes,None,None,None,None,None,Yes,None,None,None,124,Kennedy Park,124,Kennedy Park (124),D41
8689,1320431,2012-09-10,1825,DANFORTH Road,HUNTINGTON Aven,None,Major Arterial,Scarborough,None,No Control,Clear,Daylight,Dry,Non-Fatal Injury,Rear End,Driver,55 to 59,Minor,None,East,"Automobile, Station Wagon",Turning Right,Failed to Yield Right of Way,Normal,None,None,None,None,None,None,None,None,Yes,Yes,None,None,None,None,None,Yes,None,None,None,124,Kennedy Park,124,Kennedy Park (124),D41
8690,1314296,2012-09-11,840,GLENGROVE AVE,MARLEE AVE,None,Minor Arterial,North York,At Intersection,Stop Sign,Clear,Daylight,Dry,Fatal,Angle,Motorcycle Driver,20 to 24,Fatal,30,North,Motorcycle,Going Ahead,Speed too Fast For Condition,Normal,None,None,None,None,None,None,None,None,Yes,Yes,None,None,None,None,Yes,Yes,None,None,None,31,Yorkdale-Glen Park,31,Yorkdale-Glen Park (31),D13
8691,1314296,2012-09-11,840,GLENGROVE AVE,MARLEE AVE,None,Minor Arterial,North York,At Intersection,Stop Sign,Clear,Daylight,Dry,Fatal,Angle,Vehicle Owner,unknown,None,None,None,Other,None,None,None,None,None,None,None,None,None,None,None,Yes,Yes,None,None,None,None,Yes,Yes,None,None,None,31,Yorkdale-Glen Park,31,Yorkdale-Glen Park (31),D13
8692,1314296,2012-09-11,840,GLENGROVE AVE,MARLEE AVE,None,Minor Arterial,North York,At Intersection,Stop Sign,Clear,Daylight,Dry,Fatal,Angle,Driver,45 to 49,None,None,West,"Automobile, Station Wagon",Going Ahead,Failed to Yield Right of Way,Normal,None,None,None,None,None,None,None,None,Yes,Yes,None,None,None,None,Yes,Yes,None,None,None,31,Yorkdale-Glen Park,31,Yorkdale-Glen Park (31),D13