_id,ACCNUM,DATE,TIME,STREET1,STREET2,OFFSET,ROAD_CLASS,DISTRICT,ACCLOC,TRAFFCTL,VISIBILITY,LIGHT,RDSFCOND,ACCLASS,IMPACTYPE,INVTYPE,INVAGE,INJURY,FATAL_NO,INITDIR,VEHTYPE,MANOEUVER,DRIVACT,DRIVCOND,PEDTYPE,PEDACT,PEDCOND,CYCLISTYPE,CYCACT,CYCCOND,PEDESTRIAN,CYCLIST,AUTOMOBILE,MOTORCYCLE,TRUCK,TRSN_CITY_VEH,EMERG_VEH,PASSENGER,SPEEDING,AG_DRIV,REDLIGHT,ALCOHOL,DISABILITY,HOOD_158,NEIGHBOURHOOD_158,HOOD_140,NEIGHBOURHOOD_140,DIVISION
8757,1323889,2012-09-25,1110,KING Stre W,BAY Stre,None,Major Arterial,Toronto and East York,None,No Control,Clear,Daylight,Dry,Non-Fatal Injury,Cyclist Collisions,Cyclist,50 to 54,Major,None,East,Bicycle,Going Ahead,None,None,None,None,None,Cyclist struck opened vehicle door,Driving Properly,Normal,None,Yes,Yes,None,None,None,None,None,None,Yes,None,None,None,170,Yonge-Bay Corridor,76,Bay Street Corridor (76),D52
8758,1324043,2012-09-27,2055,RICHMOND St W,PETER St,None,Major Arterial,Toronto and East York,At Intersection,Traffic Signal,Clear,"Dark, artificial",Dry,Non-Fatal Injury,Cyclist Collisions,Vehicle Owner,unknown,None,None,None,Other,None,None,None,None,None,None,None,None,None,None,Yes,Yes,None,None,None,None,None,None,None,None,None,None,164,Wellington Place,77,Waterfront Communities-The Island (77),D52
8759,1324043,2012-09-27,2055,RICHMOND St W,PETER St,None,Major Arterial,Toronto and East York,At Intersection,Traffic Signal,Clear,"Dark, artificial",Dry,Non-Fatal Injury,Cyclist Collisions,Driver,45 to 49,None,None,West,"Automobile, Station Wagon",Going Ahead,Driving Properly,Normal,None,None,None,None,None,None,None,Yes,Yes,None,None,None,None,None,None,None,None,None,None,164,Wellington Place,77,Waterfront Communities-The Island (77),D52
8760,1324043,2012-09-27,2055,RICHMOND St W,PETER St,None,Major Arterial,Toronto and East York,At Intersection,Traffic Signal,Clear,"Dark, artificial",Dry,Non-Fatal Injury,Cyclist Collisions,Cyclist,35 to 39,Major,None,South,Bicycle,Going Ahead,None,None,None,None,None,"Cyclist without ROW rides into path of motorist at inter, lnwy, dwy-Cyclist not turn.",Disobeyed Traffic Control,Inattentive,None,Yes,Yes,None,None,None,None,None,None,None,None,None,None,164,Wellington Place,77,Waterfront Communities-The Island (77),D52
8761,1324915,2012-09-28,953,JOHN ST,KING ST W,None,Major Arterial,Toronto and East York,At Intersection,Traffic Signal,Clear,Daylight,Dry,Non-Fatal Injury,Pedestrian Collisions,Vehicle Owner,unknown,None,None,None,Other,None,None,None,None,None,None,None,None,None,Yes,None,Yes,None,None,None,None,None,None,Yes,None,None,None,164,Wellington Place,77,Waterfront Communities-The Island (77),D52
8762,1324915,2012-09-28,953,JOHN ST,KING ST W,None,Major Arterial,Toronto and East York,At Intersection,Traffic Signal,Clear,Daylight,Dry,Non-Fatal Injury,Pedestrian Collisions,Driver,50 to 54,None,None,East,"Automobile, Station Wagon",Turning Left,Improper Passing,Unknown,None,None,None,None,None,None,Yes,None,Yes,None,None,None,None,None,None,Yes,None,None,None,164,Wellington Place,77,Waterfront Communities-The Island (77),D52
8763,1324915,2012-09-28,953,JOHN ST,KING ST W,None,Major Arterial,Toronto and East York,At Intersection,Traffic Signal,Clear,Daylight,Dry,Non-Fatal Injury,Pedestrian Collisions,Pedestrian,35 to 39,Major,None,West,Other,None,None,None,Vehicle turns left while ped crosses with ROW at inter.,Crossing with right of way,Normal,None,None,None,Yes,None,Yes,None,None,None,None,None,None,Yes,None,None,None,164,Wellington Place,77,Waterfront Communities-The Island (77),D52
8764,1324964,2012-09-28,1322,AVENUE RD,HILLHURST BLVD,None,Major Arterial,North York,None,No Control,Clear,Daylight,Dry,Non-Fatal Injury,Rear End,Vehicle Owner,unknown,None,None,None,None,None,None,None,None,None,None,None,None,None,None,Yes,Yes,None,None,None,None,None,None,Yes,None,None,None,103,Lawrence Park South,103,Lawrence Park South (103),D53
8765,1324964,2012-09-28,1322,AVENUE RD,HILLHURST BLVD,None,Major Arterial,North York,None,No Control,Clear,Daylight,Dry,Non-Fatal Injury,Rear End,Driver,20 to 24,None,None,North,"Automobile, Station Wagon",Going Ahead,Improper Passing,Normal,None,None,None,None,None,None,None,Yes,Yes,None,None,None,None,None,None,Yes,None,None,None,103,Lawrence Park South,103,Lawrence Park South (103),D53
8766,1324964,2012-09-28,1322,AVENUE RD,HILLHURST BLVD,None,Major Arterial,North York,None,No Control,Clear,Daylight,Dry,Non-Fatal Injury,Rear End,Moped Driver,25 to 29,Major,None,North,Moped,Going Ahead,None,None,None,None,None,None,None,None,None,Yes,Yes,None,None,None,None,None,None,Yes,None,None,None,103,Lawrence Park South,103,Lawrence Park South (103),D53
8767,1317668,2012-09-30,1044,EGLINTON Ave W,ALAMEDA Ave,None,Major Arterial,North York,None,No Control,Clear,Daylight,Dry,Non-Fatal Injury,Pedestrian Collisions,Driver,35 to 39,None,None,West,"Automobile, Station Wagon",Going Ahead,Driving Properly,Normal,None,None,None,None,None,None,Yes,None,Yes,None,None,None,None,None,None,None,None,None,None,107,Oakwood Village,107,Oakwood Village (107),D13
8768,1317668,2012-09-30,1044,EGLINTON Ave W,ALAMEDA Ave,None,Major Arterial,North York,None,No Control,Clear,Daylight,Dry,Non-Fatal Injury,Pedestrian Collisions,Pedestrian,20 to 24,Major,None,North,Other,None,None,None,Pedestrian hit at mid-block,"Crossing, no Traffic Control",Inattentive,None,None,None,Yes,None,Yes,None,None,None,None,None,None,None,None,None,None,107,Oakwood Village,107,Oakwood Village (107),D13
8769,1324885,2012-10-01,1000,DON MILLS RD,THE DONWAY  E,None,Major Arterial,North York,None,Traffic Signal,Clear,Daylight,Dry,Non-Fatal Injury,Pedestrian Collisions,Driver,60 to 64,Minor,None,North,"Automobile, Station Wagon",Going Ahead,Disobeyed Traffic Control,Normal,None,None,None,None,None,None,Yes,None,Yes,None,None,None,None,None,None,Yes,Yes,None,None,42,Banbury-Don Mills,42,Banbury-Don Mills (42),D33
8770,1324885,2012-10-01,1000,DON MILLS RD,THE DONWAY  E,None,Major Arterial,North York,None,Traffic Signal,Clear,Daylight,Dry,Non-Fatal Injury,Pedestrian Collisions,Driver,50 to 54,None,None,West,"Automobile, Station Wagon",Going Ahead,Driving Properly,Normal,None,None,None,None,None,None,Yes,None,Yes,None,None,None,None,None,None,Yes,Yes,None,None,42,Banbury-Don Mills,42,Banbury-Don Mills (42),D33
8771,1324885,2012-10-01,1000,DON MILLS RD,THE DONWAY  E,None,Major Arterial,North York,None,Traffic Signal,Clear,Daylight,Dry,Non-Fatal Injury,Pedestrian Collisions,Other Property Owner,unknown,None,None,None,Other,None,None,None,None,None,None,None,None,None,Yes,None,Yes,None,None,None,None,None,None,Yes,Yes,None,None,42,Banbury-Don Mills,42,Banbury-Don Mills (42),D33
8772,1324885,2012-10-01,1000,DON MILLS RD,THE DONWAY  E,None,Major Arterial,North York,None,Traffic Signal,Clear,Daylight,Dry,Non-Fatal Injury,Pedestrian Collisions,Pedestrian,85 to 89,Major,None,Unknown,Other,None,None,None,Pedestrian hit on sidewalk or shoulder,On Sidewalk or Shoulder,Normal,None,None,None,Yes,None,Yes,None,None,None,None,None,None,Yes,Yes,None,None,42,Banbury-Don Mills,42,Banbury-Don Mills (42),D33
8773,1317840,2012-10-01,1454,COSBURN AVE,CEDARVALE AVE,None,Collector,Toronto and East York,At Intersection,Pedestrian Crossover,Clear,Daylight,Dry,Non-Fatal Injury,Pedestrian Collisions,Driver,65 to 69,None,None,South,"Automobile, Station Wagon",Turning Left,Failed to Yield Right of Way,Inattentive,None,None,None,None,None,None,Yes,None,Yes,None,None,None,None,None,None,Yes,None,None,None,60,Woodbine-Lumsden,60,Woodbine-Lumsden (60),D55
8774,1317840,2012-10-01,1454,COSBURN AVE,CEDARVALE AVE,None,Collector,Toronto and East York,At Intersection,Pedestrian Crossover,Clear,Daylight,Dry,Non-Fatal Injury,Pedestrian Collisions,Pedestrian,75 to 79,Major,None,South,Other,None,None,None,Pedestrian hit a PXO/ped. Mid-block signal,"Crossing, Pedestrian Crossover",Normal,None,None,None,Yes,None,Yes,None,None,None,None,None,None,Yes,None,None,None,60,Woodbine-Lumsden,60,Woodbine-Lumsden (60),D55
8775,1324692,2012-10-02,1820,SHUTER Stre,CHURCH Stre,None,Minor Arterial,Toronto and East York,At Intersection,Traffic Signal,Clear,"Dark, artificial",Dry,Non-Fatal Injury,Cyclist Collisions,Driver,45 to 49,None,None,East,"Automobile, Station Wagon",Turning Right,Improper Turn,Normal,None,None,None,None,None,None,None,Yes,Yes,None,None,None,None,None,None,None,None,None,None,168,Downtown Yonge East,75,Church-Yonge Corridor (75),D51
8776,1324692,2012-10-02,1820,SHUTER Stre,CHURCH Stre,None,Minor Arterial,Toronto and East York,At Intersection,Traffic Signal,Clear,"Dark, artificial",Dry,Non-Fatal Injury,Cyclist Collisions,Cyclist,60 to 64,Major,None,East,Bicycle,Going Ahead,None,None,None,None,None,Motorist turning right on green or amber at signalized intersection strikes cyclist.,Driving Properly,Normal,None,Yes,Yes,None,None,None,None,None,None,None,None,None,None,168,Downtown Yonge East,75,Church-Yonge Corridor (75),D51
8777,1318227,2012-10-03,1440,2700 KINGSTON RD,None,None,Major Arterial,Scarborough,At Intersection,Traffic Signal,"Fog, Mist, Smoke, Dust",Daylight,Wet,Non-Fatal Injury,Pedestrian Collisions,Passenger,45 to 49,Minimal,None,None,Other,None,None,None,None,None,None,None,None,None,Yes,None,Yes,None,None,None,None,Yes,None,None,None,None,None,123,Cliffcrest,123,Cliffcrest (123),D41
8778,1318227,2012-10-03,1440,2700 KINGSTON RD,None,None,Major Arterial,Scarborough,At Intersection,Traffic Signal,"Fog, Mist, Smoke, Dust",Daylight,Wet,Non-Fatal Injury,Pedestrian Collisions,Vehicle Owner,unknown,None,None,None,Other,None,None,None,None,None,None,None,None,None,Yes,None,Yes,None,None,None,None,Yes,None,None,None,None,None,123,Cliffcrest,123,Cliffcrest (123),D41
8779,1318227,2012-10-03,1440,2700 KINGSTON RD,None,None,Major Arterial,Scarborough,At Intersection,Traffic Signal,"Fog, Mist, Smoke, Dust",Daylight,Wet,Non-Fatal Injury,Pedestrian Collisions,Driver,40 to 44,None,None,West,"Automobile, Station Wagon",Going Ahead,Driving Properly,Normal,None,None,None,None,None,None,Yes,None,Yes,None,None,None,None,Yes,None,None,None,None,None,123,Cliffcrest,123,Cliffcrest (123),D41
8780,1318227,2012-10-03,1440,2700 KINGSTON RD,None,None,Major Arterial,Scarborough,At Intersection,Traffic Signal,"Fog, Mist, Smoke, Dust",Daylight,Wet,Non-Fatal Injury,Pedestrian Collisions,Pedestrian,15 to 19,Major,None,North,Other,None,None,None,Vehicle is going straight thru inter.while ped cross without ROW,Crossing without right of way,Inattentive,None,None,None,Yes,None,Yes,None,None,None,None,Yes,None,None,None,None,None,123,Cliffcrest,123,Cliffcrest (123),D41
8781,1324973,2012-10-04,1748,AVENUE RD,MACPHERSON AVE,None,Major Arterial,Toronto and East York,None,No Control,Clear,Daylight,Dry,Non-Fatal Injury,Cyclist Collisions,Vehicle Owner,unknown,None,None,None,Other,None,None,None,None,None,None,None,None,None,None,Yes,None,None,Yes,None,None,None,None,Yes,None,None,None,95,Annex,95,Annex (95),D53
8782,1324973,2012-10-04,1748,AVENUE RD,MACPHERSON AVE,None,Major Arterial,Toronto and East York,None,No Control,Clear,Daylight,Dry,Non-Fatal Injury,Cyclist Collisions,Truck Driver,30 to 34,None,None,South,Truck - Open,Slowing or Stopping,Improper Passing,Normal,None,None,None,None,None,None,None,Yes,None,None,Yes,None,None,None,None,Yes,None,None,None,95,Annex,95,Annex (95),D53
8783,1324973,2012-10-04,1748,AVENUE RD,MACPHERSON AVE,None,Major Arterial,Toronto and East York,None,No Control,Clear,Daylight,Dry,Non-Fatal Injury,Cyclist Collisions,Cyclist,50 to 54,Major,None,South,Bicycle,Overtaking,None,None,None,None,None,Cyclist and Driver travelling in same direction. One vehicle sideswipes the other.,Improper Passing,Unknown,None,Yes,None,None,Yes,None,None,None,None,Yes,None,None,None,95,Annex,95,Annex (95),D53
8784,1324973,2012-10-04,1748,AVENUE RD,MACPHERSON AVE,None,Major Arterial,Toronto and East York,None,No Control,Clear,Daylight,Dry,Non-Fatal Injury,Cyclist Collisions,Other,unknown,None,None,None,Other,None,None,None,None,None,None,None,None,None,None,Yes,None,None,Yes,None,None,None,None,Yes,None,None,None,95,Annex,95,Annex (95),D53
8785,1318483,2012-10-05,1455,JANE ST,CORBETT AVE,None,Major Arterial,Etobicoke York,None,No Control,Clear,Daylight,Dry,Fatal,SMV Other,Motorcycle Driver,35 to 39,Fatal,33,North,Motorcycle,Going Ahead,Driving Properly,Normal,None,None,None,None,None,None,None,None,Yes,Yes,None,None,None,None,None,None,None,None,None,111,Rockcliffe-Smythe,111,Rockcliffe-Smythe (111),D12
8786,1318483,2012-10-05,1455,JANE ST,CORBETT AVE,None,Major Arterial,Etobicoke York,None,No Control,Clear,Daylight,Dry,Fatal,SMV Other,Driver,30 to 34,None,None,North,"Automobile, Station Wagon",Changing Lanes,Improper Lane Change,Normal,None,None,None,None,None,None,None,None,Yes,Yes,None,None,None,None,None,None,None,None,None,111,Rockcliffe-Smythe,111,Rockcliffe-Smythe (111),D12
8787,1325976,2012-10-05,1529,PATINA DR,SIROCCO DR,None,Local,North York,None,No Control,Clear,Daylight,Dry,Non-Fatal Injury,Pedestrian Collisions,Driver,40 to 44,None,None,South,"Automobile, Station Wagon",Going Ahead,Driving Properly,Normal,None,None,None,None,None,None,Yes,None,Yes,None,None,None,None,None,None,None,None,None,None,48,Hillcrest Village,48,Hillcrest Village (48),D33
8788,1325976,2012-10-05,1529,PATINA DR,SIROCCO DR,None,Local,North York,None,No Control,Clear,Daylight,Dry,Non-Fatal Injury,Pedestrian Collisions,Pedestrian,15 to 19,Major,None,West,Other,None,None,None,Pedestrian hit at mid-block,Running onto Roadway,Inattentive,None,None,None,Yes,None,Yes,None,None,None,None,None,None,None,None,None,None,48,Hillcrest Village,48,Hillcrest Village (48),D33
8789,1326729,2012-10-09,1249,ST CLAIR AVE W,BOON AVE,None,Major Arterial,Toronto and East York,None,No Control,Clear,Daylight,Dry,Non-Fatal Injury,Pedestrian Collisions,Vehicle Owner,unknown,None,None,None,Other,None,None,None,None,None,None,None,None,None,Yes,None,None,None,None,Yes,None,None,None,None,None,None,None,92,Corso Italia-Davenport,92,Corso Italia-Davenport (92),D13
8790,1326729,2012-10-09,1249,ST CLAIR AVE W,BOON AVE,None,Major Arterial,Toronto and East York,None,No Control,Clear,Daylight,Dry,Non-Fatal Injury,Pedestrian Collisions,Driver,30 to 34,None,None,West,Municipal Transit Bus (TTC),Going Ahead,Driving Properly,Normal,None,None,None,None,None,None,Yes,None,None,None,None,Yes,None,None,None,None,None,None,None,92,Corso Italia-Davenport,92,Corso Italia-Davenport (92),D13
8791,1326729,2012-10-09,1249,ST CLAIR AVE W,BOON AVE,None,Major Arterial,Toronto and East York,None,No Control,Clear,Daylight,Dry,Non-Fatal Injury,Pedestrian Collisions,Pedestrian,50 to 54,Major,None,South,Other,None,None,None,Pedestrian involved in a collision with transit vehicle anywhere along roadway,"Crossing, no Traffic Control",Normal,None,None,None,Yes,None,None,None,None,Yes,None,None,None,None,None,None,None,92,Corso Italia-Davenport,92,Corso Italia-Davenport (92),D13
8792,1318785,2012-10-09,1728,STEELES AVE W,HIGHWAY 27 S,None,Major Arterial,Etobicoke York,At Intersection,Traffic Signal,Clear,Dusk,Dry,Non-Fatal Injury,Pedestrian Collisions,Vehicle Owner,unknown,None,None,None,Other,None,None,None,None,None,None,None,None,None,Yes,None,None,None,Yes,None,None,None,None,Yes,None,None,None,NSA,NSA,NSA,NSA,D23
8793,1318785,2012-10-09,1728,STEELES AVE W,HIGHWAY 27 S,None,Major Arterial,Etobicoke York,At Intersection,Traffic Signal,Clear,Dusk,Dry,Non-Fatal Injury,Pedestrian Collisions,Truck Driver,55 to 59,None,None,East,Truck - Open,Turning Right,Failed to Yield Right of Way,Normal,None,None,None,None,None,None,Yes,None,None,None,Yes,None,None,None,None,Yes,None,None,None,NSA,NSA,NSA,NSA,D23
8794,1318785,2012-10-09,1728,STEELES AVE W,HIGHWAY 27 S,None,Major Arterial,Etobicoke York,At Intersection,Traffic Signal,Clear,Dusk,Dry,Non-Fatal Injury,Pedestrian Collisions,Trailer Owner,unknown,None,None,None,Other,None,None,None,None,None,None,None,None,None,Yes,None,None,None,Yes,None,None,None,None,Yes,None,None,None,NSA,NSA,NSA,NSA,D23
8795,1318785,2012-10-09,1728,STEELES AVE W,HIGHWAY 27 S,None,Major Arterial,Etobicoke York,At Intersection,Traffic Signal,Clear,Dusk,Dry,Non-Fatal Injury,Pedestrian Collisions,Pedestrian,40 to 44,Major,None,East,Other,None,None,None,Vehicle turns right while ped crosses with ROW at inter.,Crossing with right of way,Normal,None,None,None,Yes,None,None,None,Yes,None,None,None,None,Yes,None,None,None,NSA,NSA,NSA,NSA,D23
8796,1318785,2012-10-09,1728,STEELES AVE W,HIGHWAY 27 S,None,Major Arterial,Etobicoke York,At Intersection,Traffic Signal,Clear,Dusk,Dry,Non-Fatal Injury,Pedestrian Collisions,Pedestrian,10 to 14,Minimal,None,East,Other,None,None,None,Vehicle turns right while ped crosses with ROW at inter.,Crossing with right of way,Normal,None,None,None,Yes,None,None,None,Yes,None,None,None,None,Yes,None,None,None,NSA,NSA,NSA,NSA,D23
8797,1326621,2012-10-10,617,CHURCH St,JANE St,None,Collector,Etobicoke York,None,No Control,Clear,"Dark, artificial",Dry,Non-Fatal Injury,Cyclist Collisions,Vehicle Owner,unknown,None,None,None,Other,None,None,None,None,None,None,None,None,None,None,Yes,Yes,None,None,None,None,None,None,Yes,None,None,None,113,Weston,113,Weston (113),D12
8798,1326621,2012-10-10,617,CHURCH St,JANE St,None,Collector,Etobicoke York,None,No Control,Clear,"Dark, artificial",Dry,Non-Fatal Injury,Cyclist Collisions,Driver,25 to 29,None,None,East,"Automobile, Station Wagon",Turning Left,Failed to Yield Right of Way,Normal,None,None,None,None,None,None,None,Yes,Yes,None,None,None,None,None,None,Yes,None,None,None,113,Weston,113,Weston (113),D12
8799,1326621,2012-10-10,617,CHURCH St,JANE St,None,Collector,Etobicoke York,None,No Control,Clear,"Dark, artificial",Dry,Non-Fatal Injury,Cyclist Collisions,Cyclist,30 to 34,Major,None,West,Bicycle,Going Ahead,None,None,None,None,None,Motorist turned left across cyclists path.,Driving Properly,Normal,None,Yes,Yes,None,None,None,None,None,None,Yes,None,None,None,113,Weston,113,Weston (113),D12
8800,1326517,2012-10-10,1429,SHEPPARD AVE E,WARDEN AVE,None,Major Arterial,Scarborough,At Intersection,Traffic Signal,Clear,Daylight,Dry,Non-Fatal Injury,Pedestrian Collisions,Pedestrian,70 to 74,Major,None,West,Other,None,None,None,Vehicle turns right while ped crosses with ROW at inter.,Crossing with right of way,Normal,None,None,None,Yes,None,None,None,Yes,None,None,None,None,Yes,None,None,None,118,Tam O'Shanter-Sullivan,118,Tam O'Shanter-Sullivan (118),D42
8801,1326517,2012-10-10,1429,SHEPPARD AVE E,WARDEN AVE,None,Major Arterial,Scarborough,At Intersection,Traffic Signal,Clear,Daylight,Dry,Non-Fatal Injury,Pedestrian Collisions,Vehicle Owner,unknown,None,None,None,Other,None,None,None,None,None,None,None,None,None,Yes,None,None,None,Yes,None,None,None,None,Yes,None,None,None,118,Tam O'Shanter-Sullivan,118,Tam O'Shanter-Sullivan (118),D42
8802,1326517,2012-10-10,1429,SHEPPARD AVE E,WARDEN AVE,None,Major Arterial,Scarborough,At Intersection,Traffic Signal,Clear,Daylight,Dry,Non-Fatal Injury,Pedestrian Collisions,Truck Driver,60 to 64,None,None,South,Truck - Open,Turning Right,Failed to Yield Right of Way,Normal,None,None,None,None,None,None,Yes,None,None,None,Yes,None,None,None,None,Yes,None,None,None,118,Tam O'Shanter-Sullivan,118,Tam O'Shanter-Sullivan (118),D42
8803,1326942,2012-10-11,739,OSSINGTON AVE,DUNDAS ST W,None,Major Arterial,Toronto and East York,None,No Control,Clear,Daylight,Dry,Non-Fatal Injury,Turning Movement,Motorcycle Driver,20 to 24,Major,None,South,Motorcycle,Going Ahead,Driving Properly,Normal,None,None,None,None,None,None,None,None,Yes,Yes,None,None,None,None,None,None,None,None,None,81,Trinity-Bellwoods,81,Trinity-Bellwoods (81),D14
8804,1326942,2012-10-11,739,OSSINGTON AVE,DUNDAS ST W,None,Major Arterial,Toronto and East York,None,No Control,Clear,Daylight,Dry,Non-Fatal Injury,Turning Movement,Vehicle Owner,unknown,None,None,None,Other,None,None,None,None,None,None,None,None,None,None,None,Yes,Yes,None,None,None,None,None,None,None,None,None,81,Trinity-Bellwoods,81,Trinity-Bellwoods (81),D14
8805,1326942,2012-10-11,739,OSSINGTON AVE,DUNDAS ST W,None,Major Arterial,Toronto and East York,None,No Control,Clear,Daylight,Dry,Non-Fatal Injury,Turning Movement,Driver,50 to 54,None,None,East,Taxi,Making U Turn,Improper Turn,Inattentive,None,None,None,None,None,None,None,None,Yes,Yes,None,None,None,None,None,None,None,None,None,81,Trinity-Bellwoods,81,Trinity-Bellwoods (81),D14
8806,1326902,2012-10-11,1312,OAK St,KNOB HILL Park,None,Collector,Etobicoke York,None,No Control,Clear,Daylight,Dry,Non-Fatal Injury,Rear End,Driver,70 to 74,Major,None,West,"Automobile, Station Wagon",Slowing or Stopping,Driving Properly,Normal,None,None,None,None,None,None,None,None,Yes,None,None,None,None,None,None,Yes,None,None,None,113,Weston,113,Weston (113),D12
8807,1326902,2012-10-11,1312,OAK St,KNOB HILL Park,None,Collector,Etobicoke York,None,No Control,Clear,Daylight,Dry,Non-Fatal Injury,Rear End,Driver,35 to 39,Major,None,West,"Automobile, Station Wagon",Going Ahead,Following too Close,Inattentive,None,None,None,None,None,None,None,None,Yes,None,None,None,None,None,None,Yes,None,None,None,113,Weston,113,Weston (113),D12
8808,1326911,2012-10-11,2140,YONGE St,CRESCENT Rd,None,Major Arterial,Toronto and East York,At Intersection,Traffic Signal,Clear,"Dark, artificial",Dry,Non-Fatal Injury,Cyclist Collisions,Driver,75 to 79,None,None,South,"Automobile, Station Wagon",Turning Left,Failed to Yield Right of Way,Inattentive,None,None,None,None,None,None,None,Yes,Yes,None,None,None,None,None,None,Yes,None,None,None,98,Rosedale-Moore Park,98,Rosedale-Moore Park (98),D53
8809,1326911,2012-10-11,2140,YONGE St,CRESCENT Rd,None,Major Arterial,Toronto and East York,At Intersection,Traffic Signal,Clear,"Dark, artificial",Dry,Non-Fatal Injury,Cyclist Collisions,Cyclist,20 to 24,Major,None,North,Bicycle,Going Ahead,None,None,None,None,None,Motorist turned left across cyclists path.,Driving Properly,Normal,None,Yes,Yes,None,None,None,None,None,None,Yes,None,None,None,98,Rosedale-Moore Park,98,Rosedale-Moore Park (98),D53
8810,1326780,2012-10-11,2148,SHEPPARD AVE E,PARKWAY FOREST DR,None,Major Arterial,North York,At Intersection,Traffic Signal,Rain,Dark,Wet,Non-Fatal Injury,Turning Movement,Vehicle Owner,unknown,None,None,None,Other,None,None,None,None,None,None,None,None,None,None,Yes,Yes,None,None,None,None,None,None,Yes,None,None,None,53,Henry Farm,53,Henry Farm (53),D33
8811,1326780,2012-10-11,2148,SHEPPARD AVE E,PARKWAY FOREST DR,None,Major Arterial,North York,At Intersection,Traffic Signal,Rain,Dark,Wet,Non-Fatal Injury,Turning Movement,Driver,35 to 39,None,None,West,"Automobile, Station Wagon",Turning Left,Failed to Yield Right of Way,Inattentive,None,None,None,None,None,None,None,Yes,Yes,None,None,None,None,None,None,Yes,None,None,None,53,Henry Farm,53,Henry Farm (53),D33
8812,1326780,2012-10-11,2148,SHEPPARD AVE E,PARKWAY FOREST DR,None,Major Arterial,North York,At Intersection,Traffic Signal,Rain,Dark,Wet,Non-Fatal Injury,Turning Movement,Moped Driver,50 to 54,Major,None,East,Other,Going Ahead,Driving Properly,Normal,None,None,None,None,None,None,None,Yes,Yes,None,None,None,None,None,None,Yes,None,None,None,53,Henry Farm,53,Henry Farm (53),D33
8813,1320584,2012-10-12,145,EGLINTON AVE W,HENNING AVE,None,Major Arterial,North York,None,No Control,Clear,Dark,Dry,Non-Fatal Injury,Pedestrian Collisions,Pedestrian,50 to 54,Major,None,Unknown,Other,None,None,None,Pedestrian involved in a collision with transit vehicle anywhere along roadway,Person Getting on/off School Bus,Had Been Drinking,None,None,None,Yes,None,None,None,None,Yes,None,None,None,None,None,None,None,100,Yonge-Eglinton,100,Yonge-Eglinton (100),D53
8814,1320584,2012-10-12,145,EGLINTON AVE W,HENNING AVE,None,Major Arterial,North York,None,No Control,Clear,Dark,Dry,Non-Fatal Injury,Pedestrian Collisions,Driver,unknown,None,None,East,Municipal Transit Bus (TTC),Stopped,Driving Properly,Normal,None,None,None,None,None,None,Yes,None,None,None,None,Yes,None,None,None,None,None,None,None,100,Yonge-Eglinton,100,Yonge-Eglinton (100),D53
8815,1344412,2012-10-12,1415,FIFTH Stre,LAKE SHORE Boul W,None,Major Arterial,Etobicoke York,None,Traffic Signal,Clear,Daylight,Dry,Non-Fatal Injury,Cyclist Collisions,Driver,60 to 64,None,None,North,"Automobile, Station Wagon",Going Ahead,Other,Unknown,None,None,None,None,None,None,None,Yes,Yes,None,None,None,None,None,None,None,None,None,None,18,New Toronto,18,New Toronto (18),D22
8816,1344412,2012-10-12,1415,FIFTH Stre,LAKE SHORE Boul W,None,Major Arterial,Etobicoke York,None,Traffic Signal,Clear,Daylight,Dry,Non-Fatal Injury,Cyclist Collisions,Cyclist,30 to 34,Major,None,East,Bicycle,Going Ahead,None,None,None,None,None,Insufficient information (to determine cyclist crash type).,Other,Unknown,None,Yes,Yes,None,None,None,None,None,None,None,None,None,None,18,New Toronto,18,New Toronto (18),D22
8817,1327537,2012-10-13,1915,BLEECKER ST,EARL ST,None,Local,Toronto and East York,None,No Control,Rain,Dark,Wet,Non-Fatal Injury,Pedestrian Collisions,Driver,45 to 49,None,None,North,"Automobile, Station Wagon",Reversing,Other,Inattentive,None,None,None,None,None,None,Yes,None,Yes,None,None,None,None,None,None,None,None,None,None,74,North St.James Town,74,North St.James Town (74),D51
8818,1327537,2012-10-13,1915,BLEECKER ST,EARL ST,None,Local,Toronto and East York,None,No Control,Rain,Dark,Wet,Non-Fatal Injury,Pedestrian Collisions,Pedestrian,50 to 54,Major,None,East,Other,None,None,None,Vehicle is reversing and hits pedestrian,Other,Normal,None,None,None,Yes,None,Yes,None,None,None,None,None,None,None,None,None,None,74,North St.James Town,74,North St.James Town (74),D51
8819,1319472,2012-10-13,2150,BLOOR ST W,DUNDAS ST W,None,Major Arterial,Toronto and East York,At Intersection,Traffic Signal,Rain,Dark,Wet,Non-Fatal Injury,Pedestrian Collisions,Driver,35 to 39,None,None,East,"Automobile, Station Wagon",Going Ahead,Disobeyed Traffic Control,Inattentive,None,None,None,None,None,None,Yes,None,Yes,None,None,None,None,None,None,Yes,Yes,None,None,86,Roncesvalles,86,Roncesvalles (86),D11
8820,1319472,2012-10-13,2150,BLOOR ST W,DUNDAS ST W,None,Major Arterial,Toronto and East York,At Intersection,Traffic Signal,Rain,Dark,Wet,Non-Fatal Injury,Pedestrian Collisions,Pedestrian,85 to 89,Major,None,North,None,None,None,None,Vehicle is going straight thru inter.while ped cross with ROW,Crossing with right of way,Normal,None,None,None,Yes,None,Yes,None,None,None,None,None,None,Yes,Yes,None,None,86,Roncesvalles,86,Roncesvalles (86),D11