_id,ACCNUM,DATE,TIME,STREET1,STREET2,OFFSET,ROAD_CLASS,DISTRICT,ACCLOC,TRAFFCTL,VISIBILITY,LIGHT,RDSFCOND,ACCLASS,IMPACTYPE,INVTYPE,INVAGE,INJURY,FATAL_NO,INITDIR,VEHTYPE,MANOEUVER,DRIVACT,DRIVCOND,PEDTYPE,PEDACT,PEDCOND,CYCLISTYPE,CYCACT,CYCCOND,PEDESTRIAN,CYCLIST,AUTOMOBILE,MOTORCYCLE,TRUCK,TRSN_CITY_VEH,EMERG_VEH,PASSENGER,SPEEDING,AG_DRIV,REDLIGHT,ALCOHOL,DISABILITY,HOOD_158,NEIGHBOURHOOD_158,HOOD_140,NEIGHBOURHOOD_140,DIVISION
8821,1327549,2012-10-13,2316,KENNEDY RD,STEELES AVE E,None,Major Arterial,Scarborough,At Intersection,Traffic Signal,Rain,"Dark, artificial",Wet,Non-Fatal Injury,Pedestrian Collisions,Driver,20 to 24,Major,None,South,"Automobile, Station Wagon",Turning Left,Failed to Yield Right of Way,Inattentive,None,None,None,None,None,None,Yes,None,Yes,None,None,None,None,None,None,Yes,None,None,None,116,Steeles,116,Steeles (116),D42
8822,1327549,2012-10-13,2316,KENNEDY RD,STEELES AVE E,None,Major Arterial,Scarborough,At Intersection,Traffic Signal,Rain,"Dark, artificial",Wet,Non-Fatal Injury,Pedestrian Collisions,Pedestrian,40 to 44,Minor,None,South,Other,None,None,None,Vehicle turns left while ped crosses with ROW at inter.,Crossing with right of way,Normal,None,None,None,Yes,None,Yes,None,None,None,None,None,None,Yes,None,None,None,116,Steeles,116,Steeles (116),D42
8823,1319536,2012-10-14,410,ROGERS RD,OLD WESTON RD,None,Minor Arterial,Etobicoke York,At Intersection,Traffic Signal,Rain,"Dark, artificial",Wet,Fatal,SMV Other,Driver,30 to 34,Fatal,34,West,"Automobile, Station Wagon",Going Ahead,Speed too Fast For Condition,Unknown,None,None,None,None,None,None,None,None,Yes,None,None,None,None,None,Yes,Yes,None,None,None,110,Keelesdale-Eglinton West,110,Keelesdale-Eglinton West (110),D12
8824,1319536,2012-10-14,410,ROGERS RD,OLD WESTON RD,None,Minor Arterial,Etobicoke York,At Intersection,Traffic Signal,Rain,"Dark, artificial",Wet,Fatal,SMV Other,Other,unknown,None,None,East,Other,Parked,None,None,None,None,None,None,None,None,None,None,Yes,None,None,None,None,None,Yes,Yes,None,None,None,110,Keelesdale-Eglinton West,110,Keelesdale-Eglinton West (110),D12
8825,1319536,2012-10-14,410,ROGERS RD,OLD WESTON RD,None,Minor Arterial,Etobicoke York,At Intersection,Traffic Signal,Rain,"Dark, artificial",Wet,Fatal,SMV Other,Other Property Owner,unknown,None,None,None,Other,None,None,None,None,None,None,None,None,None,None,None,Yes,None,None,None,None,None,Yes,Yes,None,None,None,110,Keelesdale-Eglinton West,110,Keelesdale-Eglinton West (110),D12
8826,1325969,2012-10-16,900,CARLAW AVE,EASTERN AVE,None,Minor Arterial,Toronto and East York,None,No Control,Clear,Daylight,Dry,Non-Fatal Injury,Turning Movement,Driver,30 to 34,Major,None,North,"Automobile, Station Wagon",Going Ahead,Driving Properly,Normal,None,None,None,None,None,None,None,None,Yes,None,None,None,None,None,None,None,None,None,None,70,South Riverdale,70,South Riverdale (70),D55
8827,1325969,2012-10-16,900,CARLAW AVE,EASTERN AVE,None,Minor Arterial,Toronto and East York,None,No Control,Clear,Daylight,Dry,Non-Fatal Injury,Turning Movement,Driver,40 to 44,None,None,South,"Automobile, Station Wagon",Making U Turn,Improper Turn,Normal,None,None,None,None,None,None,None,None,Yes,None,None,None,None,None,None,None,None,None,None,70,South Riverdale,70,South Riverdale (70),D55
8828,1328014,2012-10-16,1039,BERNARD AVE,SPADINA RD,None,Minor Arterial,Toronto and East York,At Intersection,Traffic Signal,Clear,Daylight,Dry,Non-Fatal Injury,Pedestrian Collisions,Driver,70 to 74,Major,None,South,"Automobile, Station Wagon",Turning Left,Failed to Yield Right of Way,Normal,None,None,None,None,None,None,Yes,None,Yes,None,None,None,None,None,None,Yes,None,None,None,95,Annex,95,Annex (95),D53
8829,1328014,2012-10-16,1039,BERNARD AVE,SPADINA RD,None,Minor Arterial,Toronto and East York,At Intersection,Traffic Signal,Clear,Daylight,Dry,Non-Fatal Injury,Pedestrian Collisions,Pedestrian,70 to 74,Major,None,North,Other,None,None,None,Vehicle turns left while ped crosses with ROW at inter.,Crossing with right of way,Normal,None,None,None,Yes,None,Yes,None,None,None,None,None,None,Yes,None,None,None,95,Annex,95,Annex (95),D53
8830,1328002,2012-10-16,1900,MIDLAND AVE,PRUDENTIAL DR,None,Major Arterial,Scarborough,At Intersection,Traffic Signal,Clear,"Dark, artificial",Dry,Non-Fatal Injury,Pedestrian Collisions,Vehicle Owner,unknown,None,None,None,Other,None,None,None,None,None,None,None,None,None,Yes,None,Yes,None,None,None,None,None,None,Yes,None,None,None,126,Dorset Park,126,Dorset Park (126),D41
8831,1328002,2012-10-16,1900,MIDLAND AVE,PRUDENTIAL DR,None,Major Arterial,Scarborough,At Intersection,Traffic Signal,Clear,"Dark, artificial",Dry,Non-Fatal Injury,Pedestrian Collisions,Driver,50 to 54,None,None,East,"Automobile, Station Wagon",Turning Left,Failed to Yield Right of Way,Normal,None,None,None,None,None,None,Yes,None,Yes,None,None,None,None,None,None,Yes,None,None,None,126,Dorset Park,126,Dorset Park (126),D41
8832,1328002,2012-10-16,1900,MIDLAND AVE,PRUDENTIAL DR,None,Major Arterial,Scarborough,At Intersection,Traffic Signal,Clear,"Dark, artificial",Dry,Non-Fatal Injury,Pedestrian Collisions,Pedestrian,30 to 34,Major,None,West,Other,None,None,None,Vehicle turns left while ped crosses with ROW at inter.,Crossing with right of way,Normal,None,None,None,Yes,None,Yes,None,None,None,None,None,None,Yes,None,None,None,126,Dorset Park,126,Dorset Park (126),D41
8833,1327859,2012-10-17,715,ELLESMERE RD,PARKINGTON CRES,None,Major Arterial,Scarborough,At Intersection,Traffic Signal,Clear,Daylight,Dry,Non-Fatal Injury,Pedestrian Collisions,Driver,35 to 39,None,None,East,"Automobile, Station Wagon",Going Ahead,Driving Properly,Normal,None,None,None,None,None,None,Yes,None,Yes,None,None,None,None,None,None,None,None,None,None,142,Woburn North,137,Woburn (137),D43
8834,1327859,2012-10-17,715,ELLESMERE RD,PARKINGTON CRES,None,Major Arterial,Scarborough,At Intersection,Traffic Signal,Clear,Daylight,Dry,Non-Fatal Injury,Pedestrian Collisions,Pedestrian,35 to 39,Major,None,North,Other,None,None,None,Vehicle is going straight thru inter.while ped cross without ROW,Crossing without right of way,Inattentive,None,None,None,Yes,None,Yes,None,None,None,None,None,None,None,None,None,None,142,Woburn North,137,Woburn (137),D43
8835,1321983,2012-10-18,1944,ROGERS RD,SILVERTHORN AVE,None,Minor Arterial,Etobicoke York,At Intersection,Traffic Signal,Rain,Dark,Wet,Non-Fatal Injury,Pedestrian Collisions,Driver,unknown,None,None,North,"Automobile, Station Wagon",Turning Left,Failed to Yield Right of Way,Unknown,None,None,None,None,None,None,Yes,None,Yes,None,None,None,None,None,None,Yes,None,None,None,110,Keelesdale-Eglinton West,110,Keelesdale-Eglinton West (110),D12
8836,1321983,2012-10-18,1944,ROGERS RD,SILVERTHORN AVE,None,Minor Arterial,Etobicoke York,At Intersection,Traffic Signal,Rain,Dark,Wet,Non-Fatal Injury,Pedestrian Collisions,Pedestrian,50 to 54,Major,None,South,Other,None,None,None,Vehicle turns left while ped crosses with ROW at inter.,Crossing with right of way,Normal,None,None,None,Yes,None,Yes,None,None,None,None,None,None,Yes,None,None,None,110,Keelesdale-Eglinton West,110,Keelesdale-Eglinton West (110),D12
8837,1328243,2012-10-18,2108,LAKE SHORE Blvd W,BATHURST St,None,Major Arterial,Toronto and East York,At Intersection,Traffic Signal,Rain,"Dark, artificial",Wet,Non-Fatal Injury,Angle,Driver,20 to 24,None,None,West,"Automobile, Station Wagon",Going Ahead,Disobeyed Traffic Control,Inattentive,None,None,None,None,None,None,None,None,Yes,None,None,None,None,Yes,None,Yes,Yes,None,None,165,Harbourfront-CityPlace,77,Waterfront Communities-The Island (77),D14
8838,1328243,2012-10-18,2108,LAKE SHORE Blvd W,BATHURST St,None,Major Arterial,Toronto and East York,At Intersection,Traffic Signal,Rain,"Dark, artificial",Wet,Non-Fatal Injury,Angle,Vehicle Owner,unknown,None,None,None,Other,None,None,None,None,None,None,None,None,None,None,None,Yes,None,None,None,None,Yes,None,Yes,Yes,None,None,165,Harbourfront-CityPlace,77,Waterfront Communities-The Island (77),D14
8839,1328243,2012-10-18,2108,LAKE SHORE Blvd W,BATHURST St,None,Major Arterial,Toronto and East York,At Intersection,Traffic Signal,Rain,"Dark, artificial",Wet,Non-Fatal Injury,Angle,Passenger,75 to 79,Major,None,None,Other,None,None,None,None,None,None,None,None,None,None,None,Yes,None,None,None,None,Yes,None,Yes,Yes,None,None,165,Harbourfront-CityPlace,77,Waterfront Communities-The Island (77),D14
8840,1328243,2012-10-18,2108,LAKE SHORE Blvd W,BATHURST St,None,Major Arterial,Toronto and East York,At Intersection,Traffic Signal,Rain,"Dark, artificial",Wet,Non-Fatal Injury,Angle,Driver,40 to 44,Minor,None,North,"Automobile, Station Wagon",Going Ahead,Driving Properly,Normal,None,None,None,None,None,None,None,None,Yes,None,None,None,None,Yes,None,Yes,Yes,None,None,165,Harbourfront-CityPlace,77,Waterfront Communities-The Island (77),D14
8841,1320791,2012-10-19,8,WILSON AVE,RIDGE RD,None,Major Arterial,North York,None,Traffic Signal,Clear,Dark,Wet,Non-Fatal Injury,Rear End,Passenger,unknown,None,None,None,Other,None,None,None,None,None,None,None,None,None,None,None,Yes,None,None,None,None,Yes,None,None,None,None,None,154,Oakdale-Beverley Heights,26,Downsview-Roding-CFB (26),D31
8842,1320791,2012-10-19,8,WILSON AVE,RIDGE RD,None,Major Arterial,North York,None,Traffic Signal,Clear,Dark,Wet,Non-Fatal Injury,Rear End,Driver,60 to 64,Major,None,West,"Automobile, Station Wagon",Going Ahead,Driving Properly,Normal,None,None,None,None,None,None,None,None,Yes,None,None,None,None,Yes,None,None,None,None,None,154,Oakdale-Beverley Heights,26,Downsview-Roding-CFB (26),D31
8843,1320791,2012-10-19,8,WILSON AVE,RIDGE RD,None,Major Arterial,North York,None,Traffic Signal,Clear,Dark,Wet,Non-Fatal Injury,Rear End,Vehicle Owner,unknown,None,None,None,Other,None,None,None,None,None,None,None,None,None,None,None,Yes,None,None,None,None,Yes,None,None,None,None,None,154,Oakdale-Beverley Heights,26,Downsview-Roding-CFB (26),D31
8844,1320791,2012-10-19,8,WILSON AVE,RIDGE RD,None,Major Arterial,North York,None,Traffic Signal,Clear,Dark,Wet,Non-Fatal Injury,Rear End,Passenger,20 to 24,Major,None,None,Other,None,None,None,None,None,None,None,None,None,None,None,Yes,None,None,None,None,Yes,None,None,None,None,None,154,Oakdale-Beverley Heights,26,Downsview-Roding-CFB (26),D31
8845,1320791,2012-10-19,8,WILSON AVE,RIDGE RD,None,Major Arterial,North York,None,Traffic Signal,Clear,Dark,Wet,Non-Fatal Injury,Rear End,Driver,20 to 24,Major,None,West,"Automobile, Station Wagon",Overtaking,Improper Lane Change,Normal,None,None,None,None,None,None,None,None,Yes,None,None,None,None,Yes,None,None,None,None,None,154,Oakdale-Beverley Heights,26,Downsview-Roding-CFB (26),D31
8846,1320791,2012-10-19,8,WILSON AVE,RIDGE RD,None,Major Arterial,North York,None,Traffic Signal,Clear,Dark,Wet,Non-Fatal Injury,Rear End,Vehicle Owner,unknown,None,None,None,Other,None,None,None,None,None,None,None,None,None,None,None,Yes,None,None,None,None,Yes,None,None,None,None,None,154,Oakdale-Beverley Heights,26,Downsview-Roding-CFB (26),D31
8847,1320791,2012-10-19,8,WILSON AVE,RIDGE RD,None,Major Arterial,North York,None,Traffic Signal,Clear,Dark,Wet,Non-Fatal Injury,Rear End,Driver,60 to 64,Minor,None,East,"Automobile, Station Wagon",Going Ahead,Driving Properly,Normal,None,None,None,None,None,None,None,None,Yes,None,None,None,None,Yes,None,None,None,None,None,154,Oakdale-Beverley Heights,26,Downsview-Roding-CFB (26),D31
8848,1320791,2012-10-19,8,WILSON AVE,RIDGE RD,None,Major Arterial,North York,None,Traffic Signal,Clear,Dark,Wet,Non-Fatal Injury,Rear End,Other Property Owner,unknown,None,None,None,Other,None,None,None,None,None,None,None,None,None,None,None,Yes,None,None,None,None,Yes,None,None,None,None,None,154,Oakdale-Beverley Heights,26,Downsview-Roding-CFB (26),D31
8849,1320791,2012-10-19,8,WILSON AVE,RIDGE RD,None,Major Arterial,North York,None,Traffic Signal,Clear,Dark,Wet,Non-Fatal Injury,Rear End,Other Property Owner,unknown,None,None,None,Other,None,None,None,None,None,None,None,None,None,None,None,Yes,None,None,None,None,Yes,None,None,None,None,None,154,Oakdale-Beverley Heights,26,Downsview-Roding-CFB (26),D31
8850,1328097,2012-10-19,350,1144 ALBION RD,None,None,Major Arterial,Etobicoke York,None,No Control,Clear,Dark,Dry,Non-Fatal Injury,SMV Other,Driver,20 to 24,Major,None,West,"Automobile, Station Wagon",Going Ahead,Lost control,Other,None,None,None,None,None,None,None,None,Yes,None,None,None,None,None,None,None,None,None,None,3,Thistletown-Beaumond Heights,3,Thistletown-Beaumond Heights (3),D23
8851,1320969,2012-10-19,1214,KING ST E,BERKELEY ST,None,Major Arterial,Toronto and East York,None,Traffic Signal,Clear,Daylight,Dry,Non-Fatal Injury,Turning Movement,Driver,45 to 49,None,None,East,"Automobile, Station Wagon",Going Ahead,Driving Properly,Normal,None,None,None,None,None,None,None,None,Yes,None,None,None,None,None,None,None,None,None,None,73,Moss Park,73,Moss Park (73),D51
8852,1320969,2012-10-19,1214,KING ST E,BERKELEY ST,None,Major Arterial,Toronto and East York,None,Traffic Signal,Clear,Daylight,Dry,Non-Fatal Injury,Turning Movement,Vehicle Owner,unknown,None,None,None,Other,None,None,None,None,None,None,None,None,None,None,None,Yes,None,None,None,None,None,None,None,None,None,None,73,Moss Park,73,Moss Park (73),D51
8853,1320969,2012-10-19,1214,KING ST E,BERKELEY ST,None,Major Arterial,Toronto and East York,None,Traffic Signal,Clear,Daylight,Dry,Non-Fatal Injury,Turning Movement,Driver,55 to 59,Major,None,East,"Automobile, Station Wagon",Making U Turn,Improper Turn,Normal,None,None,None,None,None,None,None,None,Yes,None,None,None,None,None,None,None,None,None,None,73,Moss Park,73,Moss Park (73),D51
8854,1321027,2012-10-20,518,DON VALLEY PARKWAY  S,SPANBRIDGE RD,None,None,North York,None,No Control,Clear,"Dark, artificial",Wet,Fatal,SMV Other,Passenger,15 to 19,Minor,None,None,Other,None,None,None,None,None,None,None,None,None,None,None,Yes,None,None,None,None,Yes,None,None,None,None,None,44,Flemingdon Park,44,Flemingdon Park (44),D55
8855,1321027,2012-10-20,518,DON VALLEY PARKWAY  S,SPANBRIDGE RD,None,None,North York,None,No Control,Clear,"Dark, artificial",Wet,Fatal,SMV Other,Vehicle Owner,unknown,None,None,None,Other,None,None,None,None,None,None,None,None,None,None,None,Yes,None,None,None,None,Yes,None,None,None,None,None,44,Flemingdon Park,44,Flemingdon Park (44),D55
8856,1321027,2012-10-20,518,DON VALLEY PARKWAY  S,SPANBRIDGE RD,None,None,North York,None,No Control,Clear,"Dark, artificial",Wet,Fatal,SMV Other,Driver,15 to 19,Fatal,35,South,"Automobile, Station Wagon",Going Ahead,Lost control,Unknown,None,None,None,None,None,None,None,None,Yes,None,None,None,None,Yes,None,None,None,None,None,44,Flemingdon Park,44,Flemingdon Park (44),D55
8857,1321027,2012-10-20,518,DON VALLEY PARKWAY  S,SPANBRIDGE RD,None,None,North York,None,No Control,Clear,"Dark, artificial",Wet,Fatal,SMV Other,Other Property Owner,unknown,None,None,None,Other,None,None,None,None,None,None,None,None,None,None,None,Yes,None,None,None,None,Yes,None,None,None,None,None,44,Flemingdon Park,44,Flemingdon Park (44),D55
8858,1328148,2012-10-20,955,EGLINTON AVE E,SUTHERLAND DR,None,Major Arterial,North York,At Intersection,Traffic Signal,Clear,Daylight,Dry,Non-Fatal Injury,Pedestrian Collisions,Driver,80 to 84,None,None,South,"Automobile, Station Wagon",Turning Left,Failed to Yield Right of Way,Normal,None,None,None,None,None,None,Yes,None,Yes,None,None,None,None,None,None,Yes,None,None,None,56,Leaside-Bennington,56,Leaside-Bennington (56),D53
8859,1328148,2012-10-20,955,EGLINTON AVE E,SUTHERLAND DR,None,Major Arterial,North York,At Intersection,Traffic Signal,Clear,Daylight,Dry,Non-Fatal Injury,Pedestrian Collisions,Pedestrian,40 to 44,Major,None,North,Other,None,None,None,Vehicle turns left while ped crosses with ROW at inter.,Crossing with right of way,Normal,None,None,None,Yes,None,Yes,None,None,None,None,None,None,Yes,None,None,None,56,Leaside-Bennington,56,Leaside-Bennington (56),D53
8860,1330495,2012-10-20,1145,DUPONT ST,OSSINGTON AVE,None,Major Arterial,Toronto and East York,None,No Control,Clear,Daylight,Dry,Non-Fatal Injury,Turning Movement,Motorcycle Driver,30 to 34,Major,None,East,Motorcycle,Going Ahead,Driving Properly,Normal,None,None,None,None,None,None,None,None,Yes,Yes,None,None,None,None,None,Yes,None,None,None,172,Dovercourt Village,93,Dovercourt-Wallace Emerson-Junction (93),D14
8861,1330495,2012-10-20,1145,DUPONT ST,OSSINGTON AVE,None,Major Arterial,Toronto and East York,None,No Control,Clear,Daylight,Dry,Non-Fatal Injury,Turning Movement,Vehicle Owner,unknown,None,None,None,Other,None,None,None,None,None,None,None,None,None,None,None,Yes,Yes,None,None,None,None,None,Yes,None,None,None,172,Dovercourt Village,93,Dovercourt-Wallace Emerson-Junction (93),D14
8862,1330495,2012-10-20,1145,DUPONT ST,OSSINGTON AVE,None,Major Arterial,Toronto and East York,None,No Control,Clear,Daylight,Dry,Non-Fatal Injury,Turning Movement,Driver,60 to 64,None,None,West,"Automobile, Station Wagon",Making U Turn,Improper Turn,Inattentive,None,None,None,None,None,None,None,None,Yes,Yes,None,None,None,None,None,Yes,None,None,None,172,Dovercourt Village,93,Dovercourt-Wallace Emerson-Junction (93),D14
8863,1321216,2012-10-21,325,MCNICOLL AVE,BIRCHMOUNT RD,None,Minor Arterial,Scarborough,At Intersection,No Control,Clear,"Dark, artificial",Dry,Fatal,SMV Other,Passenger,20 to 24,Fatal,36,None,Other,None,None,None,None,None,None,None,None,None,None,None,Yes,None,None,None,None,Yes,Yes,Yes,None,Yes,None,116,Steeles,116,Steeles (116),D42
8864,1321216,2012-10-21,325,MCNICOLL AVE,BIRCHMOUNT RD,None,Minor Arterial,Scarborough,At Intersection,No Control,Clear,"Dark, artificial",Dry,Fatal,SMV Other,Vehicle Owner,unknown,None,None,None,Other,None,None,None,None,None,None,None,None,None,None,None,Yes,None,None,None,None,Yes,Yes,Yes,None,Yes,None,116,Steeles,116,Steeles (116),D42
8865,1321216,2012-10-21,325,MCNICOLL AVE,BIRCHMOUNT RD,None,Minor Arterial,Scarborough,At Intersection,No Control,Clear,"Dark, artificial",Dry,Fatal,SMV Other,Driver,20 to 24,Minor,None,East,"Automobile, Station Wagon",Going Ahead,Exceeding Speed Limit,"Ability Impaired, Alcohol Over .08",None,None,None,None,None,None,None,None,Yes,None,None,None,None,Yes,Yes,Yes,None,Yes,None,116,Steeles,116,Steeles (116),D42
8866,1321562,2012-10-22,704,SHEPPARD AVE W,KEELE ST,None,Major Arterial,North York,None,No Control,Clear,Daylight,Dry,Non-Fatal Injury,Pedestrian Collisions,Vehicle Owner,unknown,None,None,None,Other,None,None,None,None,None,None,None,None,None,Yes,None,Yes,None,None,None,None,None,None,None,None,None,None,27,York University Heights,27,York University Heights (27),D31
8867,1321562,2012-10-22,704,SHEPPARD AVE W,KEELE ST,None,Major Arterial,North York,None,No Control,Clear,Daylight,Dry,Non-Fatal Injury,Pedestrian Collisions,Driver,65 to 69,None,None,West,"Automobile, Station Wagon",Going Ahead,Driving Properly,Normal,None,None,None,None,None,None,Yes,None,Yes,None,None,None,None,None,None,None,None,None,None,27,York University Heights,27,York University Heights (27),D31
8868,1321562,2012-10-22,704,SHEPPARD AVE W,KEELE ST,None,Major Arterial,North York,None,No Control,Clear,Daylight,Dry,Non-Fatal Injury,Pedestrian Collisions,Pedestrian,45 to 49,Major,None,Unknown,Other,None,None,None,Pedestrian hit at mid-block,"Crossing, no Traffic Control",Had Been Drinking,None,None,None,Yes,None,Yes,None,None,None,None,None,None,None,None,None,None,27,York University Heights,27,York University Heights (27),D31
8869,1321561,2012-10-22,1059,FINCH AVE E,MILLIKEN BLVD,None,Major Arterial,Scarborough,At Intersection,Traffic Signal,Clear,Daylight,Dry,Non-Fatal Injury,Cyclist Collisions,Driver,75 to 79,None,None,South,"Automobile, Station Wagon",Turning Left,Improper Turn,Inattentive,None,None,None,None,None,None,None,Yes,Yes,None,None,None,None,None,None,None,None,None,None,130,Milliken,130,Milliken (130),D42
8870,1321561,2012-10-22,1059,FINCH AVE E,MILLIKEN BLVD,None,Major Arterial,Scarborough,At Intersection,Traffic Signal,Clear,Daylight,Dry,Non-Fatal Injury,Cyclist Collisions,Cyclist,55 to 59,Major,None,North,Bicycle,Going Ahead,None,None,None,None,None,Motorist turned left across cyclists path.,Driving Properly,Normal,None,Yes,Yes,None,None,None,None,None,None,None,None,None,None,130,Milliken,130,Milliken (130),D42
8871,1328482,2012-10-22,1343,PARLIAMENT ST,CARLTON ST,None,Minor Arterial,Toronto and East York,At Intersection,Traffic Signal,Clear,Daylight,Dry,Non-Fatal Injury,Pedestrian Collisions,Driver,20 to 24,None,None,South,"Automobile, Station Wagon",Turning Right,Failed to Yield Right of Way,Normal,None,None,None,None,None,None,Yes,None,Yes,None,None,None,None,None,None,Yes,None,None,None,73,Moss Park,73,Moss Park (73),D51
8872,1328482,2012-10-22,1343,PARLIAMENT ST,CARLTON ST,None,Minor Arterial,Toronto and East York,At Intersection,Traffic Signal,Clear,Daylight,Dry,Non-Fatal Injury,Pedestrian Collisions,Pedestrian,60 to 64,Major,None,North,Other,None,None,None,Vehicle turns right while ped crosses with ROW at inter.,Crossing with right of way,Normal,None,None,None,Yes,None,Yes,None,None,None,None,None,None,Yes,None,None,None,73,Moss Park,73,Moss Park (73),D51
8873,1328489,2012-10-22,1525,851 HUNTINGWOOD DR,None,None,Minor Arterial,Scarborough,At Intersection,No Control,Clear,Daylight,Dry,Non-Fatal Injury,Rear End,Driver,55 to 59,Minimal,None,East,"Automobile, Station Wagon",Going Ahead,Following too Close,Inattentive,None,None,None,None,None,None,None,None,Yes,None,None,None,None,None,None,Yes,None,None,None,118,Tam O'Shanter-Sullivan,118,Tam O'Shanter-Sullivan (118),D42
8874,1328489,2012-10-22,1525,851 HUNTINGWOOD DR,None,None,Minor Arterial,Scarborough,At Intersection,No Control,Clear,Daylight,Dry,Non-Fatal Injury,Rear End,Driver,45 to 49,Minimal,None,East,"Automobile, Station Wagon",Stopped,Driving Properly,Normal,None,None,None,None,None,None,None,None,Yes,None,None,None,None,None,None,Yes,None,None,None,118,Tam O'Shanter-Sullivan,118,Tam O'Shanter-Sullivan (118),D42
8875,1328489,2012-10-22,1525,851 HUNTINGWOOD DR,None,None,Minor Arterial,Scarborough,At Intersection,No Control,Clear,Daylight,Dry,Non-Fatal Injury,Rear End,Driver,50 to 54,Major,None,East,"Automobile, Station Wagon",Stopped,Driving Properly,Normal,None,None,None,None,None,None,None,None,Yes,None,None,None,None,None,None,Yes,None,None,None,118,Tam O'Shanter-Sullivan,118,Tam O'Shanter-Sullivan (118),D42
8876,1321792,2012-10-23,1937,DIXON RD,CELESTINE DR,None,Major Arterial,Etobicoke York,At Intersection,Traffic Signal,Clear,"Dark, artificial",Dry,Non-Fatal Injury,Pedestrian Collisions,Vehicle Owner,unknown,None,None,None,Other,None,None,None,None,None,None,None,None,None,Yes,None,Yes,None,None,None,None,None,None,None,None,None,None,7,Willowridge-Martingrove-Richview,7,Willowridge-Martingrove-Richview (7),D23
8877,1321792,2012-10-23,1937,DIXON RD,CELESTINE DR,None,Major Arterial,Etobicoke York,At Intersection,Traffic Signal,Clear,"Dark, artificial",Dry,Non-Fatal Injury,Pedestrian Collisions,Driver,50 to 54,None,None,West,"Automobile, Station Wagon",Going Ahead,Driving Properly,Normal,None,None,None,None,None,None,Yes,None,Yes,None,None,None,None,None,None,None,None,None,None,7,Willowridge-Martingrove-Richview,7,Willowridge-Martingrove-Richview (7),D23
8878,1321792,2012-10-23,1937,DIXON RD,CELESTINE DR,None,Major Arterial,Etobicoke York,At Intersection,Traffic Signal,Clear,"Dark, artificial",Dry,Non-Fatal Injury,Pedestrian Collisions,Pedestrian,20 to 24,Major,None,North,Other,None,None,None,Vehicle is going straight thru inter.while ped cross without ROW,Running onto Roadway,Unknown,None,None,None,Yes,None,Yes,None,None,None,None,None,None,None,None,None,None,7,Willowridge-Martingrove-Richview,7,Willowridge-Martingrove-Richview (7),D23
8879,1328738,2012-10-25,637,SHUTER ST,VICTORIA ST,None,Minor Arterial,Toronto and East York,At Intersection,Traffic Signal,Clear,"Dawn, artificial",Dry,Non-Fatal Injury,Pedestrian Collisions,Vehicle Owner,unknown,None,None,None,Other,None,None,None,None,None,None,None,None,None,Yes,None,Yes,None,None,None,None,None,None,Yes,None,None,None,168,Downtown Yonge East,75,Church-Yonge Corridor (75),D51
8880,1328738,2012-10-25,637,SHUTER ST,VICTORIA ST,None,Minor Arterial,Toronto and East York,At Intersection,Traffic Signal,Clear,"Dawn, artificial",Dry,Non-Fatal Injury,Pedestrian Collisions,Driver,45 to 49,None,None,West,"Automobile, Station Wagon",Turning Left,Failed to Yield Right of Way,Inattentive,None,None,None,None,None,None,Yes,None,Yes,None,None,None,None,None,None,Yes,None,None,None,168,Downtown Yonge East,75,Church-Yonge Corridor (75),D51
8881,1328738,2012-10-25,637,SHUTER ST,VICTORIA ST,None,Minor Arterial,Toronto and East York,At Intersection,Traffic Signal,Clear,"Dawn, artificial",Dry,Non-Fatal Injury,Pedestrian Collisions,Pedestrian,60 to 64,Major,None,East,Other,None,None,None,Vehicle turns left while ped crosses with ROW at inter.,Crossing with right of way,Normal,None,None,None,Yes,None,Yes,None,None,None,None,None,None,Yes,None,None,None,168,Downtown Yonge East,75,Church-Yonge Corridor (75),D51
8882,1322204,2012-10-25,1522,ST CLAIR AVE W,HENDRICK AVE,None,Major Arterial,Toronto and East York,None,No Control,Clear,Daylight,Dry,Non-Fatal Injury,Pedestrian Collisions,Driver,40 to 44,None,None,West,Municipal Transit Bus (TTC),Going Ahead,Driving Properly,Normal,None,None,None,None,None,None,Yes,None,None,None,None,Yes,None,None,None,None,None,None,None,94,Wychwood,94,Wychwood (94),D13
8883,1322204,2012-10-25,1522,ST CLAIR AVE W,HENDRICK AVE,None,Major Arterial,Toronto and East York,None,No Control,Clear,Daylight,Dry,Non-Fatal Injury,Pedestrian Collisions,Pedestrian,30 to 34,Major,None,South,Other,None,None,None,Pedestrian involved in a collision with transit vehicle anywhere along roadway,"Crossing, no Traffic Control",Unknown,None,None,None,Yes,None,None,None,None,Yes,None,None,None,None,None,None,None,94,Wychwood,94,Wychwood (94),D13
8884,1322361,2012-10-26,835,BOGERT AVE,BEECROFT RD,None,Local,North York,None,No Control,Clear,Daylight,Dry,Non-Fatal Injury,Pedestrian Collisions,Driver,unknown,None,None,West,Other,Disabled,Other,Other,None,None,None,None,None,None,Yes,None,None,None,None,None,None,None,None,None,None,None,None,38,Lansing-Westgate,38,Lansing-Westgate (38),D32
8885,1322361,2012-10-26,835,BOGERT AVE,BEECROFT RD,None,Local,North York,None,No Control,Clear,Daylight,Dry,Non-Fatal Injury,Pedestrian Collisions,Pedestrian,45 to 49,Major,None,Unknown,Other,None,None,None,Pedestrian hit at mid-block,Person Getting on/off School Bus,Normal,None,None,None,Yes,None,None,None,None,None,None,None,None,None,None,None,None,38,Lansing-Westgate,38,Lansing-Westgate (38),D32