_id,ACCNUM,DATE,TIME,STREET1,STREET2,OFFSET,ROAD_CLASS,DISTRICT,ACCLOC,TRAFFCTL,VISIBILITY,LIGHT,RDSFCOND,ACCLASS,IMPACTYPE,INVTYPE,INVAGE,INJURY,FATAL_NO,INITDIR,VEHTYPE,MANOEUVER,DRIVACT,DRIVCOND,PEDTYPE,PEDACT,PEDCOND,CYCLISTYPE,CYCACT,CYCCOND,PEDESTRIAN,CYCLIST,AUTOMOBILE,MOTORCYCLE,TRUCK,TRSN_CITY_VEH,EMERG_VEH,PASSENGER,SPEEDING,AG_DRIV,REDLIGHT,ALCOHOL,DISABILITY,HOOD_158,NEIGHBOURHOOD_158,HOOD_140,NEIGHBOURHOOD_140,DIVISION
8949,1325529,2012-11-13,844,GERRARD ST E,YONGE ST,None,Major Arterial,Toronto and East York,At Intersection,Traffic Signal,Clear,Daylight,Dry,Non-Fatal Injury,Cyclist Collisions,Vehicle Owner,unknown,None,None,None,Other,None,None,None,None,None,None,None,None,None,None,Yes,None,None,Yes,None,None,None,None,None,None,None,None,168,Downtown Yonge East,75,Church-Yonge Corridor (75),D51
8950,1325529,2012-11-13,844,GERRARD ST E,YONGE ST,None,Major Arterial,Toronto and East York,At Intersection,Traffic Signal,Clear,Daylight,Dry,Non-Fatal Injury,Cyclist Collisions,Truck Driver,35 to 39,None,None,West,Truck - Open,Turning Right,Improper Turn,Normal,None,None,None,None,None,None,None,Yes,None,None,Yes,None,None,None,None,None,None,None,None,168,Downtown Yonge East,75,Church-Yonge Corridor (75),D51
8951,1325529,2012-11-13,844,GERRARD ST E,YONGE ST,None,Major Arterial,Toronto and East York,At Intersection,Traffic Signal,Clear,Daylight,Dry,Non-Fatal Injury,Cyclist Collisions,Cyclist,35 to 39,Major,None,West,Bicycle,Going Ahead,None,None,None,None,None,Motorist turning right on green or amber at signalized intersection strikes cyclist.,Other,Unknown,None,Yes,None,None,Yes,None,None,None,None,None,None,None,None,168,Downtown Yonge East,75,Church-Yonge Corridor (75),D51
8952,1332390,2012-11-15,627,KEELE ST,IRVING RD,None,Major Arterial,Etobicoke York,None,No Control,Clear,"Dark, artificial",Dry,Non-Fatal Injury,Turning Movement,Driver,65 to 69,None,None,North,"Automobile, Station Wagon",Turning Left,Improper Turn,Normal,None,None,None,None,None,None,None,None,Yes,None,None,None,None,Yes,None,None,None,None,None,112,Beechborough-Greenbrook,112,Beechborough-Greenbrook (112),D12
8953,1332390,2012-11-15,627,KEELE ST,IRVING RD,None,Major Arterial,Etobicoke York,None,No Control,Clear,"Dark, artificial",Dry,Non-Fatal Injury,Turning Movement,Passenger,5 to 9,Minimal,None,None,Other,None,None,None,None,None,None,None,None,None,None,None,Yes,None,None,None,None,Yes,None,None,None,None,None,112,Beechborough-Greenbrook,112,Beechborough-Greenbrook (112),D12
8954,1332390,2012-11-15,627,KEELE ST,IRVING RD,None,Major Arterial,Etobicoke York,None,No Control,Clear,"Dark, artificial",Dry,Non-Fatal Injury,Turning Movement,Vehicle Owner,unknown,None,None,None,Other,None,None,None,None,None,None,None,None,None,None,None,Yes,None,None,None,None,Yes,None,None,None,None,None,112,Beechborough-Greenbrook,112,Beechborough-Greenbrook (112),D12
8955,1332390,2012-11-15,627,KEELE ST,IRVING RD,None,Major Arterial,Etobicoke York,None,No Control,Clear,"Dark, artificial",Dry,Non-Fatal Injury,Turning Movement,Driver,25 to 29,Major,None,South,"Automobile, Station Wagon",Going Ahead,Driving Properly,Normal,None,None,None,None,None,None,None,None,Yes,None,None,None,None,Yes,None,None,None,None,None,112,Beechborough-Greenbrook,112,Beechborough-Greenbrook (112),D12
8956,1326143,2012-11-16,1743,FINCH AVE E,WILFRED AVE,None,Major Arterial,North York,None,No Control,Clear,"Dark, artificial",Dry,Non-Fatal Injury,Pedestrian Collisions,Driver,40 to 44,None,None,East,"Automobile, Station Wagon",Going Ahead,Driving Properly,Normal,None,None,None,None,None,None,Yes,None,Yes,None,None,None,None,None,None,None,None,None,None,152,East Willowdale,51,Willowdale East (51),D32
8957,1326143,2012-11-16,1743,FINCH AVE E,WILFRED AVE,None,Major Arterial,North York,None,No Control,Clear,"Dark, artificial",Dry,Non-Fatal Injury,Pedestrian Collisions,Pedestrian,75 to 79,Major,None,North,Other,None,None,None,Vehicle is going straight thru inter.while ped cross without ROW,"Crossing, no Traffic Control",Unknown,None,None,None,Yes,None,Yes,None,None,None,None,None,None,None,None,None,None,152,East Willowdale,51,Willowdale East (51),D32
8958,1333463,2012-11-16,2240,BLOOR ST E,PARK RD,None,Major Arterial,Toronto and East York,None,No Control,Clear,Dark,Dry,Non-Fatal Injury,Turning Movement,Vehicle Owner,unknown,None,None,None,Other,None,None,None,None,None,None,None,None,None,None,None,Yes,None,None,None,None,Yes,None,Yes,None,None,None,167,Church-Wellesley,75,Church-Yonge Corridor (75),D51
8959,1333463,2012-11-16,2240,BLOOR ST E,PARK RD,None,Major Arterial,Toronto and East York,None,No Control,Clear,Dark,Dry,Non-Fatal Injury,Turning Movement,Driver,45 to 49,Major,None,East,"Automobile, Station Wagon",Making U Turn,Failed to Yield Right of Way,Inattentive,None,None,None,None,None,None,None,None,Yes,None,None,None,None,Yes,None,Yes,None,None,None,167,Church-Wellesley,75,Church-Yonge Corridor (75),D51
8960,1333463,2012-11-16,2240,BLOOR ST E,PARK RD,None,Major Arterial,Toronto and East York,None,No Control,Clear,Dark,Dry,Non-Fatal Injury,Turning Movement,Passenger,25 to 29,Major,None,None,Other,None,None,None,None,None,None,None,None,None,None,None,Yes,None,None,None,None,Yes,None,Yes,None,None,None,167,Church-Wellesley,75,Church-Yonge Corridor (75),D51
8961,1333463,2012-11-16,2240,BLOOR ST E,PARK RD,None,Major Arterial,Toronto and East York,None,No Control,Clear,Dark,Dry,Non-Fatal Injury,Turning Movement,Vehicle Owner,unknown,None,None,None,Other,None,None,None,None,None,None,None,None,None,None,None,Yes,None,None,None,None,Yes,None,Yes,None,None,None,167,Church-Wellesley,75,Church-Yonge Corridor (75),D51
8962,1333463,2012-11-16,2240,BLOOR ST E,PARK RD,None,Major Arterial,Toronto and East York,None,No Control,Clear,Dark,Dry,Non-Fatal Injury,Turning Movement,Driver,25 to 29,Major,None,West,"Automobile, Station Wagon",Going Ahead,Driving Properly,Normal,None,None,None,None,None,None,None,None,Yes,None,None,None,None,Yes,None,Yes,None,None,None,167,Church-Wellesley,75,Church-Yonge Corridor (75),D51
8963,1326699,2012-11-18,104,DUNDAS ST E,RIVER ST,None,Major Arterial,Toronto and East York,At Intersection,Traffic Controller,Clear,"Dark, artificial",Dry,Non-Fatal Injury,Pedestrian Collisions,Vehicle Owner,unknown,None,None,None,Other,None,None,None,None,None,None,None,None,None,Yes,None,Yes,None,None,None,None,None,None,Yes,None,None,None,72,Regent Park,72,Regent Park (72),D51
8964,1326699,2012-11-18,104,DUNDAS ST E,RIVER ST,None,Major Arterial,Toronto and East York,At Intersection,Traffic Controller,Clear,"Dark, artificial",Dry,Non-Fatal Injury,Pedestrian Collisions,Driver,unknown,None,None,North,"Automobile, Station Wagon",Turning Left,Failed to Yield Right of Way,Normal,None,None,None,None,None,None,Yes,None,Yes,None,None,None,None,None,None,Yes,None,None,None,72,Regent Park,72,Regent Park (72),D51
8965,1326699,2012-11-18,104,DUNDAS ST E,RIVER ST,None,Major Arterial,Toronto and East York,At Intersection,Traffic Controller,Clear,"Dark, artificial",Dry,Non-Fatal Injury,Pedestrian Collisions,Pedestrian,40 to 44,Major,None,North,Other,None,None,None,Vehicle turns left while ped crosses with ROW at inter.,Crossing with right of way,Normal,None,None,None,Yes,None,Yes,None,None,None,None,None,None,Yes,None,None,None,72,Regent Park,72,Regent Park (72),D51
8966,1334350,2012-11-20,335,EASTERN AVE DIVERSION Aven,BROADVIEW AVE,None,Major Arterial,Toronto and East York,None,Traffic Signal,Clear,"Dark, artificial",Dry,Non-Fatal Injury,SMV Other,Vehicle Owner,unknown,None,None,None,Other,None,None,None,None,None,None,None,None,None,None,None,Yes,None,None,None,None,None,None,None,None,None,None,70,South Riverdale,70,South Riverdale (70),D55
8967,1334350,2012-11-20,335,EASTERN AVE DIVERSION Aven,BROADVIEW AVE,None,Major Arterial,Toronto and East York,None,Traffic Signal,Clear,"Dark, artificial",Dry,Non-Fatal Injury,SMV Other,Driver,20 to 24,Major,None,East,"Automobile, Station Wagon",Going Ahead,Lost control,Unknown,None,None,None,None,None,None,None,None,Yes,None,None,None,None,None,None,None,None,None,None,70,South Riverdale,70,South Riverdale (70),D55
8968,1334350,2012-11-20,335,EASTERN AVE DIVERSION Aven,BROADVIEW AVE,None,Major Arterial,Toronto and East York,None,Traffic Signal,Clear,"Dark, artificial",Dry,Non-Fatal Injury,SMV Other,Other Property Owner,unknown,None,None,None,Other,None,None,None,None,None,None,None,None,None,None,None,Yes,None,None,None,None,None,None,None,None,None,None,70,South Riverdale,70,South Riverdale (70),D55
8969,1334350,2012-11-20,335,EASTERN AVE DIVERSION Aven,BROADVIEW AVE,None,Major Arterial,Toronto and East York,None,Traffic Signal,Clear,"Dark, artificial",Dry,Non-Fatal Injury,SMV Other,Other Property Owner,unknown,None,None,None,Other,None,None,None,None,None,None,None,None,None,None,None,Yes,None,None,None,None,None,None,None,None,None,None,70,South Riverdale,70,South Riverdale (70),D55
8970,1327099,2012-11-23,643,DAVENPORT RD,LANSDOWNE AVE,None,Minor Arterial,Toronto and East York,At Intersection,Traffic Signal,Clear,"Dark, artificial",Dry,Fatal,Cyclist Collisions,Cyclist,35 to 39,Fatal,39,North,Bicycle,Going Ahead,None,None,None,None,None,"Cyclist without ROW rides into path of motorist at inter, lnwy, dwy-Cyclist not turn.",None,None,None,Yes,Yes,None,None,None,None,None,None,Yes,Yes,None,None,171,Junction-Wallace Emerson,93,Dovercourt-Wallace Emerson-Junction (93),D13
8971,1327099,2012-11-23,643,DAVENPORT RD,LANSDOWNE AVE,None,Minor Arterial,Toronto and East York,At Intersection,Traffic Signal,Clear,"Dark, artificial",Dry,Fatal,Cyclist Collisions,Driver,60 to 64,None,None,East,Passenger Van,Going Ahead,Disobeyed Traffic Control,Normal,None,None,None,None,None,None,None,Yes,Yes,None,None,None,None,None,None,Yes,Yes,None,None,171,Junction-Wallace Emerson,93,Dovercourt-Wallace Emerson-Junction (93),D13
8972,1327099,2012-11-23,643,DAVENPORT RD,LANSDOWNE AVE,None,Minor Arterial,Toronto and East York,At Intersection,Traffic Signal,Clear,"Dark, artificial",Dry,Fatal,Cyclist Collisions,Driver,20 to 24,None,None,West,"Automobile, Station Wagon",Going Ahead,Driving Properly,Unknown,None,None,None,None,None,None,None,Yes,Yes,None,None,None,None,None,None,Yes,Yes,None,None,171,Junction-Wallace Emerson,93,Dovercourt-Wallace Emerson-Junction (93),D13
8973,1327123,2012-11-23,1705,EGLINTON AVE W,JANE ST,None,Major Arterial,Etobicoke York,At Intersection,Traffic Signal,Clear,Dark,Dry,Non-Fatal Injury,Sideswipe,Driver,75 to 79,Major,None,West,"Automobile, Station Wagon",Going Ahead,Other,Other,None,None,None,None,None,None,None,None,Yes,None,None,None,None,None,None,None,None,None,None,115,Mount Dennis,115,Mount Dennis (115),D12
8974,1327123,2012-11-23,1705,EGLINTON AVE W,JANE ST,None,Major Arterial,Etobicoke York,At Intersection,Traffic Signal,Clear,Dark,Dry,Non-Fatal Injury,Sideswipe,Driver,35 to 39,None,None,West,"Automobile, Station Wagon",Stopped,Driving Properly,Normal,None,None,None,None,None,None,None,None,Yes,None,None,None,None,None,None,None,None,None,None,115,Mount Dennis,115,Mount Dennis (115),D12
8975,1327123,2012-11-23,1705,EGLINTON AVE W,JANE ST,None,Major Arterial,Etobicoke York,At Intersection,Traffic Signal,Clear,Dark,Dry,Non-Fatal Injury,Sideswipe,Driver,65 to 69,None,None,South,"Automobile, Station Wagon",Going Ahead,Driving Properly,Normal,None,None,None,None,None,None,None,None,Yes,None,None,None,None,None,None,None,None,None,None,115,Mount Dennis,115,Mount Dennis (115),D12
8976,1335535,2012-11-24,1305,EGLINTON AVE E,BROWNLOW AVE,None,Major Arterial,Toronto and East York,At Intersection,Stop Sign,Clear,Daylight,Dry,Non-Fatal Injury,Pedestrian Collisions,Vehicle Owner,unknown,None,None,None,Other,None,None,None,None,None,None,None,None,None,Yes,None,Yes,None,None,None,None,None,None,Yes,None,None,None,173,North Toronto,104,Mount Pleasant West (104),D53
8977,1335535,2012-11-24,1305,EGLINTON AVE E,BROWNLOW AVE,None,Major Arterial,Toronto and East York,At Intersection,Stop Sign,Clear,Daylight,Dry,Non-Fatal Injury,Pedestrian Collisions,Driver,30 to 34,None,None,West,"Automobile, Station Wagon",Turning Left,Failed to Yield Right of Way,Unknown,None,None,None,None,None,None,Yes,None,Yes,None,None,None,None,None,None,Yes,None,None,None,173,North Toronto,104,Mount Pleasant West (104),D53
8978,1335535,2012-11-24,1305,EGLINTON AVE E,BROWNLOW AVE,None,Major Arterial,Toronto and East York,At Intersection,Stop Sign,Clear,Daylight,Dry,Non-Fatal Injury,Pedestrian Collisions,Pedestrian,25 to 29,Major,None,West,Other,None,None,None,Vehicle turns left while ped crosses with ROW at inter.,Crossing with right of way,Normal,None,None,None,Yes,None,Yes,None,None,None,None,None,None,Yes,None,None,None,173,North Toronto,104,Mount Pleasant West (104),D53
8979,1327320,2012-11-24,2127,KENNEDY RD,RADNOR AVE,None,Major Arterial,Scarborough,At Intersection,No Control,Clear,"Dark, artificial",Dry,Non-Fatal Injury,SMV Other,Passenger,15 to 19,None,None,None,Other,None,None,None,None,None,None,None,None,None,None,None,Yes,None,None,None,None,Yes,Yes,Yes,None,None,None,126,Dorset Park,126,Dorset Park (126),D41
8980,1327320,2012-11-24,2127,KENNEDY RD,RADNOR AVE,None,Major Arterial,Scarborough,At Intersection,No Control,Clear,"Dark, artificial",Dry,Non-Fatal Injury,SMV Other,Passenger,20 to 24,None,None,None,Other,None,None,None,None,None,None,None,None,None,None,None,Yes,None,None,None,None,Yes,Yes,Yes,None,None,None,126,Dorset Park,126,Dorset Park (126),D41
8981,1327320,2012-11-24,2127,KENNEDY RD,RADNOR AVE,None,Major Arterial,Scarborough,At Intersection,No Control,Clear,"Dark, artificial",Dry,Non-Fatal Injury,SMV Other,Driver,20 to 24,Major,None,South,"Automobile, Station Wagon",Going Ahead,Speed too Fast For Condition,Unknown,None,None,None,None,None,None,None,None,Yes,None,None,None,None,Yes,Yes,Yes,None,None,None,126,Dorset Park,126,Dorset Park (126),D41
8982,1327320,2012-11-24,2127,KENNEDY RD,RADNOR AVE,None,Major Arterial,Scarborough,At Intersection,No Control,Clear,"Dark, artificial",Dry,Non-Fatal Injury,SMV Other,Other Property Owner,unknown,None,None,None,Other,None,None,None,None,None,None,None,None,None,None,None,Yes,None,None,None,None,Yes,Yes,Yes,None,None,None,126,Dorset Park,126,Dorset Park (126),D41
8983,1335409,2012-11-25,149,HORNER AVE,JUDSON ST,None,Minor Arterial,Etobicoke York,At Intersection,Stop Sign,Clear,Dark,Dry,Non-Fatal Injury,SMV Other,Driver,25 to 29,Major,None,West,"Automobile, Station Wagon",Turning Left,Lost control,"Ability Impaired, Alcohol Over .08",None,None,None,None,None,None,None,None,Yes,None,None,None,None,None,None,None,None,Yes,None,160,Mimico-Queensway,17,Mimico (includes Humber Bay Shores) (17),D22
8984,1335409,2012-11-25,149,HORNER AVE,JUDSON ST,None,Minor Arterial,Etobicoke York,At Intersection,Stop Sign,Clear,Dark,Dry,Non-Fatal Injury,SMV Other,Other Property Owner,unknown,None,None,None,Other,None,None,None,None,None,None,None,None,None,None,None,Yes,None,None,None,None,None,None,None,None,Yes,None,160,Mimico-Queensway,17,Mimico (includes Humber Bay Shores) (17),D22
8985,1327567,2012-11-26,1010,F G GARDINER XY  W,ISLINGTON AVE,None,None,Etobicoke York,None,No Control,Clear,Daylight,Dry,Non-Fatal Injury,Other,Driver,20 to 24,None,None,West,"Automobile, Station Wagon",Other,Other,Normal,None,None,None,None,None,None,None,None,Yes,None,Yes,None,None,Yes,None,None,None,None,None,160,Mimico-Queensway,17,Mimico (includes Humber Bay Shores) (17),D22
8986,1327567,2012-11-26,1010,F G GARDINER XY  W,ISLINGTON AVE,None,None,Etobicoke York,None,No Control,Clear,Daylight,Dry,Non-Fatal Injury,Other,Truck Driver,50 to 54,None,None,West,Truck - Open,Going Ahead,Driving Properly,Normal,None,None,None,None,None,None,None,None,Yes,None,Yes,None,None,Yes,None,None,None,None,None,160,Mimico-Queensway,17,Mimico (includes Humber Bay Shores) (17),D22
8987,1327567,2012-11-26,1010,F G GARDINER XY  W,ISLINGTON AVE,None,None,Etobicoke York,None,No Control,Clear,Daylight,Dry,Non-Fatal Injury,Other,Driver,55 to 59,Minor,None,West,"Automobile, Station Wagon",Slowing or Stopping,Lost control,Normal,None,None,None,None,None,None,None,None,Yes,None,Yes,None,None,Yes,None,None,None,None,None,160,Mimico-Queensway,17,Mimico (includes Humber Bay Shores) (17),D22
8988,1327567,2012-11-26,1010,F G GARDINER XY  W,ISLINGTON AVE,None,None,Etobicoke York,None,No Control,Clear,Daylight,Dry,Non-Fatal Injury,Other,Driver,20 to 24,Minimal,None,West,"Automobile, Station Wagon",Going Ahead,Driving Properly,Normal,None,None,None,None,None,None,None,None,Yes,None,Yes,None,None,Yes,None,None,None,None,None,160,Mimico-Queensway,17,Mimico (includes Humber Bay Shores) (17),D22
8989,1327567,2012-11-26,1010,F G GARDINER XY  W,ISLINGTON AVE,None,None,Etobicoke York,None,No Control,Clear,Daylight,Dry,Non-Fatal Injury,Other,Passenger,20 to 24,Major,None,None,Other,None,None,None,None,None,None,None,None,None,None,None,Yes,None,Yes,None,None,Yes,None,None,None,None,None,160,Mimico-Queensway,17,Mimico (includes Humber Bay Shores) (17),D22
8990,1335478,2012-11-26,1405,QUEEN ST W,BAY ST,None,Major Arterial,Toronto and East York,None,No Control,Clear,Daylight,Dry,Non-Fatal Injury,Cyclist Collisions,Driver,40 to 44,None,None,East,"Automobile, Station Wagon",Stopped,Other,Normal,None,None,None,None,None,None,None,Yes,Yes,None,None,None,None,None,None,None,None,None,None,170,Yonge-Bay Corridor,76,Bay Street Corridor (76),D52
8991,1335478,2012-11-26,1405,QUEEN ST W,BAY ST,None,Major Arterial,Toronto and East York,None,No Control,Clear,Daylight,Dry,Non-Fatal Injury,Cyclist Collisions,Cyclist,45 to 49,Major,None,East,Bicycle,Going Ahead,None,None,None,None,None,Cyclist and Driver travelling in same direction. One vehicle sideswipes the other.,Improper Passing,Inattentive,None,Yes,Yes,None,None,None,None,None,None,None,None,None,None,170,Yonge-Bay Corridor,76,Bay Street Corridor (76),D52
8992,1327908,2012-11-27,230,SCARLETT RD,RIVERVIEW HTS,None,Major Arterial,Etobicoke York,None,No Control,Clear,"Dark, artificial",Dry,Non-Fatal Injury,SMV Other,Vehicle Owner,unknown,None,None,None,Other,None,None,None,None,None,None,None,None,None,None,None,Yes,None,None,None,None,None,Yes,Yes,None,None,None,8,Humber Heights-Westmount,8,Humber Heights-Westmount (8),D23
8993,1327908,2012-11-27,230,SCARLETT RD,RIVERVIEW HTS,None,Major Arterial,Etobicoke York,None,No Control,Clear,"Dark, artificial",Dry,Non-Fatal Injury,SMV Other,Driver,30 to 34,Major,None,South,"Automobile, Station Wagon",Going Ahead,Lost control,Unknown,None,None,None,None,None,None,None,None,Yes,None,None,None,None,None,Yes,Yes,None,None,None,8,Humber Heights-Westmount,8,Humber Heights-Westmount (8),D23
8994,1327908,2012-11-27,230,SCARLETT RD,RIVERVIEW HTS,None,Major Arterial,Etobicoke York,None,No Control,Clear,"Dark, artificial",Dry,Non-Fatal Injury,SMV Other,Other Property Owner,unknown,None,None,None,Other,None,None,None,None,None,None,None,None,None,None,None,Yes,None,None,None,None,None,Yes,Yes,None,None,None,8,Humber Heights-Westmount,8,Humber Heights-Westmount (8),D23
8995,1327765,2012-11-27,1720,MIDLAND AVE,KILCULLEN CASTLE GT,None,Major Arterial,Scarborough,None,No Control,Clear,"Dark, artificial",Dry,Fatal,Pedestrian Collisions,Vehicle Owner,unknown,None,None,None,Other,None,None,None,None,None,None,None,None,None,Yes,None,Yes,None,None,None,None,None,None,None,None,None,None,130,Milliken,130,Milliken (130),D42
8996,1327765,2012-11-27,1720,MIDLAND AVE,KILCULLEN CASTLE GT,None,Major Arterial,Scarborough,None,No Control,Clear,"Dark, artificial",Dry,Fatal,Pedestrian Collisions,Driver,65 to 69,None,None,North,"Automobile, Station Wagon",Slowing or Stopping,Driving Properly,Normal,None,None,None,None,None,None,Yes,None,Yes,None,None,None,None,None,None,None,None,None,None,130,Milliken,130,Milliken (130),D42
8997,1327765,2012-11-27,1720,MIDLAND AVE,KILCULLEN CASTLE GT,None,Major Arterial,Scarborough,None,No Control,Clear,"Dark, artificial",Dry,Fatal,Pedestrian Collisions,Pedestrian,40 to 44,Fatal,40,Unknown,Other,None,None,None,Pedestrian hit at mid-block,"Crossing, no Traffic Control",Unknown,None,None,None,Yes,None,Yes,None,None,None,None,None,None,None,None,None,None,130,Milliken,130,Milliken (130),D42
8998,1327895,2012-11-28,1052,KIPLING AVE,EGLINTON AVE W,None,Major Arterial,Etobicoke York,At Intersection,Traffic Signal,Clear,Daylight,Dry,Non-Fatal Injury,Turning Movement,Vehicle Owner,unknown,None,None,None,Other,None,None,None,None,None,None,None,None,None,None,None,Yes,None,Yes,None,None,None,None,Yes,None,None,None,10,Princess-Rosethorn,10,Princess-Rosethorn (10),D22
8999,1327895,2012-11-28,1052,KIPLING AVE,EGLINTON AVE W,None,Major Arterial,Etobicoke York,At Intersection,Traffic Signal,Clear,Daylight,Dry,Non-Fatal Injury,Turning Movement,Truck Driver,70 to 74,Minimal,None,North,Truck - Open,Going Ahead,Driving Properly,Normal,None,None,None,None,None,None,None,None,Yes,None,Yes,None,None,None,None,Yes,None,None,None,10,Princess-Rosethorn,10,Princess-Rosethorn (10),D22
9000,1327895,2012-11-28,1052,KIPLING AVE,EGLINTON AVE W,None,Major Arterial,Etobicoke York,At Intersection,Traffic Signal,Clear,Daylight,Dry,Non-Fatal Injury,Turning Movement,Driver,35 to 39,None,None,South,"Automobile, Station Wagon",Going Ahead,Driving Properly,Normal,None,None,None,None,None,None,None,None,Yes,None,Yes,None,None,None,None,Yes,None,None,None,10,Princess-Rosethorn,10,Princess-Rosethorn (10),D22
9001,1327895,2012-11-28,1052,KIPLING AVE,EGLINTON AVE W,None,Major Arterial,Etobicoke York,At Intersection,Traffic Signal,Clear,Daylight,Dry,Non-Fatal Injury,Turning Movement,Driver,85 to 89,Major,None,South,"Automobile, Station Wagon",Turning Left,Failed to Yield Right of Way,Unknown,None,None,None,None,None,None,None,None,Yes,None,Yes,None,None,None,None,Yes,None,None,None,10,Princess-Rosethorn,10,Princess-Rosethorn (10),D22
9002,1332159,2012-11-28,1723,DONCASTER AVE,MAIN ST,None,Minor Arterial,Toronto and East York,At Intersection,No Control,Clear,Dark,Dry,Non-Fatal Injury,Pedestrian Collisions,Driver,unknown,None,None,East,"Automobile, Station Wagon",Going Ahead,Failed to Yield Right of Way,Normal,None,None,None,None,None,None,Yes,None,Yes,None,None,None,None,None,None,Yes,None,None,None,60,Woodbine-Lumsden,60,Woodbine-Lumsden (60),D55
9003,1332159,2012-11-28,1723,DONCASTER AVE,MAIN ST,None,Minor Arterial,Toronto and East York,At Intersection,No Control,Clear,Dark,Dry,Non-Fatal Injury,Pedestrian Collisions,Pedestrian,10 to 14,Major,None,North,Other,None,None,None,Pedestrian hit at mid-block,"Crossing, no Traffic Control",Normal,None,None,None,Yes,None,Yes,None,None,None,None,None,None,Yes,None,None,None,60,Woodbine-Lumsden,60,Woodbine-Lumsden (60),D55
9004,1328909,2012-11-29,125,WARDEN AVE,TOWER DR,None,Major Arterial,Scarborough,At Intersection,Traffic Signal,Clear,Dark,Dry,Non-Fatal Injury,Rear End,Vehicle Owner,unknown,None,None,None,Other,None,None,None,None,None,None,None,None,None,None,None,Yes,None,None,None,None,None,Yes,Yes,None,None,None,119,Wexford/Maryvale,119,Wexford/Maryvale (119),D41
9005,1328909,2012-11-29,125,WARDEN AVE,TOWER DR,None,Major Arterial,Scarborough,At Intersection,Traffic Signal,Clear,Dark,Dry,Non-Fatal Injury,Rear End,Driver,20 to 24,Minor,None,South,"Automobile, Station Wagon",Stopped,Driving Properly,Normal,None,None,None,None,None,None,None,None,Yes,None,None,None,None,None,Yes,Yes,None,None,None,119,Wexford/Maryvale,119,Wexford/Maryvale (119),D41
9006,1328909,2012-11-29,125,WARDEN AVE,TOWER DR,None,Major Arterial,Scarborough,At Intersection,Traffic Signal,Clear,Dark,Dry,Non-Fatal Injury,Rear End,Vehicle Owner,unknown,None,None,None,Other,None,None,None,None,None,None,None,None,None,None,None,Yes,None,None,None,None,None,Yes,Yes,None,None,None,119,Wexford/Maryvale,119,Wexford/Maryvale (119),D41
9007,1328909,2012-11-29,125,WARDEN AVE,TOWER DR,None,Major Arterial,Scarborough,At Intersection,Traffic Signal,Clear,Dark,Dry,Non-Fatal Injury,Rear End,Driver,30 to 34,Major,None,South,"Automobile, Station Wagon",Going Ahead,Exceeding Speed Limit,Fatigue,None,None,None,None,None,None,None,None,Yes,None,None,None,None,None,Yes,Yes,None,None,None,119,Wexford/Maryvale,119,Wexford/Maryvale (119),D41
9008,1336008,2012-11-29,1830,ROYAL YORK RD,MIMICO AVE,None,Minor Arterial,Etobicoke York,At Intersection,Traffic Signal,Clear,"Dark, artificial",Dry,Non-Fatal Injury,Pedestrian Collisions,Driver,20 to 24,None,None,South,"Automobile, Station Wagon",Going Ahead,Driving Properly,Normal,None,None,None,None,None,None,Yes,None,Yes,None,None,None,None,None,None,None,None,None,None,160,Mimico-Queensway,17,Mimico (includes Humber Bay Shores) (17),D22
9009,1336008,2012-11-29,1830,ROYAL YORK RD,MIMICO AVE,None,Minor Arterial,Etobicoke York,At Intersection,Traffic Signal,Clear,"Dark, artificial",Dry,Non-Fatal Injury,Pedestrian Collisions,Pedestrian,10 to 14,Major,None,East,Other,None,None,None,Pedestrian hit at mid-block,"Crossing, no Traffic Control",Inattentive,None,None,None,Yes,None,Yes,None,None,None,None,None,None,None,None,None,None,160,Mimico-Queensway,17,Mimico (includes Humber Bay Shores) (17),D22
9010,1328386,2012-11-30,1053,RUNNYMEDE RD,DUNDAS ST W,None,Major Arterial,Toronto and East York,At Intersection,Traffic Signal,Clear,Daylight,Dry,Non-Fatal Injury,Rear End,Driver,70 to 74,Major,None,South,"Automobile, Station Wagon",Going Ahead,Lost control,Medical or Physical Disability,None,None,None,None,None,None,None,None,Yes,None,None,None,None,None,None,None,None,None,Yes,90,Junction Area,90,Junction Area (90),D11
9011,1328386,2012-11-30,1053,RUNNYMEDE RD,DUNDAS ST W,None,Major Arterial,Toronto and East York,At Intersection,Traffic Signal,Clear,Daylight,Dry,Non-Fatal Injury,Rear End,Vehicle Owner,unknown,None,None,None,Other,None,None,None,None,None,None,None,None,None,None,None,Yes,None,None,None,None,None,None,None,None,None,Yes,90,Junction Area,90,Junction Area (90),D11
9012,1328386,2012-11-30,1053,RUNNYMEDE RD,DUNDAS ST W,None,Major Arterial,Toronto and East York,At Intersection,Traffic Signal,Clear,Daylight,Dry,Non-Fatal Injury,Rear End,Driver,20 to 24,None,None,South,"Automobile, Station Wagon",Going Ahead,Driving Properly,Normal,None,None,None,None,None,None,None,None,Yes,None,None,None,None,None,None,None,None,None,Yes,90,Junction Area,90,Junction Area (90),D11
9013,1336399,2012-12-01,2027,OVERLEA BLVD,WILLIAM MORGAN DR,None,Major Arterial,North York,None,No Control,Clear,Dark,Dry,Non-Fatal Injury,Pedestrian Collisions,Driver,25 to 29,None,None,East,"Automobile, Station Wagon",Going Ahead,Driving Properly,Normal,None,None,None,None,None,None,Yes,None,Yes,None,None,None,None,None,None,None,None,None,None,55,Thorncliffe Park,55,Thorncliffe Park (55),D53