_id,ACCNUM,DATE,TIME,STREET1,STREET2,OFFSET,ROAD_CLASS,DISTRICT,ACCLOC,TRAFFCTL,VISIBILITY,LIGHT,RDSFCOND,ACCLASS,IMPACTYPE,INVTYPE,INVAGE,INJURY,FATAL_NO,INITDIR,VEHTYPE,MANOEUVER,DRIVACT,DRIVCOND,PEDTYPE,PEDACT,PEDCOND,CYCLISTYPE,CYCACT,CYCCOND,PEDESTRIAN,CYCLIST,AUTOMOBILE,MOTORCYCLE,TRUCK,TRSN_CITY_VEH,EMERG_VEH,PASSENGER,SPEEDING,AG_DRIV,REDLIGHT,ALCOHOL,DISABILITY,HOOD_158,NEIGHBOURHOOD_158,HOOD_140,NEIGHBOURHOOD_140,DIVISION
9014,1336399,2012-12-01,2027,OVERLEA BLVD,WILLIAM MORGAN DR,None,Major Arterial,North York,None,No Control,Clear,Dark,Dry,Non-Fatal Injury,Pedestrian Collisions,Pedestrian,70 to 74,Major,None,South,Other,None,None,None,Pedestrian hit at mid-block,"Crossing, no Traffic Control",Normal,None,None,None,Yes,None,Yes,None,None,None,None,None,None,None,None,None,None,55,Thorncliffe Park,55,Thorncliffe Park (55),D53
9015,1337044,2012-12-02,210,KEELE ST,MURRAY ROSS PKWY,None,Major Arterial,Etobicoke York,At Intersection,Traffic Signal,Rain,"Dark, artificial",Wet,Non-Fatal Injury,Angle,Driver,55 to 59,Minimal,None,West,"Automobile, Station Wagon",Going Ahead,Failed to Yield Right of Way,Fatigue,None,None,None,None,None,None,None,None,Yes,None,None,None,None,None,None,Yes,None,None,None,27,York University Heights,27,York University Heights (27),D31
9016,1337044,2012-12-02,210,KEELE ST,MURRAY ROSS PKWY,None,Major Arterial,Etobicoke York,At Intersection,Traffic Signal,Rain,"Dark, artificial",Wet,Non-Fatal Injury,Angle,Driver,25 to 29,Major,None,North,"Automobile, Station Wagon",Going Ahead,Driving Properly,Normal,None,None,None,None,None,None,None,None,Yes,None,None,None,None,None,None,Yes,None,None,None,27,York University Heights,27,York University Heights (27),D31
9017,1328705,2012-12-02,237,THE QUEENSWAY,PARK LAWN RD,None,Major Arterial,Etobicoke York,None,No Control,Clear,"Dark, artificial",Wet,Non-Fatal Injury,Pedestrian Collisions,Passenger,unknown,None,None,None,Other,Other,None,None,None,None,None,None,None,None,Yes,None,Yes,None,None,None,None,Yes,None,Yes,None,None,None,16,Stonegate-Queensway,16,Stonegate-Queensway (16),D22
9018,1328705,2012-12-02,237,THE QUEENSWAY,PARK LAWN RD,None,Major Arterial,Etobicoke York,None,No Control,Clear,"Dark, artificial",Wet,Non-Fatal Injury,Pedestrian Collisions,Vehicle Owner,unknown,None,None,None,Other,None,None,None,None,None,None,None,None,None,Yes,None,Yes,None,None,None,None,Yes,None,Yes,None,None,None,16,Stonegate-Queensway,16,Stonegate-Queensway (16),D22
9019,1328705,2012-12-02,237,THE QUEENSWAY,PARK LAWN RD,None,Major Arterial,Etobicoke York,None,No Control,Clear,"Dark, artificial",Wet,Non-Fatal Injury,Pedestrian Collisions,Driver,35 to 39,None,None,East,Taxi,Going Ahead,Other,Normal,None,None,None,None,None,None,Yes,None,Yes,None,None,None,None,Yes,None,Yes,None,None,None,16,Stonegate-Queensway,16,Stonegate-Queensway (16),D22
9020,1328705,2012-12-02,237,THE QUEENSWAY,PARK LAWN RD,None,Major Arterial,Etobicoke York,None,No Control,Clear,"Dark, artificial",Wet,Non-Fatal Injury,Pedestrian Collisions,Pedestrian,25 to 29,Major,None,South,Other,None,None,None,Pedestrian hit at mid-block,"Crossing, no Traffic Control",Had Been Drinking,None,None,None,Yes,None,Yes,None,None,None,None,Yes,None,Yes,None,None,None,16,Stonegate-Queensway,16,Stonegate-Queensway (16),D22
9021,1379252,2012-12-02,315,MAITLAND ST,YONGE ST,None,Collector,Toronto and East York,None,No Control,Clear,Dark,Dry,Non-Fatal Injury,Pedestrian Collisions,Vehicle Owner,unknown,None,None,None,Other,None,None,None,None,None,None,None,None,None,Yes,None,Yes,None,None,None,None,None,None,None,None,None,None,167,Church-Wellesley,75,Church-Yonge Corridor (75),D51
9022,1379252,2012-12-02,315,MAITLAND ST,YONGE ST,None,Collector,Toronto and East York,None,No Control,Clear,Dark,Dry,Non-Fatal Injury,Pedestrian Collisions,Driver,20 to 24,None,None,East,"Automobile, Station Wagon",Pulling Away from Shoulder or Curb,Other,Had Been Drinking,None,None,None,None,None,None,Yes,None,Yes,None,None,None,None,None,None,None,None,None,None,167,Church-Wellesley,75,Church-Yonge Corridor (75),D51
9023,1379252,2012-12-02,315,MAITLAND ST,YONGE ST,None,Collector,Toronto and East York,None,No Control,Clear,Dark,Dry,Non-Fatal Injury,Pedestrian Collisions,Pedestrian,20 to 24,Major,None,Unknown,Other,None,None,None,Pedestrian hit at mid-block,"Crossing, no Traffic Control",Other,None,None,None,Yes,None,Yes,None,None,None,None,None,None,None,None,None,None,167,Church-Wellesley,75,Church-Yonge Corridor (75),D51
9024,1337921,2012-12-02,1347,ELLESMERE RD,MARKHAM RD,None,Major Arterial,Scarborough,At Intersection,Traffic Signal,Rain,Daylight,Wet,Non-Fatal Injury,Pedestrian Collisions,Vehicle Owner,unknown,None,None,None,Other,None,None,None,None,None,None,None,None,None,Yes,None,Yes,None,None,None,None,None,None,None,None,None,None,142,Woburn North,137,Woburn (137),D43
9025,1337921,2012-12-02,1347,ELLESMERE RD,MARKHAM RD,None,Major Arterial,Scarborough,At Intersection,Traffic Signal,Rain,Daylight,Wet,Non-Fatal Injury,Pedestrian Collisions,Driver,20 to 24,None,None,East,"Automobile, Station Wagon",Going Ahead,Driving Properly,Normal,None,None,None,None,None,None,Yes,None,Yes,None,None,None,None,None,None,None,None,None,None,142,Woburn North,137,Woburn (137),D43
9026,1337921,2012-12-02,1347,ELLESMERE RD,MARKHAM RD,None,Major Arterial,Scarborough,At Intersection,Traffic Signal,Rain,Daylight,Wet,Non-Fatal Injury,Pedestrian Collisions,Pedestrian,45 to 49,Major,None,North,Other,None,None,None,Vehicle is going straight thru inter.while ped cross without ROW,Crossing without right of way,Inattentive,None,None,None,Yes,None,Yes,None,None,None,None,None,None,None,None,None,None,142,Woburn North,137,Woburn (137),D43
9027,1337045,2012-12-02,1603,EGLINTON AVE E,DON VALLEY PARKWAY  N,None,Major Arterial,North York,None,No Control,Rain,"Dark, artificial",Wet,Non-Fatal Injury,SMV Other,Passenger,5 to 9,Minor,None,None,Other,None,None,None,None,None,None,None,None,None,None,None,Yes,None,None,None,None,Yes,Yes,Yes,None,None,None,44,Flemingdon Park,44,Flemingdon Park (44),D55
9028,1337045,2012-12-02,1603,EGLINTON AVE E,DON VALLEY PARKWAY  N,None,Major Arterial,North York,None,No Control,Rain,"Dark, artificial",Wet,Non-Fatal Injury,SMV Other,Passenger,5 to 9,Minor,None,None,Other,None,None,None,None,None,None,None,None,None,None,None,Yes,None,None,None,None,Yes,Yes,Yes,None,None,None,44,Flemingdon Park,44,Flemingdon Park (44),D55
9029,1337045,2012-12-02,1603,EGLINTON AVE E,DON VALLEY PARKWAY  N,None,Major Arterial,North York,None,No Control,Rain,"Dark, artificial",Wet,Non-Fatal Injury,SMV Other,Passenger,10 to 14,Major,None,None,Other,None,None,None,None,None,None,None,None,None,None,None,Yes,None,None,None,None,Yes,Yes,Yes,None,None,None,44,Flemingdon Park,44,Flemingdon Park (44),D55
9030,1337045,2012-12-02,1603,EGLINTON AVE E,DON VALLEY PARKWAY  N,None,Major Arterial,North York,None,No Control,Rain,"Dark, artificial",Wet,Non-Fatal Injury,SMV Other,Passenger,40 to 44,Minimal,None,None,Other,None,None,None,None,None,None,None,None,None,None,None,Yes,None,None,None,None,Yes,Yes,Yes,None,None,None,44,Flemingdon Park,44,Flemingdon Park (44),D55
9031,1337045,2012-12-02,1603,EGLINTON AVE E,DON VALLEY PARKWAY  N,None,Major Arterial,North York,None,No Control,Rain,"Dark, artificial",Wet,Non-Fatal Injury,SMV Other,Driver,50 to 54,Major,None,South,"Automobile, Station Wagon",Turning Right,Speed too Fast For Condition,Inattentive,None,None,None,None,None,None,None,None,Yes,None,None,None,None,Yes,Yes,Yes,None,None,None,44,Flemingdon Park,44,Flemingdon Park (44),D55
9032,1337045,2012-12-02,1603,EGLINTON AVE E,DON VALLEY PARKWAY  N,None,Major Arterial,North York,None,No Control,Rain,"Dark, artificial",Wet,Non-Fatal Injury,SMV Other,Other Property Owner,unknown,None,None,None,Other,None,None,None,None,None,None,None,None,None,None,None,Yes,None,None,None,None,Yes,Yes,Yes,None,None,None,44,Flemingdon Park,44,Flemingdon Park (44),D55
9033,1328809,2012-12-02,1745,BRIMLEY RD,SHEPPARD AVE E,None,Major Arterial,Scarborough,At Intersection,Traffic Signal,"Fog, Mist, Smoke, Dust","Dark, artificial",Wet,Non-Fatal Injury,Pedestrian Collisions,Driver,70 to 74,None,None,West,"Automobile, Station Wagon",Turning Right,Failed to Yield Right of Way,Unknown,None,None,None,None,None,None,Yes,None,Yes,None,None,None,None,None,None,Yes,None,None,None,128,Agincourt South-Malvern West,128,Agincourt South-Malvern West (128),D42
9034,1328809,2012-12-02,1745,BRIMLEY RD,SHEPPARD AVE E,None,Major Arterial,Scarborough,At Intersection,Traffic Signal,"Fog, Mist, Smoke, Dust","Dark, artificial",Wet,Non-Fatal Injury,Pedestrian Collisions,Pedestrian,75 to 79,Major,None,West,Other,None,None,None,Vehicle turns right while ped crosses with ROW at inter.,Crossing with right of way,Normal,None,None,None,Yes,None,Yes,None,None,None,None,None,None,Yes,None,None,None,128,Agincourt South-Malvern West,128,Agincourt South-Malvern West (128),D42
9035,1336620,2012-12-03,650,VICTORIA PARK AVE,LAWRENCE AVE E,None,Major Arterial,North York,At Intersection,Traffic Signal,Clear,"Dawn, artificial",Dry,Non-Fatal Injury,Pedestrian Collisions,Driver,40 to 44,None,None,North,"Automobile, Station Wagon",Turning Left,Improper Turn,Unknown,None,None,None,None,None,None,Yes,None,Yes,None,None,None,None,None,None,None,None,None,None,119,Wexford/Maryvale,119,Wexford/Maryvale (119),D41
9036,1336620,2012-12-03,650,VICTORIA PARK AVE,LAWRENCE AVE E,None,Major Arterial,North York,At Intersection,Traffic Signal,Clear,"Dawn, artificial",Dry,Non-Fatal Injury,Pedestrian Collisions,Driver,20 to 24,Minor,None,South,"Automobile, Station Wagon",Going Ahead,Driving Properly,Normal,None,None,None,None,None,None,Yes,None,Yes,None,None,None,None,None,None,None,None,None,None,119,Wexford/Maryvale,119,Wexford/Maryvale (119),D41
9037,1336620,2012-12-03,650,VICTORIA PARK AVE,LAWRENCE AVE E,None,Major Arterial,North York,At Intersection,Traffic Signal,Clear,"Dawn, artificial",Dry,Non-Fatal Injury,Pedestrian Collisions,Pedestrian,15 to 19,Major,None,South,Other,None,None,None,Pedestrian hit on sidewalk or shoulder,On Sidewalk or Shoulder,Normal,None,None,None,Yes,None,Yes,None,None,None,None,None,None,None,None,None,None,119,Wexford/Maryvale,119,Wexford/Maryvale (119),D41
9038,1329059,2012-12-03,1507,ELM RD,FAIRLAWN AVE,None,Collector,North York,At Intersection,Stop Sign,Clear,Daylight,Dry,Fatal,Pedestrian Collisions,Driver,85 to 89,None,None,South,"Automobile, Station Wagon",Going Ahead,Failed to Yield Right of Way,Inattentive,None,None,None,None,None,None,Yes,None,Yes,None,None,None,None,None,None,Yes,None,None,None,105,Lawrence Park North,105,Lawrence Park North (105),D32
9039,1329059,2012-12-03,1507,ELM RD,FAIRLAWN AVE,None,Collector,North York,At Intersection,Stop Sign,Clear,Daylight,Dry,Fatal,Pedestrian Collisions,Pedestrian,85 to 89,Fatal,41,East,Other,None,None,None,Vehicle is going straight thru inter.while ped cross with ROW,Crossing with right of way,Normal,None,None,None,Yes,None,Yes,None,None,None,None,None,None,Yes,None,None,None,105,Lawrence Park North,105,Lawrence Park North (105),D32
9040,1329416,2012-12-04,1810,SHORNCLIFFE RD,BRAMSHOTT RD,None,Minor Arterial,Etobicoke York,At Intersection,No Control,Clear,"Dark, artificial",Wet,Non-Fatal Injury,Pedestrian Collisions,Driver,45 to 49,None,None,South,"Automobile, Station Wagon",Going Ahead,Driving Properly,Normal,None,None,None,None,None,None,Yes,None,Yes,None,None,None,None,None,None,None,None,None,None,159,Etobicoke City Centre,14,Islington-City Centre West (14),D22
9041,1329416,2012-12-04,1810,SHORNCLIFFE RD,BRAMSHOTT RD,None,Minor Arterial,Etobicoke York,At Intersection,No Control,Clear,"Dark, artificial",Wet,Non-Fatal Injury,Pedestrian Collisions,Pedestrian,55 to 59,Major,None,West,Other,None,None,None,Vehicle is going straight thru inter.while ped cross without ROW,"Crossing, no Traffic Control",Unknown,None,None,None,Yes,None,Yes,None,None,None,None,None,None,None,None,None,None,159,Etobicoke City Centre,14,Islington-City Centre West (14),D22
9042,1338034,2012-12-06,50,DUNDAS ST W,PALMERSTON AVE,None,Major Arterial,Toronto and East York,None,No Control,Clear,Dark,Dry,Non-Fatal Injury,Pedestrian Collisions,Driver,25 to 29,None,None,West,"Automobile, Station Wagon",Going Ahead,Driving Properly,Inattentive,None,None,None,None,None,None,Yes,None,Yes,None,None,None,None,None,None,None,None,None,None,81,Trinity-Bellwoods,81,Trinity-Bellwoods (81),D14
9043,1338034,2012-12-06,50,DUNDAS ST W,PALMERSTON AVE,None,Major Arterial,Toronto and East York,None,No Control,Clear,Dark,Dry,Non-Fatal Injury,Pedestrian Collisions,Pedestrian,35 to 39,Major,None,South,Other,None,None,None,Pedestrian hit at mid-block,"Crossing, no Traffic Control",Had Been Drinking,None,None,None,Yes,None,Yes,None,None,None,None,None,None,None,None,None,None,81,Trinity-Bellwoods,81,Trinity-Bellwoods (81),D14
9044,1338584,2012-12-07,1510,ELLESMERE RD,MARKHAM RD,None,Major Arterial,Scarborough,At Intersection,No Control,Rain,Daylight,Wet,Non-Fatal Injury,Rear End,Passenger,50 to 54,Major,None,None,Other,None,None,None,None,None,None,None,None,None,None,None,Yes,None,None,None,None,Yes,Yes,Yes,None,None,None,142,Woburn North,137,Woburn (137),D43
9045,1338584,2012-12-07,1510,ELLESMERE RD,MARKHAM RD,None,Major Arterial,Scarborough,At Intersection,No Control,Rain,Daylight,Wet,Non-Fatal Injury,Rear End,Passenger,50 to 54,Minor,None,None,Other,None,None,None,None,None,None,None,None,None,None,None,Yes,None,None,None,None,Yes,Yes,Yes,None,None,None,142,Woburn North,137,Woburn (137),D43
9046,1338584,2012-12-07,1510,ELLESMERE RD,MARKHAM RD,None,Major Arterial,Scarborough,At Intersection,No Control,Rain,Daylight,Wet,Non-Fatal Injury,Rear End,Vehicle Owner,unknown,None,None,None,Other,None,None,None,None,None,None,None,None,None,None,None,Yes,None,None,None,None,Yes,Yes,Yes,None,None,None,142,Woburn North,137,Woburn (137),D43
9047,1338584,2012-12-07,1510,ELLESMERE RD,MARKHAM RD,None,Major Arterial,Scarborough,At Intersection,No Control,Rain,Daylight,Wet,Non-Fatal Injury,Rear End,Driver,45 to 49,None,None,East,"Automobile, Station Wagon",Going Ahead,Speed too Fast For Condition,Normal,None,None,None,None,None,None,None,None,Yes,None,None,None,None,Yes,Yes,Yes,None,None,None,142,Woburn North,137,Woburn (137),D43
9048,1338584,2012-12-07,1510,ELLESMERE RD,MARKHAM RD,None,Major Arterial,Scarborough,At Intersection,No Control,Rain,Daylight,Wet,Non-Fatal Injury,Rear End,Driver,70 to 74,None,None,East,"Automobile, Station Wagon",Stopped,Driving Properly,Normal,None,None,None,None,None,None,None,None,Yes,None,None,None,None,Yes,Yes,Yes,None,None,None,142,Woburn North,137,Woburn (137),D43
9049,1338584,2012-12-07,1510,ELLESMERE RD,MARKHAM RD,None,Major Arterial,Scarborough,At Intersection,No Control,Rain,Daylight,Wet,Non-Fatal Injury,Rear End,Vehicle Owner,unknown,None,None,None,Other,None,None,None,None,None,None,None,None,None,None,None,Yes,None,None,None,None,Yes,Yes,Yes,None,None,None,142,Woburn North,137,Woburn (137),D43
9050,1338584,2012-12-07,1510,ELLESMERE RD,MARKHAM RD,None,Major Arterial,Scarborough,At Intersection,No Control,Rain,Daylight,Wet,Non-Fatal Injury,Rear End,Driver,35 to 39,Minor,None,East,"Automobile, Station Wagon",Stopped,Driving Properly,Normal,None,None,None,None,None,None,None,None,Yes,None,None,None,None,Yes,Yes,Yes,None,None,None,142,Woburn North,137,Woburn (137),D43
9051,1338584,2012-12-07,1510,ELLESMERE RD,MARKHAM RD,None,Major Arterial,Scarborough,At Intersection,No Control,Rain,Daylight,Wet,Non-Fatal Injury,Rear End,Driver,60 to 64,Minor,None,East,"Automobile, Station Wagon",Stopped,Driving Properly,Normal,None,None,None,None,None,None,None,None,Yes,None,None,None,None,Yes,Yes,Yes,None,None,None,142,Woburn North,137,Woburn (137),D43
9052,1338446,2012-12-07,1819,ISLINGTON AVE,DUNDAS ST W,None,Major Arterial,Etobicoke York,At Intersection,Traffic Signal,Rain,"Dark, artificial",Wet,Non-Fatal Injury,Pedestrian Collisions,Driver,35 to 39,None,None,North,"Automobile, Station Wagon",Turning Right,Failed to Yield Right of Way,Normal,None,None,None,None,None,None,Yes,None,Yes,None,None,None,None,None,None,Yes,None,None,None,15,Kingsway South,15,Kingsway South (15),D22
9053,1338446,2012-12-07,1819,ISLINGTON AVE,DUNDAS ST W,None,Major Arterial,Etobicoke York,At Intersection,Traffic Signal,Rain,"Dark, artificial",Wet,Non-Fatal Injury,Pedestrian Collisions,Pedestrian,20 to 24,Major,None,East,Other,None,None,None,Vehicle turns right while ped crosses with ROW at inter.,Crossing with right of way,Normal,None,None,None,Yes,None,Yes,None,None,None,None,None,None,Yes,None,None,None,15,Kingsway South,15,Kingsway South (15),D22
9054,1338518,2012-12-08,420,730 ROYAL YORK RD,None,None,Minor Arterial,Etobicoke York,None,No Control,Clear,"Dark, artificial",Dry,Non-Fatal Injury,SMV Other,Driver,25 to 29,Major,None,South,"Automobile, Station Wagon",Going Ahead,Other,Fatigue,None,None,None,None,None,None,None,None,Yes,None,None,None,None,None,None,None,None,None,None,16,Stonegate-Queensway,16,Stonegate-Queensway (16),D22
9055,1338579,2012-12-09,1644,YONGE ST,LAKE SHORE BLVD E,None,Major Arterial,Toronto and East York,At Intersection,Traffic Signal,Rain,"Dark, artificial",Wet,Non-Fatal Injury,Angle,Vehicle Owner,unknown,None,None,None,Other,None,None,None,None,None,None,None,None,None,None,None,Yes,None,None,None,None,Yes,None,Yes,Yes,None,None,166,St Lawrence-East Bayfront-The Islands,77,Waterfront Communities-The Island (77),D51
9056,1338579,2012-12-09,1644,YONGE ST,LAKE SHORE BLVD E,None,Major Arterial,Toronto and East York,At Intersection,Traffic Signal,Rain,"Dark, artificial",Wet,Non-Fatal Injury,Angle,Driver,35 to 39,Major,None,West,"Automobile, Station Wagon",Going Ahead,Driving Properly,Normal,None,None,None,None,None,None,None,None,Yes,None,None,None,None,Yes,None,Yes,Yes,None,None,166,St Lawrence-East Bayfront-The Islands,77,Waterfront Communities-The Island (77),D51
9057,1338579,2012-12-09,1644,YONGE ST,LAKE SHORE BLVD E,None,Major Arterial,Toronto and East York,At Intersection,Traffic Signal,Rain,"Dark, artificial",Wet,Non-Fatal Injury,Angle,Passenger,0 to 4,Minimal,None,None,Other,None,None,None,None,None,None,None,None,None,None,None,Yes,None,None,None,None,Yes,None,Yes,Yes,None,None,166,St Lawrence-East Bayfront-The Islands,77,Waterfront Communities-The Island (77),D51
9058,1338579,2012-12-09,1644,YONGE ST,LAKE SHORE BLVD E,None,Major Arterial,Toronto and East York,At Intersection,Traffic Signal,Rain,"Dark, artificial",Wet,Non-Fatal Injury,Angle,Driver,45 to 49,Minor,None,West,"Automobile, Station Wagon",Going Ahead,Driving Properly,Normal,None,None,None,None,None,None,None,None,Yes,None,None,None,None,Yes,None,Yes,Yes,None,None,166,St Lawrence-East Bayfront-The Islands,77,Waterfront Communities-The Island (77),D51
9059,1338579,2012-12-09,1644,YONGE ST,LAKE SHORE BLVD E,None,Major Arterial,Toronto and East York,At Intersection,Traffic Signal,Rain,"Dark, artificial",Wet,Non-Fatal Injury,Angle,Driver,65 to 69,None,None,South,"Automobile, Station Wagon",Going Ahead,Disobeyed Traffic Control,Normal,None,None,None,None,None,None,None,None,Yes,None,None,None,None,Yes,None,Yes,Yes,None,None,166,St Lawrence-East Bayfront-The Islands,77,Waterfront Communities-The Island (77),D51
9060,1331941,2012-12-09,1715,UNIVERSITY AVE,ELM ST,None,Major Arterial,Toronto and East York,At Intersection,Traffic Signal,Clear,"Dark, artificial",Dry,Non-Fatal Injury,Sideswipe,Driver,30 to 34,Major,None,South,"Automobile, Station Wagon",Stopped,Driving Properly,Normal,None,None,None,None,None,None,None,None,Yes,None,None,None,None,None,None,None,None,None,None,170,Yonge-Bay Corridor,76,Bay Street Corridor (76),D52
9061,1331941,2012-12-09,1715,UNIVERSITY AVE,ELM ST,None,Major Arterial,Toronto and East York,At Intersection,Traffic Signal,Clear,"Dark, artificial",Dry,Non-Fatal Injury,Sideswipe,Vehicle Owner,unknown,None,None,None,Other,None,None,None,None,None,None,None,None,None,None,None,Yes,None,None,None,None,None,None,None,None,None,None,170,Yonge-Bay Corridor,76,Bay Street Corridor (76),D52
9062,1331941,2012-12-09,1715,UNIVERSITY AVE,ELM ST,None,Major Arterial,Toronto and East York,At Intersection,Traffic Signal,Clear,"Dark, artificial",Dry,Non-Fatal Injury,Sideswipe,Driver,unknown,None,None,South,"Automobile, Station Wagon",Slowing or Stopping,Lost control,Unknown,None,None,None,None,None,None,None,None,Yes,None,None,None,None,None,None,None,None,None,None,170,Yonge-Bay Corridor,76,Bay Street Corridor (76),D52
9063,1331941,2012-12-09,1715,UNIVERSITY AVE,ELM ST,None,Major Arterial,Toronto and East York,At Intersection,Traffic Signal,Clear,"Dark, artificial",Dry,Non-Fatal Injury,Sideswipe,Driver,30 to 34,None,None,South,"Automobile, Station Wagon",Stopped,Driving Properly,Normal,None,None,None,None,None,None,None,None,Yes,None,None,None,None,None,None,None,None,None,None,170,Yonge-Bay Corridor,76,Bay Street Corridor (76),D52
9064,1338611,2012-12-09,1900,WOODFIELD RD,FAIRFORD AVE,None,Collector,Toronto and East York,At Intersection,Stop Sign,Freezing Rain,"Dark, artificial",Wet,Non-Fatal Injury,Pedestrian Collisions,Driver,20 to 24,None,None,South,"Automobile, Station Wagon",Turning Left,Failed to Yield Right of Way,Normal,None,None,None,None,None,None,Yes,None,Yes,None,None,None,None,None,None,Yes,None,None,None,65,Greenwood-Coxwell,65,Greenwood-Coxwell (65),D55
9065,1338611,2012-12-09,1900,WOODFIELD RD,FAIRFORD AVE,None,Collector,Toronto and East York,At Intersection,Stop Sign,Freezing Rain,"Dark, artificial",Wet,Non-Fatal Injury,Pedestrian Collisions,Pedestrian,25 to 29,Major,None,South,Other,None,None,None,Vehicle turns left while ped crosses with ROW at inter.,Crossing with right of way,Normal,None,None,None,Yes,None,Yes,None,None,None,None,None,None,Yes,None,None,None,65,Greenwood-Coxwell,65,Greenwood-Coxwell (65),D55
9066,1338878,2012-12-10,611,DON MILLS RD,HAVENBROOK BLVD,None,Major Arterial,North York,At Intersection,Traffic Signal,Rain,Dark,Wet,Non-Fatal Injury,Pedestrian Collisions,Driver,40 to 44,None,None,East,"Automobile, Station Wagon",Turning Right,Failed to Yield Right of Way,Inattentive,None,None,None,None,None,None,Yes,None,Yes,None,None,None,None,None,None,Yes,None,None,None,53,Henry Farm,53,Henry Farm (53),D33
9067,1338878,2012-12-10,611,DON MILLS RD,HAVENBROOK BLVD,None,Major Arterial,North York,At Intersection,Traffic Signal,Rain,Dark,Wet,Non-Fatal Injury,Pedestrian Collisions,Pedestrian,30 to 34,Major,None,East,Other,None,None,None,Vehicle turns right while ped crosses with ROW at inter.,Crossing with right of way,Normal,None,None,None,Yes,None,Yes,None,None,None,None,None,None,Yes,None,None,None,53,Henry Farm,53,Henry Farm (53),D33
9068,1338879,2012-12-10,704,KING St E,PRINCESS St,None,Major Arterial,Toronto and East York,At Intersection,No Control,Rain,Dark,Wet,Non-Fatal Injury,Turning Movement,Motorcycle Driver,30 to 34,Major,None,West,Motorcycle,Going Ahead,Driving Properly,Normal,None,None,None,None,None,None,None,None,Yes,Yes,None,None,None,None,None,Yes,None,None,None,73,Moss Park,73,Moss Park (73),D51
9069,1338879,2012-12-10,704,KING St E,PRINCESS St,None,Major Arterial,Toronto and East York,At Intersection,No Control,Rain,Dark,Wet,Non-Fatal Injury,Turning Movement,Vehicle Owner,unknown,None,None,None,Other,None,None,None,None,None,None,None,None,None,None,None,Yes,Yes,None,None,None,None,None,Yes,None,None,None,73,Moss Park,73,Moss Park (73),D51
9070,1338879,2012-12-10,704,KING St E,PRINCESS St,None,Major Arterial,Toronto and East York,At Intersection,No Control,Rain,Dark,Wet,Non-Fatal Injury,Turning Movement,Driver,55 to 59,None,None,West,"Automobile, Station Wagon",Making U Turn,Failed to Yield Right of Way,Inattentive,None,None,None,None,None,None,None,None,Yes,Yes,None,None,None,None,None,Yes,None,None,None,73,Moss Park,73,Moss Park (73),D51
9071,1330905,2012-12-10,713,KENNEDY RD,MERRIAN RD,None,Major Arterial,Scarborough,None,Traffic Signal,Rain,"Dark, artificial",Wet,Non-Fatal Injury,Pedestrian Collisions,Driver,25 to 29,None,None,East,"Automobile, Station Wagon",Turning Left,Failed to Yield Right of Way,Normal,None,None,None,None,None,None,Yes,None,Yes,None,None,None,None,None,None,Yes,None,None,None,124,Kennedy Park,124,Kennedy Park (124),D41
9072,1330905,2012-12-10,713,KENNEDY RD,MERRIAN RD,None,Major Arterial,Scarborough,None,Traffic Signal,Rain,"Dark, artificial",Wet,Non-Fatal Injury,Pedestrian Collisions,Pedestrian,80 to 84,Major,None,West,Other,None,None,None,Vehicle turns left while ped crosses with ROW at inter.,Crossing with right of way,Normal,None,None,None,Yes,None,Yes,None,None,None,None,None,None,Yes,None,None,None,124,Kennedy Park,124,Kennedy Park (124),D41
9073,1338693,2012-12-10,723,SEWELLS RD,MORNINGSIDE AVE,None,Minor Arterial,Scarborough,At Intersection,Traffic Signal,Rain,"Dusk, artificial",Wet,Non-Fatal Injury,Pedestrian Collisions,Vehicle Owner,unknown,None,None,None,None,None,None,None,None,None,None,None,None,None,Yes,None,Yes,None,None,None,None,None,None,Yes,None,None,None,146,Malvern East,132,Malvern (132),D42
9074,1338693,2012-12-10,723,SEWELLS RD,MORNINGSIDE AVE,None,Minor Arterial,Scarborough,At Intersection,Traffic Signal,Rain,"Dusk, artificial",Wet,Non-Fatal Injury,Pedestrian Collisions,Driver,55 to 59,None,None,North,"Automobile, Station Wagon",Turning Right,Failed to Yield Right of Way,Unknown,None,None,None,None,None,None,Yes,None,Yes,None,None,None,None,None,None,Yes,None,None,None,146,Malvern East,132,Malvern (132),D42
9075,1338693,2012-12-10,723,SEWELLS RD,MORNINGSIDE AVE,None,Minor Arterial,Scarborough,At Intersection,Traffic Signal,Rain,"Dusk, artificial",Wet,Non-Fatal Injury,Pedestrian Collisions,Pedestrian,75 to 79,Major,None,North,Other,None,None,None,Vehicle turns right while ped crosses with ROW at inter.,Crossing with right of way,Normal,None,None,None,Yes,None,Yes,None,None,None,None,None,None,Yes,None,None,None,146,Malvern East,132,Malvern (132),D42
9076,1330477,2012-12-10,2025,BRIMLEY RD,ST ANDREWS RD,None,Major Arterial,Scarborough,None,No Control,Clear,"Dark, artificial",Dry,Non-Fatal Injury,SMV Other,Passenger,20 to 24,Major,None,None,Other,None,None,None,None,None,None,None,None,None,None,None,Yes,None,None,None,None,Yes,None,None,None,None,None,156,Bendale-Glen Andrew,127,Bendale (127),D43