_id,ACCNUM,DATE,TIME,STREET1,STREET2,OFFSET,ROAD_CLASS,DISTRICT,ACCLOC,TRAFFCTL,VISIBILITY,LIGHT,RDSFCOND,ACCLASS,IMPACTYPE,INVTYPE,INVAGE,INJURY,FATAL_NO,INITDIR,VEHTYPE,MANOEUVER,DRIVACT,DRIVCOND,PEDTYPE,PEDACT,PEDCOND,CYCLISTYPE,CYCACT,CYCCOND,PEDESTRIAN,CYCLIST,AUTOMOBILE,MOTORCYCLE,TRUCK,TRSN_CITY_VEH,EMERG_VEH,PASSENGER,SPEEDING,AG_DRIV,REDLIGHT,ALCOHOL,DISABILITY,HOOD_158,NEIGHBOURHOOD_158,HOOD_140,NEIGHBOURHOOD_140,DIVISION
9077,1330477,2012-12-10,2025,BRIMLEY RD,ST ANDREWS RD,None,Major Arterial,Scarborough,None,No Control,Clear,"Dark, artificial",Dry,Non-Fatal Injury,SMV Other,Passenger,20 to 24,Minor,None,None,Other,None,None,None,None,None,None,None,None,None,None,None,Yes,None,None,None,None,Yes,None,None,None,None,None,156,Bendale-Glen Andrew,127,Bendale (127),D43
9078,1330477,2012-12-10,2025,BRIMLEY RD,ST ANDREWS RD,None,Major Arterial,Scarborough,None,No Control,Clear,"Dark, artificial",Dry,Non-Fatal Injury,SMV Other,Vehicle Owner,unknown,None,None,None,Other,None,None,None,None,None,None,None,None,None,None,None,Yes,None,None,None,None,Yes,None,None,None,None,None,156,Bendale-Glen Andrew,127,Bendale (127),D43
9079,1330477,2012-12-10,2025,BRIMLEY RD,ST ANDREWS RD,None,Major Arterial,Scarborough,None,No Control,Clear,"Dark, artificial",Dry,Non-Fatal Injury,SMV Other,Driver,20 to 24,Minor,None,North,"Automobile, Station Wagon",Going Ahead,Lost control,Normal,None,None,None,None,None,None,None,None,Yes,None,None,None,None,Yes,None,None,None,None,None,156,Bendale-Glen Andrew,127,Bendale (127),D43
9080,1330477,2012-12-10,2025,BRIMLEY RD,ST ANDREWS RD,None,Major Arterial,Scarborough,None,No Control,Clear,"Dark, artificial",Dry,Non-Fatal Injury,SMV Other,Other Property Owner,unknown,None,None,None,Other,None,None,None,None,None,None,None,None,None,None,None,Yes,None,None,None,None,Yes,None,None,None,None,None,156,Bendale-Glen Andrew,127,Bendale (127),D43
9081,1339123,2012-12-11,535,LAKE SHORE BLVD W,YORK ST,None,Major Arterial,Toronto and East York,At Intersection,Traffic Signal,Clear,Dark,Dry,Non-Fatal Injury,Pedestrian Collisions,Driver,35 to 39,None,None,West,"Automobile, Station Wagon",Turning Left,Failed to Yield Right of Way,Inattentive,None,None,None,None,None,None,Yes,None,Yes,None,None,None,None,None,None,Yes,None,None,None,165,Harbourfront-CityPlace,77,Waterfront Communities-The Island (77),D52
9082,1339123,2012-12-11,535,LAKE SHORE BLVD W,YORK ST,None,Major Arterial,Toronto and East York,At Intersection,Traffic Signal,Clear,Dark,Dry,Non-Fatal Injury,Pedestrian Collisions,Pedestrian,45 to 49,Major,None,East,Other,None,None,None,Vehicle turns left while ped crosses with ROW at inter.,Crossing with right of way,Normal,None,None,None,Yes,None,Yes,None,None,None,None,None,None,Yes,None,None,None,165,Harbourfront-CityPlace,77,Waterfront Communities-The Island (77),D52
9083,1339179,2012-12-12,611,PARLIAMENT ST,KING ST E,None,Major Arterial,Toronto and East York,At Intersection,Traffic Signal,Clear,Dark,Dry,Non-Fatal Injury,Angle,Driver,55 to 59,None,None,South,"Automobile, Station Wagon",Going Ahead,Disobeyed Traffic Control,Inattentive,None,None,None,None,None,None,None,None,Yes,None,None,None,None,None,Yes,Yes,Yes,None,None,73,Moss Park,73,Moss Park (73),D51
9084,1339179,2012-12-12,611,PARLIAMENT ST,KING ST E,None,Major Arterial,Toronto and East York,At Intersection,Traffic Signal,Clear,Dark,Dry,Non-Fatal Injury,Angle,Vehicle Owner,unknown,None,None,None,Other,None,None,None,None,None,None,None,None,None,None,None,Yes,None,None,None,None,None,Yes,Yes,Yes,None,None,73,Moss Park,73,Moss Park (73),D51
9085,1339179,2012-12-12,611,PARLIAMENT ST,KING ST E,None,Major Arterial,Toronto and East York,At Intersection,Traffic Signal,Clear,Dark,Dry,Non-Fatal Injury,Angle,Driver,45 to 49,None,None,North,"Automobile, Station Wagon",Stopped,Driving Properly,Normal,None,None,None,None,None,None,None,None,Yes,None,None,None,None,None,Yes,Yes,Yes,None,None,73,Moss Park,73,Moss Park (73),D51
9086,1339179,2012-12-12,611,PARLIAMENT ST,KING ST E,None,Major Arterial,Toronto and East York,At Intersection,Traffic Signal,Clear,Dark,Dry,Non-Fatal Injury,Angle,Vehicle Owner,unknown,None,None,None,Other,None,None,None,None,None,None,None,None,None,None,None,Yes,None,None,None,None,None,Yes,Yes,Yes,None,None,73,Moss Park,73,Moss Park (73),D51
9087,1339179,2012-12-12,611,PARLIAMENT ST,KING ST E,None,Major Arterial,Toronto and East York,At Intersection,Traffic Signal,Clear,Dark,Dry,Non-Fatal Injury,Angle,Driver,40 to 44,Major,None,East,"Automobile, Station Wagon",Going Ahead,Driving Properly,Normal,None,None,None,None,None,None,None,None,Yes,None,None,None,None,None,Yes,Yes,Yes,None,None,73,Moss Park,73,Moss Park (73),D51
9088,1339179,2012-12-12,611,PARLIAMENT ST,KING ST E,None,Major Arterial,Toronto and East York,At Intersection,Traffic Signal,Clear,Dark,Dry,Non-Fatal Injury,Angle,Vehicle Owner,unknown,None,None,None,Other,None,None,None,None,None,None,None,None,None,None,None,Yes,None,None,None,None,None,Yes,Yes,Yes,None,None,73,Moss Park,73,Moss Park (73),D51
9089,1339179,2012-12-12,611,PARLIAMENT ST,KING ST E,None,Major Arterial,Toronto and East York,At Intersection,Traffic Signal,Clear,Dark,Dry,Non-Fatal Injury,Angle,Driver,40 to 44,None,None,North,"Automobile, Station Wagon",Stopped,Driving Properly,Normal,None,None,None,None,None,None,None,None,Yes,None,None,None,None,None,Yes,Yes,Yes,None,None,73,Moss Park,73,Moss Park (73),D51
9090,1339150,2012-12-12,1335,2800 STEELES AVE W,None,None,Major Arterial,Etobicoke York,None,No Control,"Fog, Mist, Smoke, Dust",Daylight,Dry,Non-Fatal Injury,Approaching,Vehicle Owner,unknown,None,None,None,Other,None,None,None,None,None,None,None,None,None,None,None,Yes,None,Yes,None,None,None,None,None,None,None,None,NSA,NSA,NSA,NSA,D31
9091,1339150,2012-12-12,1335,2800 STEELES AVE W,None,None,Major Arterial,Etobicoke York,None,No Control,"Fog, Mist, Smoke, Dust",Daylight,Dry,Non-Fatal Injury,Approaching,Truck Driver,45 to 49,None,None,West,Truck - Open,Going Ahead,Driving Properly,Normal,None,None,None,None,None,None,None,None,Yes,None,Yes,None,None,None,None,None,None,None,None,NSA,NSA,NSA,NSA,D31
9092,1339150,2012-12-12,1335,2800 STEELES AVE W,None,None,Major Arterial,Etobicoke York,None,No Control,"Fog, Mist, Smoke, Dust",Daylight,Dry,Non-Fatal Injury,Approaching,Driver,60 to 64,Major,None,East,"Automobile, Station Wagon",Going Ahead,Lost control,Inattentive,None,None,None,None,None,None,None,None,Yes,None,Yes,None,None,None,None,None,None,None,None,NSA,NSA,NSA,NSA,D31
9093,1339150,2012-12-12,1335,2800 STEELES AVE W,None,None,Major Arterial,Etobicoke York,None,No Control,"Fog, Mist, Smoke, Dust",Daylight,Dry,Non-Fatal Injury,Approaching,Vehicle Owner,unknown,None,None,None,Other,None,None,None,None,None,None,None,None,None,None,None,Yes,None,Yes,None,None,None,None,None,None,None,None,NSA,NSA,NSA,NSA,D31
9094,1339683,2012-12-14,1204,BAY ST,HAYTER ST,None,Major Arterial,Toronto and East York,None,No Control,Clear,Daylight,Dry,Non-Fatal Injury,Pedestrian Collisions,Vehicle Owner,unknown,None,None,None,Other,None,None,None,None,None,None,None,None,None,Yes,None,Yes,None,None,None,None,None,None,None,None,None,None,170,Yonge-Bay Corridor,76,Bay Street Corridor (76),D52
9095,1339683,2012-12-14,1204,BAY ST,HAYTER ST,None,Major Arterial,Toronto and East York,None,No Control,Clear,Daylight,Dry,Non-Fatal Injury,Pedestrian Collisions,Driver,45 to 49,None,None,West,"Automobile, Station Wagon",Turning Left,Driving Properly,Normal,None,None,None,None,None,None,Yes,None,Yes,None,None,None,None,None,None,None,None,None,None,170,Yonge-Bay Corridor,76,Bay Street Corridor (76),D52
9096,1339683,2012-12-14,1204,BAY ST,HAYTER ST,None,Major Arterial,Toronto and East York,None,No Control,Clear,Daylight,Dry,Non-Fatal Injury,Pedestrian Collisions,Pedestrian,30 to 34,Major,None,East,Other,None,None,None,Pedestrian hit at mid-block,Running onto Roadway,Inattentive,None,None,None,Yes,None,Yes,None,None,None,None,None,None,None,None,None,None,170,Yonge-Bay Corridor,76,Bay Street Corridor (76),D52
9097,1339720,2012-12-14,1407,KINGSTON RD,WAVERLEY RD,None,Major Arterial,Toronto and East York,None,No Control,Clear,Daylight,Dry,Non-Fatal Injury,Pedestrian Collisions,Vehicle Owner,unknown,None,None,None,Other,None,None,None,None,None,None,None,None,None,Yes,None,Yes,None,None,None,None,None,None,None,None,None,None,63,The Beaches,62,East End-Danforth (62),D55
9098,1339720,2012-12-14,1407,KINGSTON RD,WAVERLEY RD,None,Major Arterial,Toronto and East York,None,No Control,Clear,Daylight,Dry,Non-Fatal Injury,Pedestrian Collisions,Driver,65 to 69,None,None,North,Taxi,Reversing,Other,Inattentive,None,None,None,None,None,None,Yes,None,Yes,None,None,None,None,None,None,None,None,None,None,63,The Beaches,62,East End-Danforth (62),D55
9099,1339720,2012-12-14,1407,KINGSTON RD,WAVERLEY RD,None,Major Arterial,Toronto and East York,None,No Control,Clear,Daylight,Dry,Non-Fatal Injury,Pedestrian Collisions,Pedestrian,85 to 89,Major,None,North,Other,None,None,None,Vehicle is reversing and hits pedestrian,Other,Medical or Physical Disability,None,None,None,Yes,None,Yes,None,None,None,None,None,None,None,None,None,None,63,The Beaches,62,East End-Danforth (62),D55
9100,1340006,2012-12-16,50,ELLESMERE Rd,BELLAMY Rd N,None,Major Arterial,Scarborough,At Intersection,Traffic Signal,Rain,"Dark, artificial",Wet,Non-Fatal Injury,Angle,Passenger,20 to 24,Minor,None,None,Other,None,None,None,None,None,None,None,None,None,None,None,Yes,None,None,None,None,Yes,None,Yes,Yes,None,None,142,Woburn North,137,Woburn (137),D43
9101,1340006,2012-12-16,50,ELLESMERE Rd,BELLAMY Rd N,None,Major Arterial,Scarborough,At Intersection,Traffic Signal,Rain,"Dark, artificial",Wet,Non-Fatal Injury,Angle,Driver,50 to 54,Major,None,North,"Automobile, Station Wagon",Going Ahead,Disobeyed Traffic Control,Unknown,None,None,None,None,None,None,None,None,Yes,None,None,None,None,Yes,None,Yes,Yes,None,None,142,Woburn North,137,Woburn (137),D43
9102,1340006,2012-12-16,50,ELLESMERE Rd,BELLAMY Rd N,None,Major Arterial,Scarborough,At Intersection,Traffic Signal,Rain,"Dark, artificial",Wet,Non-Fatal Injury,Angle,Other Property Owner,unknown,None,None,None,Other,None,None,None,None,None,None,None,None,None,None,None,Yes,None,None,None,None,Yes,None,Yes,Yes,None,None,142,Woburn North,137,Woburn (137),D43
9103,1340006,2012-12-16,50,ELLESMERE Rd,BELLAMY Rd N,None,Major Arterial,Scarborough,At Intersection,Traffic Signal,Rain,"Dark, artificial",Wet,Non-Fatal Injury,Angle,Vehicle Owner,unknown,None,None,None,Other,None,None,None,None,None,None,None,None,None,None,None,Yes,None,None,None,None,Yes,None,Yes,Yes,None,None,142,Woburn North,137,Woburn (137),D43
9104,1340006,2012-12-16,50,ELLESMERE Rd,BELLAMY Rd N,None,Major Arterial,Scarborough,At Intersection,Traffic Signal,Rain,"Dark, artificial",Wet,Non-Fatal Injury,Angle,Driver,15 to 19,None,None,East,"Automobile, Station Wagon",Going Ahead,Driving Properly,Normal,None,None,None,None,None,None,None,None,Yes,None,None,None,None,Yes,None,Yes,Yes,None,None,142,Woburn North,137,Woburn (137),D43
9105,1331576,2012-12-17,2030,STEELES AVE E,MAXOME AVE,None,Major Arterial,North York,At Intersection,Traffic Signal,Clear,Dark,Dry,Non-Fatal Injury,Pedestrian Collisions,Driver,55 to 59,None,None,South,"Automobile, Station Wagon",Turning Left,Improper Turn,Inattentive,None,None,None,None,None,None,Yes,None,Yes,None,None,None,None,None,None,None,None,None,None,50,Newtonbrook East,50,Newtonbrook East (50),D32
9106,1331576,2012-12-17,2030,STEELES AVE E,MAXOME AVE,None,Major Arterial,North York,At Intersection,Traffic Signal,Clear,Dark,Dry,Non-Fatal Injury,Pedestrian Collisions,Pedestrian,25 to 29,Major,None,North,Other,None,None,None,Vehicle turns left while ped crosses with ROW at inter.,Crossing with right of way,Normal,None,None,None,Yes,None,Yes,None,None,None,None,None,None,None,None,None,None,50,Newtonbrook East,50,Newtonbrook East (50),D32
9107,1331761,2012-12-18,700,CARLTON ST,PARLIAMENT ST,None,Minor Arterial,Toronto and East York,At Intersection,Traffic Signal,Clear,Dark,Dry,Non-Fatal Injury,Pedestrian Collisions,Vehicle Owner,unknown,None,None,None,Other,None,None,None,None,None,None,None,None,None,Yes,None,None,None,Yes,None,None,None,None,None,None,None,None,71,Cabbagetown-South St.James Town,71,Cabbagetown-South St.James Town (71),D51
9108,1331761,2012-12-18,700,CARLTON ST,PARLIAMENT ST,None,Minor Arterial,Toronto and East York,At Intersection,Traffic Signal,Clear,Dark,Dry,Non-Fatal Injury,Pedestrian Collisions,Truck Driver,35 to 39,None,None,East,Truck - Open,Turning Left,Improper Turn,Unknown,None,None,None,None,None,None,Yes,None,None,None,Yes,None,None,None,None,None,None,None,None,71,Cabbagetown-South St.James Town,71,Cabbagetown-South St.James Town (71),D51
9109,1331761,2012-12-18,700,CARLTON ST,PARLIAMENT ST,None,Minor Arterial,Toronto and East York,At Intersection,Traffic Signal,Clear,Dark,Dry,Non-Fatal Injury,Pedestrian Collisions,Pedestrian,55 to 59,Minor,None,Unknown,Other,None,None,None,Vehicle turns left while ped crosses with ROW at inter.,Crossing with right of way,Unknown,None,None,None,Yes,None,None,None,Yes,None,None,None,None,None,None,None,None,71,Cabbagetown-South St.James Town,71,Cabbagetown-South St.James Town (71),D51
9110,1331761,2012-12-18,700,CARLTON ST,PARLIAMENT ST,None,Minor Arterial,Toronto and East York,At Intersection,Traffic Signal,Clear,Dark,Dry,Non-Fatal Injury,Pedestrian Collisions,Pedestrian,45 to 49,Major,None,Unknown,Other,None,None,None,Vehicle turns left while ped crosses with ROW at inter.,Crossing with right of way,Unknown,None,None,None,Yes,None,None,None,Yes,None,None,None,None,None,None,None,None,71,Cabbagetown-South St.James Town,71,Cabbagetown-South St.James Town (71),D51
9111,1331648,2012-12-18,701,CARLTON ST,PARLIAMENT ST,None,Minor Arterial,Toronto and East York,At Intersection,None,Other,Dark,Other,Non-Fatal Injury,Pedestrian Collisions,Driver,35 to 39,None,None,None,"Automobile, Station Wagon",Turning Left,None,None,None,None,None,None,None,None,Yes,None,Yes,None,None,None,None,None,None,None,None,None,None,71,Cabbagetown-South St.James Town,71,Cabbagetown-South St.James Town (71),D51
9112,1331648,2012-12-18,701,CARLTON ST,PARLIAMENT ST,None,Minor Arterial,Toronto and East York,At Intersection,None,Other,Dark,Other,Non-Fatal Injury,Pedestrian Collisions,Pedestrian,55 to 59,Major,None,None,Other,Other,None,None,None,None,None,None,None,None,Yes,None,Yes,None,None,None,None,None,None,None,None,None,None,71,Cabbagetown-South St.James Town,71,Cabbagetown-South St.James Town (71),D51
9113,1331648,2012-12-18,701,CARLTON ST,PARLIAMENT ST,None,Minor Arterial,Toronto and East York,At Intersection,None,Other,Dark,Other,Non-Fatal Injury,Pedestrian Collisions,Pedestrian,45 to 49,Major,None,None,Other,Other,None,None,None,None,None,None,None,None,Yes,None,Yes,None,None,None,None,None,None,None,None,None,None,71,Cabbagetown-South St.James Town,71,Cabbagetown-South St.James Town (71),D51
9114,1340236,2012-12-18,936,BLACK CREEK DR,TRETHEWEY DR,None,Major Arterial,Etobicoke York,None,No Control,Clear,Daylight,Dry,Non-Fatal Injury,Rear End,Driver,35 to 39,Minor,None,North,"Automobile, Station Wagon",Stopped,Driving Properly,Normal,None,None,None,None,None,None,None,None,Yes,None,None,None,None,None,None,None,None,None,Yes,112,Beechborough-Greenbrook,112,Beechborough-Greenbrook (112),D12
9115,1340236,2012-12-18,936,BLACK CREEK DR,TRETHEWEY DR,None,Major Arterial,Etobicoke York,None,No Control,Clear,Daylight,Dry,Non-Fatal Injury,Rear End,Driver,25 to 29,Minimal,None,North,"Automobile, Station Wagon",Stopped,Driving Properly,Normal,None,None,None,None,None,None,None,None,Yes,None,None,None,None,None,None,None,None,None,Yes,112,Beechborough-Greenbrook,112,Beechborough-Greenbrook (112),D12
9116,1340236,2012-12-18,936,BLACK CREEK DR,TRETHEWEY DR,None,Major Arterial,Etobicoke York,None,No Control,Clear,Daylight,Dry,Non-Fatal Injury,Rear End,Driver,70 to 74,Minimal,None,North,"Automobile, Station Wagon",Stopped,Driving Properly,Normal,None,None,None,None,None,None,None,None,Yes,None,None,None,None,None,None,None,None,None,Yes,112,Beechborough-Greenbrook,112,Beechborough-Greenbrook (112),D12
9117,1340236,2012-12-18,936,BLACK CREEK DR,TRETHEWEY DR,None,Major Arterial,Etobicoke York,None,No Control,Clear,Daylight,Dry,Non-Fatal Injury,Rear End,Driver,60 to 64,Major,None,North,"Automobile, Station Wagon",Going Ahead,Lost control,Medical or Physical Disability,None,None,None,None,None,None,None,None,Yes,None,None,None,None,None,None,None,None,None,Yes,112,Beechborough-Greenbrook,112,Beechborough-Greenbrook (112),D12
9118,1331849,2012-12-18,2100,KINGSTON RD,BEECHGROVE DR,None,Major Arterial,Scarborough,At Intersection,No Control,Clear,Dark,Dry,Fatal,Pedestrian Collisions,Driver,25 to 29,None,None,West,"Automobile, Station Wagon",Going Ahead,Driving Properly,Normal,None,None,None,None,None,None,Yes,None,Yes,None,None,None,None,None,None,None,None,None,None,136,West Hill,136,West Hill (136),D43
9119,1331849,2012-12-18,2100,KINGSTON RD,BEECHGROVE DR,None,Major Arterial,Scarborough,At Intersection,No Control,Clear,Dark,Dry,Fatal,Pedestrian Collisions,Pedestrian,55 to 59,Fatal,42,North,Other,None,None,None,Pedestrian hit at mid-block,"Crossing, no Traffic Control",Unknown,None,None,None,Yes,None,Yes,None,None,None,None,None,None,None,None,None,None,136,West Hill,136,West Hill (136),D43
9120,1340319,2012-12-19,1720,PALMERSTON BLVD,LENNOX ST,None,Collector,Toronto and East York,At Intersection,Stop Sign,Clear,"Dark, artificial",Dry,Non-Fatal Injury,Cyclist Collisions,Driver,50 to 54,None,None,South,"Automobile, Station Wagon",Going Ahead,Driving Properly,Normal,None,None,None,None,None,None,None,Yes,Yes,None,None,None,None,None,None,None,None,None,None,80,Palmerston-Little Italy,80,Palmerston-Little Italy (80),D14
9121,1340319,2012-12-19,1720,PALMERSTON BLVD,LENNOX ST,None,Collector,Toronto and East York,At Intersection,Stop Sign,Clear,"Dark, artificial",Dry,Non-Fatal Injury,Cyclist Collisions,Cyclist,40 to 44,Major,None,West,Bicycle,Going Ahead,None,None,None,None,None,"Cyclist without ROW rides into path of motorist at inter, lnwy, dwy-Cyclist not turn.",Failed to Yield Right of Way,Normal,None,Yes,Yes,None,None,None,None,None,None,None,None,None,None,80,Palmerston-Little Italy,80,Palmerston-Little Italy (80),D14
9122,1333725,2012-12-19,2005,MARKHAM RD,PROGRESS AVE,None,Major Arterial,Scarborough,At Intersection,Traffic Signal,Clear,"Dark, artificial",Dry,Non-Fatal Injury,Turning Movement,Driver,20 to 24,None,None,East,"Automobile, Station Wagon",Turning Left,Failed to Yield Right of Way,Inattentive,None,None,None,None,None,None,None,None,Yes,None,None,None,None,Yes,None,Yes,None,None,None,142,Woburn North,137,Woburn (137),D43
9123,1333725,2012-12-19,2005,MARKHAM RD,PROGRESS AVE,None,Major Arterial,Scarborough,At Intersection,Traffic Signal,Clear,"Dark, artificial",Dry,Non-Fatal Injury,Turning Movement,Passenger,20 to 24,Major,None,None,Other,None,None,None,None,None,None,None,None,None,None,None,Yes,None,None,None,None,Yes,None,Yes,None,None,None,142,Woburn North,137,Woburn (137),D43
9124,1333725,2012-12-19,2005,MARKHAM RD,PROGRESS AVE,None,Major Arterial,Scarborough,At Intersection,Traffic Signal,Clear,"Dark, artificial",Dry,Non-Fatal Injury,Turning Movement,Vehicle Owner,unknown,None,None,None,Other,None,None,None,None,None,None,None,None,None,None,None,Yes,None,None,None,None,Yes,None,Yes,None,None,None,142,Woburn North,137,Woburn (137),D43
9125,1333725,2012-12-19,2005,MARKHAM RD,PROGRESS AVE,None,Major Arterial,Scarborough,At Intersection,Traffic Signal,Clear,"Dark, artificial",Dry,Non-Fatal Injury,Turning Movement,Driver,45 to 49,None,None,West,"Automobile, Station Wagon",Going Ahead,Driving Properly,Normal,None,None,None,None,None,None,None,None,Yes,None,None,None,None,Yes,None,Yes,None,None,None,142,Woburn North,137,Woburn (137),D43
9126,1332258,2012-12-20,748,SHEPPARD AVE E,ALLANFORD RD,None,Major Arterial,Scarborough,None,No Control,Clear,Daylight,Dry,Fatal,Pedestrian Collisions,Vehicle Owner,unknown,None,None,None,Other,None,None,None,None,None,None,None,None,None,Yes,None,Yes,None,None,None,None,None,None,None,None,None,None,118,Tam O'Shanter-Sullivan,118,Tam O'Shanter-Sullivan (118),D42
9127,1332258,2012-12-20,748,SHEPPARD AVE E,ALLANFORD RD,None,Major Arterial,Scarborough,None,No Control,Clear,Daylight,Dry,Fatal,Pedestrian Collisions,Driver,60 to 64,None,None,West,"Automobile, Station Wagon",Going Ahead,Lost control,Fatigue,None,None,None,None,None,None,Yes,None,Yes,None,None,None,None,None,None,None,None,None,None,118,Tam O'Shanter-Sullivan,118,Tam O'Shanter-Sullivan (118),D42
9128,1332258,2012-12-20,748,SHEPPARD AVE E,ALLANFORD RD,None,Major Arterial,Scarborough,None,No Control,Clear,Daylight,Dry,Fatal,Pedestrian Collisions,Other Property Owner,unknown,None,None,None,Other,None,None,None,None,None,None,None,None,None,Yes,None,Yes,None,None,None,None,None,None,None,None,None,None,118,Tam O'Shanter-Sullivan,118,Tam O'Shanter-Sullivan (118),D42
9129,1332258,2012-12-20,748,SHEPPARD AVE E,ALLANFORD RD,None,Major Arterial,Scarborough,None,No Control,Clear,Daylight,Dry,Fatal,Pedestrian Collisions,Pedestrian,65 to 69,Fatal,43,Unknown,Other,None,None,None,Pedestrian hit at mid-block,"Crossing, no Traffic Control",Normal,None,None,None,Yes,None,Yes,None,None,None,None,None,None,None,None,None,None,118,Tam O'Shanter-Sullivan,118,Tam O'Shanter-Sullivan (118),D42
9130,1332261,2012-12-20,2015,KENNEDY Rd,TREVERTON Dr,None,Major Arterial,Scarborough,None,No Control,Rain,"Dark, artificial",Wet,Fatal,Pedestrian Collisions,Passenger,30 to 34,None,None,None,Other,None,None,None,None,None,None,None,None,None,Yes,None,Yes,None,None,None,None,Yes,None,None,None,None,None,125,Ionview,125,Ionview (125),D41
9131,1332261,2012-12-20,2015,KENNEDY Rd,TREVERTON Dr,None,Major Arterial,Scarborough,None,No Control,Rain,"Dark, artificial",Wet,Fatal,Pedestrian Collisions,Passenger,25 to 29,None,None,None,Other,None,None,None,None,None,None,None,None,None,Yes,None,Yes,None,None,None,None,Yes,None,None,None,None,None,125,Ionview,125,Ionview (125),D41
9132,1332261,2012-12-20,2015,KENNEDY Rd,TREVERTON Dr,None,Major Arterial,Scarborough,None,No Control,Rain,"Dark, artificial",Wet,Fatal,Pedestrian Collisions,Driver,45 to 49,None,None,South,"Automobile, Station Wagon",Changing Lanes,Other,Unknown,None,None,None,None,None,None,Yes,None,Yes,None,None,None,None,Yes,None,None,None,None,None,125,Ionview,125,Ionview (125),D41
9133,1332261,2012-12-20,2015,KENNEDY Rd,TREVERTON Dr,None,Major Arterial,Scarborough,None,No Control,Rain,"Dark, artificial",Wet,Fatal,Pedestrian Collisions,Pedestrian,15 to 19,Fatal,44,Unknown,Other,Unknown,None,None,Pedestrian hit at mid-block,"Crossing, no Traffic Control",Unknown,None,None,None,Yes,None,Yes,None,None,None,None,Yes,None,None,None,None,None,125,Ionview,125,Ionview (125),D41
9134,1333183,2012-12-21,306,LAWRENCE AVE W,WESTON RD,None,Major Arterial,Etobicoke York,At Intersection,No Control,Clear,"Dark, artificial",Dry,Non-Fatal Injury,Pedestrian Collisions,Driver,45 to 49,Minimal,None,West,"Automobile, Station Wagon",Going Ahead,Driving Properly,Normal,None,None,None,None,None,None,Yes,None,Yes,None,None,None,None,None,None,None,None,None,None,113,Weston,113,Weston (113),D12
9135,1333183,2012-12-21,306,LAWRENCE AVE W,WESTON RD,None,Major Arterial,Etobicoke York,At Intersection,No Control,Clear,"Dark, artificial",Dry,Non-Fatal Injury,Pedestrian Collisions,Pedestrian,20 to 24,Major,None,North,Other,None,None,None,Pedestrian hit at mid-block,"Crossing, no Traffic Control",Had Been Drinking,None,None,None,Yes,None,Yes,None,None,None,None,None,None,None,None,None,None,113,Weston,113,Weston (113),D12
9136,1332565,2012-12-22,2010,DANFORTH RD,SAVARIN ST,None,Major Arterial,Scarborough,At Intersection,No Control,Clear,"Dark, artificial",Dry,Non-Fatal Injury,Pedestrian Collisions,Driver,55 to 59,None,None,North,"Automobile, Station Wagon",Going Ahead,Driving Properly,Normal,None,None,None,None,None,None,Yes,None,Yes,None,None,None,None,None,None,None,None,None,None,138,Eglinton East,138,Eglinton East (138),D43
9137,1332565,2012-12-22,2010,DANFORTH RD,SAVARIN ST,None,Major Arterial,Scarborough,At Intersection,No Control,Clear,"Dark, artificial",Dry,Non-Fatal Injury,Pedestrian Collisions,Pedestrian,45 to 49,Major,None,East,Other,None,None,None,Pedestrian hit at mid-block,"Crossing, no Traffic Control",Had Been Drinking,None,None,None,Yes,None,Yes,None,None,None,None,None,None,None,None,None,None,138,Eglinton East,138,Eglinton East (138),D43
9138,1342114,2012-12-23,2053,659 ST CLAIR AVE W,PINEWOOD AVE,None,Major Arterial,Toronto and East York,None,No Control,Clear,"Dark, artificial",Dry,Non-Fatal Injury,SMV Other,Passenger,30 to 34,Minor,None,None,Other,None,None,None,None,None,None,None,None,None,None,None,Yes,None,None,None,None,Yes,None,None,None,None,None,94,Wychwood,94,Wychwood (94),D13
9139,1342114,2012-12-23,2053,659 ST CLAIR AVE W,PINEWOOD AVE,None,Major Arterial,Toronto and East York,None,No Control,Clear,"Dark, artificial",Dry,Non-Fatal Injury,SMV Other,Vehicle Owner,unknown,None,None,None,Other,None,None,None,None,None,None,None,None,None,None,None,Yes,None,None,None,None,Yes,None,None,None,None,None,94,Wychwood,94,Wychwood (94),D13
9140,1342114,2012-12-23,2053,659 ST CLAIR AVE W,PINEWOOD AVE,None,Major Arterial,Toronto and East York,None,No Control,Clear,"Dark, artificial",Dry,Non-Fatal Injury,SMV Other,Driver,30 to 34,Major,None,East,"Automobile, Station Wagon",Unknown,Lost control,Had Been Drinking,None,None,None,None,None,None,None,None,Yes,None,None,None,None,Yes,None,None,None,None,None,94,Wychwood,94,Wychwood (94),D13
9141,1332976,2012-12-27,1825,LAWRENCE AVE E,MORNINGSIDE AVE,None,Major Arterial,Scarborough,None,No Control,Clear,"Dark, artificial",Slush,Non-Fatal Injury,Pedestrian Collisions,Vehicle Owner,unknown,None,None,None,Other,None,None,None,None,None,None,None,None,None,Yes,None,Yes,None,None,None,None,None,None,None,None,None,None,136,West Hill,136,West Hill (136),D43
9142,1332976,2012-12-27,1825,LAWRENCE AVE E,MORNINGSIDE AVE,None,Major Arterial,Scarborough,None,No Control,Clear,"Dark, artificial",Slush,Non-Fatal Injury,Pedestrian Collisions,Driver,55 to 59,None,None,West,"Automobile, Station Wagon",Going Ahead,Driving Properly,Normal,None,None,None,None,None,None,Yes,None,Yes,None,None,None,None,None,None,None,None,None,None,136,West Hill,136,West Hill (136),D43