_id,ACCNUM,DATE,TIME,STREET1,STREET2,OFFSET,ROAD_CLASS,DISTRICT,ACCLOC,TRAFFCTL,VISIBILITY,LIGHT,RDSFCOND,ACCLASS,IMPACTYPE,INVTYPE,INVAGE,INJURY,FATAL_NO,INITDIR,VEHTYPE,MANOEUVER,DRIVACT,DRIVCOND,PEDTYPE,PEDACT,PEDCOND,CYCLISTYPE,CYCACT,CYCCOND,PEDESTRIAN,CYCLIST,AUTOMOBILE,MOTORCYCLE,TRUCK,TRSN_CITY_VEH,EMERG_VEH,PASSENGER,SPEEDING,AG_DRIV,REDLIGHT,ALCOHOL,DISABILITY,HOOD_158,NEIGHBOURHOOD_158,HOOD_140,NEIGHBOURHOOD_140,DIVISION
9272,1347681,2013-02-15,1030,HIGHWAY 427 C  N,BURNHAMTHORPE RD,None,None,Etobicoke York,None,No Control,Clear,Daylight,Dry,Non-Fatal Injury,Pedestrian Collisions,Truck Driver,30 to 34,None,None,North,Truck - Open,Slowing or Stopping,Other,Inattentive,None,None,None,None,None,None,Yes,None,None,None,Yes,None,None,None,None,None,None,None,None,158,Islington,14,Islington-City Centre West (14),D22
9273,1347681,2013-02-15,1030,HIGHWAY 427 C  N,BURNHAMTHORPE RD,None,None,Etobicoke York,None,No Control,Clear,Daylight,Dry,Non-Fatal Injury,Pedestrian Collisions,Pedestrian,55 to 59,Major,None,Unknown,Other,None,None,None,Pedestrian hit at mid-block,Playing or Working on Highway,Normal,None,None,None,Yes,None,None,None,Yes,None,None,None,None,None,None,None,None,158,Islington,14,Islington-City Centre West (14),D22
9274,1347790,2013-02-15,2103,CASTLEFIELD AVE,ROSELAWN AVE,None,Collector,North York,None,No Control,Clear,Dark,Dry,Non-Fatal Injury,Pedestrian Collisions,Driver,20 to 24,None,None,West,"Automobile, Station Wagon",Going Ahead,Driving Properly,Normal,None,None,None,None,None,None,Yes,None,Yes,None,None,None,None,None,None,None,None,None,None,108,Briar Hill-Belgravia,108,Briar Hill-Belgravia (108),D13
9275,1347790,2013-02-15,2103,CASTLEFIELD AVE,ROSELAWN AVE,None,Collector,North York,None,No Control,Clear,Dark,Dry,Non-Fatal Injury,Pedestrian Collisions,Pedestrian,50 to 54,Major,None,North,Other,None,None,None,Pedestrian hit at mid-block,"Crossing, no Traffic Control",Had Been Drinking,None,None,None,Yes,None,Yes,None,None,None,None,None,None,None,None,None,None,108,Briar Hill-Belgravia,108,Briar Hill-Belgravia (108),D13
9276,1348049,2013-02-19,916,YONGE ST,WELLINGTON ST W,None,Major Arterial,Toronto and East York,At Intersection,Traffic Signal,Rain,Daylight,Wet,Non-Fatal Injury,Pedestrian Collisions,Driver,35 to 39,None,None,South,"Automobile, Station Wagon",Turning Right,Failed to Yield Right of Way,Inattentive,None,None,None,None,None,None,Yes,None,Yes,None,None,None,None,None,None,Yes,None,None,None,170,Yonge-Bay Corridor,76,Bay Street Corridor (76),D52
9277,1348049,2013-02-19,916,YONGE ST,WELLINGTON ST W,None,Major Arterial,Toronto and East York,At Intersection,Traffic Signal,Rain,Daylight,Wet,Non-Fatal Injury,Pedestrian Collisions,Pedestrian,65 to 69,Major,None,South,Other,None,None,None,Vehicle turns right while ped crosses with ROW at inter.,Crossing with right of way,Normal,None,None,None,Yes,None,Yes,None,None,None,None,None,None,Yes,None,None,None,170,Yonge-Bay Corridor,76,Bay Street Corridor (76),D52
9278,1341806,2013-02-20,858,JANE St,DALRYMPLE Dr,None,Major Arterial,Etobicoke York,At Intersection,Stop Sign,Clear,Daylight,Dry,Non-Fatal Injury,Turning Movement,Passenger,35 to 39,Major,None,None,Other,None,None,None,None,None,None,None,None,None,None,None,Yes,None,None,None,None,Yes,None,Yes,None,None,None,111,Rockcliffe-Smythe,111,Rockcliffe-Smythe (111),D12
9279,1341806,2013-02-20,858,JANE St,DALRYMPLE Dr,None,Major Arterial,Etobicoke York,At Intersection,Stop Sign,Clear,Daylight,Dry,Non-Fatal Injury,Turning Movement,Vehicle Owner,unknown,None,None,None,Other,None,None,None,None,None,None,None,None,None,None,None,Yes,None,None,None,None,Yes,None,Yes,None,None,None,111,Rockcliffe-Smythe,111,Rockcliffe-Smythe (111),D12
9280,1341806,2013-02-20,858,JANE St,DALRYMPLE Dr,None,Major Arterial,Etobicoke York,At Intersection,Stop Sign,Clear,Daylight,Dry,Non-Fatal Injury,Turning Movement,Driver,50 to 54,Minor,None,West,"Automobile, Station Wagon",Turning Left,Failed to Yield Right of Way,Normal,None,None,None,None,None,None,None,None,Yes,None,None,None,None,Yes,None,Yes,None,None,None,111,Rockcliffe-Smythe,111,Rockcliffe-Smythe (111),D12
9281,1341806,2013-02-20,858,JANE St,DALRYMPLE Dr,None,Major Arterial,Etobicoke York,At Intersection,Stop Sign,Clear,Daylight,Dry,Non-Fatal Injury,Turning Movement,Vehicle Owner,unknown,None,None,None,Other,None,None,None,None,None,None,None,None,None,None,None,Yes,None,None,None,None,Yes,None,Yes,None,None,None,111,Rockcliffe-Smythe,111,Rockcliffe-Smythe (111),D12
9282,1341806,2013-02-20,858,JANE St,DALRYMPLE Dr,None,Major Arterial,Etobicoke York,At Intersection,Stop Sign,Clear,Daylight,Dry,Non-Fatal Injury,Turning Movement,Driver,35 to 39,None,None,South,"Automobile, Station Wagon",Going Ahead,Driving Properly,Normal,None,None,None,None,None,None,None,None,Yes,None,None,None,None,Yes,None,Yes,None,None,None,111,Rockcliffe-Smythe,111,Rockcliffe-Smythe (111),D12
9283,1341806,2013-02-20,858,JANE St,DALRYMPLE Dr,None,Major Arterial,Etobicoke York,At Intersection,Stop Sign,Clear,Daylight,Dry,Non-Fatal Injury,Turning Movement,Driver,35 to 39,None,None,South,"Automobile, Station Wagon",Going Ahead,Driving Properly,Normal,None,None,None,None,None,None,None,None,Yes,None,None,None,None,Yes,None,Yes,None,None,None,111,Rockcliffe-Smythe,111,Rockcliffe-Smythe (111),D12
9284,1341806,2013-02-20,858,JANE St,DALRYMPLE Dr,None,Major Arterial,Etobicoke York,At Intersection,Stop Sign,Clear,Daylight,Dry,Non-Fatal Injury,Turning Movement,Passenger,20 to 24,Minor,None,None,Other,None,None,None,None,None,None,None,None,None,None,None,Yes,None,None,None,None,Yes,None,Yes,None,None,None,111,Rockcliffe-Smythe,111,Rockcliffe-Smythe (111),D12
9285,1341806,2013-02-20,858,JANE St,DALRYMPLE Dr,None,Major Arterial,Etobicoke York,At Intersection,Stop Sign,Clear,Daylight,Dry,Non-Fatal Injury,Turning Movement,Driver,15 to 19,Minor,None,North,"Automobile, Station Wagon",Going Ahead,Driving Properly,Normal,None,None,None,None,None,None,None,None,Yes,None,None,None,None,Yes,None,Yes,None,None,None,111,Rockcliffe-Smythe,111,Rockcliffe-Smythe (111),D12
9286,1348204,2013-02-21,755,KENNEDY RD,TRANSWAY CRES,None,Major Arterial,Scarborough,At Intersection,No Control,Clear,Daylight,Dry,Non-Fatal Injury,Pedestrian Collisions,Driver,35 to 39,None,None,South,"Automobile, Station Wagon",Turning Left,Failed to Yield Right of Way,Inattentive,None,None,None,None,None,None,Yes,None,Yes,None,None,None,None,None,None,Yes,None,None,None,125,Ionview,125,Ionview (125),D41
9287,1348204,2013-02-21,755,KENNEDY RD,TRANSWAY CRES,None,Major Arterial,Scarborough,At Intersection,No Control,Clear,Daylight,Dry,Non-Fatal Injury,Pedestrian Collisions,Pedestrian,25 to 29,Major,None,North,Other,None,None,None,Vehicle turns left while ped crosses with ROW at inter.,Crossing with right of way,Normal,None,None,None,Yes,None,Yes,None,None,None,None,None,None,Yes,None,None,None,125,Ionview,125,Ionview (125),D41
9288,1348211,2013-02-21,924,SHEPPARD AVE W,FAYWOOD BLVD,None,Major Arterial,North York,At Intersection,Traffic Signal,Clear,Daylight,Dry,Non-Fatal Injury,Pedestrian Collisions,Driver,60 to 64,None,None,South,"Automobile, Station Wagon",Turning Left,Failed to Yield Right of Way,Normal,None,None,None,None,None,None,Yes,None,Yes,None,None,None,None,None,None,Yes,None,None,None,33,Clanton Park,33,Clanton Park (33),D32
9289,1348211,2013-02-21,924,SHEPPARD AVE W,FAYWOOD BLVD,None,Major Arterial,North York,At Intersection,Traffic Signal,Clear,Daylight,Dry,Non-Fatal Injury,Pedestrian Collisions,Pedestrian,20 to 24,Major,None,North,Other,None,None,None,Vehicle turns left while ped crosses with ROW at inter.,Crossing with right of way,Normal,None,None,None,Yes,None,Yes,None,None,None,None,None,None,Yes,None,None,None,33,Clanton Park,33,Clanton Park (33),D32
9290,1349360,2013-02-26,730,15 BESSARION Rd,AT #15,None,Local,North York,None,No Control,Clear,Dark,Dry,Non-Fatal Injury,Pedestrian Collisions,Pedestrian,75 to 79,Major,None,South,Other,None,None,None,Vehicle is reversing and hits pedestrian,Other,Normal,None,None,None,Yes,None,Yes,None,None,None,None,None,None,None,None,None,None,52,Bayview Village,52,Bayview Village (52),D33
9291,1349360,2013-02-26,730,15 BESSARION Rd,AT #15,None,Local,North York,None,No Control,Clear,Dark,Dry,Non-Fatal Injury,Pedestrian Collisions,Driver,60 to 64,None,None,East,"Automobile, Station Wagon",Reversing,Other,Normal,None,None,None,None,None,None,Yes,None,Yes,None,None,None,None,None,None,None,None,None,None,52,Bayview Village,52,Bayview Village (52),D33
9292,1348740,2013-02-26,2119,ST CLAIR AVE W,KEELE ST,None,Major Arterial,Etobicoke York,None,No Control,Rain,Dark,Wet,Non-Fatal Injury,SMV Other,Driver,60 to 64,Major,None,West,"Automobile, Station Wagon",Going Ahead,Other,Normal,None,None,None,None,None,None,None,None,Yes,None,None,None,None,None,None,None,None,None,None,90,Junction Area,90,Junction Area (90),D11
9293,1348740,2013-02-26,2119,ST CLAIR AVE W,KEELE ST,None,Major Arterial,Etobicoke York,None,No Control,Rain,Dark,Wet,Non-Fatal Injury,SMV Other,Other Property Owner,unknown,None,None,None,Other,None,None,None,None,None,None,None,None,None,None,None,Yes,None,None,None,None,None,None,None,None,None,None,90,Junction Area,90,Junction Area (90),D11
9294,1348815,2013-02-28,1426,ROGERS Rd,KEELE St,None,Major Arterial,Etobicoke York,None,Traffic Signal,Clear,Daylight,Wet,Non-Fatal Injury,Pedestrian Collisions,Vehicle Owner,unknown,None,None,None,Other,None,None,None,None,None,None,None,None,None,Yes,None,None,None,None,Yes,None,None,None,None,None,None,None,110,Keelesdale-Eglinton West,110,Keelesdale-Eglinton West (110),D12
9295,1348815,2013-02-28,1426,ROGERS Rd,KEELE St,None,Major Arterial,Etobicoke York,None,Traffic Signal,Clear,Daylight,Wet,Non-Fatal Injury,Pedestrian Collisions,Driver,35 to 39,None,None,East,Municipal Transit Bus (TTC),Stopped,Other,Normal,None,None,None,None,None,None,Yes,None,None,None,None,Yes,None,None,None,None,None,None,None,110,Keelesdale-Eglinton West,110,Keelesdale-Eglinton West (110),D12
9296,1348815,2013-02-28,1426,ROGERS Rd,KEELE St,None,Major Arterial,Etobicoke York,None,Traffic Signal,Clear,Daylight,Wet,Non-Fatal Injury,Pedestrian Collisions,Pedestrian,35 to 39,Major,None,Unknown,Other,None,None,None,Pedestrian involved in a collision with transit vehicle anywhere along roadway,Person Getting on/off Vehicle,Normal,None,None,None,Yes,None,None,None,None,Yes,None,None,None,None,None,None,None,110,Keelesdale-Eglinton West,110,Keelesdale-Eglinton West (110),D12
9297,1343587,2013-03-01,1039,DON MILLS RD W,GOODVIEW RD,None,Major Arterial,North York,At Intersection,No Control,Clear,Daylight,Wet,Non-Fatal Injury,Pedestrian Collisions,Driver,40 to 44,None,None,South,"Automobile, Station Wagon",Going Ahead,Driving Properly,Normal,None,None,None,None,None,None,Yes,None,Yes,None,None,None,None,None,None,None,None,None,None,47,Don Valley Village,47,Don Valley Village (47),D33
9298,1343587,2013-03-01,1039,DON MILLS RD W,GOODVIEW RD,None,Major Arterial,North York,At Intersection,No Control,Clear,Daylight,Wet,Non-Fatal Injury,Pedestrian Collisions,Pedestrian,80 to 84,Major,None,East,Other,None,None,None,Pedestrian hit at mid-block,"Crossing, no Traffic Control",Normal,None,None,None,Yes,None,Yes,None,None,None,None,None,None,None,None,None,None,47,Don Valley Village,47,Don Valley Village (47),D33
9299,1343634,2013-03-01,1855,MIDLAND AVE,MCNICOLL AVE,None,Major Arterial,Scarborough,None,No Control,Clear,Dusk,Dry,Non-Fatal Injury,Pedestrian Collisions,Driver,65 to 69,None,None,North,"Automobile, Station Wagon",Going Ahead,Driving Properly,Inattentive,None,None,None,None,None,None,Yes,None,Yes,None,None,None,None,None,None,None,None,None,None,130,Milliken,130,Milliken (130),D42
9300,1343634,2013-03-01,1855,MIDLAND AVE,MCNICOLL AVE,None,Major Arterial,Scarborough,None,No Control,Clear,Dusk,Dry,Non-Fatal Injury,Pedestrian Collisions,Pedestrian,0 to 4,None,None,North,Other,None,None,None,Pedestrian hit at mid-block,Walking on Roadway with Traffic,Normal,None,None,None,Yes,None,Yes,None,None,None,None,None,None,None,None,None,None,130,Milliken,130,Milliken (130),D42
9301,1343634,2013-03-01,1855,MIDLAND AVE,MCNICOLL AVE,None,Major Arterial,Scarborough,None,No Control,Clear,Dusk,Dry,Non-Fatal Injury,Pedestrian Collisions,Pedestrian,50 to 54,None,None,North,Other,None,None,None,Pedestrian hit at mid-block,Walking on Roadway with Traffic,Normal,None,None,None,Yes,None,Yes,None,None,None,None,None,None,None,None,None,None,130,Milliken,130,Milliken (130),D42
9302,1343634,2013-03-01,1855,MIDLAND AVE,MCNICOLL AVE,None,Major Arterial,Scarborough,None,No Control,Clear,Dusk,Dry,Non-Fatal Injury,Pedestrian Collisions,Pedestrian,25 to 29,Major,None,North,Other,None,None,None,Pedestrian hit at mid-block,Walking on Roadway with Traffic,Normal,None,None,None,Yes,None,Yes,None,None,None,None,None,None,None,None,None,None,130,Milliken,130,Milliken (130),D42
9303,1349045,2013-03-02,520,170 FINCH AVE E,None,None,Major Arterial,North York,None,No Control,Clear,Dawn,Dry,Non-Fatal Injury,Sideswipe,Driver,45 to 49,Minimal,None,West,"Automobile, Station Wagon",Going Ahead,Driving Properly,Normal,None,None,None,None,None,None,None,None,Yes,None,None,None,None,Yes,Yes,Yes,None,None,None,152,East Willowdale,51,Willowdale East (51),D32
9304,1349045,2013-03-02,520,170 FINCH AVE E,None,None,Major Arterial,North York,None,No Control,Clear,Dawn,Dry,Non-Fatal Injury,Sideswipe,Passenger,45 to 49,Minimal,None,None,Other,None,None,None,None,None,None,None,None,None,None,None,Yes,None,None,None,None,Yes,Yes,Yes,None,None,None,152,East Willowdale,51,Willowdale East (51),D32
9305,1349045,2013-03-02,520,170 FINCH AVE E,None,None,Major Arterial,North York,None,No Control,Clear,Dawn,Dry,Non-Fatal Injury,Sideswipe,Vehicle Owner,unknown,None,None,None,Other,None,None,None,None,None,None,None,None,None,None,None,Yes,None,None,None,None,Yes,Yes,Yes,None,None,None,152,East Willowdale,51,Willowdale East (51),D32
9306,1349045,2013-03-02,520,170 FINCH AVE E,None,None,Major Arterial,North York,None,No Control,Clear,Dawn,Dry,Non-Fatal Injury,Sideswipe,Driver,20 to 24,Major,None,West,"Automobile, Station Wagon",Going Ahead,Lost control,Unknown,None,None,None,None,None,None,None,None,Yes,None,None,None,None,Yes,Yes,Yes,None,None,None,152,East Willowdale,51,Willowdale East (51),D32
9307,1349064,2013-03-02,1107,ENCHANTED HILLS Cres,WILDERNESS Dr,None,Local,Scarborough,At Intersection,Stop Sign,Clear,Daylight,Dry,Non-Fatal Injury,Cyclist Collisions,Vehicle Owner,unknown,None,None,None,Other,None,None,None,None,None,None,None,None,None,None,Yes,Yes,None,None,None,None,None,None,None,None,None,None,130,Milliken,130,Milliken (130),D42
9308,1349064,2013-03-02,1107,ENCHANTED HILLS Cres,WILDERNESS Dr,None,Local,Scarborough,At Intersection,Stop Sign,Clear,Daylight,Dry,Non-Fatal Injury,Cyclist Collisions,Driver,55 to 59,None,None,East,"Automobile, Station Wagon",Turning Left,Improper Turn,Inattentive,None,None,None,None,None,None,None,Yes,Yes,None,None,None,None,None,None,None,None,None,None,130,Milliken,130,Milliken (130),D42
9309,1349064,2013-03-02,1107,ENCHANTED HILLS Cres,WILDERNESS Dr,None,Local,Scarborough,At Intersection,Stop Sign,Clear,Daylight,Dry,Non-Fatal Injury,Cyclist Collisions,Cyclist,55 to 59,Major,None,South,Bicycle,Going Ahead,None,None,None,None,None,Motorist turned left across cyclists path.,Driving Properly,Normal,None,Yes,Yes,None,None,None,None,None,None,None,None,None,None,130,Milliken,130,Milliken (130),D42
9310,1344050,2013-03-03,951,ROYAL YORK RD,HILLSIDE AVE,None,Minor Arterial,Etobicoke York,None,Stop Sign,Clear,Daylight,Dry,Non-Fatal Injury,Angle,Passenger,15 to 19,Minimal,None,None,Other,None,None,None,None,None,None,None,None,None,None,None,Yes,None,None,Yes,None,Yes,None,None,None,None,None,160,Mimico-Queensway,17,Mimico (includes Humber Bay Shores) (17),D22
9311,1344050,2013-03-03,951,ROYAL YORK RD,HILLSIDE AVE,None,Minor Arterial,Etobicoke York,None,Stop Sign,Clear,Daylight,Dry,Non-Fatal Injury,Angle,Vehicle Owner,unknown,None,None,None,Other,None,None,None,None,None,None,None,None,None,None,None,Yes,None,None,Yes,None,Yes,None,None,None,None,None,160,Mimico-Queensway,17,Mimico (includes Humber Bay Shores) (17),D22
9312,1344050,2013-03-03,951,ROYAL YORK RD,HILLSIDE AVE,None,Minor Arterial,Etobicoke York,None,Stop Sign,Clear,Daylight,Dry,Non-Fatal Injury,Angle,Driver,45 to 49,None,None,South,Municipal Transit Bus (TTC),Stopped,Driving Properly,Normal,None,None,None,None,None,None,None,None,Yes,None,None,Yes,None,Yes,None,None,None,None,None,160,Mimico-Queensway,17,Mimico (includes Humber Bay Shores) (17),D22
9313,1344050,2013-03-03,951,ROYAL YORK RD,HILLSIDE AVE,None,Minor Arterial,Etobicoke York,None,Stop Sign,Clear,Daylight,Dry,Non-Fatal Injury,Angle,Driver,50 to 54,Major,None,West,"Automobile, Station Wagon",Going Ahead,Lost control,Unknown,None,None,None,None,None,None,None,None,Yes,None,None,Yes,None,Yes,None,None,None,None,None,160,Mimico-Queensway,17,Mimico (includes Humber Bay Shores) (17),D22
9314,1349207,2013-03-04,800,37 SIX POINT Rd,None,None,Local,Etobicoke York,None,No Control,Clear,Daylight,Dry,Non-Fatal Injury,Angle,Vehicle Owner,unknown,None,None,None,Other,None,None,None,None,None,None,None,None,None,None,None,Yes,None,Yes,None,None,None,None,None,None,None,None,159,Etobicoke City Centre,14,Islington-City Centre West (14),D22
9315,1349207,2013-03-04,800,37 SIX POINT Rd,None,None,Local,Etobicoke York,None,No Control,Clear,Daylight,Dry,Non-Fatal Injury,Angle,Truck Driver,25 to 29,None,None,South,Truck - Open,Reversing,Other,Unknown,None,None,None,None,None,None,None,None,Yes,None,Yes,None,None,None,None,None,None,None,None,159,Etobicoke City Centre,14,Islington-City Centre West (14),D22
9316,1349207,2013-03-04,800,37 SIX POINT Rd,None,None,Local,Etobicoke York,None,No Control,Clear,Daylight,Dry,Non-Fatal Injury,Angle,Driver,55 to 59,Major,None,East,"Automobile, Station Wagon",Going Ahead,Other,Normal,None,None,None,None,None,None,None,None,Yes,None,Yes,None,None,None,None,None,None,None,None,159,Etobicoke City Centre,14,Islington-City Centre West (14),D22
9317,1344588,2013-03-05,2128,1420 VICTORIA PARK Ave,None,None,Major Arterial,North York,None,No Control,Clear,"Dark, artificial",Wet,Fatal,Pedestrian Collisions,Vehicle Owner,unknown,None,None,None,None,None,None,None,None,None,None,None,None,None,Yes,None,Yes,None,None,None,None,None,None,Yes,None,None,None,43,Victoria Village,43,Victoria Village (43),D55
9318,1344588,2013-03-05,2128,1420 VICTORIA PARK Ave,None,None,Major Arterial,North York,None,No Control,Clear,"Dark, artificial",Wet,Fatal,Pedestrian Collisions,Driver,30 to 34,None,None,North,"Automobile, Station Wagon",Going Ahead,Driving Properly,Inattentive,None,None,None,None,None,None,Yes,None,Yes,None,None,None,None,None,None,Yes,None,None,None,43,Victoria Village,43,Victoria Village (43),D55
9319,1344588,2013-03-05,2128,1420 VICTORIA PARK Ave,None,None,Major Arterial,North York,None,No Control,Clear,"Dark, artificial",Wet,Fatal,Pedestrian Collisions,Pedestrian,35 to 39,Fatal,7,East,None,None,None,None,Pedestrian hit at mid-block,"Crossing, no Traffic Control",Had Been Drinking,None,None,None,Yes,None,Yes,None,None,None,None,None,None,Yes,None,None,None,43,Victoria Village,43,Victoria Village (43),D55
9320,1344724,2013-03-06,927,ST CLAIR AVE W,HOUNSLOW HEATH RD,None,Major Arterial,Toronto and East York,None,Traffic Signal,Clear,Daylight,Wet,Non-Fatal Injury,Pedestrian Collisions,Vehicle Owner,unknown,None,None,None,Other,None,None,None,None,None,None,None,None,None,Yes,None,Yes,None,None,None,None,None,None,None,None,None,None,91,Weston-Pelham Park,91,Weston-Pellam Park (91),D11
9321,1344724,2013-03-06,927,ST CLAIR AVE W,HOUNSLOW HEATH RD,None,Major Arterial,Toronto and East York,None,Traffic Signal,Clear,Daylight,Wet,Non-Fatal Injury,Pedestrian Collisions,Driver,40 to 44,None,None,East,"Automobile, Station Wagon",Going Ahead,Driving Properly,Normal,None,None,None,None,None,None,Yes,None,Yes,None,None,None,None,None,None,None,None,None,None,91,Weston-Pelham Park,91,Weston-Pellam Park (91),D11
9322,1344724,2013-03-06,927,ST CLAIR AVE W,HOUNSLOW HEATH RD,None,Major Arterial,Toronto and East York,None,Traffic Signal,Clear,Daylight,Wet,Non-Fatal Injury,Pedestrian Collisions,Pedestrian,10 to 14,Major,None,North,Other,None,None,None,Vehicle is going straight thru inter.while ped cross without ROW,Crossing without right of way,Normal,None,None,None,Yes,None,Yes,None,None,None,None,None,None,None,None,None,None,91,Weston-Pelham Park,91,Weston-Pellam Park (91),D11
9323,1388642,2013-03-06,2010,BRIMLEY Rd,EAGLEDANCE Dr,None,Major Arterial,Scarborough,None,Traffic Signal,Clear,"Dark, artificial",Dry,Non-Fatal Injury,Angle,Driver,50 to 54,Major,None,North,"Automobile, Station Wagon",Going Ahead,Disobeyed Traffic Control,Inattentive,None,None,None,None,None,None,None,None,Yes,None,None,None,None,None,None,Yes,Yes,None,None,130,Milliken,130,Milliken (130),D42
9324,1388642,2013-03-06,2010,BRIMLEY Rd,EAGLEDANCE Dr,None,Major Arterial,Scarborough,None,Traffic Signal,Clear,"Dark, artificial",Dry,Non-Fatal Injury,Angle,Vehicle Owner,unknown,None,None,None,Other,None,None,None,None,None,None,None,None,None,None,None,Yes,None,None,None,None,None,None,Yes,Yes,None,None,130,Milliken,130,Milliken (130),D42
9325,1388642,2013-03-06,2010,BRIMLEY Rd,EAGLEDANCE Dr,None,Major Arterial,Scarborough,None,Traffic Signal,Clear,"Dark, artificial",Dry,Non-Fatal Injury,Angle,Driver,50 to 54,Minimal,None,West,"Automobile, Station Wagon",Going Ahead,Driving Properly,Normal,None,None,None,None,None,None,None,None,Yes,None,None,None,None,None,None,Yes,Yes,None,None,130,Milliken,130,Milliken (130),D42
9326,1345175,2013-03-07,1545,CLIFFSIDE DR,EAST HAVEN DR,None,Collector,Scarborough,None,Stop Sign,Clear,Daylight,Wet,Fatal,Pedestrian Collisions,Vehicle Owner,unknown,None,None,None,None,None,None,None,None,None,None,None,None,None,Yes,None,None,None,Yes,None,None,None,None,Yes,None,None,None,122,Birchcliffe-Cliffside,122,Birchcliffe-Cliffside (122),D41
9327,1345175,2013-03-07,1545,CLIFFSIDE DR,EAST HAVEN DR,None,Collector,Scarborough,None,Stop Sign,Clear,Daylight,Wet,Fatal,Pedestrian Collisions,Truck Driver,60 to 64,None,None,West,"Truck - Closed (Blazer, etc)",Turning Left,Failed to Yield Right of Way,Normal,None,None,None,None,None,None,Yes,None,None,None,Yes,None,None,None,None,Yes,None,None,None,122,Birchcliffe-Cliffside,122,Birchcliffe-Cliffside (122),D41
9328,1345175,2013-03-07,1545,CLIFFSIDE DR,EAST HAVEN DR,None,Collector,Scarborough,None,Stop Sign,Clear,Daylight,Wet,Fatal,Pedestrian Collisions,Pedestrian,10 to 14,Minor,None,West,None,None,None,None,Vehicle turns left while ped crosses with ROW at inter.,Crossing with right of way,Normal,None,None,None,Yes,None,None,None,Yes,None,None,None,None,Yes,None,None,None,122,Birchcliffe-Cliffside,122,Birchcliffe-Cliffside (122),D41
9329,1345175,2013-03-07,1545,CLIFFSIDE DR,EAST HAVEN DR,None,Collector,Scarborough,None,Stop Sign,Clear,Daylight,Wet,Fatal,Pedestrian Collisions,Pedestrian,5 to 9,Minor,None,West,None,None,None,None,Vehicle turns left while ped crosses with ROW at inter.,Crossing with right of way,Normal,None,None,None,Yes,None,None,None,Yes,None,None,None,None,Yes,None,None,None,122,Birchcliffe-Cliffside,122,Birchcliffe-Cliffside (122),D41
9330,1345175,2013-03-07,1545,CLIFFSIDE DR,EAST HAVEN DR,None,Collector,Scarborough,None,Stop Sign,Clear,Daylight,Wet,Fatal,Pedestrian Collisions,Pedestrian,5 to 9,Fatal,6,West,None,None,None,None,Vehicle turns left while ped crosses with ROW at inter.,Crossing with right of way,Normal,None,None,None,Yes,None,None,None,Yes,None,None,None,None,Yes,None,None,None,122,Birchcliffe-Cliffside,122,Birchcliffe-Cliffside (122),D41
9331,1353008,2013-03-08,1815,DUNDAS ST E,CRAVEN RD,None,Minor Arterial,Toronto and East York,At Intersection,Stop Sign,Clear,Dusk,Dry,Non-Fatal Injury,Cyclist Collisions,Vehicle Owner,unknown,None,None,None,Other,None,None,None,None,None,None,None,None,None,None,Yes,Yes,None,None,None,None,None,None,None,None,None,None,65,Greenwood-Coxwell,65,Greenwood-Coxwell (65),D55
9332,1353008,2013-03-08,1815,DUNDAS ST E,CRAVEN RD,None,Minor Arterial,Toronto and East York,At Intersection,Stop Sign,Clear,Dusk,Dry,Non-Fatal Injury,Cyclist Collisions,Driver,50 to 54,None,None,North,"Automobile, Station Wagon",Going Ahead,Driving Properly,Normal,None,None,None,None,None,None,None,Yes,Yes,None,None,None,None,None,None,None,None,None,None,65,Greenwood-Coxwell,65,Greenwood-Coxwell (65),D55
9333,1353008,2013-03-08,1815,DUNDAS ST E,CRAVEN RD,None,Minor Arterial,Toronto and East York,At Intersection,Stop Sign,Clear,Dusk,Dry,Non-Fatal Injury,Cyclist Collisions,Cyclist,30 to 34,Major,None,West,Bicycle,Going Ahead,None,None,None,None,None,"Cyclist without ROW rides into path of motorist at inter, lnwy, dwy-Cyclist not turn.",Wrong Way on One Way Road,Normal,None,Yes,Yes,None,None,None,None,None,None,None,None,None,None,65,Greenwood-Coxwell,65,Greenwood-Coxwell (65),D55
9334,1345604,2013-03-10,10,FINCH AVE W,OAKDALE RD,None,Major Arterial,Etobicoke York,At Intersection,No Control,Clear,"Dark, artificial",Dry,Non-Fatal Injury,Pedestrian Collisions,Driver,70 to 74,None,None,East,"Automobile, Station Wagon",Going Ahead,Driving Properly,Normal,None,None,None,None,None,None,Yes,None,Yes,None,None,None,None,None,None,None,None,None,None,25,Glenfield-Jane Heights,25,Glenfield-Jane Heights (25),D31
9335,1345604,2013-03-10,10,FINCH AVE W,OAKDALE RD,None,Major Arterial,Etobicoke York,At Intersection,No Control,Clear,"Dark, artificial",Dry,Non-Fatal Injury,Pedestrian Collisions,Pedestrian,30 to 34,Major,None,North,Other,None,None,None,Pedestrian hit at mid-block,"Crossing, no Traffic Control",Unknown,None,None,None,Yes,None,Yes,None,None,None,None,None,None,None,None,None,None,25,Glenfield-Jane Heights,25,Glenfield-Jane Heights (25),D31
9336,1345603,2013-03-10,400,BLOOR ST W,ST HELENS AVE,None,Major Arterial,Toronto and East York,At Intersection,Stop Sign,Clear,"Dark, artificial",Dry,Non-Fatal Injury,Cyclist Collisions,Passenger,20 to 24,Minimal,None,None,Other,None,None,None,None,None,None,None,None,None,None,Yes,Yes,None,None,None,None,Yes,None,None,None,None,None,83,Dufferin Grove,83,Dufferin Grove (83),D11