_id,ACCNUM,DATE,TIME,STREET1,STREET2,OFFSET,ROAD_CLASS,DISTRICT,ACCLOC,TRAFFCTL,VISIBILITY,LIGHT,RDSFCOND,ACCLASS,IMPACTYPE,INVTYPE,INVAGE,INJURY,FATAL_NO,INITDIR,VEHTYPE,MANOEUVER,DRIVACT,DRIVCOND,PEDTYPE,PEDACT,PEDCOND,CYCLISTYPE,CYCACT,CYCCOND,PEDESTRIAN,CYCLIST,AUTOMOBILE,MOTORCYCLE,TRUCK,TRSN_CITY_VEH,EMERG_VEH,PASSENGER,SPEEDING,AG_DRIV,REDLIGHT,ALCOHOL,DISABILITY,HOOD_158,NEIGHBOURHOOD_158,HOOD_140,NEIGHBOURHOOD_140,DIVISION
9533,1363874,2013-05-15,701,KINGSTON RD,LAWRENCE AVE E,None,Major Arterial,Scarborough,At Intersection,Traffic Signal,Rain,Daylight,Wet,Non-Fatal Injury,Pedestrian Collisions,Pedestrian,75 to 79,Major,None,West,Other,None,None,None,Vehicle is going straight thru inter.while ped cross without ROW,Crossing without right of way,Normal,None,None,None,Yes,None,Yes,None,None,None,None,None,None,None,None,None,None,136,West Hill,136,West Hill (136),D43
9534,1356635,2013-05-16,1231,MILL ST,YONGE ST,None,Major Arterial,North York,At Intersection,Traffic Signal,Clear,Daylight,Dry,Fatal,Pedestrian Collisions,Vehicle Owner,unknown,None,None,None,None,None,None,None,None,None,None,None,None,None,Yes,None,Yes,None,None,None,None,None,None,Yes,Yes,None,None,41,Bridle Path-Sunnybrook-York Mills,41,Bridle Path-Sunnybrook-York Mills (41),D32
9535,1356635,2013-05-16,1231,MILL ST,YONGE ST,None,Major Arterial,North York,At Intersection,Traffic Signal,Clear,Daylight,Dry,Fatal,Pedestrian Collisions,Driver,25 to 29,None,None,West,"Automobile, Station Wagon",Turning Right,Disobeyed Traffic Control,Normal,None,None,None,None,None,None,Yes,None,Yes,None,None,None,None,None,None,Yes,Yes,None,None,41,Bridle Path-Sunnybrook-York Mills,41,Bridle Path-Sunnybrook-York Mills (41),D32
9536,1356635,2013-05-16,1231,MILL ST,YONGE ST,None,Major Arterial,North York,At Intersection,Traffic Signal,Clear,Daylight,Dry,Fatal,Pedestrian Collisions,Pedestrian,90 to 94,Fatal,15,South,None,None,None,None,Vehicle turns right while ped crosses with ROW at inter.,Crossing with right of way,Normal,None,None,None,Yes,None,Yes,None,None,None,None,None,None,Yes,Yes,None,None,41,Bridle Path-Sunnybrook-York Mills,41,Bridle Path-Sunnybrook-York Mills (41),D32
9537,1356633,2013-05-16,1717,BATHURST ST,COLLEGE ST,None,Major Arterial,Toronto and East York,At Intersection,Traffic Signal,Clear,Daylight,Dry,Non-Fatal Injury,Pedestrian Collisions,Driver,50 to 54,None,None,North,Pick Up Truck,Going Ahead,Driving Properly,Normal,None,None,None,None,None,None,Yes,None,Yes,None,None,None,None,None,None,None,None,None,None,78,Kensington-Chinatown,78,Kensington-Chinatown (78),D14
9538,1356633,2013-05-16,1717,BATHURST ST,COLLEGE ST,None,Major Arterial,Toronto and East York,At Intersection,Traffic Signal,Clear,Daylight,Dry,Non-Fatal Injury,Pedestrian Collisions,Pedestrian,75 to 79,Major,None,East,None,None,None,None,Vehicle is going straight thru inter.while ped cross without ROW,Crossing without right of way,Unknown,None,None,None,Yes,None,Yes,None,None,None,None,None,None,None,None,None,None,78,Kensington-Chinatown,78,Kensington-Chinatown (78),D14
9539,1364796,2013-05-17,1406,BATHURST ST,NINA ST,None,Major Arterial,Toronto and East York,At Intersection,Traffic Signal,Clear,Daylight,Dry,Non-Fatal Injury,Sideswipe,Driver,20 to 24,None,None,North,"Automobile, Station Wagon",Changing Lanes,Driving Properly,Normal,None,None,None,None,None,None,None,None,Yes,Yes,None,None,None,None,None,Yes,None,None,None,94,Wychwood,94,Wychwood (94),D13
9540,1364796,2013-05-17,1406,BATHURST ST,NINA ST,None,Major Arterial,Toronto and East York,At Intersection,Traffic Signal,Clear,Daylight,Dry,Non-Fatal Injury,Sideswipe,Vehicle Owner,unknown,None,None,None,Other,None,None,None,None,None,None,None,None,None,None,None,Yes,Yes,None,None,None,None,None,Yes,None,None,None,94,Wychwood,94,Wychwood (94),D13
9541,1364796,2013-05-17,1406,BATHURST ST,NINA ST,None,Major Arterial,Toronto and East York,At Intersection,Traffic Signal,Clear,Daylight,Dry,Non-Fatal Injury,Sideswipe,Motorcycle Driver,35 to 39,Major,None,North,Motorcycle,Going Ahead,Improper Passing,Normal,None,None,None,None,None,None,None,None,Yes,Yes,None,None,None,None,None,Yes,None,None,None,94,Wychwood,94,Wychwood (94),D13
9542,1364785,2013-05-18,2118,HOLLAND AVE,GLENBURN AVE,None,Local,Toronto and East York,At Intersection,Stop Sign,Clear,Dark,Dry,Non-Fatal Injury,Rear End,Driver,35 to 39,Major,None,East,"Automobile, Station Wagon",Going Ahead,Following too Close,Inattentive,None,None,None,None,None,None,None,None,Yes,None,None,None,None,Yes,None,Yes,None,None,None,54,O'Connor-Parkview,54,O'Connor-Parkview (54),D55
9543,1364785,2013-05-18,2118,HOLLAND AVE,GLENBURN AVE,None,Local,Toronto and East York,At Intersection,Stop Sign,Clear,Dark,Dry,Non-Fatal Injury,Rear End,Passenger,55 to 59,Minor,None,None,Other,None,None,None,None,None,None,None,None,None,None,None,Yes,None,None,None,None,Yes,None,Yes,None,None,None,54,O'Connor-Parkview,54,O'Connor-Parkview (54),D55
9544,1364785,2013-05-18,2118,HOLLAND AVE,GLENBURN AVE,None,Local,Toronto and East York,At Intersection,Stop Sign,Clear,Dark,Dry,Non-Fatal Injury,Rear End,Driver,30 to 34,Minimal,None,East,"Automobile, Station Wagon",Stopped,Driving Properly,Normal,None,None,None,None,None,None,None,None,Yes,None,None,None,None,Yes,None,Yes,None,None,None,54,O'Connor-Parkview,54,O'Connor-Parkview (54),D55
9545,1356930,2013-05-18,2240,EGLINTON Ave W,OAKWOOD Ave,None,Major Arterial,North York,None,No Control,Clear,"Dark, artificial",Dry,Non-Fatal Injury,Pedestrian Collisions,Driver,50 to 54,None,None,West,"Automobile, Station Wagon",Going Ahead,Driving Properly,Normal,None,None,None,None,None,None,Yes,None,Yes,None,None,None,None,None,None,None,None,None,None,108,Briar Hill-Belgravia,108,Briar Hill-Belgravia (108),D13
9546,1356930,2013-05-18,2240,EGLINTON Ave W,OAKWOOD Ave,None,Major Arterial,North York,None,No Control,Clear,"Dark, artificial",Dry,Non-Fatal Injury,Pedestrian Collisions,Vehicle Owner,unknown,None,None,None,Other,None,None,None,None,None,None,None,None,None,Yes,None,Yes,None,None,None,None,None,None,None,None,None,None,108,Briar Hill-Belgravia,108,Briar Hill-Belgravia (108),D13
9547,1356930,2013-05-18,2240,EGLINTON Ave W,OAKWOOD Ave,None,Major Arterial,North York,None,No Control,Clear,"Dark, artificial",Dry,Non-Fatal Injury,Pedestrian Collisions,Driver,15 to 19,None,None,East,"Automobile, Station Wagon",Going Ahead,Driving Properly,Normal,None,None,None,None,None,None,Yes,None,Yes,None,None,None,None,None,None,None,None,None,None,108,Briar Hill-Belgravia,108,Briar Hill-Belgravia (108),D13
9548,1356930,2013-05-18,2240,EGLINTON Ave W,OAKWOOD Ave,None,Major Arterial,North York,None,No Control,Clear,"Dark, artificial",Dry,Non-Fatal Injury,Pedestrian Collisions,Pedestrian,25 to 29,Major,None,South,Other,None,None,None,Pedestrian hit at mid-block,"Crossing, no Traffic Control",Inattentive,None,None,None,Yes,None,Yes,None,None,None,None,None,None,None,None,None,None,108,Briar Hill-Belgravia,108,Briar Hill-Belgravia (108),D13
9549,1363452,2013-05-20,1040,LAKE SHORE BLVD W,REES ST,None,Major Arterial,Toronto and East York,At Intersection,Traffic Signal,Clear,Daylight,Dry,Non-Fatal Injury,Cyclist Collisions,Driver,35 to 39,None,None,East,"Automobile, Station Wagon",Turning Right,Improper Turn,Inattentive,None,None,None,None,None,None,None,Yes,Yes,None,None,None,None,None,None,None,None,None,None,165,Harbourfront-CityPlace,77,Waterfront Communities-The Island (77),D52
9550,1363452,2013-05-20,1040,LAKE SHORE BLVD W,REES ST,None,Major Arterial,Toronto and East York,At Intersection,Traffic Signal,Clear,Daylight,Dry,Non-Fatal Injury,Cyclist Collisions,Cyclist,50 to 54,Major,None,East,Bicycle,Going Ahead,None,None,None,None,None,"Cyclist without ROW rides into path of motorist at inter, lnwy, dwy-Cyclist not turn.",Disobeyed Traffic Control,Inattentive,None,Yes,Yes,None,None,None,None,None,None,None,None,None,None,165,Harbourfront-CityPlace,77,Waterfront Communities-The Island (77),D52
9551,1357107,2013-05-20,1405,SPADINA Ave,COLLEGE St,None,Major Arterial,Toronto and East York,At Intersection,No Control,Clear,Daylight,Dry,Non-Fatal Injury,SMV Other,Motorcycle Driver,25 to 29,Major,None,North,Motorcycle,Turning Right,Lost control,Normal,None,None,None,None,None,None,None,None,None,Yes,None,None,None,None,Yes,Yes,None,None,None,79,University,79,University (79),D52
9552,1365020,2013-05-21,1540,OSSINGTON Ave,DUPONT St,None,Major Arterial,Toronto and East York,At Intersection,Traffic Signal,Clear,Daylight,Dry,Non-Fatal Injury,Turning Movement,Driver,20 to 24,None,None,South,Other,Going Ahead,Exceeding Speed Limit,Unknown,None,None,None,None,None,None,None,None,Yes,None,None,None,None,Yes,Yes,Yes,None,None,None,172,Dovercourt Village,93,Dovercourt-Wallace Emerson-Junction (93),D14
9553,1365020,2013-05-21,1540,OSSINGTON Ave,DUPONT St,None,Major Arterial,Toronto and East York,At Intersection,Traffic Signal,Clear,Daylight,Dry,Non-Fatal Injury,Turning Movement,Passenger,45 to 49,Major,None,None,Other,None,None,None,None,None,None,None,None,None,None,None,Yes,None,None,None,None,Yes,Yes,Yes,None,None,None,172,Dovercourt Village,93,Dovercourt-Wallace Emerson-Junction (93),D14
9554,1365020,2013-05-21,1540,OSSINGTON Ave,DUPONT St,None,Major Arterial,Toronto and East York,At Intersection,Traffic Signal,Clear,Daylight,Dry,Non-Fatal Injury,Turning Movement,Vehicle Owner,unknown,None,None,None,Other,None,None,None,None,None,None,None,None,None,None,None,Yes,None,None,None,None,Yes,Yes,Yes,None,None,None,172,Dovercourt Village,93,Dovercourt-Wallace Emerson-Junction (93),D14
9555,1365020,2013-05-21,1540,OSSINGTON Ave,DUPONT St,None,Major Arterial,Toronto and East York,At Intersection,Traffic Signal,Clear,Daylight,Dry,Non-Fatal Injury,Turning Movement,Driver,35 to 39,None,None,North,"Automobile, Station Wagon",Turning Left,Driving Properly,Normal,None,None,None,None,None,None,None,None,Yes,None,None,None,None,Yes,Yes,Yes,None,None,None,172,Dovercourt Village,93,Dovercourt-Wallace Emerson-Junction (93),D14
9556,1365622,2013-05-23,1815,KEELE ST,401 C E KEELE ST RAMP E,None,Major Arterial,Etobicoke York,At Intersection,Traffic Signal,Clear,Daylight,Dry,Non-Fatal Injury,Pedestrian Collisions,Driver,60 to 64,None,None,East,"Automobile, Station Wagon",Turning Right,Failed to Yield Right of Way,Inattentive,None,None,None,None,None,None,Yes,None,Yes,None,None,None,None,None,None,Yes,None,None,None,29,Maple Leaf,29,Maple Leaf (29),D12
9557,1365622,2013-05-23,1815,KEELE ST,401 C E KEELE ST RAMP E,None,Major Arterial,Etobicoke York,At Intersection,Traffic Signal,Clear,Daylight,Dry,Non-Fatal Injury,Pedestrian Collisions,Pedestrian,70 to 74,Major,None,North,Other,None,None,None,Vehicle turns right while ped crosses with ROW at inter.,Crossing with right of way,Normal,None,None,None,Yes,None,Yes,None,None,None,None,None,None,Yes,None,None,None,29,Maple Leaf,29,Maple Leaf (29),D12
9558,1365804,2013-05-23,1850,GERRARD St E,BROADVIEW Ave,None,Minor Arterial,Toronto and East York,None,No Control,Clear,Daylight,Dry,Non-Fatal Injury,Cyclist Collisions,Driver,50 to 54,None,None,East,"Automobile, Station Wagon",Parked,Failed to Yield Right of Way,Normal,None,None,None,None,None,None,None,Yes,Yes,None,None,None,None,None,None,Yes,None,None,None,68,North Riverdale,68,North Riverdale (68),D55
9559,1365804,2013-05-23,1850,GERRARD St E,BROADVIEW Ave,None,Minor Arterial,Toronto and East York,None,No Control,Clear,Daylight,Dry,Non-Fatal Injury,Cyclist Collisions,Cyclist,35 to 39,Major,None,East,Bicycle,Going Ahead,None,None,None,None,None,Cyclist struck opened vehicle door,Driving Properly,Normal,None,Yes,Yes,None,None,None,None,None,None,Yes,None,None,None,68,North Riverdale,68,North Riverdale (68),D55
9560,1365697,2013-05-25,1022,41 WAYSIDE Ave,None,None,Collector,Scarborough,None,No Control,Clear,Daylight,Dry,Non-Fatal Injury,Pedestrian Collisions,Driver,25 to 29,None,None,East,"Automobile, Station Wagon",Reversing,Other,Inattentive,None,None,None,None,None,None,Yes,None,Yes,None,None,None,None,None,None,None,None,None,None,148,East L'Amoreaux,117,L'Amoreaux (117),D42
9561,1365697,2013-05-25,1022,41 WAYSIDE Ave,None,None,Collector,Scarborough,None,No Control,Clear,Daylight,Dry,Non-Fatal Injury,Pedestrian Collisions,Pedestrian,80 to 84,Major,None,West,Other,None,None,None,Vehicle is reversing and hits pedestrian,Other,Normal,None,None,None,Yes,None,Yes,None,None,None,None,None,None,None,None,None,None,148,East L'Amoreaux,117,L'Amoreaux (117),D42
9562,1368988,2013-05-25,2350,STEELES AVE W,IRONDALE DR,None,Major Arterial,Etobicoke York,None,No Control,Clear,Dark,Dry,Non-Fatal Injury,SMV Other,Passenger,unknown,Major,None,None,Other,None,None,None,None,None,None,None,None,None,None,None,Yes,None,None,None,None,Yes,None,None,None,None,None,21,Humber Summit,NSA,NSA,D31
9563,1368988,2013-05-25,2350,STEELES AVE W,IRONDALE DR,None,Major Arterial,Etobicoke York,None,No Control,Clear,Dark,Dry,Non-Fatal Injury,SMV Other,Passenger,unknown,Major,None,None,Other,None,None,None,None,None,None,None,None,None,None,None,Yes,None,None,None,None,Yes,None,None,None,None,None,21,Humber Summit,NSA,NSA,D31
9564,1368988,2013-05-25,2350,STEELES AVE W,IRONDALE DR,None,Major Arterial,Etobicoke York,None,No Control,Clear,Dark,Dry,Non-Fatal Injury,SMV Other,Passenger,unknown,Minor,None,None,Other,None,None,None,None,None,None,None,None,None,None,None,Yes,None,None,None,None,Yes,None,None,None,None,None,21,Humber Summit,NSA,NSA,D31
9565,1368988,2013-05-25,2350,STEELES AVE W,IRONDALE DR,None,Major Arterial,Etobicoke York,None,No Control,Clear,Dark,Dry,Non-Fatal Injury,SMV Other,Driver,25 to 29,Minor,None,East,"Automobile, Station Wagon",Going Ahead,None,None,None,None,None,None,None,None,None,None,Yes,None,None,None,None,Yes,None,None,None,None,None,21,Humber Summit,NSA,NSA,D31
9566,1368988,2013-05-25,2350,STEELES AVE W,IRONDALE DR,None,Major Arterial,Etobicoke York,None,No Control,Clear,Dark,Dry,Non-Fatal Injury,SMV Other,Other Property Owner,unknown,None,None,None,Other,None,None,None,None,None,None,None,None,None,None,None,Yes,None,None,None,None,Yes,None,None,None,None,None,21,Humber Summit,NSA,NSA,D31
9567,1365705,2013-05-26,1905,CENTRE Ave,DUNDAS St W,None,Local,Toronto and East York,None,No Control,Clear,"Daylight, artificial",Dry,Non-Fatal Injury,Pedestrian Collisions,Vehicle Owner,unknown,None,None,None,Other,None,None,None,None,None,None,None,None,None,Yes,None,Yes,None,None,None,None,None,None,None,None,None,None,170,Yonge-Bay Corridor,76,Bay Street Corridor (76),D52
9568,1365705,2013-05-26,1905,CENTRE Ave,DUNDAS St W,None,Local,Toronto and East York,None,No Control,Clear,"Daylight, artificial",Dry,Non-Fatal Injury,Pedestrian Collisions,Driver,25 to 29,None,None,South,"Automobile, Station Wagon",Reversing,Other,Unknown,None,None,None,None,None,None,Yes,None,Yes,None,None,None,None,None,None,None,None,None,None,170,Yonge-Bay Corridor,76,Bay Street Corridor (76),D52
9569,1365705,2013-05-26,1905,CENTRE Ave,DUNDAS St W,None,Local,Toronto and East York,None,No Control,Clear,"Daylight, artificial",Dry,Non-Fatal Injury,Pedestrian Collisions,Pedestrian,30 to 34,Major,None,Unknown,Other,None,None,None,Vehicle is reversing and hits pedestrian,Other,Had Been Drinking,None,None,None,Yes,None,Yes,None,None,None,None,None,None,None,None,None,None,170,Yonge-Bay Corridor,76,Bay Street Corridor (76),D52
9570,1366035,2013-05-28,1755,SCARLETT Rd,FOXWELL St,None,Minor Arterial,Etobicoke York,At Intersection,Stop Sign,Rain,Daylight,Wet,Non-Fatal Injury,Turning Movement,Vehicle Owner,unknown,None,None,None,Other,None,None,None,None,None,None,None,None,None,None,None,Yes,None,None,None,None,None,None,None,None,None,None,111,Rockcliffe-Smythe,111,Rockcliffe-Smythe (111),D12
9571,1366035,2013-05-28,1755,SCARLETT Rd,FOXWELL St,None,Minor Arterial,Etobicoke York,At Intersection,Stop Sign,Rain,Daylight,Wet,Non-Fatal Injury,Turning Movement,Driver,65 to 69,None,None,West,"Automobile, Station Wagon",Turning Left,Improper Turn,Normal,None,None,None,None,None,None,None,None,Yes,None,None,None,None,None,None,None,None,None,None,111,Rockcliffe-Smythe,111,Rockcliffe-Smythe (111),D12
9572,1366035,2013-05-28,1755,SCARLETT Rd,FOXWELL St,None,Minor Arterial,Etobicoke York,At Intersection,Stop Sign,Rain,Daylight,Wet,Non-Fatal Injury,Turning Movement,Driver,40 to 44,Major,None,North,"Automobile, Station Wagon",Going Ahead,Driving Properly,Normal,None,None,None,None,None,None,None,None,Yes,None,None,None,None,None,None,None,None,None,None,111,Rockcliffe-Smythe,111,Rockcliffe-Smythe (111),D12
9573,1366092,2013-05-29,2230,LAKE SHORE Blvd W,THIRTY SEVENTH St,None,Major Arterial,Etobicoke York,At Intersection,Traffic Signal,Clear,"Dark, artificial",Dry,Non-Fatal Injury,Turning Movement,Motorcycle Driver,15 to 19,Major,None,West,Motorcycle,Going Ahead,Driving Properly,Normal,None,None,None,None,None,None,None,None,Yes,Yes,None,None,None,None,None,None,None,None,None,19,Long Branch,19,Long Branch (19),D22
9574,1366092,2013-05-29,2230,LAKE SHORE Blvd W,THIRTY SEVENTH St,None,Major Arterial,Etobicoke York,At Intersection,Traffic Signal,Clear,"Dark, artificial",Dry,Non-Fatal Injury,Turning Movement,Driver,55 to 59,None,None,West,"Automobile, Station Wagon",Turning Left,Improper Turn,Inattentive,None,None,None,None,None,None,None,None,Yes,Yes,None,None,None,None,None,None,None,None,None,19,Long Branch,19,Long Branch (19),D22
9575,1366215,2013-05-30,1800,DANFORTH AVE,FENWICK AVE,None,Major Arterial,Toronto and East York,None,No Control,Clear,Daylight,Dry,Non-Fatal Injury,Pedestrian Collisions,Driver,85 to 89,None,None,West,"Automobile, Station Wagon",Making U Turn,Improper Turn,Inattentive,None,None,None,None,None,None,Yes,None,Yes,None,None,None,None,None,None,None,None,None,None,67,Playter Estates-Danforth,67,Playter Estates-Danforth (67),D55
9576,1366215,2013-05-30,1800,DANFORTH AVE,FENWICK AVE,None,Major Arterial,Toronto and East York,None,No Control,Clear,Daylight,Dry,Non-Fatal Injury,Pedestrian Collisions,Pedestrian,75 to 79,Major,None,North,Other,None,None,None,Pedestrian hit at mid-block,"Crossing, no Traffic Control",Normal,None,None,None,Yes,None,Yes,None,None,None,None,None,None,None,None,None,None,67,Playter Estates-Danforth,67,Playter Estates-Danforth (67),D55
9577,1366293,2013-05-31,1017,FINCH AVE E,SKYMARK DR,None,Major Arterial,North York,At Intersection,Traffic Signal,Clear,Daylight,Dry,Non-Fatal Injury,Pedestrian Collisions,Driver,90 to 94,None,None,South,"Automobile, Station Wagon",Turning Left,Improper Turn,Medical or Physical Disability,None,None,None,None,None,None,Yes,None,Yes,None,None,None,None,None,None,None,None,None,Yes,47,Don Valley Village,47,Don Valley Village (47),D33
9578,1366293,2013-05-31,1017,FINCH AVE E,SKYMARK DR,None,Major Arterial,North York,At Intersection,Traffic Signal,Clear,Daylight,Dry,Non-Fatal Injury,Pedestrian Collisions,Pedestrian,75 to 79,Major,None,North,None,None,None,None,Vehicle turns left while ped crosses with ROW at inter.,Crossing with right of way,Normal,None,None,None,Yes,None,Yes,None,None,None,None,None,None,None,None,None,Yes,47,Don Valley Village,47,Don Valley Village (47),D33
9579,1358952,2013-06-01,242,BATHURST ST,ULSTER ST,None,Major Arterial,Toronto and East York,Intersection Related,No Control,Clear,"Dark, artificial",Dry,Non-Fatal Injury,Pedestrian Collisions,Driver,30 to 34,None,None,South,"Automobile, Station Wagon",Going Ahead,Other,Had Been Drinking,None,None,None,None,None,None,Yes,None,Yes,None,None,None,None,None,None,None,None,None,None,79,University,79,University (79),D14
9580,1358952,2013-06-01,242,BATHURST ST,ULSTER ST,None,Major Arterial,Toronto and East York,Intersection Related,No Control,Clear,"Dark, artificial",Dry,Non-Fatal Injury,Pedestrian Collisions,Pedestrian,30 to 34,Major,None,Unknown,None,None,None,None,Pedestrian hit at mid-block,Running onto Roadway,Had Been Drinking,None,None,None,Yes,None,Yes,None,None,None,None,None,None,None,None,None,None,79,University,79,University (79),D14
9581,1358953,2013-06-01,847,ROYAL YORK RD,FRANKWOOD RD,None,Minor Arterial,Etobicoke York,None,No Control,Clear,Daylight,Dry,Non-Fatal Injury,Pedestrian Collisions,Vehicle Owner,unknown,None,None,None,Other,None,None,None,None,None,None,None,None,None,Yes,None,Yes,None,None,None,None,None,None,None,None,None,None,16,Stonegate-Queensway,16,Stonegate-Queensway (16),D22
9582,1358953,2013-06-01,847,ROYAL YORK RD,FRANKWOOD RD,None,Minor Arterial,Etobicoke York,None,No Control,Clear,Daylight,Dry,Non-Fatal Injury,Pedestrian Collisions,Driver,55 to 59,None,None,North,Taxi,Going Ahead,Driving Properly,Normal,None,None,None,None,None,None,Yes,None,Yes,None,None,None,None,None,None,None,None,None,None,16,Stonegate-Queensway,16,Stonegate-Queensway (16),D22
9583,1358953,2013-06-01,847,ROYAL YORK RD,FRANKWOOD RD,None,Minor Arterial,Etobicoke York,None,No Control,Clear,Daylight,Dry,Non-Fatal Injury,Pedestrian Collisions,Pedestrian,80 to 84,Major,None,West,Other,None,None,None,Vehicle is going straight thru inter.while ped cross without ROW,"Crossing, no Traffic Control",Normal,None,None,None,Yes,None,Yes,None,None,None,None,None,None,None,None,None,None,16,Stonegate-Queensway,16,Stonegate-Queensway (16),D22
9584,1366444,2013-06-02,535,BATHURST ST,ROBINSON ST,None,Major Arterial,Toronto and East York,At Intersection,Traffic Signal,Rain,"Dawn, artificial",Wet,Non-Fatal Injury,Cyclist Collisions,Vehicle Owner,unknown,None,None,None,Other,None,None,None,None,None,None,None,None,None,None,Yes,Yes,None,None,None,None,None,None,Yes,None,None,None,78,Kensington-Chinatown,78,Kensington-Chinatown (78),D14
9585,1366444,2013-06-02,535,BATHURST ST,ROBINSON ST,None,Major Arterial,Toronto and East York,At Intersection,Traffic Signal,Rain,"Dawn, artificial",Wet,Non-Fatal Injury,Cyclist Collisions,Driver,25 to 29,None,None,North,"Automobile, Station Wagon",Turning Left,Failed to Yield Right of Way,Normal,None,None,None,None,None,None,None,Yes,Yes,None,None,None,None,None,None,Yes,None,None,None,78,Kensington-Chinatown,78,Kensington-Chinatown (78),D14
9586,1366444,2013-06-02,535,BATHURST ST,ROBINSON ST,None,Major Arterial,Toronto and East York,At Intersection,Traffic Signal,Rain,"Dawn, artificial",Wet,Non-Fatal Injury,Cyclist Collisions,Cyclist,35 to 39,Major,None,South,Bicycle,Going Ahead,None,None,None,None,None,Motorist turned left across cyclists path.,Driving Properly,Normal,None,Yes,Yes,None,None,None,None,None,None,Yes,None,None,None,78,Kensington-Chinatown,78,Kensington-Chinatown (78),D14
9587,1366519,2013-06-03,900,VICTORIA PARK AVE,WOODALE AVE,None,Minor Arterial,Toronto and East York,None,No Control,Clear,Daylight,Dry,Non-Fatal Injury,Pedestrian Collisions,Driver,45 to 49,None,None,North,"Automobile, Station Wagon",Going Ahead,Driving Properly,Normal,None,None,None,None,None,None,Yes,None,Yes,None,None,None,None,None,None,None,None,None,None,122,Birchcliffe-Cliffside,122,Birchcliffe-Cliffside (122),D41
9588,1366519,2013-06-03,900,VICTORIA PARK AVE,WOODALE AVE,None,Minor Arterial,Toronto and East York,None,No Control,Clear,Daylight,Dry,Non-Fatal Injury,Pedestrian Collisions,Pedestrian,15 to 19,Major,None,Unknown,Other,None,None,None,Vehicle is going straight thru inter.while ped cross without ROW,"Crossing, no Traffic Control",Normal,None,None,None,Yes,None,Yes,None,None,None,None,None,None,None,None,None,None,122,Birchcliffe-Cliffside,122,Birchcliffe-Cliffside (122),D41
9589,1359211,2013-06-03,1309,EGLINTON AVE W,PARK HILL RD,None,Major Arterial,North York,At Intersection,No Control,Clear,Daylight,Dry,Non-Fatal Injury,Cyclist Collisions,Vehicle Owner,unknown,None,None,None,Other,None,None,None,None,None,None,None,None,None,None,Yes,None,None,None,Yes,None,None,None,None,None,None,None,107,Oakwood Village,107,Oakwood Village (107),D13
9590,1359211,2013-06-03,1309,EGLINTON AVE W,PARK HILL RD,None,Major Arterial,North York,At Intersection,No Control,Clear,Daylight,Dry,Non-Fatal Injury,Cyclist Collisions,Driver,50 to 54,None,None,East,Municipal Transit Bus (TTC),Going Ahead,Driving Properly,Normal,None,None,None,None,None,None,None,Yes,None,None,None,Yes,None,None,None,None,None,None,None,107,Oakwood Village,107,Oakwood Village (107),D13
9591,1359211,2013-06-03,1309,EGLINTON AVE W,PARK HILL RD,None,Major Arterial,North York,At Intersection,No Control,Clear,Daylight,Dry,Non-Fatal Injury,Cyclist Collisions,Cyclist,45 to 49,Major,None,West,Bicycle,Overtaking,None,None,None,None,None,Insufficient information (to determine cyclist crash type).,Improper Passing,Normal,None,Yes,None,None,None,Yes,None,None,None,None,None,None,None,107,Oakwood Village,107,Oakwood Village (107),D13
9592,1359371,2013-06-04,1120,THE QUEENSWAY,ATOMIC AVE,None,Major Arterial,Etobicoke York,None,No Control,Clear,Daylight,Dry,Non-Fatal Injury,Cyclist Collisions,Vehicle Owner,unknown,None,None,None,Other,None,None,None,None,None,None,None,None,None,None,Yes,Yes,None,None,None,None,None,None,None,None,None,None,159,Etobicoke City Centre,14,Islington-City Centre West (14),D22
9593,1359371,2013-06-04,1120,THE QUEENSWAY,ATOMIC AVE,None,Major Arterial,Etobicoke York,None,No Control,Clear,Daylight,Dry,Non-Fatal Injury,Cyclist Collisions,Driver,25 to 29,None,None,East,"Automobile, Station Wagon",Going Ahead,Driving Properly,Normal,None,None,None,None,None,None,None,Yes,Yes,None,None,None,None,None,None,None,None,None,None,159,Etobicoke City Centre,14,Islington-City Centre West (14),D22
9594,1359371,2013-06-04,1120,THE QUEENSWAY,ATOMIC AVE,None,Major Arterial,Etobicoke York,None,No Control,Clear,Daylight,Dry,Non-Fatal Injury,Cyclist Collisions,Cyclist,65 to 69,Major,None,East,Bicycle,Changing Lanes,None,None,None,None,None,Cyclist and Driver travelling in same direction. One vehicle sideswipes the other.,Improper Lane Change,Normal,None,Yes,Yes,None,None,None,None,None,None,None,None,None,None,159,Etobicoke City Centre,14,Islington-City Centre West (14),D22
9595,1367433,2013-06-04,2104,YONGE ST,SHUTER ST,None,Major Arterial,Toronto and East York,None,Traffic Signal,Clear,"Dark, artificial",Dry,Non-Fatal Injury,Cyclist Collisions,Vehicle Owner,unknown,None,None,None,Other,None,None,None,None,None,None,None,None,None,None,Yes,Yes,None,None,None,None,None,None,None,None,None,None,170,Yonge-Bay Corridor,76,Bay Street Corridor (76),D52