_id,ACCNUM,DATE,TIME,STREET1,STREET2,OFFSET,ROAD_CLASS,DISTRICT,ACCLOC,TRAFFCTL,VISIBILITY,LIGHT,RDSFCOND,ACCLASS,IMPACTYPE,INVTYPE,INVAGE,INJURY,FATAL_NO,INITDIR,VEHTYPE,MANOEUVER,DRIVACT,DRIVCOND,PEDTYPE,PEDACT,PEDCOND,CYCLISTYPE,CYCACT,CYCCOND,PEDESTRIAN,CYCLIST,AUTOMOBILE,MOTORCYCLE,TRUCK,TRSN_CITY_VEH,EMERG_VEH,PASSENGER,SPEEDING,AG_DRIV,REDLIGHT,ALCOHOL,DISABILITY,HOOD_158,NEIGHBOURHOOD_158,HOOD_140,NEIGHBOURHOOD_140,DIVISION
9661,1386391,2013-06-17,1430,DANFORTH Road,MACK Aven,None,Minor Arterial,Scarborough,None,Traffic Signal,Clear,Daylight,Dry,Non-Fatal Injury,Angle,Driver,45 to 49,Major,None,None,"Automobile, Station Wagon",Stopped,None,None,None,None,None,None,None,None,None,None,Yes,None,Yes,None,None,None,None,None,None,None,None,121,Oakridge,121,Oakridge (121),D41
9662,1371625,2013-06-18,846,VICTORIA PARK AVE,MORECAMBE GT,None,Major Arterial,North York,At Intersection,Traffic Signal,Clear,Daylight,Dry,Non-Fatal Injury,Pedestrian Collisions,Driver,25 to 29,None,None,North,"Automobile, Station Wagon",Going Ahead,Driving Properly,Normal,None,None,None,None,None,None,Yes,None,Yes,None,None,None,None,None,None,None,None,None,None,147,L'Amoreaux West,117,L'Amoreaux (117),D42
9663,1371625,2013-06-18,846,VICTORIA PARK AVE,MORECAMBE GT,None,Major Arterial,North York,At Intersection,Traffic Signal,Clear,Daylight,Dry,Non-Fatal Injury,Pedestrian Collisions,Pedestrian,60 to 64,Major,None,West,Other,None,None,None,Vehicle is going straight thru inter.while ped cross without ROW,Crossing without right of way,Inattentive,None,None,None,Yes,None,Yes,None,None,None,None,None,None,None,None,None,None,147,L'Amoreaux West,117,L'Amoreaux (117),D42
9664,1372188,2013-06-19,1117,STEELES AVE E,LESLIE ST,None,Major Arterial,North York,At Intersection,Traffic Signal,Clear,Daylight,Dry,Non-Fatal Injury,Turning Movement,Vehicle Owner,unknown,None,None,None,Other,None,None,None,None,None,None,None,None,None,None,None,Yes,None,Yes,None,None,None,None,None,None,None,None,49,Bayview Woods-Steeles,49,Bayview Woods-Steeles (49),D33
9665,1372188,2013-06-19,1117,STEELES AVE E,LESLIE ST,None,Major Arterial,North York,At Intersection,Traffic Signal,Clear,Daylight,Dry,Non-Fatal Injury,Turning Movement,Truck Driver,25 to 29,Minimal,None,East,Truck - Open,Going Ahead,Driving Properly,Normal,None,None,None,None,None,None,None,None,Yes,None,Yes,None,None,None,None,None,None,None,None,49,Bayview Woods-Steeles,49,Bayview Woods-Steeles (49),D33
9666,1372188,2013-06-19,1117,STEELES AVE E,LESLIE ST,None,Major Arterial,North York,At Intersection,Traffic Signal,Clear,Daylight,Dry,Non-Fatal Injury,Turning Movement,Driver,70 to 74,Major,None,West,"Automobile, Station Wagon",Turning Left,Improper Turn,Inattentive,None,None,None,None,None,None,None,None,Yes,None,Yes,None,None,None,None,None,None,None,None,49,Bayview Woods-Steeles,49,Bayview Woods-Steeles (49),D33
9667,1372188,2013-06-19,1117,STEELES AVE E,LESLIE ST,None,Major Arterial,North York,At Intersection,Traffic Signal,Clear,Daylight,Dry,Non-Fatal Injury,Turning Movement,Other,unknown,None,None,None,Other,None,None,None,None,None,None,None,None,None,None,None,Yes,None,Yes,None,None,None,None,None,None,None,None,49,Bayview Woods-Steeles,49,Bayview Woods-Steeles (49),D33
9668,1372923,2013-06-19,1300,BROWNS Line,WHALEY Dr,None,Major Arterial,Etobicoke York,None,No Control,Clear,Daylight,Dry,Non-Fatal Injury,Rear End,Passenger,85 to 89,Major,None,None,Other,None,None,None,None,None,None,None,None,None,None,None,Yes,None,None,None,None,Yes,Yes,Yes,None,None,None,20,Alderwood,20,Alderwood (20),D22
9669,1372923,2013-06-19,1300,BROWNS Line,WHALEY Dr,None,Major Arterial,Etobicoke York,None,No Control,Clear,Daylight,Dry,Non-Fatal Injury,Rear End,Vehicle Owner,unknown,None,None,None,Other,None,None,None,None,None,None,None,None,None,None,None,Yes,None,None,None,None,Yes,Yes,Yes,None,None,None,20,Alderwood,20,Alderwood (20),D22
9670,1372923,2013-06-19,1300,BROWNS Line,WHALEY Dr,None,Major Arterial,Etobicoke York,None,No Control,Clear,Daylight,Dry,Non-Fatal Injury,Rear End,Driver,55 to 59,None,None,North,"Automobile, Station Wagon",Going Ahead,Speed too Fast For Condition,Normal,None,None,None,None,None,None,None,None,Yes,None,None,None,None,Yes,Yes,Yes,None,None,None,20,Alderwood,20,Alderwood (20),D22
9671,1372923,2013-06-19,1300,BROWNS Line,WHALEY Dr,None,Major Arterial,Etobicoke York,None,No Control,Clear,Daylight,Dry,Non-Fatal Injury,Rear End,Vehicle Owner,unknown,None,None,None,Other,None,None,None,None,None,None,None,None,None,None,None,Yes,None,None,None,None,Yes,Yes,Yes,None,None,None,20,Alderwood,20,Alderwood (20),D22
9672,1372923,2013-06-19,1300,BROWNS Line,WHALEY Dr,None,Major Arterial,Etobicoke York,None,No Control,Clear,Daylight,Dry,Non-Fatal Injury,Rear End,Driver,80 to 84,None,None,North,"Automobile, Station Wagon",Stopped,Driving Properly,Normal,None,None,None,None,None,None,None,None,Yes,None,None,None,None,Yes,Yes,Yes,None,None,None,20,Alderwood,20,Alderwood (20),D22
9673,1372930,2013-06-19,2200,DUFFERIN ST,SHANLY ST,None,Major Arterial,Toronto and East York,At Intersection,Traffic Signal,Clear,"Dark, artificial",Dry,Non-Fatal Injury,Rear End,Passenger,30 to 34,Major,None,None,Other,None,None,None,None,None,None,None,None,None,None,None,Yes,None,None,None,None,Yes,None,Yes,None,None,None,171,Junction-Wallace Emerson,93,Dovercourt-Wallace Emerson-Junction (93),D11
9674,1372930,2013-06-19,2200,DUFFERIN ST,SHANLY ST,None,Major Arterial,Toronto and East York,At Intersection,Traffic Signal,Clear,"Dark, artificial",Dry,Non-Fatal Injury,Rear End,Vehicle Owner,unknown,None,None,None,Other,None,None,None,None,None,None,None,None,None,None,None,Yes,None,None,None,None,Yes,None,Yes,None,None,None,171,Junction-Wallace Emerson,93,Dovercourt-Wallace Emerson-Junction (93),D11
9675,1372930,2013-06-19,2200,DUFFERIN ST,SHANLY ST,None,Major Arterial,Toronto and East York,At Intersection,Traffic Signal,Clear,"Dark, artificial",Dry,Non-Fatal Injury,Rear End,Driver,35 to 39,Minor,None,South,"Automobile, Station Wagon",Stopped,Driving Properly,Unknown,None,None,None,None,None,None,None,None,Yes,None,None,None,None,Yes,None,Yes,None,None,None,171,Junction-Wallace Emerson,93,Dovercourt-Wallace Emerson-Junction (93),D11
9676,1372930,2013-06-19,2200,DUFFERIN ST,SHANLY ST,None,Major Arterial,Toronto and East York,At Intersection,Traffic Signal,Clear,"Dark, artificial",Dry,Non-Fatal Injury,Rear End,Driver,25 to 29,Major,None,South,"Automobile, Station Wagon",Going Ahead,Following too Close,Normal,None,None,None,None,None,None,None,None,Yes,None,None,None,None,Yes,None,Yes,None,None,None,171,Junction-Wallace Emerson,93,Dovercourt-Wallace Emerson-Junction (93),D11
9677,1372437,2013-06-20,1115,ST CLAIR AVE W,WELLS HILL AVE,None,Major Arterial,Toronto and East York,None,No Control,Clear,Daylight,Dry,Non-Fatal Injury,Pedestrian Collisions,Vehicle Owner,unknown,None,None,None,Other,None,None,None,None,None,None,None,None,None,Yes,None,Yes,None,None,None,None,None,None,None,None,None,None,96,Casa Loma,96,Casa Loma (96),D13
9678,1372437,2013-06-20,1115,ST CLAIR AVE W,WELLS HILL AVE,None,Major Arterial,Toronto and East York,None,No Control,Clear,Daylight,Dry,Non-Fatal Injury,Pedestrian Collisions,Driver,50 to 54,None,None,West,"Automobile, Station Wagon",Changing Lanes,Improper Lane Change,Normal,None,None,None,None,None,None,Yes,None,Yes,None,None,None,None,None,None,None,None,None,None,96,Casa Loma,96,Casa Loma (96),D13
9679,1372437,2013-06-20,1115,ST CLAIR AVE W,WELLS HILL AVE,None,Major Arterial,Toronto and East York,None,No Control,Clear,Daylight,Dry,Non-Fatal Injury,Pedestrian Collisions,Pedestrian,45 to 49,Major,None,West,Other,None,None,None,Pedestrian hit at mid-block,Person Getting on/off Vehicle,Normal,None,None,None,Yes,None,Yes,None,None,None,None,None,None,None,None,None,None,96,Casa Loma,96,Casa Loma (96),D13
9680,1362811,2013-06-20,1316,MARTIN GROVE RD,409 E MARTIN GROVE RAMP,None,Major Arterial,Etobicoke York,At Intersection,Traffic Signal,Clear,Daylight,Dry,Non-Fatal Injury,Cyclist Collisions,Vehicle Owner,unknown,None,None,None,Other,None,None,None,None,None,None,None,None,None,None,Yes,Yes,None,None,None,None,None,None,None,None,None,None,1,West Humber-Clairville,1,West Humber-Clairville (1),D23
9681,1362811,2013-06-20,1316,MARTIN GROVE RD,409 E MARTIN GROVE RAMP,None,Major Arterial,Etobicoke York,At Intersection,Traffic Signal,Clear,Daylight,Dry,Non-Fatal Injury,Cyclist Collisions,Driver,50 to 54,None,None,East,"Automobile, Station Wagon",Turning Right,Driving Properly,Normal,None,None,None,None,None,None,None,Yes,Yes,None,None,None,None,None,None,None,None,None,None,1,West Humber-Clairville,1,West Humber-Clairville (1),D23
9682,1362811,2013-06-20,1316,MARTIN GROVE RD,409 E MARTIN GROVE RAMP,None,Major Arterial,Etobicoke York,At Intersection,Traffic Signal,Clear,Daylight,Dry,Non-Fatal Injury,Cyclist Collisions,Cyclist,55 to 59,Major,None,North,Bicycle,Going Ahead,None,None,None,None,None,"Cyclist without ROW rides into path of motorist at inter, lnwy, dwy-Cyclist not turn.",Disobeyed Traffic Control,Normal,None,Yes,Yes,None,None,None,None,None,None,None,None,None,None,1,West Humber-Clairville,1,West Humber-Clairville (1),D23
9683,1372963,2013-06-21,1532,247 DAVENPORT Rd,None,None,Major Arterial,Toronto and East York,None,No Control,Clear,Daylight,Dry,Non-Fatal Injury,Sideswipe,Driver,65 to 69,None,None,East,"Automobile, Station Wagon",Parked,Other,Normal,None,None,None,None,None,None,None,Yes,Yes,None,None,None,None,None,None,None,None,None,None,95,Annex,95,Annex (95),D53
9684,1372963,2013-06-21,1532,247 DAVENPORT Rd,None,None,Major Arterial,Toronto and East York,None,No Control,Clear,Daylight,Dry,Non-Fatal Injury,Sideswipe,Driver,50 to 54,None,None,East,"Automobile, Station Wagon",Going Ahead,Driving Properly,Normal,None,None,None,None,None,None,None,Yes,Yes,None,None,None,None,None,None,None,None,None,None,95,Annex,95,Annex (95),D53
9685,1372963,2013-06-21,1532,247 DAVENPORT Rd,None,None,Major Arterial,Toronto and East York,None,No Control,Clear,Daylight,Dry,Non-Fatal Injury,Sideswipe,Moped Driver,50 to 54,Major,None,East,Moped,Going Ahead,None,None,None,None,None,None,None,None,None,Yes,Yes,None,None,None,None,None,None,None,None,None,None,95,Annex,95,Annex (95),D53
9686,1372876,2013-06-21,1535,PINEWAY BLVD,BERNICK RD,None,Local,North York,At Intersection,Stop Sign,Clear,Daylight,Dry,Non-Fatal Injury,Pedestrian Collisions,Driver,40 to 44,None,None,North,"Automobile, Station Wagon",Going Ahead,Failed to Yield Right of Way,Inattentive,None,None,None,None,None,None,Yes,None,Yes,None,None,None,None,None,None,Yes,None,None,None,49,Bayview Woods-Steeles,49,Bayview Woods-Steeles (49),D33
9687,1372876,2013-06-21,1535,PINEWAY BLVD,BERNICK RD,None,Local,North York,At Intersection,Stop Sign,Clear,Daylight,Dry,Non-Fatal Injury,Pedestrian Collisions,Pedestrian,10 to 14,Major,None,Unknown,Other,None,None,None,Vehicle is going straight thru inter.while ped cross with ROW,Crossing with right of way,Normal,None,None,None,Yes,None,Yes,None,None,None,None,None,None,Yes,None,None,None,49,Bayview Woods-Steeles,49,Bayview Woods-Steeles (49),D33
9688,1373423,2013-06-22,1420,LAKE SHORE BLVD W,LOWER SIMCOE ST,None,Expressway,Toronto and East York,None,Traffic Signal,Rain,Daylight,Wet,Non-Fatal Injury,Pedestrian Collisions,Driver,35 to 39,Minimal,None,East,"Automobile, Station Wagon",Going Ahead,Lost control,Inattentive,None,None,None,None,None,None,Yes,None,Yes,None,None,None,None,None,None,None,None,None,None,165,Harbourfront-CityPlace,77,Waterfront Communities-The Island (77),D52
9689,1373423,2013-06-22,1420,LAKE SHORE BLVD W,LOWER SIMCOE ST,None,Expressway,Toronto and East York,None,Traffic Signal,Rain,Daylight,Wet,Non-Fatal Injury,Pedestrian Collisions,Driver,35 to 39,Major,None,East,"Automobile, Station Wagon",Stopped,Driving Properly,Normal,None,None,None,None,None,None,Yes,None,Yes,None,None,None,None,None,None,None,None,None,None,165,Harbourfront-CityPlace,77,Waterfront Communities-The Island (77),D52
9690,1373423,2013-06-22,1420,LAKE SHORE BLVD W,LOWER SIMCOE ST,None,Expressway,Toronto and East York,None,Traffic Signal,Rain,Daylight,Wet,Non-Fatal Injury,Pedestrian Collisions,Pedestrian,unknown,Minimal,None,North,Other,None,None,None,Vehicle is going straight thru inter.while ped cross with ROW,Crossing with right of way,Normal,None,None,None,Yes,None,Yes,None,None,None,None,None,None,None,None,None,None,165,Harbourfront-CityPlace,77,Waterfront Communities-The Island (77),D52
9691,1373423,2013-06-22,1420,LAKE SHORE BLVD W,LOWER SIMCOE ST,None,Expressway,Toronto and East York,None,Traffic Signal,Rain,Daylight,Wet,Non-Fatal Injury,Pedestrian Collisions,Pedestrian,25 to 29,Minimal,None,North,Other,None,None,None,Vehicle is going straight thru inter.while ped cross with ROW,Crossing with right of way,Normal,None,None,None,Yes,None,Yes,None,None,None,None,None,None,None,None,None,None,165,Harbourfront-CityPlace,77,Waterfront Communities-The Island (77),D52
9692,1373423,2013-06-22,1420,LAKE SHORE BLVD W,LOWER SIMCOE ST,None,Expressway,Toronto and East York,None,Traffic Signal,Rain,Daylight,Wet,Non-Fatal Injury,Pedestrian Collisions,Pedestrian,20 to 24,Minor,None,North,Other,None,None,None,Vehicle is going straight thru inter.while ped cross with ROW,Crossing with right of way,Normal,None,None,None,Yes,None,Yes,None,None,None,None,None,None,None,None,None,None,165,Harbourfront-CityPlace,77,Waterfront Communities-The Island (77),D52
9693,1373372,2013-06-22,1820,KEELE St,ROGERS Rd,None,Major Arterial,Etobicoke York,At Intersection,Traffic Signal,Clear,Daylight,Dry,Non-Fatal Injury,SMV Other,Driver,70 to 74,Major,None,East,"Automobile, Station Wagon",Going Ahead,Lost control,Medical or Physical Disability,None,None,None,None,None,None,None,None,Yes,None,None,None,None,None,None,Yes,None,None,Yes,110,Keelesdale-Eglinton West,110,Keelesdale-Eglinton West (110),D12
9694,1373372,2013-06-22,1820,KEELE St,ROGERS Rd,None,Major Arterial,Etobicoke York,At Intersection,Traffic Signal,Clear,Daylight,Dry,Non-Fatal Injury,SMV Other,Other Property Owner,unknown,None,None,None,Other,None,None,None,None,None,None,None,None,None,None,None,Yes,None,None,None,None,None,None,Yes,None,None,Yes,110,Keelesdale-Eglinton West,110,Keelesdale-Eglinton West (110),D12
9695,1386246,2013-06-23,1015,1491 LAKE SHORE BLVD W,None,None,Major Arterial,Toronto and East York,Non Intersection,Stop Sign,Clear,Daylight,Dry,Non-Fatal Injury,Cyclist Collisions,Driver,40 to 44,None,None,North,"Automobile, Station Wagon",Going Ahead,Failed to Yield Right of Way,Inattentive,None,None,None,None,None,None,None,Yes,Yes,None,None,None,None,None,None,Yes,None,None,None,85,South Parkdale,85,South Parkdale (85),D14
9696,1386246,2013-06-23,1015,1491 LAKE SHORE BLVD W,None,None,Major Arterial,Toronto and East York,Non Intersection,Stop Sign,Clear,Daylight,Dry,Non-Fatal Injury,Cyclist Collisions,Cyclist,25 to 29,Major,None,West,Bicycle,Going Ahead,None,None,None,None,None,"Motorist without ROW drives into path of cyclist at inter, lnwy, dwy-Driver not turn.",Driving Properly,Normal,None,Yes,Yes,None,None,None,None,None,None,Yes,None,None,None,85,South Parkdale,85,South Parkdale (85),D14
9697,1362257,2013-06-23,1620,F G GARDINER XY  E,LAKE SHORE BLVD W,None,Major Arterial,Toronto and East York,None,No Control,Clear,Daylight,Dry,Non-Fatal Injury,Rear End,Passenger,10 to 14,Major,None,None,Other,None,None,None,None,None,None,None,None,None,None,None,Yes,None,None,None,None,Yes,None,Yes,None,None,None,85,South Parkdale,85,South Parkdale (85),D14
9698,1362257,2013-06-23,1620,F G GARDINER XY  E,LAKE SHORE BLVD W,None,Major Arterial,Toronto and East York,None,No Control,Clear,Daylight,Dry,Non-Fatal Injury,Rear End,Driver,35 to 39,Minimal,None,East,"Automobile, Station Wagon",Slowing or Stopping,Following too Close,Normal,None,None,None,None,None,None,None,None,Yes,None,None,None,None,Yes,None,Yes,None,None,None,85,South Parkdale,85,South Parkdale (85),D14
9699,1362257,2013-06-23,1620,F G GARDINER XY  E,LAKE SHORE BLVD W,None,Major Arterial,Toronto and East York,None,No Control,Clear,Daylight,Dry,Non-Fatal Injury,Rear End,Passenger,0 to 4,None,None,None,Other,None,None,None,None,None,None,None,None,None,None,None,Yes,None,None,None,None,Yes,None,Yes,None,None,None,85,South Parkdale,85,South Parkdale (85),D14
9700,1362257,2013-06-23,1620,F G GARDINER XY  E,LAKE SHORE BLVD W,None,Major Arterial,Toronto and East York,None,No Control,Clear,Daylight,Dry,Non-Fatal Injury,Rear End,Passenger,35 to 39,Minimal,None,None,Other,None,None,None,None,None,None,None,None,None,None,None,Yes,None,None,None,None,Yes,None,Yes,None,None,None,85,South Parkdale,85,South Parkdale (85),D14
9701,1362257,2013-06-23,1620,F G GARDINER XY  E,LAKE SHORE BLVD W,None,Major Arterial,Toronto and East York,None,No Control,Clear,Daylight,Dry,Non-Fatal Injury,Rear End,Driver,35 to 39,None,None,East,"Automobile, Station Wagon",Slowing or Stopping,Driving Properly,Normal,None,None,None,None,None,None,None,None,Yes,None,None,None,None,Yes,None,Yes,None,None,None,85,South Parkdale,85,South Parkdale (85),D14
9702,1362257,2013-06-23,1620,F G GARDINER XY  E,LAKE SHORE BLVD W,None,Major Arterial,Toronto and East York,None,No Control,Clear,Daylight,Dry,Non-Fatal Injury,Rear End,Passenger,0 to 4,None,None,None,Other,None,None,None,None,None,None,None,None,None,None,None,Yes,None,None,None,None,Yes,None,Yes,None,None,None,85,South Parkdale,85,South Parkdale (85),D14
9703,1362257,2013-06-23,1620,F G GARDINER XY  E,LAKE SHORE BLVD W,None,Major Arterial,Toronto and East York,None,No Control,Clear,Daylight,Dry,Non-Fatal Injury,Rear End,Passenger,25 to 29,Minimal,None,None,Other,None,None,None,None,None,None,None,None,None,None,None,Yes,None,None,None,None,Yes,None,Yes,None,None,None,85,South Parkdale,85,South Parkdale (85),D14
9704,1362257,2013-06-23,1620,F G GARDINER XY  E,LAKE SHORE BLVD W,None,Major Arterial,Toronto and East York,None,No Control,Clear,Daylight,Dry,Non-Fatal Injury,Rear End,Driver,25 to 29,None,None,East,"Automobile, Station Wagon",Stopped,Driving Properly,Normal,None,None,None,None,None,None,None,None,Yes,None,None,None,None,Yes,None,Yes,None,None,None,85,South Parkdale,85,South Parkdale (85),D14
9705,1373775,2013-06-24,1755,STEELES AVE E,STAINES RD,None,Minor Arterial,Scarborough,None,No Control,Clear,Daylight,Dry,Non-Fatal Injury,Rear End,Driver,45 to 49,Major,None,East,"Automobile, Station Wagon",Pulling Onto Shoulder or towardCurb,Lost control,Inattentive,None,None,None,None,None,None,None,None,Yes,None,None,None,None,Yes,None,None,None,None,None,144,Morningside Heights,131,Rouge (131),D42
9706,1373775,2013-06-24,1755,STEELES AVE E,STAINES RD,None,Minor Arterial,Scarborough,None,No Control,Clear,Daylight,Dry,Non-Fatal Injury,Rear End,Passenger,10 to 14,Minimal,None,None,Other,None,None,None,None,None,None,None,None,None,None,None,Yes,None,None,None,None,Yes,None,None,None,None,None,144,Morningside Heights,131,Rouge (131),D42
9707,1373775,2013-06-24,1755,STEELES AVE E,STAINES RD,None,Minor Arterial,Scarborough,None,No Control,Clear,Daylight,Dry,Non-Fatal Injury,Rear End,Passenger,10 to 14,Minimal,None,None,Other,None,None,None,None,None,None,None,None,None,None,None,Yes,None,None,None,None,Yes,None,None,None,None,None,144,Morningside Heights,131,Rouge (131),D42
9708,1373775,2013-06-24,1755,STEELES AVE E,STAINES RD,None,Minor Arterial,Scarborough,None,No Control,Clear,Daylight,Dry,Non-Fatal Injury,Rear End,Driver,40 to 44,Minimal,None,East,"Automobile, Station Wagon",Going Ahead,Driving Properly,Normal,None,None,None,None,None,None,None,None,Yes,None,None,None,None,Yes,None,None,None,None,None,144,Morningside Heights,131,Rouge (131),D42
9709,1373775,2013-06-24,1755,STEELES AVE E,STAINES RD,None,Minor Arterial,Scarborough,None,No Control,Clear,Daylight,Dry,Non-Fatal Injury,Rear End,Other,unknown,None,None,South,Other,Parked,None,None,None,None,None,None,None,None,None,None,Yes,None,None,None,None,Yes,None,None,None,None,None,144,Morningside Heights,131,Rouge (131),D42
9710,1373473,2013-06-25,1725,QUEEN ST W,MC CAUL ST,None,Major Arterial,Toronto and East York,None,No Control,Clear,Daylight,Dry,Non-Fatal Injury,Pedestrian Collisions,Cyclist,30 to 34,None,None,East,Bicycle,Going Ahead,None,None,None,None,None,Cyclist strikes pedestrian.,Driving Properly,Normal,Yes,Yes,None,None,None,None,None,None,None,None,None,None,None,164,Wellington Place,77,Waterfront Communities-The Island (77),D52
9711,1373473,2013-06-25,1725,QUEEN ST W,MC CAUL ST,None,Major Arterial,Toronto and East York,None,No Control,Clear,Daylight,Dry,Non-Fatal Injury,Pedestrian Collisions,Pedestrian,25 to 29,Major,None,South,Other,None,None,None,Vehicle is going straight thru inter.while ped cross without ROW,"Crossing, no Traffic Control",Unknown,None,None,None,Yes,Yes,None,None,None,None,None,None,None,None,None,None,None,164,Wellington Place,77,Waterfront Communities-The Island (77),D52
9712,1373747,2013-06-25,2126,1173 DAVENPORT RD,None,None,Minor Arterial,Toronto and East York,Intersection Related,No Control,Clear,"Dusk, artificial",Dry,Non-Fatal Injury,Cyclist Collisions,Driver,30 to 34,None,None,East,Pick Up Truck,Stopped,Other,Inattentive,None,None,None,None,None,None,None,Yes,Yes,None,None,None,None,None,None,None,None,None,None,94,Wychwood,94,Wychwood (94),D13
9713,1373747,2013-06-25,2126,1173 DAVENPORT RD,None,None,Minor Arterial,Toronto and East York,Intersection Related,No Control,Clear,"Dusk, artificial",Dry,Non-Fatal Injury,Cyclist Collisions,Cyclist,25 to 29,Major,None,East,Bicycle,Going Ahead,None,None,None,None,None,Cyclist struck opened vehicle door,Driving Properly,Normal,None,Yes,Yes,None,None,None,None,None,None,None,None,None,None,94,Wychwood,94,Wychwood (94),D13
9714,1366140,2013-06-27,205,DAVENPORT Rd,CHRISTIE St,None,Minor Arterial,Toronto and East York,At Intersection,Traffic Signal,Clear,"Dark, artificial",Dry,Non-Fatal Injury,Cyclist Collisions,Driver,unknown,None,None,West,"Automobile, Station Wagon",Going Ahead,Disobeyed Traffic Control,Unknown,None,None,None,None,None,None,None,Yes,Yes,None,None,None,None,None,None,Yes,Yes,None,None,94,Wychwood,94,Wychwood (94),D13
9715,1366140,2013-06-27,205,DAVENPORT Rd,CHRISTIE St,None,Minor Arterial,Toronto and East York,At Intersection,Traffic Signal,Clear,"Dark, artificial",Dry,Non-Fatal Injury,Cyclist Collisions,Cyclist,50 to 54,Major,None,North,Bicycle,Going Ahead,None,None,None,None,None,"Motorist without ROW drives into path of cyclist at inter, lnwy, dwy-Driver not turn.",Driving Properly,Normal,None,Yes,Yes,None,None,None,None,None,None,Yes,Yes,None,None,94,Wychwood,94,Wychwood (94),D13
9716,1374340,2013-06-27,900,KEELE St,ROGERS Rd,None,Major Arterial,Etobicoke York,At Intersection,Traffic Signal,Clear,Daylight,Dry,Non-Fatal Injury,Pedestrian Collisions,Driver,45 to 49,None,None,South,"Automobile, Station Wagon",Turning Right,Failed to Yield Right of Way,Unknown,None,None,None,None,None,None,Yes,None,Yes,None,None,None,None,None,None,Yes,None,None,None,110,Keelesdale-Eglinton West,110,Keelesdale-Eglinton West (110),D12
9717,1374340,2013-06-27,900,KEELE St,ROGERS Rd,None,Major Arterial,Etobicoke York,At Intersection,Traffic Signal,Clear,Daylight,Dry,Non-Fatal Injury,Pedestrian Collisions,Pedestrian,75 to 79,Major,None,East,Other,None,None,None,Vehicle turns right while ped crosses with ROW at inter.,Crossing with right of way,Unknown,None,None,None,Yes,None,Yes,None,None,None,None,None,None,Yes,None,None,None,110,Keelesdale-Eglinton West,110,Keelesdale-Eglinton West (110),D12
9718,1363030,2013-06-27,1025,DUNDAS ST W,CLOVERDALE MALL,None,Major Arterial,Etobicoke York,At Intersection,Traffic Signal,Clear,Daylight,Dry,Non-Fatal Injury,Pedestrian Collisions,Driver,40 to 44,None,None,West,"Automobile, Station Wagon",Going Ahead,Failed to Yield Right of Way,Unknown,None,None,None,None,None,None,Yes,None,Yes,None,None,None,None,None,None,Yes,None,None,None,159,Etobicoke City Centre,14,Islington-City Centre West (14),D22
9719,1363030,2013-06-27,1025,DUNDAS ST W,CLOVERDALE MALL,None,Major Arterial,Etobicoke York,At Intersection,Traffic Signal,Clear,Daylight,Dry,Non-Fatal Injury,Pedestrian Collisions,Pedestrian,50 to 54,Major,None,North,Other,None,None,None,Vehicle is going straight thru inter.while ped cross with ROW,Crossing with right of way,Unknown,None,None,None,Yes,None,Yes,None,None,None,None,None,None,Yes,None,None,None,159,Etobicoke City Centre,14,Islington-City Centre West (14),D22
9720,1374300,2013-06-27,1215,BLOOR ST W,MILL RD,None,Major Arterial,Etobicoke York,None,No Control,Clear,Daylight,Dry,Non-Fatal Injury,Pedestrian Collisions,Driver,15 to 19,None,None,East,"Automobile, Station Wagon",Other,Lost control,Fatigue,None,None,None,None,None,None,Yes,None,Yes,None,None,None,None,None,None,None,None,None,None,12,Markland Wood,12,Markland Wood (12),D22
9721,1374300,2013-06-27,1215,BLOOR ST W,MILL RD,None,Major Arterial,Etobicoke York,None,No Control,Clear,Daylight,Dry,Non-Fatal Injury,Pedestrian Collisions,Pedestrian,25 to 29,Major,None,East,Other,None,None,None,Pedestrian hit at mid-block,Other,Normal,None,None,None,Yes,None,Yes,None,None,None,None,None,None,None,None,None,None,12,Markland Wood,12,Markland Wood (12),D22
9722,1363081,2013-06-27,2201,DANFORTH RD,HUNTINGTON AVE,None,Major Arterial,Scarborough,None,No Control,Clear,Dark,Dry,Non-Fatal Injury,Pedestrian Collisions,Pedestrian,unknown,Major,None,North,Other,Other,None,None,None,None,None,None,None,None,Yes,None,Yes,None,None,None,None,None,None,None,None,None,None,124,Kennedy Park,124,Kennedy Park (124),D41
9723,1363081,2013-06-27,2201,DANFORTH RD,HUNTINGTON AVE,None,Major Arterial,Scarborough,None,No Control,Clear,Dark,Dry,Non-Fatal Injury,Pedestrian Collisions,Driver,unknown,None,None,West,"Automobile, Station Wagon",Going Ahead,None,None,None,None,None,None,None,None,Yes,None,Yes,None,None,None,None,None,None,None,None,None,None,124,Kennedy Park,124,Kennedy Park (124),D41
9724,1374422,2013-06-29,2220,LAKE SHORE Blvd W,REMEMBRANCE Dr,None,Major Arterial,Toronto and East York,At Intersection,Traffic Signal,Clear,"Dark, artificial",Dry,Non-Fatal Injury,Turning Movement,Passenger,25 to 29,Minor,None,None,Other,None,None,None,None,None,None,None,None,None,None,None,Yes,Yes,None,None,None,Yes,None,None,None,None,None,163,Fort York-Liberty Village,82,Niagara (82),D14