_id,ACCNUM,DATE,TIME,STREET1,STREET2,OFFSET,ROAD_CLASS,DISTRICT,ACCLOC,TRAFFCTL,VISIBILITY,LIGHT,RDSFCOND,ACCLASS,IMPACTYPE,INVTYPE,INVAGE,INJURY,FATAL_NO,INITDIR,VEHTYPE,MANOEUVER,DRIVACT,DRIVCOND,PEDTYPE,PEDACT,PEDCOND,CYCLISTYPE,CYCACT,CYCCOND,PEDESTRIAN,CYCLIST,AUTOMOBILE,MOTORCYCLE,TRUCK,TRSN_CITY_VEH,EMERG_VEH,PASSENGER,SPEEDING,AG_DRIV,REDLIGHT,ALCOHOL,DISABILITY,HOOD_158,NEIGHBOURHOOD_158,HOOD_140,NEIGHBOURHOOD_140,DIVISION
9725,1374422,2013-06-29,2220,LAKE SHORE Blvd W,REMEMBRANCE Dr,None,Major Arterial,Toronto and East York,At Intersection,Traffic Signal,Clear,"Dark, artificial",Dry,Non-Fatal Injury,Turning Movement,Motorcycle Driver,35 to 39,Major,None,East,Motorcycle,Going Ahead,Driving Properly,Normal,None,None,None,None,None,None,None,None,Yes,Yes,None,None,None,Yes,None,None,None,None,None,163,Fort York-Liberty Village,82,Niagara (82),D14
9726,1374422,2013-06-29,2220,LAKE SHORE Blvd W,REMEMBRANCE Dr,None,Major Arterial,Toronto and East York,At Intersection,Traffic Signal,Clear,"Dark, artificial",Dry,Non-Fatal Injury,Turning Movement,Vehicle Owner,unknown,None,None,None,Other,None,None,None,None,None,None,None,None,None,None,None,Yes,Yes,None,None,None,Yes,None,None,None,None,None,163,Fort York-Liberty Village,82,Niagara (82),D14
9727,1374422,2013-06-29,2220,LAKE SHORE Blvd W,REMEMBRANCE Dr,None,Major Arterial,Toronto and East York,At Intersection,Traffic Signal,Clear,"Dark, artificial",Dry,Non-Fatal Injury,Turning Movement,Driver,40 to 44,Minimal,None,West,"Automobile, Station Wagon",Making U Turn,Improper Turn,Inattentive,None,None,None,None,None,None,None,None,Yes,Yes,None,None,None,Yes,None,None,None,None,None,163,Fort York-Liberty Village,82,Niagara (82),D14
9728,1363559,2013-06-30,1243,FINCH AVE W,OAKDALE RD,None,Major Arterial,Etobicoke York,At Intersection,Traffic Signal,Clear,Daylight,Dry,Non-Fatal Injury,Pedestrian Collisions,Driver,40 to 44,None,None,North,"Automobile, Station Wagon",Turning Left,Failed to Yield Right of Way,Normal,None,None,None,None,None,None,Yes,None,Yes,None,None,None,None,None,None,Yes,None,None,None,24,Black Creek,24,Black Creek (24),D31
9729,1363559,2013-06-30,1243,FINCH AVE W,OAKDALE RD,None,Major Arterial,Etobicoke York,At Intersection,Traffic Signal,Clear,Daylight,Dry,Non-Fatal Injury,Pedestrian Collisions,Pedestrian,85 to 89,Major,None,South,Other,None,None,None,Vehicle turns left while ped crosses without ROW at inter.,Crossing without right of way,Medical or Physical Disability,None,None,None,Yes,None,Yes,None,None,None,None,None,None,Yes,None,None,None,24,Black Creek,24,Black Creek (24),D31
9730,1375460,2013-07-03,25,YORK MILLS RD,PARKWOODS VILLAGE DR,None,Major Arterial,North York,At Intersection,No Control,Clear,Dark,Dry,Non-Fatal Injury,SMV Other,Motorcycle Driver,20 to 24,Major,None,North,Motorcycle,Going Ahead,Lost control,"Ability Impaired, Alcohol Over .08",None,None,None,None,None,None,None,None,None,Yes,None,None,None,None,None,Yes,None,Yes,None,150,Fenside-Parkwoods,45,Parkwoods-Donalda (45),D33
9731,1366347,2013-07-03,1319,LAKE SHORE BLVD W,BAY ST,None,Major Arterial,Toronto and East York,None,Traffic Signal,Clear,Daylight,Dry,Fatal,Pedestrian Collisions,Vehicle Owner,unknown,None,None,None,None,None,None,None,None,None,None,None,None,None,Yes,None,Yes,None,None,None,None,Yes,None,Yes,None,None,None,166,St Lawrence-East Bayfront-The Islands,77,Waterfront Communities-The Island (77),D52
9732,1366347,2013-07-03,1319,LAKE SHORE BLVD W,BAY ST,None,Major Arterial,Toronto and East York,None,Traffic Signal,Clear,Daylight,Dry,Fatal,Pedestrian Collisions,Driver,65 to 69,Major,None,West,"Automobile, Station Wagon",Going Ahead,Driving Properly,Normal,None,None,None,None,None,None,Yes,None,Yes,None,None,None,None,Yes,None,Yes,None,None,None,166,St Lawrence-East Bayfront-The Islands,77,Waterfront Communities-The Island (77),D52
9733,1366347,2013-07-03,1319,LAKE SHORE BLVD W,BAY ST,None,Major Arterial,Toronto and East York,None,Traffic Signal,Clear,Daylight,Dry,Fatal,Pedestrian Collisions,Passenger,50 to 54,Minor,None,None,None,None,None,None,None,None,None,None,None,None,Yes,None,Yes,None,None,None,None,Yes,None,Yes,None,None,None,166,St Lawrence-East Bayfront-The Islands,77,Waterfront Communities-The Island (77),D52
9734,1366347,2013-07-03,1319,LAKE SHORE BLVD W,BAY ST,None,Major Arterial,Toronto and East York,None,Traffic Signal,Clear,Daylight,Dry,Fatal,Pedestrian Collisions,Passenger,65 to 69,None,None,None,None,None,None,None,None,None,None,None,None,None,Yes,None,Yes,None,None,None,None,Yes,None,Yes,None,None,None,166,St Lawrence-East Bayfront-The Islands,77,Waterfront Communities-The Island (77),D52
9735,1366347,2013-07-03,1319,LAKE SHORE BLVD W,BAY ST,None,Major Arterial,Toronto and East York,None,Traffic Signal,Clear,Daylight,Dry,Fatal,Pedestrian Collisions,Driver,50 to 54,Minor,None,West,"Automobile, Station Wagon",Changing Lanes,Improper Lane Change,Inattentive,None,None,None,None,None,None,Yes,None,Yes,None,None,None,None,Yes,None,Yes,None,None,None,166,St Lawrence-East Bayfront-The Islands,77,Waterfront Communities-The Island (77),D52
9736,1366347,2013-07-03,1319,LAKE SHORE BLVD W,BAY ST,None,Major Arterial,Toronto and East York,None,Traffic Signal,Clear,Daylight,Dry,Fatal,Pedestrian Collisions,Pedestrian,5 to 9,Minor,None,North,None,None,None,None,Pedestrian hit on sidewalk or shoulder,On Sidewalk or Shoulder,Unknown,None,None,None,Yes,None,Yes,None,None,None,None,Yes,None,Yes,None,None,None,166,St Lawrence-East Bayfront-The Islands,77,Waterfront Communities-The Island (77),D52
9737,1366347,2013-07-03,1319,LAKE SHORE BLVD W,BAY ST,None,Major Arterial,Toronto and East York,None,Traffic Signal,Clear,Daylight,Dry,Fatal,Pedestrian Collisions,Pedestrian,15 to 19,Minor,None,North,None,None,None,None,Pedestrian hit on sidewalk or shoulder,On Sidewalk or Shoulder,Unknown,None,None,None,Yes,None,Yes,None,None,None,None,Yes,None,Yes,None,None,None,166,St Lawrence-East Bayfront-The Islands,77,Waterfront Communities-The Island (77),D52
9738,1366347,2013-07-03,1319,LAKE SHORE BLVD W,BAY ST,None,Major Arterial,Toronto and East York,None,Traffic Signal,Clear,Daylight,Dry,Fatal,Pedestrian Collisions,Pedestrian,40 to 44,Minor,None,North,None,None,None,None,Pedestrian hit on sidewalk or shoulder,On Sidewalk or Shoulder,Unknown,None,None,None,Yes,None,Yes,None,None,None,None,Yes,None,Yes,None,None,None,166,St Lawrence-East Bayfront-The Islands,77,Waterfront Communities-The Island (77),D52
9739,1366347,2013-07-03,1319,LAKE SHORE BLVD W,BAY ST,None,Major Arterial,Toronto and East York,None,Traffic Signal,Clear,Daylight,Dry,Fatal,Pedestrian Collisions,Pedestrian,55 to 59,Major,None,North,None,None,None,None,Pedestrian hit on sidewalk or shoulder,On Sidewalk or Shoulder,Unknown,None,None,None,Yes,None,Yes,None,None,None,None,Yes,None,Yes,None,None,None,166,St Lawrence-East Bayfront-The Islands,77,Waterfront Communities-The Island (77),D52
9740,1366347,2013-07-03,1319,LAKE SHORE BLVD W,BAY ST,None,Major Arterial,Toronto and East York,None,Traffic Signal,Clear,Daylight,Dry,Fatal,Pedestrian Collisions,Pedestrian,70 to 74,Fatal,19,North,None,None,None,None,Pedestrian hit on sidewalk or shoulder,On Sidewalk or Shoulder,Unknown,None,None,None,Yes,None,Yes,None,None,None,None,Yes,None,Yes,None,None,None,166,St Lawrence-East Bayfront-The Islands,77,Waterfront Communities-The Island (77),D52
9741,1366347,2013-07-03,1319,LAKE SHORE BLVD W,BAY ST,None,Major Arterial,Toronto and East York,None,Traffic Signal,Clear,Daylight,Dry,Fatal,Pedestrian Collisions,Pedestrian,45 to 49,Minimal,None,North,None,None,None,None,Pedestrian hit on sidewalk or shoulder,On Sidewalk or Shoulder,Unknown,None,None,None,Yes,None,Yes,None,None,None,None,Yes,None,Yes,None,None,None,166,St Lawrence-East Bayfront-The Islands,77,Waterfront Communities-The Island (77),D52
9742,1366347,2013-07-03,1319,LAKE SHORE BLVD W,BAY ST,None,Major Arterial,Toronto and East York,None,Traffic Signal,Clear,Daylight,Dry,Fatal,Pedestrian Collisions,Pedestrian,70 to 74,Major,None,North,None,None,None,None,Pedestrian hit on sidewalk or shoulder,On Sidewalk or Shoulder,Unknown,None,None,None,Yes,None,Yes,None,None,None,None,Yes,None,Yes,None,None,None,166,St Lawrence-East Bayfront-The Islands,77,Waterfront Communities-The Island (77),D52
9743,1363537,2013-07-03,2105,98 HAVENDALE RD,None,None,Collector,Scarborough,None,No Control,Clear,Dark,Dry,Fatal,SMV Other,Motorcycle Driver,25 to 29,Fatal,18,West,Motorcycle,Going Ahead,Lost control,Unknown,None,None,None,None,None,None,None,None,Yes,Yes,None,None,None,None,Yes,Yes,None,None,None,128,Agincourt South-Malvern West,128,Agincourt South-Malvern West (128),D42
9744,1363537,2013-07-03,2105,98 HAVENDALE RD,None,None,Collector,Scarborough,None,No Control,Clear,Dark,Dry,Fatal,SMV Other,Other,unknown,None,None,Unknown,"Automobile, Station Wagon",Parked,None,None,None,None,None,None,None,None,None,None,Yes,Yes,None,None,None,None,Yes,Yes,None,None,None,128,Agincourt South-Malvern West,128,Agincourt South-Malvern West (128),D42
9745,1363537,2013-07-03,2105,98 HAVENDALE RD,None,None,Collector,Scarborough,None,No Control,Clear,Dark,Dry,Fatal,SMV Other,None,unknown,None,None,None,None,None,None,None,None,None,None,None,None,None,None,None,Yes,Yes,None,None,None,None,Yes,Yes,None,None,None,128,Agincourt South-Malvern West,128,Agincourt South-Malvern West (128),D42
9746,1375838,2013-07-04,1444,QUEENS QUAY E,LOWER JARVIS ST,None,Minor Arterial,Toronto and East York,At Intersection,Traffic Signal,Clear,Daylight,Dry,Non-Fatal Injury,Cyclist Collisions,Driver,30 to 34,None,None,East,"Automobile, Station Wagon",Turning Left,Failed to Yield Right of Way,Normal,None,None,None,None,None,None,None,Yes,Yes,None,None,None,None,None,None,Yes,None,None,None,166,St Lawrence-East Bayfront-The Islands,77,Waterfront Communities-The Island (77),D51
9747,1375838,2013-07-04,1444,QUEENS QUAY E,LOWER JARVIS ST,None,Minor Arterial,Toronto and East York,At Intersection,Traffic Signal,Clear,Daylight,Dry,Non-Fatal Injury,Cyclist Collisions,Cyclist,50 to 54,Major,None,West,Bicycle,Going Ahead,None,None,None,None,None,Motorist turned left across cyclists path.,Disobeyed Traffic Control,Normal,None,Yes,Yes,None,None,None,None,None,None,Yes,None,None,None,166,St Lawrence-East Bayfront-The Islands,77,Waterfront Communities-The Island (77),D51
9748,1364079,2013-07-05,2248,MCCOWAN RD,LAWRENCE AVE E,None,Major Arterial,Scarborough,At Intersection,Traffic Signal,Clear,"Dark, artificial",Dry,Fatal,Pedestrian Collisions,Driver,55 to 59,None,None,North,"Automobile, Station Wagon",Going Ahead,Driving Properly,Normal,None,None,None,None,None,None,Yes,None,Yes,None,None,None,None,None,None,None,None,None,None,157,Bendale South,127,Bendale (127),D43
9749,1364079,2013-07-05,2248,MCCOWAN RD,LAWRENCE AVE E,None,Major Arterial,Scarborough,At Intersection,Traffic Signal,Clear,"Dark, artificial",Dry,Fatal,Pedestrian Collisions,Pedestrian,75 to 79,Fatal,20,East,None,None,None,None,Vehicle is going straight thru inter.while ped cross without ROW,Crossing without right of way,Had Been Drinking,None,None,None,Yes,None,Yes,None,None,None,None,None,None,None,None,None,None,157,Bendale South,127,Bendale (127),D43
9750,1364208,2013-07-06,2023,DUNDAS ST E,POULETT ST,None,Major Arterial,Toronto and East York,None,No Control,Clear,Daylight,Dry,Non-Fatal Injury,Pedestrian Collisions,Driver,45 to 49,None,None,East,Municipal Transit Bus (TTC),Slowing or Stopping,Driving Properly,Normal,None,None,None,None,None,None,Yes,None,None,None,None,Yes,None,None,None,None,None,None,None,73,Moss Park,73,Moss Park (73),D51
9751,1364208,2013-07-06,2023,DUNDAS ST E,POULETT ST,None,Major Arterial,Toronto and East York,None,No Control,Clear,Daylight,Dry,Non-Fatal Injury,Pedestrian Collisions,Pedestrian,55 to 59,Major,None,North,Other,None,None,None,Pedestrian involved in a collision with transit vehicle anywhere along roadway,Running onto Roadway,Unknown,None,None,None,Yes,None,None,None,None,Yes,None,None,None,None,None,None,None,73,Moss Park,73,Moss Park (73),D51
9752,1364208,2013-07-06,2023,DUNDAS ST E,POULETT ST,None,Major Arterial,Toronto and East York,None,No Control,Clear,Daylight,Dry,Non-Fatal Injury,Pedestrian Collisions,Vehicle Owner,unknown,None,None,None,Other,None,None,None,None,None,None,None,None,None,Yes,None,None,None,None,Yes,None,None,None,None,None,None,None,73,Moss Park,73,Moss Park (73),D51
9753,1374452,2013-07-08,945,SUTHERLAND DR,MCRAE DR,None,Collector,North York,At Intersection,Stop Sign,Clear,Daylight,Dry,Non-Fatal Injury,Cyclist Collisions,Driver,55 to 59,None,None,West,Pick Up Truck,Going Ahead,Failed to Yield Right of Way,Normal,None,None,None,None,None,None,None,Yes,Yes,None,None,None,None,None,None,Yes,None,None,None,56,Leaside-Bennington,56,Leaside-Bennington (56),D53
9754,1374452,2013-07-08,945,SUTHERLAND DR,MCRAE DR,None,Collector,North York,At Intersection,Stop Sign,Clear,Daylight,Dry,Non-Fatal Injury,Cyclist Collisions,Cyclist,25 to 29,Major,None,North,Bicycle,Going Ahead,None,None,None,None,None,"Motorist without ROW drives into path of cyclist at inter, lnwy, dwy-Driver not turn.",Driving Properly,Normal,None,Yes,Yes,None,None,None,None,None,None,Yes,None,None,None,56,Leaside-Bennington,56,Leaside-Bennington (56),D53
9755,1364430,2013-07-08,1715,MCCOWAN RD,KENHATCH BLVD,None,Major Arterial,Scarborough,None,Traffic Signal,Rain,Daylight,Wet,Fatal,Pedestrian Collisions,Vehicle Owner,unknown,None,None,None,None,None,None,None,None,None,None,None,None,None,Yes,None,None,None,None,Yes,None,None,None,None,None,None,None,129,Agincourt North,129,Agincourt North (129),D42
9756,1364430,2013-07-08,1715,MCCOWAN RD,KENHATCH BLVD,None,Major Arterial,Scarborough,None,Traffic Signal,Rain,Daylight,Wet,Fatal,Pedestrian Collisions,Driver,50 to 54,None,None,South,Municipal Transit Bus (TTC),Going Ahead,Driving Properly,Normal,None,None,None,None,None,None,Yes,None,None,None,None,Yes,None,None,None,None,None,None,None,129,Agincourt North,129,Agincourt North (129),D42
9757,1364430,2013-07-08,1715,MCCOWAN RD,KENHATCH BLVD,None,Major Arterial,Scarborough,None,Traffic Signal,Rain,Daylight,Wet,Fatal,Pedestrian Collisions,Pedestrian,65 to 69,Fatal,24,East,None,None,None,None,Pedestrian involved in a collision with transit vehicle anywhere along roadway,Crossing without right of way,Inattentive,None,None,None,Yes,None,None,None,None,Yes,None,None,None,None,None,None,None,129,Agincourt North,129,Agincourt North (129),D42
9758,1376797,2013-07-08,2106,LAWRENCE AVE W,PINE ST,None,Major Arterial,Etobicoke York,At Intersection,Traffic Signal,Rain,Dark,Wet,Non-Fatal Injury,Pedestrian Collisions,Driver,65 to 69,None,None,West,"Automobile, Station Wagon",Going Ahead,Failed to Yield Right of Way,Inattentive,None,None,None,None,None,None,Yes,None,Yes,None,None,None,None,None,None,Yes,None,None,None,113,Weston,113,Weston (113),D12
9759,1376797,2013-07-08,2106,LAWRENCE AVE W,PINE ST,None,Major Arterial,Etobicoke York,At Intersection,Traffic Signal,Rain,Dark,Wet,Non-Fatal Injury,Pedestrian Collisions,Pedestrian,65 to 69,Major,None,North,Other,None,None,None,Vehicle is going straight thru inter.while ped cross with ROW,Crossing with right of way,Normal,None,None,None,Yes,None,Yes,None,None,None,None,None,None,Yes,None,None,None,113,Weston,113,Weston (113),D12
9760,1376894,2013-07-09,1627,CHURCH ST,HAYDEN ST,None,Minor Arterial,Toronto and East York,At Intersection,Stop Sign,Clear,Daylight,Dry,Non-Fatal Injury,Pedestrian Collisions,Driver,45 to 49,None,None,West,"Automobile, Station Wagon",Turning Left,Driving Properly,Normal,None,None,None,None,None,None,Yes,None,Yes,None,None,None,None,None,None,None,None,None,None,167,Church-Wellesley,75,Church-Yonge Corridor (75),D51
9761,1376894,2013-07-09,1627,CHURCH ST,HAYDEN ST,None,Minor Arterial,Toronto and East York,At Intersection,Stop Sign,Clear,Daylight,Dry,Non-Fatal Injury,Pedestrian Collisions,Pedestrian,40 to 44,Major,None,East,Other,None,None,None,Vehicle turns left while ped crosses without ROW at inter.,Crossing without right of way,Normal,None,None,None,Yes,None,Yes,None,None,None,None,None,None,None,None,None,None,167,Church-Wellesley,75,Church-Yonge Corridor (75),D51
9762,1376926,2013-07-09,1758,244 CALEDONIA Rd,None,None,Minor Arterial,Toronto and East York,None,No Control,Clear,Daylight,Dry,Non-Fatal Injury,Pedestrian Collisions,Driver,25 to 29,None,None,South,"Automobile, Station Wagon",Going Ahead,Driving Properly,Normal,None,None,None,None,None,None,Yes,None,Yes,None,None,None,None,None,None,None,None,None,None,109,Caledonia-Fairbank,109,Caledonia-Fairbank (109),D13
9763,1376926,2013-07-09,1758,244 CALEDONIA Rd,None,None,Minor Arterial,Toronto and East York,None,No Control,Clear,Daylight,Dry,Non-Fatal Injury,Pedestrian Collisions,Pedestrian,70 to 74,Major,None,East,Other,None,None,None,Pedestrian hit at mid-block,"Crossing, no Traffic Control",Inattentive,None,None,None,Yes,None,Yes,None,None,None,None,None,None,None,None,None,None,109,Caledonia-Fairbank,109,Caledonia-Fairbank (109),D13
9764,1376821,2013-07-09,1830,REXDALE BLVD,QUEENS PLATE DR,None,Major Arterial,Etobicoke York,At Intersection,Traffic Signal,Clear,Daylight,Dry,Non-Fatal Injury,Turning Movement,Vehicle Owner,unknown,None,None,None,Other,None,None,None,None,None,None,None,None,None,None,None,Yes,None,Yes,None,None,None,None,Yes,None,None,None,1,West Humber-Clairville,1,West Humber-Clairville (1),D23
9765,1376821,2013-07-09,1830,REXDALE BLVD,QUEENS PLATE DR,None,Major Arterial,Etobicoke York,At Intersection,Traffic Signal,Clear,Daylight,Dry,Non-Fatal Injury,Turning Movement,Truck Driver,20 to 24,None,None,East,Truck - Open,Going Ahead,Driving Properly,Normal,None,None,None,None,None,None,None,None,Yes,None,Yes,None,None,None,None,Yes,None,None,None,1,West Humber-Clairville,1,West Humber-Clairville (1),D23
9766,1376821,2013-07-09,1830,REXDALE BLVD,QUEENS PLATE DR,None,Major Arterial,Etobicoke York,At Intersection,Traffic Signal,Clear,Daylight,Dry,Non-Fatal Injury,Turning Movement,Driver,50 to 54,Major,None,West,"Automobile, Station Wagon",Turning Left,Failed to Yield Right of Way,Inattentive,None,None,None,None,None,None,None,None,Yes,None,Yes,None,None,None,None,Yes,None,None,None,1,West Humber-Clairville,1,West Humber-Clairville (1),D23
9767,1366122,2013-07-11,1939,BROADVIEW Ave,DANFORTH Ave,None,Minor Arterial,Toronto and East York,None,No Control,Clear,Daylight,Dry,Non-Fatal Injury,Pedestrian Collisions,Pedestrian,unknown,None,None,East,"Automobile, Station Wagon",Going Ahead,None,None,Pedestrian hit at mid-block,"Crossing, no Traffic Control",Inattentive,None,None,None,Yes,Yes,Yes,None,None,None,None,None,None,None,None,None,None,67,Playter Estates-Danforth,67,Playter Estates-Danforth (67),D55
9768,1366122,2013-07-11,1939,BROADVIEW Ave,DANFORTH Ave,None,Minor Arterial,Toronto and East York,None,No Control,Clear,Daylight,Dry,Non-Fatal Injury,Pedestrian Collisions,Cyclist,35 to 39,Major,None,South,Bicycle,Going Ahead,None,None,None,None,None,Cyclist strikes pedestrian.,Driving Properly,Normal,Yes,Yes,Yes,None,None,None,None,None,None,None,None,None,None,67,Playter Estates-Danforth,67,Playter Estates-Danforth (67),D55
9769,1365311,2013-07-11,1959,WILSON HEIGHTS BLVD,WATERLOO AVE,None,Collector,North York,At Intersection,Traffic Signal,Clear,Dusk,Dry,Non-Fatal Injury,Pedestrian Collisions,Vehicle Owner,unknown,None,None,None,Other,None,None,None,None,None,None,None,None,None,Yes,None,Yes,None,None,None,None,None,None,Yes,None,None,None,34,Bathurst Manor,34,Bathurst Manor (34),D32
9770,1365311,2013-07-11,1959,WILSON HEIGHTS BLVD,WATERLOO AVE,None,Collector,North York,At Intersection,Traffic Signal,Clear,Dusk,Dry,Non-Fatal Injury,Pedestrian Collisions,Driver,45 to 49,None,None,North,"Automobile, Station Wagon",Turning Left,Failed to Yield Right of Way,Inattentive,None,None,None,None,None,None,Yes,None,Yes,None,None,None,None,None,None,Yes,None,None,None,34,Bathurst Manor,34,Bathurst Manor (34),D32
9771,1365311,2013-07-11,1959,WILSON HEIGHTS BLVD,WATERLOO AVE,None,Collector,North York,At Intersection,Traffic Signal,Clear,Dusk,Dry,Non-Fatal Injury,Pedestrian Collisions,Pedestrian,25 to 29,Major,None,Unknown,Other,None,None,None,Vehicle turns left while ped crosses with ROW at inter.,Crossing with right of way,Normal,None,None,None,Yes,None,Yes,None,None,None,None,None,None,Yes,None,None,None,34,Bathurst Manor,34,Bathurst Manor (34),D32
9772,1366152,2013-07-11,2225,WATSON ST,OLD KINGSTON RD,None,Minor Arterial,Scarborough,At Intersection,No Control,Clear,"Dark, artificial",Dry,Fatal,Pedestrian Collisions,Driver,35 to 39,None,None,East,"Automobile, Station Wagon",Turning Left,Failed to Yield Right of Way,Inattentive,None,None,None,None,None,None,Yes,None,Yes,None,None,None,None,None,None,Yes,None,None,None,133,Centennial Scarborough,133,Centennial Scarborough (133),D43
9773,1366152,2013-07-11,2225,WATSON ST,OLD KINGSTON RD,None,Minor Arterial,Scarborough,At Intersection,No Control,Clear,"Dark, artificial",Dry,Fatal,Pedestrian Collisions,Pedestrian,40 to 44,Minor,None,West,None,None,None,None,Vehicle turns left while ped crosses with ROW at inter.,Crossing with right of way,Normal,None,None,None,Yes,None,Yes,None,None,None,None,None,None,Yes,None,None,None,133,Centennial Scarborough,133,Centennial Scarborough (133),D43
9774,1366152,2013-07-11,2225,WATSON ST,OLD KINGSTON RD,None,Minor Arterial,Scarborough,At Intersection,No Control,Clear,"Dark, artificial",Dry,Fatal,Pedestrian Collisions,Pedestrian,45 to 49,Fatal,21,West,None,None,None,None,Vehicle turns left while ped crosses with ROW at inter.,Crossing with right of way,Normal,None,None,None,Yes,None,Yes,None,None,None,None,None,None,Yes,None,None,None,133,Centennial Scarborough,133,Centennial Scarborough (133),D43
9775,1377196,2013-07-12,2240,DUFFERIN St,HOLMESDALE Rd,None,Major Arterial,Toronto and East York,At Intersection,Traffic Signal,Clear,"Dark, artificial",Dry,Non-Fatal Injury,Cyclist Collisions,Driver,55 to 59,Minimal,None,North,"Automobile, Station Wagon",Turning Left,Improper Turn,Normal,None,None,None,None,None,None,None,Yes,Yes,None,None,None,None,None,None,None,None,None,None,107,Oakwood Village,107,Oakwood Village (107),D13
9776,1377196,2013-07-12,2240,DUFFERIN St,HOLMESDALE Rd,None,Major Arterial,Toronto and East York,At Intersection,Traffic Signal,Clear,"Dark, artificial",Dry,Non-Fatal Injury,Cyclist Collisions,Cyclist,15 to 19,Major,None,South,Bicycle,Going Ahead,None,None,None,None,None,Motorist turned left across cyclists path.,Driving Properly,Normal,None,Yes,Yes,None,None,None,None,None,None,None,None,None,None,107,Oakwood Village,107,Oakwood Village (107),D13
9777,1377456,2013-07-13,1355,KENNEDY RD,MCNICOLL Ave,None,Major Arterial,Scarborough,At Intersection,Traffic Signal,Clear,Daylight,Dry,Non-Fatal Injury,Turning Movement,Motorcycle Driver,20 to 24,Major,None,North,Motorcycle,Going Ahead,Driving Properly,Normal,None,None,None,None,None,None,None,None,Yes,Yes,None,None,None,None,None,Yes,None,None,None,130,Milliken,130,Milliken (130),D42
9778,1377456,2013-07-13,1355,KENNEDY RD,MCNICOLL Ave,None,Major Arterial,Scarborough,At Intersection,Traffic Signal,Clear,Daylight,Dry,Non-Fatal Injury,Turning Movement,Driver,20 to 24,None,None,South,"Automobile, Station Wagon",Turning Left,Failed to Yield Right of Way,Inattentive,None,None,None,None,None,None,None,None,Yes,Yes,None,None,None,None,None,Yes,None,None,None,130,Milliken,130,Milliken (130),D42
9779,1365621,2013-07-13,1845,FINCH AVE E,MIDLAND AVE,None,Major Arterial,Scarborough,At Intersection,Traffic Signal,Clear,Daylight,Dry,Non-Fatal Injury,Pedestrian Collisions,Driver,60 to 64,None,None,North,"Automobile, Station Wagon",Turning Left,Failed to Yield Right of Way,Inattentive,None,None,None,None,None,None,Yes,None,Yes,None,None,None,None,None,None,Yes,None,None,None,128,Agincourt South-Malvern West,128,Agincourt South-Malvern West (128),D42
9780,1365621,2013-07-13,1845,FINCH AVE E,MIDLAND AVE,None,Major Arterial,Scarborough,At Intersection,Traffic Signal,Clear,Daylight,Dry,Non-Fatal Injury,Pedestrian Collisions,Pedestrian,65 to 69,Major,None,Unknown,Other,None,None,None,Vehicle turns left while ped crosses with ROW at inter.,Crossing with right of way,Normal,None,None,None,Yes,None,Yes,None,None,None,None,None,None,Yes,None,None,None,128,Agincourt South-Malvern West,128,Agincourt South-Malvern West (128),D42
9781,1365635,2013-07-14,340,F G GARDINER XY  E,ISLINGTON Ave,None,None,Etobicoke York,None,No Control,Clear,"Dark, artificial",Dry,Non-Fatal Injury,Sideswipe,Passenger,25 to 29,Major,None,None,Other,None,None,None,None,None,None,None,None,None,None,None,Yes,None,None,None,None,Yes,None,None,None,Yes,None,160,Mimico-Queensway,17,Mimico (includes Humber Bay Shores) (17),D22
9782,1365635,2013-07-14,340,F G GARDINER XY  E,ISLINGTON Ave,None,None,Etobicoke York,None,No Control,Clear,"Dark, artificial",Dry,Non-Fatal Injury,Sideswipe,Passenger,25 to 29,Minor,None,None,Other,None,None,None,None,None,None,None,None,None,None,None,Yes,None,None,None,None,Yes,None,None,None,Yes,None,160,Mimico-Queensway,17,Mimico (includes Humber Bay Shores) (17),D22
9783,1365635,2013-07-14,340,F G GARDINER XY  E,ISLINGTON Ave,None,None,Etobicoke York,None,No Control,Clear,"Dark, artificial",Dry,Non-Fatal Injury,Sideswipe,Driver,25 to 29,Minimal,None,West,"Automobile, Station Wagon",Going Ahead,Lost control,"Ability Impaired, Alcohol Over .08",None,None,None,None,None,None,None,None,Yes,None,None,None,None,Yes,None,None,None,Yes,None,160,Mimico-Queensway,17,Mimico (includes Humber Bay Shores) (17),D22
9784,1365635,2013-07-14,340,F G GARDINER XY  E,ISLINGTON Ave,None,None,Etobicoke York,None,No Control,Clear,"Dark, artificial",Dry,Non-Fatal Injury,Sideswipe,Driver,unknown,None,None,West,"Automobile, Station Wagon",Unknown,Other,Unknown,None,None,None,None,None,None,None,None,Yes,None,None,None,None,Yes,None,None,None,Yes,None,160,Mimico-Queensway,17,Mimico (includes Humber Bay Shores) (17),D22
9785,1382978,2013-07-15,1153,KENNEDY RD,KENMARK BLVD,None,Major Arterial,Scarborough,None,Stop Sign,Clear,Daylight,Dry,Non-Fatal Injury,Pedestrian Collisions,Driver,35 to 39,None,None,West,"Automobile, Station Wagon",Turning Right,Failed to Yield Right of Way,Inattentive,None,None,None,None,None,None,Yes,None,Yes,None,None,None,None,None,None,Yes,None,None,None,124,Kennedy Park,124,Kennedy Park (124),D41