_id,ACCNUM,DATE,TIME,STREET1,STREET2,OFFSET,ROAD_CLASS,DISTRICT,ACCLOC,TRAFFCTL,VISIBILITY,LIGHT,RDSFCOND,ACCLASS,IMPACTYPE,INVTYPE,INVAGE,INJURY,FATAL_NO,INITDIR,VEHTYPE,MANOEUVER,DRIVACT,DRIVCOND,PEDTYPE,PEDACT,PEDCOND,CYCLISTYPE,CYCACT,CYCCOND,PEDESTRIAN,CYCLIST,AUTOMOBILE,MOTORCYCLE,TRUCK,TRSN_CITY_VEH,EMERG_VEH,PASSENGER,SPEEDING,AG_DRIV,REDLIGHT,ALCOHOL,DISABILITY,HOOD_158,NEIGHBOURHOOD_158,HOOD_140,NEIGHBOURHOOD_140,DIVISION
9850,1369173,2013-08-03,305,STEELES AVE W,ISLINGTON AVE,None,Major Arterial,Etobicoke York,None,No Control,Clear,"Dark, artificial",Dry,Fatal,SMV Other,Driver,25 to 29,Fatal,27,East,"Automobile, Station Wagon",Going Ahead,Exceeding Speed Limit,"Ability Impaired, Alcohol Over .08",None,None,None,None,None,None,None,None,Yes,None,None,None,None,None,Yes,Yes,None,Yes,None,21,Humber Summit,21,Humber Summit (21),D31
9851,1369173,2013-08-03,305,STEELES AVE W,ISLINGTON AVE,None,Major Arterial,Etobicoke York,None,No Control,Clear,"Dark, artificial",Dry,Fatal,SMV Other,Other Property Owner,unknown,None,None,None,None,None,None,None,None,None,None,None,None,None,None,None,Yes,None,None,None,None,None,Yes,Yes,None,Yes,None,21,Humber Summit,21,Humber Summit (21),D31
9852,1383782,2013-08-03,1610,DANFORTH Ave,BROADVIEW Ave,None,Major Arterial,Toronto and East York,None,Traffic Signal,Clear,Daylight,Dry,Non-Fatal Injury,Angle,Motorcycle Driver,40 to 44,Major,None,West,Motorcycle,Going Ahead,Driving Properly,Normal,None,None,None,None,None,None,None,None,Yes,Yes,None,None,None,None,None,Yes,Yes,None,None,68,North Riverdale,68,North Riverdale (68),D55
9853,1383782,2013-08-03,1610,DANFORTH Ave,BROADVIEW Ave,None,Major Arterial,Toronto and East York,None,Traffic Signal,Clear,Daylight,Dry,Non-Fatal Injury,Angle,Vehicle Owner,unknown,None,None,None,Other,None,None,None,None,None,None,None,None,None,None,None,Yes,Yes,None,None,None,None,None,Yes,Yes,None,None,68,North Riverdale,68,North Riverdale (68),D55
9854,1383782,2013-08-03,1610,DANFORTH Ave,BROADVIEW Ave,None,Major Arterial,Toronto and East York,None,Traffic Signal,Clear,Daylight,Dry,Non-Fatal Injury,Angle,Driver,40 to 44,None,None,East,"Automobile, Station Wagon",Stopped,Driving Properly,Normal,None,None,None,None,None,None,None,None,Yes,Yes,None,None,None,None,None,Yes,Yes,None,None,68,North Riverdale,68,North Riverdale (68),D55
9855,1383782,2013-08-03,1610,DANFORTH Ave,BROADVIEW Ave,None,Major Arterial,Toronto and East York,None,Traffic Signal,Clear,Daylight,Dry,Non-Fatal Injury,Angle,Driver,75 to 79,Minimal,None,South,"Automobile, Station Wagon",Going Ahead,Disobeyed Traffic Control,Inattentive,None,None,None,None,None,None,None,None,Yes,Yes,None,None,None,None,None,Yes,Yes,None,None,68,North Riverdale,68,North Riverdale (68),D55
9856,1381629,2013-08-03,1904,ELMHURST Ave,YONGE St,None,Collector,North York,None,No Control,Clear,Daylight,Dry,Non-Fatal Injury,Pedestrian Collisions,Vehicle Owner,unknown,None,None,None,Other,None,None,None,None,None,None,None,None,None,Yes,None,Yes,None,None,None,None,None,None,None,None,None,None,38,Lansing-Westgate,38,Lansing-Westgate (38),D32
9857,1381629,2013-08-03,1904,ELMHURST Ave,YONGE St,None,Collector,North York,None,No Control,Clear,Daylight,Dry,Non-Fatal Injury,Pedestrian Collisions,Driver,20 to 24,None,None,West,"Automobile, Station Wagon",Reversing,Other,Inattentive,None,None,None,None,None,None,Yes,None,Yes,None,None,None,None,None,None,None,None,None,None,38,Lansing-Westgate,38,Lansing-Westgate (38),D32
9858,1381629,2013-08-03,1904,ELMHURST Ave,YONGE St,None,Collector,North York,None,No Control,Clear,Daylight,Dry,Non-Fatal Injury,Pedestrian Collisions,Pedestrian,15 to 19,Minimal,None,North,Other,None,None,None,Vehicle is reversing and hits pedestrian,Other,Normal,None,None,None,Yes,None,Yes,None,None,None,None,None,None,None,None,None,None,38,Lansing-Westgate,38,Lansing-Westgate (38),D32
9859,1381629,2013-08-03,1904,ELMHURST Ave,YONGE St,None,Collector,North York,None,No Control,Clear,Daylight,Dry,Non-Fatal Injury,Pedestrian Collisions,Pedestrian,50 to 54,Major,None,North,Other,None,None,None,Vehicle is reversing and hits pedestrian,Other,Normal,None,None,None,Yes,None,Yes,None,None,None,None,None,None,None,None,None,None,38,Lansing-Westgate,38,Lansing-Westgate (38),D32
9860,1369177,2013-08-03,2048,LAKE SHORE BLVD W,DOWLING S LAKESHORE W RAMP,None,Major Arterial,Toronto and East York,None,No Control,Clear,Dusk,Dry,Fatal,Other,Vehicle Owner,unknown,None,None,None,None,None,None,None,None,None,None,None,None,None,None,None,None,None,Yes,None,None,Yes,None,None,None,None,None,85,South Parkdale,85,South Parkdale (85),D14
9861,1369177,2013-08-03,2048,LAKE SHORE BLVD W,DOWLING S LAKESHORE W RAMP,None,Major Arterial,Toronto and East York,None,No Control,Clear,Dusk,Dry,Fatal,Other,Truck Driver,50 to 54,None,None,West,Truck-Tractor,Going Ahead,Driving Properly,Unknown,None,None,None,None,None,None,None,None,None,None,Yes,None,None,Yes,None,None,None,None,None,85,South Parkdale,85,South Parkdale (85),D14
9862,1369177,2013-08-03,2048,LAKE SHORE BLVD W,DOWLING S LAKESHORE W RAMP,None,Major Arterial,Toronto and East York,None,No Control,Clear,Dusk,Dry,Fatal,Other,Other,unknown,None,None,None,None,None,None,None,None,None,None,None,None,None,None,None,None,None,Yes,None,None,Yes,None,None,None,None,None,85,South Parkdale,85,South Parkdale (85),D14
9863,1369177,2013-08-03,2048,LAKE SHORE BLVD W,DOWLING S LAKESHORE W RAMP,None,Major Arterial,Toronto and East York,None,No Control,Clear,Dusk,Dry,Fatal,Other,Passenger,15 to 19,Fatal,28,None,None,None,None,None,None,None,None,None,None,None,None,None,None,None,Yes,None,None,Yes,None,None,None,None,None,85,South Parkdale,85,South Parkdale (85),D14
9864,1381650,2013-08-03,2213,JANE St,TRETHEWEY Dr,None,Major Arterial,Etobicoke York,None,Traffic Signal,Clear,"Dark, artificial",Dry,Non-Fatal Injury,Pedestrian Collisions,Driver,35 to 39,None,None,North,"Automobile, Station Wagon",Going Ahead,Driving Properly,Normal,None,None,None,None,None,None,Yes,None,Yes,None,None,None,None,None,None,None,None,None,None,30,Brookhaven-Amesbury,30,Brookhaven-Amesbury (30),D12
9865,1381650,2013-08-03,2213,JANE St,TRETHEWEY Dr,None,Major Arterial,Etobicoke York,None,Traffic Signal,Clear,"Dark, artificial",Dry,Non-Fatal Injury,Pedestrian Collisions,Pedestrian,20 to 24,Major,None,East,None,None,None,None,Vehicle is going straight thru inter.while ped cross without ROW,Crossing without right of way,Inattentive,None,None,None,Yes,None,Yes,None,None,None,None,None,None,None,None,None,None,30,Brookhaven-Amesbury,30,Brookhaven-Amesbury (30),D12
9866,1369861,2013-08-05,255,DUNDAS St W,JANE St,None,Major Arterial,Toronto and East York,At Intersection,Traffic Signal,Clear,"Dark, artificial",Dry,Non-Fatal Injury,Pedestrian Collisions,Driver,unknown,None,None,West,"Automobile, Station Wagon",Turning Right,Failed to Yield Right of Way,Unknown,None,None,None,None,None,None,Yes,None,Yes,None,None,None,None,None,None,Yes,None,None,None,89,Runnymede-Bloor West Village,89,Runnymede-Bloor West Village (89),D11
9867,1369861,2013-08-05,255,DUNDAS St W,JANE St,None,Major Arterial,Toronto and East York,At Intersection,Traffic Signal,Clear,"Dark, artificial",Dry,Non-Fatal Injury,Pedestrian Collisions,Pedestrian,20 to 24,Major,None,North,Other,None,None,None,Vehicle turns right while ped crosses with ROW at inter.,Crossing with right of way,Had Been Drinking,None,None,None,Yes,None,Yes,None,None,None,None,None,None,Yes,None,None,None,89,Runnymede-Bloor West Village,89,Runnymede-Bloor West Village (89),D11
9868,1381745,2013-08-05,1210,ISLINGTON AVE,THE QUEENSWAY,None,Major Arterial,Etobicoke York,None,Traffic Signal,Clear,Daylight,Dry,Non-Fatal Injury,Pedestrian Collisions,Vehicle Owner,unknown,None,None,None,Other,None,None,None,None,None,None,None,None,None,Yes,None,Yes,None,None,None,None,None,None,Yes,None,None,None,16,Stonegate-Queensway,16,Stonegate-Queensway (16),D22
9869,1381745,2013-08-05,1210,ISLINGTON AVE,THE QUEENSWAY,None,Major Arterial,Etobicoke York,None,Traffic Signal,Clear,Daylight,Dry,Non-Fatal Injury,Pedestrian Collisions,Driver,20 to 24,None,None,South,"Automobile, Station Wagon",Turning Right,Failed to Yield Right of Way,Normal,None,None,None,None,None,None,Yes,None,Yes,None,None,None,None,None,None,Yes,None,None,None,16,Stonegate-Queensway,16,Stonegate-Queensway (16),D22
9870,1381745,2013-08-05,1210,ISLINGTON AVE,THE QUEENSWAY,None,Major Arterial,Etobicoke York,None,Traffic Signal,Clear,Daylight,Dry,Non-Fatal Injury,Pedestrian Collisions,Pedestrian,85 to 89,Major,None,East,Other,None,None,None,Vehicle turns right while ped crosses with ROW at inter.,Crossing with right of way,Normal,None,None,None,Yes,None,Yes,None,None,None,None,None,None,Yes,None,None,None,16,Stonegate-Queensway,16,Stonegate-Queensway (16),D22
9871,1381722,2013-08-05,2329,GERRARD ST E,HIGHFIELD RD,None,Minor Arterial,Toronto and East York,None,No Control,Clear,Dark,Dry,Non-Fatal Injury,Pedestrian Collisions,Driver,60 to 64,None,None,East,"Automobile, Station Wagon",Going Ahead,Driving Properly,Normal,None,None,None,None,None,None,Yes,None,Yes,None,None,None,None,None,None,None,None,None,None,65,Greenwood-Coxwell,65,Greenwood-Coxwell (65),D55
9872,1381722,2013-08-05,2329,GERRARD ST E,HIGHFIELD RD,None,Minor Arterial,Toronto and East York,None,No Control,Clear,Dark,Dry,Non-Fatal Injury,Pedestrian Collisions,Pedestrian,85 to 89,Major,None,South,Other,None,None,None,Vehicle is going straight thru inter.while ped cross without ROW,"Crossing, no Traffic Control",Inattentive,None,None,None,Yes,None,Yes,None,None,None,None,None,None,None,None,None,None,65,Greenwood-Coxwell,65,Greenwood-Coxwell (65),D55
9873,1369473,2013-08-07,613,WELLESLEY ST E,PARLIAMENT ST,None,Minor Arterial,Toronto and East York,At Intersection,Traffic Signal,Clear,Dawn,Dry,Non-Fatal Injury,Pedestrian Collisions,Driver,55 to 59,None,None,South,"Automobile, Station Wagon",Turning Right,Failed to Yield Right of Way,Normal,None,None,None,None,None,None,Yes,None,Yes,None,None,None,None,None,None,Yes,None,None,None,71,Cabbagetown-South St.James Town,71,Cabbagetown-South St.James Town (71),D51
9874,1369473,2013-08-07,613,WELLESLEY ST E,PARLIAMENT ST,None,Minor Arterial,Toronto and East York,At Intersection,Traffic Signal,Clear,Dawn,Dry,Non-Fatal Injury,Pedestrian Collisions,None,unknown,None,None,None,Other,None,None,None,None,None,None,None,None,None,Yes,None,Yes,None,None,None,None,None,None,Yes,None,None,None,71,Cabbagetown-South St.James Town,71,Cabbagetown-South St.James Town (71),D51
9875,1369473,2013-08-07,613,WELLESLEY ST E,PARLIAMENT ST,None,Minor Arterial,Toronto and East York,At Intersection,Traffic Signal,Clear,Dawn,Dry,Non-Fatal Injury,Pedestrian Collisions,Pedestrian,20 to 24,Major,None,South,Other,None,None,None,Vehicle turns right while ped crosses with ROW at inter.,Crossing with right of way,Unknown,None,None,None,Yes,None,Yes,None,None,None,None,None,None,Yes,None,None,None,71,Cabbagetown-South St.James Town,71,Cabbagetown-South St.James Town (71),D51
9876,1382121,2013-08-08,725,JANE ST,ALLIANCE AVE,None,Major Arterial,Etobicoke York,None,No Control,Clear,Daylight,Dry,Non-Fatal Injury,Approaching,Passenger,55 to 59,Minor,None,None,Other,None,None,None,None,None,None,None,None,None,None,None,Yes,None,None,None,None,Yes,None,None,None,None,None,111,Rockcliffe-Smythe,111,Rockcliffe-Smythe (111),D12
9877,1382121,2013-08-08,725,JANE ST,ALLIANCE AVE,None,Major Arterial,Etobicoke York,None,No Control,Clear,Daylight,Dry,Non-Fatal Injury,Approaching,Driver,55 to 59,Minor,None,North,"Automobile, Station Wagon",Going Ahead,Driving Properly,Normal,None,None,None,None,None,None,None,None,Yes,None,None,None,None,Yes,None,None,None,None,None,111,Rockcliffe-Smythe,111,Rockcliffe-Smythe (111),D12
9878,1382121,2013-08-08,725,JANE ST,ALLIANCE AVE,None,Major Arterial,Etobicoke York,None,No Control,Clear,Daylight,Dry,Non-Fatal Injury,Approaching,Driver,40 to 44,Major,None,South,"Automobile, Station Wagon",Going Ahead,Other,Normal,None,None,None,None,None,None,None,None,Yes,None,None,None,None,Yes,None,None,None,None,None,111,Rockcliffe-Smythe,111,Rockcliffe-Smythe (111),D12
9879,1369657,2013-08-09,936,LOWER JARVIS St,THE ESPLANADE,None,Major Arterial,Toronto and East York,None,Traffic Signal,Clear,Daylight,Dry,Non-Fatal Injury,Pedestrian Collisions,Vehicle Owner,unknown,None,None,None,Other,None,None,None,None,None,None,None,None,None,Yes,None,None,None,Yes,None,None,None,None,Yes,None,None,None,166,St Lawrence-East Bayfront-The Islands,77,Waterfront Communities-The Island (77),D51
9880,1369657,2013-08-09,936,LOWER JARVIS St,THE ESPLANADE,None,Major Arterial,Toronto and East York,None,Traffic Signal,Clear,Daylight,Dry,Non-Fatal Injury,Pedestrian Collisions,Truck Driver,45 to 49,None,None,East,Truck - Open,Turning Right,Failed to Yield Right of Way,Normal,None,None,None,None,None,None,Yes,None,None,None,Yes,None,None,None,None,Yes,None,None,None,166,St Lawrence-East Bayfront-The Islands,77,Waterfront Communities-The Island (77),D51
9881,1369657,2013-08-09,936,LOWER JARVIS St,THE ESPLANADE,None,Major Arterial,Toronto and East York,None,Traffic Signal,Clear,Daylight,Dry,Non-Fatal Injury,Pedestrian Collisions,Pedestrian,85 to 89,Major,None,North,Other,None,None,None,Vehicle turns right while ped crosses with ROW at inter.,Crossing with right of way,Normal,None,None,None,Yes,None,None,None,Yes,None,None,None,None,Yes,None,None,None,166,St Lawrence-East Bayfront-The Islands,77,Waterfront Communities-The Island (77),D51
9882,1369675,2013-08-09,1040,EGLINTON Ave W,WINONA Dr,None,Major Arterial,North York,At Intersection,No Control,Clear,Daylight,Dry,Non-Fatal Injury,Turning Movement,Vehicle Owner,unknown,None,None,None,Other,None,None,None,None,None,None,None,None,None,None,None,Yes,Yes,None,None,None,None,None,Yes,None,None,None,107,Oakwood Village,107,Oakwood Village (107),D13
9883,1369675,2013-08-09,1040,EGLINTON Ave W,WINONA Dr,None,Major Arterial,North York,At Intersection,No Control,Clear,Daylight,Dry,Non-Fatal Injury,Turning Movement,Motorcycle Driver,40 to 44,Major,None,East,Motorcycle,Going Ahead,Driving Properly,Normal,None,None,None,None,None,None,None,None,Yes,Yes,None,None,None,None,None,Yes,None,None,None,107,Oakwood Village,107,Oakwood Village (107),D13
9884,1369675,2013-08-09,1040,EGLINTON Ave W,WINONA Dr,None,Major Arterial,North York,At Intersection,No Control,Clear,Daylight,Dry,Non-Fatal Injury,Turning Movement,Driver,40 to 44,None,None,West,"Automobile, Station Wagon",Turning Left,Failed to Yield Right of Way,Normal,None,None,None,None,None,None,None,None,Yes,Yes,None,None,None,None,None,Yes,None,None,None,107,Oakwood Village,107,Oakwood Village (107),D13
9885,1369726,2013-08-09,1325,LAKE SHORE BLVD W,QUEENS AVE,None,Major Arterial,Etobicoke York,None,No Control,Clear,Daylight,Dry,Non-Fatal Injury,Turning Movement,Passenger,unknown,Minor,None,None,Other,None,None,None,None,None,None,None,None,None,None,None,Yes,None,None,None,None,Yes,None,None,None,None,None,160,Mimico-Queensway,17,Mimico (includes Humber Bay Shores) (17),D22
9886,1369726,2013-08-09,1325,LAKE SHORE BLVD W,QUEENS AVE,None,Major Arterial,Etobicoke York,None,No Control,Clear,Daylight,Dry,Non-Fatal Injury,Turning Movement,Driver,50 to 54,Major,None,None,"Automobile, Station Wagon",Going Ahead,None,None,None,None,None,None,None,None,None,None,Yes,None,None,None,None,Yes,None,None,None,None,None,160,Mimico-Queensway,17,Mimico (includes Humber Bay Shores) (17),D22
9887,1369726,2013-08-09,1325,LAKE SHORE BLVD W,QUEENS AVE,None,Major Arterial,Etobicoke York,None,No Control,Clear,Daylight,Dry,Non-Fatal Injury,Turning Movement,Vehicle Owner,unknown,None,None,None,Other,None,None,None,None,None,None,None,None,None,None,None,Yes,None,None,None,None,Yes,None,None,None,None,None,160,Mimico-Queensway,17,Mimico (includes Humber Bay Shores) (17),D22
9888,1369726,2013-08-09,1325,LAKE SHORE BLVD W,QUEENS AVE,None,Major Arterial,Etobicoke York,None,No Control,Clear,Daylight,Dry,Non-Fatal Injury,Turning Movement,Driver,20 to 24,Minor,None,None,"Automobile, Station Wagon",Making U Turn,None,None,None,None,None,None,None,None,None,None,Yes,None,None,None,None,Yes,None,None,None,None,None,160,Mimico-Queensway,17,Mimico (includes Humber Bay Shores) (17),D22
9889,1372200,2013-08-10,250,SPADINA AVE,OXFORD ST,None,Major Arterial,Toronto and East York,At Intersection,No Control,Clear,"Dark, artificial",Dry,Non-Fatal Injury,Cyclist Collisions,Driver,unknown,None,None,South,"Automobile, Station Wagon",Reversing,Other,Unknown,None,None,None,None,None,None,None,Yes,Yes,None,None,None,None,None,None,None,None,None,None,78,Kensington-Chinatown,78,Kensington-Chinatown (78),D52
9890,1372200,2013-08-10,250,SPADINA AVE,OXFORD ST,None,Major Arterial,Toronto and East York,At Intersection,No Control,Clear,"Dark, artificial",Dry,Non-Fatal Injury,Cyclist Collisions,Cyclist,20 to 24,Major,None,South,Bicycle,Slowing or Stopping,None,None,None,None,None,Cyclist and Driver travelling in same direction. One vehicle rear-ended the other.,Other,Had Been Drinking,None,Yes,Yes,None,None,None,None,None,None,None,None,None,None,78,Kensington-Chinatown,78,Kensington-Chinatown (78),D52
9891,1369884,2013-08-12,745,KENNEDY RD,SHEPPARD Ave E,None,Major Arterial,Scarborough,At Intersection,Traffic Signal,Clear,Daylight,Dry,Non-Fatal Injury,Pedestrian Collisions,Vehicle Owner,unknown,None,None,None,Other,None,None,None,None,None,None,None,None,None,Yes,None,Yes,None,None,None,None,None,None,None,None,None,None,128,Agincourt South-Malvern West,128,Agincourt South-Malvern West (128),D42
9892,1369884,2013-08-12,745,KENNEDY RD,SHEPPARD Ave E,None,Major Arterial,Scarborough,At Intersection,Traffic Signal,Clear,Daylight,Dry,Non-Fatal Injury,Pedestrian Collisions,Driver,50 to 54,None,None,North,"Automobile, Station Wagon",Turning Left,Driving Properly,Normal,None,None,None,None,None,None,Yes,None,Yes,None,None,None,None,None,None,None,None,None,None,128,Agincourt South-Malvern West,128,Agincourt South-Malvern West (128),D42
9893,1369884,2013-08-12,745,KENNEDY RD,SHEPPARD Ave E,None,Major Arterial,Scarborough,At Intersection,Traffic Signal,Clear,Daylight,Dry,Non-Fatal Injury,Pedestrian Collisions,Pedestrian,70 to 74,Major,None,West,Other,None,None,None,Vehicle turns left while ped crosses without ROW at inter.,Crossing without right of way,Normal,None,None,None,Yes,None,Yes,None,None,None,None,None,None,None,None,None,None,128,Agincourt South-Malvern West,128,Agincourt South-Malvern West (128),D42
9894,1369968,2013-08-12,2055,BATHURST ST,FINCH AVE W,None,Major Arterial,North York,None,No Control,Clear,Dark,Dry,Non-Fatal Injury,Pedestrian Collisions,Vehicle Owner,unknown,None,None,None,Other,None,None,None,None,None,None,None,None,None,Yes,None,Yes,None,None,None,None,None,None,None,None,None,None,36,Newtonbrook West,36,Newtonbrook West (36),D32
9895,1369968,2013-08-12,2055,BATHURST ST,FINCH AVE W,None,Major Arterial,North York,None,No Control,Clear,Dark,Dry,Non-Fatal Injury,Pedestrian Collisions,Driver,55 to 59,None,None,North,"Automobile, Station Wagon",Going Ahead,Driving Properly,Normal,None,None,None,None,None,None,Yes,None,Yes,None,None,None,None,None,None,None,None,None,None,36,Newtonbrook West,36,Newtonbrook West (36),D32
9896,1369968,2013-08-12,2055,BATHURST ST,FINCH AVE W,None,Major Arterial,North York,None,No Control,Clear,Dark,Dry,Non-Fatal Injury,Pedestrian Collisions,Pedestrian,75 to 79,Major,None,East,Other,None,None,None,Pedestrian hit at mid-block,"Crossing, no Traffic Control",Unknown,None,None,None,Yes,None,Yes,None,None,None,None,None,None,None,None,None,None,36,Newtonbrook West,36,Newtonbrook West (36),D32
9897,1370071,2013-08-13,748,KIPLING Ave,THORNCREST RD,None,Major Arterial,Etobicoke York,None,No Control,Clear,Daylight,Dry,Non-Fatal Injury,Angle,Motorcycle Driver,25 to 29,Major,None,South,Motorcycle,Going Ahead,Driving Properly,Normal,None,None,None,None,None,None,None,None,Yes,Yes,None,None,None,None,Yes,Yes,None,None,None,10,Princess-Rosethorn,10,Princess-Rosethorn (10),D22
9898,1370071,2013-08-13,748,KIPLING Ave,THORNCREST RD,None,Major Arterial,Etobicoke York,None,No Control,Clear,Daylight,Dry,Non-Fatal Injury,Angle,Driver,35 to 39,None,None,East,"Automobile, Station Wagon",Other,Failed to Yield Right of Way,Normal,None,None,None,None,None,None,None,None,Yes,Yes,None,None,None,None,Yes,Yes,None,None,None,10,Princess-Rosethorn,10,Princess-Rosethorn (10),D22
9899,1370122,2013-08-13,1133,STEELES AVE E,MIDDLEFIELD RD,None,Major Arterial,Scarborough,At Intersection,Traffic Signal,Clear,Daylight,Dry,Fatal,Pedestrian Collisions,Truck Driver,40 to 44,Major,None,East,"Truck - Closed (Blazer, etc)",Going Ahead,Exceeding Speed Limit,Unknown,None,None,None,None,None,None,Yes,None,None,None,Yes,Yes,None,Yes,Yes,Yes,None,None,None,130,Milliken,130,Milliken (130),D42
9900,1370122,2013-08-13,1133,STEELES AVE E,MIDDLEFIELD RD,None,Major Arterial,Scarborough,At Intersection,Traffic Signal,Clear,Daylight,Dry,Fatal,Pedestrian Collisions,Vehicle Owner,unknown,None,None,None,None,None,None,None,None,None,None,None,None,None,Yes,None,None,None,Yes,Yes,None,Yes,Yes,Yes,None,None,None,130,Milliken,130,Milliken (130),D42
9901,1370122,2013-08-13,1133,STEELES AVE E,MIDDLEFIELD RD,None,Major Arterial,Scarborough,At Intersection,Traffic Signal,Clear,Daylight,Dry,Fatal,Pedestrian Collisions,Passenger,50 to 54,Fatal,30,None,None,None,None,None,None,None,None,None,None,None,Yes,None,None,None,Yes,Yes,None,Yes,Yes,Yes,None,None,None,130,Milliken,130,Milliken (130),D42
9902,1370122,2013-08-13,1133,STEELES AVE E,MIDDLEFIELD RD,None,Major Arterial,Scarborough,At Intersection,Traffic Signal,Clear,Daylight,Dry,Fatal,Pedestrian Collisions,Driver,35 to 39,Major,None,West,Municipal Transit Bus (TTC),Stopped,Driving Properly,Normal,None,None,None,None,None,None,Yes,None,None,None,Yes,Yes,None,Yes,Yes,Yes,None,None,None,130,Milliken,130,Milliken (130),D42
9903,1370122,2013-08-13,1133,STEELES AVE E,MIDDLEFIELD RD,None,Major Arterial,Scarborough,At Intersection,Traffic Signal,Clear,Daylight,Dry,Fatal,Pedestrian Collisions,Passenger,20 to 24,Minor,None,None,None,None,None,None,None,None,None,None,None,None,Yes,None,None,None,Yes,Yes,None,Yes,Yes,Yes,None,None,None,130,Milliken,130,Milliken (130),D42
9904,1370122,2013-08-13,1133,STEELES AVE E,MIDDLEFIELD RD,None,Major Arterial,Scarborough,At Intersection,Traffic Signal,Clear,Daylight,Dry,Fatal,Pedestrian Collisions,Passenger,unknown,Minimal,None,None,None,None,None,None,None,None,None,None,None,None,Yes,None,None,None,Yes,Yes,None,Yes,Yes,Yes,None,None,None,130,Milliken,130,Milliken (130),D42
9905,1370122,2013-08-13,1133,STEELES AVE E,MIDDLEFIELD RD,None,Major Arterial,Scarborough,At Intersection,Traffic Signal,Clear,Daylight,Dry,Fatal,Pedestrian Collisions,Passenger,5 to 9,Minimal,None,None,None,None,None,None,None,None,None,None,None,None,Yes,None,None,None,Yes,Yes,None,Yes,Yes,Yes,None,None,None,130,Milliken,130,Milliken (130),D42
9906,1370122,2013-08-13,1133,STEELES AVE E,MIDDLEFIELD RD,None,Major Arterial,Scarborough,At Intersection,Traffic Signal,Clear,Daylight,Dry,Fatal,Pedestrian Collisions,Passenger,30 to 34,Minor,None,None,None,None,None,None,None,None,None,None,None,None,Yes,None,None,None,Yes,Yes,None,Yes,Yes,Yes,None,None,None,130,Milliken,130,Milliken (130),D42
9907,1370122,2013-08-13,1133,STEELES AVE E,MIDDLEFIELD RD,None,Major Arterial,Scarborough,At Intersection,Traffic Signal,Clear,Daylight,Dry,Fatal,Pedestrian Collisions,Passenger,55 to 59,Minor,None,None,None,None,None,None,None,None,None,None,None,None,Yes,None,None,None,Yes,Yes,None,Yes,Yes,Yes,None,None,None,130,Milliken,130,Milliken (130),D42
9908,1370122,2013-08-13,1133,STEELES AVE E,MIDDLEFIELD RD,None,Major Arterial,Scarborough,At Intersection,Traffic Signal,Clear,Daylight,Dry,Fatal,Pedestrian Collisions,Passenger,15 to 19,Minor,None,None,None,None,None,None,None,None,None,None,None,None,Yes,None,None,None,Yes,Yes,None,Yes,Yes,Yes,None,None,None,130,Milliken,130,Milliken (130),D42
9909,1370122,2013-08-13,1133,STEELES AVE E,MIDDLEFIELD RD,None,Major Arterial,Scarborough,At Intersection,Traffic Signal,Clear,Daylight,Dry,Fatal,Pedestrian Collisions,Passenger,20 to 24,Minor,None,None,None,None,None,None,None,None,None,None,None,None,Yes,None,None,None,Yes,Yes,None,Yes,Yes,Yes,None,None,None,130,Milliken,130,Milliken (130),D42
9910,1370122,2013-08-13,1133,STEELES AVE E,MIDDLEFIELD RD,None,Major Arterial,Scarborough,At Intersection,Traffic Signal,Clear,Daylight,Dry,Fatal,Pedestrian Collisions,Passenger,30 to 34,Minor,None,None,None,None,None,None,None,None,None,None,None,None,Yes,None,None,None,Yes,Yes,None,Yes,Yes,Yes,None,None,None,130,Milliken,130,Milliken (130),D42
9911,1370122,2013-08-13,1133,STEELES AVE E,MIDDLEFIELD RD,None,Major Arterial,Scarborough,At Intersection,Traffic Signal,Clear,Daylight,Dry,Fatal,Pedestrian Collisions,Pedestrian,40 to 44,Major,None,Unknown,None,None,None,None,Pedestrian hit on sidewalk or shoulder,On Sidewalk or Shoulder,Unknown,None,None,None,Yes,None,None,None,Yes,Yes,None,Yes,Yes,Yes,None,None,None,130,Milliken,130,Milliken (130),D42
9912,1382388,2013-08-13,1639,ST CLAIR AVE W,DUFFERIN ST,None,Major Arterial,Toronto and East York,At Intersection,Traffic Signal,Clear,Daylight,Dry,Non-Fatal Injury,Cyclist Collisions,Vehicle Owner,unknown,None,None,None,None,None,None,None,None,None,None,None,None,None,None,Yes,None,None,None,Yes,None,None,None,None,None,None,None,92,Corso Italia-Davenport,92,Corso Italia-Davenport (92),D13
9913,1382388,2013-08-13,1639,ST CLAIR AVE W,DUFFERIN ST,None,Major Arterial,Toronto and East York,At Intersection,Traffic Signal,Clear,Daylight,Dry,Non-Fatal Injury,Cyclist Collisions,Driver,30 to 34,None,None,West,Street Car,Going Ahead,Driving Properly,Normal,None,None,None,None,None,None,None,Yes,None,None,None,Yes,None,None,None,None,None,None,None,92,Corso Italia-Davenport,92,Corso Italia-Davenport (92),D13
9914,1382388,2013-08-13,1639,ST CLAIR AVE W,DUFFERIN ST,None,Major Arterial,Toronto and East York,At Intersection,Traffic Signal,Clear,Daylight,Dry,Non-Fatal Injury,Cyclist Collisions,Cyclist,55 to 59,Major,None,South,Bicycle,Going Ahead,None,None,None,None,None,"Cyclist without ROW rides into path of motorist at inter, lnwy, dwy-Cyclist not turn.",Disobeyed Traffic Control,Inattentive,None,Yes,None,None,None,Yes,None,None,None,None,None,None,None,92,Corso Italia-Davenport,92,Corso Italia-Davenport (92),D13
9915,1382461,2013-08-15,1140,LAWRENCE Ave E,COLLINSGROVE Rd,None,Minor Arterial,Scarborough,At Intersection,Traffic Signal,Clear,Daylight,Dry,Non-Fatal Injury,Pedestrian Collisions,Driver,75 to 79,None,None,South,"Automobile, Station Wagon",Turning Left,Failed to Yield Right of Way,Normal,None,None,None,None,None,None,Yes,None,Yes,None,None,None,None,None,None,Yes,None,None,None,136,West Hill,136,West Hill (136),D43