_id,ACCNUM,DATE,TIME,STREET1,STREET2,OFFSET,ROAD_CLASS,DISTRICT,ACCLOC,TRAFFCTL,VISIBILITY,LIGHT,RDSFCOND,ACCLASS,IMPACTYPE,INVTYPE,INVAGE,INJURY,FATAL_NO,INITDIR,VEHTYPE,MANOEUVER,DRIVACT,DRIVCOND,PEDTYPE,PEDACT,PEDCOND,CYCLISTYPE,CYCACT,CYCCOND,PEDESTRIAN,CYCLIST,AUTOMOBILE,MOTORCYCLE,TRUCK,TRSN_CITY_VEH,EMERG_VEH,PASSENGER,SPEEDING,AG_DRIV,REDLIGHT,ALCOHOL,DISABILITY,HOOD_158,NEIGHBOURHOOD_158,HOOD_140,NEIGHBOURHOOD_140,DIVISION
10044,1386819,2013-09-15,1125,DON MILLS Rd,O CONNOR Dr,None,Major Arterial,Toronto and East York,None,Traffic Signal,Clear,Daylight,Dry,Non-Fatal Injury,Rear End,Passenger,60 to 64,Minimal,None,None,Other,None,None,None,None,None,None,None,None,None,None,None,Yes,None,Yes,None,None,Yes,Yes,Yes,None,None,None,58,Old East York,58,Old East York (58),D55
10045,1386819,2013-09-15,1125,DON MILLS Rd,O CONNOR Dr,None,Major Arterial,Toronto and East York,None,Traffic Signal,Clear,Daylight,Dry,Non-Fatal Injury,Rear End,Vehicle Owner,unknown,None,None,None,Other,None,None,None,None,None,None,None,None,None,None,None,Yes,None,Yes,None,None,Yes,Yes,Yes,None,None,None,58,Old East York,58,Old East York (58),D55
10046,1386819,2013-09-15,1125,DON MILLS Rd,O CONNOR Dr,None,Major Arterial,Toronto and East York,None,Traffic Signal,Clear,Daylight,Dry,Non-Fatal Injury,Rear End,Driver,25 to 29,None,None,South,"Automobile, Station Wagon",Stopped,Driving Properly,Normal,None,None,None,None,None,None,None,None,Yes,None,Yes,None,None,Yes,Yes,Yes,None,None,None,58,Old East York,58,Old East York (58),D55
10047,1386819,2013-09-15,1125,DON MILLS Rd,O CONNOR Dr,None,Major Arterial,Toronto and East York,None,Traffic Signal,Clear,Daylight,Dry,Non-Fatal Injury,Rear End,Driver,65 to 69,Major,None,South,"Automobile, Station Wagon",Stopped,Driving Properly,Normal,None,None,None,None,None,None,None,None,Yes,None,Yes,None,None,Yes,Yes,Yes,None,None,None,58,Old East York,58,Old East York (58),D55
10048,1386897,2013-09-15,1937,DUPONT St,DOVERCOURT Rd,None,Major Arterial,Toronto and East York,None,Traffic Signal,Rain,"Dark, artificial",Wet,Non-Fatal Injury,Cyclist Collisions,Driver,20 to 24,None,None,West,"Automobile, Station Wagon",Going Ahead,Improper Passing,Inattentive,None,None,None,None,None,None,None,Yes,Yes,None,None,None,None,None,None,Yes,None,None,None,172,Dovercourt Village,93,Dovercourt-Wallace Emerson-Junction (93),D14
10049,1386897,2013-09-15,1937,DUPONT St,DOVERCOURT Rd,None,Major Arterial,Toronto and East York,None,Traffic Signal,Rain,"Dark, artificial",Wet,Non-Fatal Injury,Cyclist Collisions,Cyclist,30 to 34,Major,None,West,Bicycle,Stopped,None,None,None,None,None,Cyclist and Driver travelling in same direction. One vehicle rear-ended the other.,Driving Properly,Normal,None,Yes,Yes,None,None,None,None,None,None,Yes,None,None,None,172,Dovercourt Village,93,Dovercourt-Wallace Emerson-Junction (93),D14
10050,1375428,2013-09-16,130,STEELES AVE W,BATHURST ST,None,Major Arterial,North York,None,No Control,Rain,"Dark, artificial",Wet,Fatal,Pedestrian Collisions,Driver,20 to 24,None,None,West,"Automobile, Station Wagon",Going Ahead,Driving Properly,Normal,None,None,None,None,None,None,Yes,None,Yes,None,None,None,None,None,None,None,None,None,None,36,Newtonbrook West,36,Newtonbrook West (36),D32
10051,1375428,2013-09-16,130,STEELES AVE W,BATHURST ST,None,Major Arterial,North York,None,No Control,Rain,"Dark, artificial",Wet,Fatal,Pedestrian Collisions,Pedestrian,20 to 24,Fatal,40,North,None,None,None,None,Pedestrian hit at mid-block,Running onto Roadway,Unknown,None,None,None,Yes,None,Yes,None,None,None,None,None,None,None,None,None,None,36,Newtonbrook West,36,Newtonbrook West (36),D32
10052,1387447,2013-09-17,1527,KINGSTON RD,MIDLAND AVE,None,Major Arterial,Scarborough,None,Traffic Signal,Clear,Daylight,Dry,Non-Fatal Injury,Turning Movement,Driver,75 to 79,Minor,None,East,"Automobile, Station Wagon",Going Ahead,Driving Properly,Normal,None,None,None,None,None,None,None,None,Yes,None,None,None,None,Yes,None,None,None,None,None,123,Cliffcrest,123,Cliffcrest (123),D41
10053,1387447,2013-09-17,1527,KINGSTON RD,MIDLAND AVE,None,Major Arterial,Scarborough,None,Traffic Signal,Clear,Daylight,Dry,Non-Fatal Injury,Turning Movement,Passenger,60 to 64,Major,None,None,Other,None,None,None,None,None,None,None,None,None,None,None,Yes,None,None,None,None,Yes,None,None,None,None,None,123,Cliffcrest,123,Cliffcrest (123),D41
10054,1387447,2013-09-17,1527,KINGSTON RD,MIDLAND AVE,None,Major Arterial,Scarborough,None,Traffic Signal,Clear,Daylight,Dry,Non-Fatal Injury,Turning Movement,Driver,85 to 89,Minor,None,West,"Automobile, Station Wagon",Turning Left,Improper Turn,Inattentive,None,None,None,None,None,None,None,None,Yes,None,None,None,None,Yes,None,None,None,None,None,123,Cliffcrest,123,Cliffcrest (123),D41
10055,1387447,2013-09-17,1527,KINGSTON RD,MIDLAND AVE,None,Major Arterial,Scarborough,None,Traffic Signal,Clear,Daylight,Dry,Non-Fatal Injury,Turning Movement,Driver,65 to 69,None,None,North,"Automobile, Station Wagon",Stopped,Driving Properly,Normal,None,None,None,None,None,None,None,None,Yes,None,None,None,None,Yes,None,None,None,None,None,123,Cliffcrest,123,Cliffcrest (123),D41
10056,1387019,2013-09-18,837,FINCH AVE E,SANDHURST CRCL,None,Major Arterial,Scarborough,None,Traffic Signal,Clear,Daylight,Dry,Non-Fatal Injury,Pedestrian Collisions,Driver,55 to 59,None,None,South,"Automobile, Station Wagon",Turning Left,Improper Turn,Inattentive,None,None,None,None,None,None,Yes,None,Yes,None,None,None,None,None,None,None,None,None,None,129,Agincourt North,129,Agincourt North (129),D42
10057,1387019,2013-09-18,837,FINCH AVE E,SANDHURST CRCL,None,Major Arterial,Scarborough,None,Traffic Signal,Clear,Daylight,Dry,Non-Fatal Injury,Pedestrian Collisions,Pedestrian,70 to 74,Major,None,North,Other,None,None,None,Vehicle turns left while ped crosses with ROW at inter.,Crossing with right of way,Normal,None,None,None,Yes,None,Yes,None,None,None,None,None,None,None,None,None,None,129,Agincourt North,129,Agincourt North (129),D42
10058,1376061,2013-09-18,1634,LAKE SHORE BLVD W,DWIGHT AVE,None,Major Arterial,Etobicoke York,None,No Control,Clear,Daylight,Dry,Fatal,Cyclist Collisions,Passenger,unknown,None,None,None,None,None,None,None,None,None,None,None,None,None,None,Yes,Yes,None,None,None,None,Yes,None,None,None,None,None,18,New Toronto,18,New Toronto (18),D22
10059,1376061,2013-09-18,1634,LAKE SHORE BLVD W,DWIGHT AVE,None,Major Arterial,Etobicoke York,None,No Control,Clear,Daylight,Dry,Fatal,Cyclist Collisions,Driver,60 to 64,None,None,East,"Automobile, Station Wagon",Going Ahead,Driving Properly,Normal,None,None,None,None,None,None,None,Yes,Yes,None,None,None,None,Yes,None,None,None,None,None,18,New Toronto,18,New Toronto (18),D22
10060,1376061,2013-09-18,1634,LAKE SHORE BLVD W,DWIGHT AVE,None,Major Arterial,Etobicoke York,None,No Control,Clear,Daylight,Dry,Fatal,Cyclist Collisions,Cyclist,50 to 54,Fatal,41,West,Bicycle,Unknown,None,None,None,None,None,"Cyclist without ROW rides into path of motorist at inter, lnwy, dwy-Cyclist not turn.",Lost control,Unknown,None,Yes,Yes,None,None,None,None,Yes,None,None,None,None,None,18,New Toronto,18,New Toronto (18),D22
10061,1376445,2013-09-21,1621,EVANS AVE,ISLINGTON AVE,None,Major Arterial,Etobicoke York,At Intersection,Traffic Signal,Rain,Daylight,Wet,Non-Fatal Injury,Rear End,Driver,70 to 74,Major,None,West,"Automobile, Station Wagon",Going Ahead,Lost control,Medical or Physical Disability,None,None,None,None,None,None,None,None,Yes,None,None,None,None,None,None,None,None,None,Yes,160,Mimico-Queensway,17,Mimico (includes Humber Bay Shores) (17),D22
10062,1376445,2013-09-21,1621,EVANS AVE,ISLINGTON AVE,None,Major Arterial,Etobicoke York,At Intersection,Traffic Signal,Rain,Daylight,Wet,Non-Fatal Injury,Rear End,Driver,50 to 54,None,None,West,"Automobile, Station Wagon",Turning Right,Driving Properly,Normal,None,None,None,None,None,None,None,None,Yes,None,None,None,None,None,None,None,None,None,Yes,160,Mimico-Queensway,17,Mimico (includes Humber Bay Shores) (17),D22
10063,1387238,2013-09-21,2140,QUEEN ST W,BATHURST ST,None,Major Arterial,Toronto and East York,At Intersection,Traffic Signal,Clear,"Dark, artificial",Dry,Non-Fatal Injury,Cyclist Collisions,Driver,15 to 19,None,None,East,"Automobile, Station Wagon",Changing Lanes,Improper Lane Change,Had Been Drinking,None,None,None,None,None,None,None,Yes,Yes,None,None,None,None,None,None,None,None,None,None,164,Wellington Place,77,Waterfront Communities-The Island (77),D14
10064,1387238,2013-09-21,2140,QUEEN ST W,BATHURST ST,None,Major Arterial,Toronto and East York,At Intersection,Traffic Signal,Clear,"Dark, artificial",Dry,Non-Fatal Injury,Cyclist Collisions,Cyclist,40 to 44,Major,None,East,Bicycle,Going Ahead,None,None,None,None,None,Cyclist and Driver travelling in same direction. One vehicle sideswipes the other.,Driving Properly,Normal,None,Yes,Yes,None,None,None,None,None,None,None,None,None,None,164,Wellington Place,77,Waterfront Communities-The Island (77),D14
10065,1388506,2013-09-22,1750,KIPLING Ave,ESTHER LORRIE Dr,None,Major Arterial,Etobicoke York,None,No Control,Clear,Daylight,Dry,Non-Fatal Injury,Rear End,Vehicle Owner,unknown,None,None,None,Other,None,None,None,None,None,None,None,None,None,None,None,Yes,None,None,None,None,Yes,None,Yes,None,None,None,4,Rexdale-Kipling,4,Rexdale-Kipling (4),D23
10066,1388506,2013-09-22,1750,KIPLING Ave,ESTHER LORRIE Dr,None,Major Arterial,Etobicoke York,None,No Control,Clear,Daylight,Dry,Non-Fatal Injury,Rear End,Driver,40 to 44,None,None,South,"Automobile, Station Wagon",Going Ahead,Following too Close,Inattentive,None,None,None,None,None,None,None,None,Yes,None,None,None,None,Yes,None,Yes,None,None,None,4,Rexdale-Kipling,4,Rexdale-Kipling (4),D23
10067,1388506,2013-09-22,1750,KIPLING Ave,ESTHER LORRIE Dr,None,Major Arterial,Etobicoke York,None,No Control,Clear,Daylight,Dry,Non-Fatal Injury,Rear End,Passenger,30 to 34,Major,None,None,Other,None,None,None,None,None,None,None,None,None,None,None,Yes,None,None,None,None,Yes,None,Yes,None,None,None,4,Rexdale-Kipling,4,Rexdale-Kipling (4),D23
10068,1388506,2013-09-22,1750,KIPLING Ave,ESTHER LORRIE Dr,None,Major Arterial,Etobicoke York,None,No Control,Clear,Daylight,Dry,Non-Fatal Injury,Rear End,Driver,35 to 39,Minor,None,South,"Automobile, Station Wagon",Turning Right,Improper Turn,Inattentive,None,None,None,None,None,None,None,None,Yes,None,None,None,None,Yes,None,Yes,None,None,None,4,Rexdale-Kipling,4,Rexdale-Kipling (4),D23
10069,1387422,2013-09-23,1355,DON MILLS RD,EGLINTON AVE E,None,Major Arterial,North York,None,Traffic Signal,Clear,Daylight,Dry,Non-Fatal Injury,Turning Movement,Motorcycle Driver,40 to 44,Major,None,South,Motorcycle,Going Ahead,Driving Properly,Normal,None,None,None,None,None,None,None,None,Yes,Yes,None,None,None,None,None,Yes,None,None,None,44,Flemingdon Park,44,Flemingdon Park (44),D55
10070,1387422,2013-09-23,1355,DON MILLS RD,EGLINTON AVE E,None,Major Arterial,North York,None,Traffic Signal,Clear,Daylight,Dry,Non-Fatal Injury,Turning Movement,Driver,80 to 84,None,None,North,"Automobile, Station Wagon",Turning Left,Failed to Yield Right of Way,Normal,None,None,None,None,None,None,None,None,Yes,Yes,None,None,None,None,None,Yes,None,None,None,44,Flemingdon Park,44,Flemingdon Park (44),D55
10071,1377012,2013-09-24,1742,BARRINGTON AVE,SECORD AVE,None,Collector,Toronto and East York,None,Stop Sign,Clear,Daylight,Dry,Non-Fatal Injury,Pedestrian Collisions,Driver,70 to 74,None,None,West,"Automobile, Station Wagon",Going Ahead,Failed to Yield Right of Way,Normal,None,None,None,None,None,None,Yes,None,Yes,None,None,None,None,None,None,Yes,None,None,None,61,Taylor-Massey,61,Taylor-Massey (61),D55
10072,1377012,2013-09-24,1742,BARRINGTON AVE,SECORD AVE,None,Collector,Toronto and East York,None,Stop Sign,Clear,Daylight,Dry,Non-Fatal Injury,Pedestrian Collisions,Pedestrian,65 to 69,Major,None,North,Other,None,None,None,Vehicle is going straight thru inter.while ped cross with ROW,Crossing with right of way,Normal,None,None,None,Yes,None,Yes,None,None,None,None,None,None,Yes,None,None,None,61,Taylor-Massey,61,Taylor-Massey (61),D55
10073,1377363,2013-09-24,1830,QUEENS QUAY E,BONNYCASTLE ST,None,Minor Arterial,Toronto and East York,None,No Control,Clear,Daylight,Dry,Non-Fatal Injury,Pedestrian Collisions,Driver,45 to 49,None,None,West,"Automobile, Station Wagon",Going Ahead,Driving Properly,Normal,None,None,None,None,None,None,Yes,None,Yes,None,None,None,None,None,None,None,None,None,None,166,St Lawrence-East Bayfront-The Islands,77,Waterfront Communities-The Island (77),D51
10074,1377363,2013-09-24,1830,QUEENS QUAY E,BONNYCASTLE ST,None,Minor Arterial,Toronto and East York,None,No Control,Clear,Daylight,Dry,Non-Fatal Injury,Pedestrian Collisions,Pedestrian,20 to 24,Major,None,North,Other,None,None,None,Pedestrian hit at mid-block,Other,Other,None,None,None,Yes,None,Yes,None,None,None,None,None,None,None,None,None,None,166,St Lawrence-East Bayfront-The Islands,77,Waterfront Communities-The Island (77),D51
10075,1387438,2013-09-25,1127,DIXON Rd,MARTIN GROVE Rd,None,Major Arterial,Etobicoke York,None,No Control,Clear,Daylight,Dry,Non-Fatal Injury,Sideswipe,Driver,40 to 44,None,None,East,"Automobile, Station Wagon",Going Ahead,Driving Properly,Normal,None,None,None,None,None,None,None,None,Yes,None,None,None,None,Yes,None,Yes,None,None,None,1,West Humber-Clairville,1,West Humber-Clairville (1),D23
10076,1387438,2013-09-25,1127,DIXON Rd,MARTIN GROVE Rd,None,Major Arterial,Etobicoke York,None,No Control,Clear,Daylight,Dry,Non-Fatal Injury,Sideswipe,Passenger,5 to 9,Major,None,None,Other,None,None,None,None,None,None,None,None,None,None,None,Yes,None,None,None,None,Yes,None,Yes,None,None,None,1,West Humber-Clairville,1,West Humber-Clairville (1),D23
10077,1387438,2013-09-25,1127,DIXON Rd,MARTIN GROVE Rd,None,Major Arterial,Etobicoke York,None,No Control,Clear,Daylight,Dry,Non-Fatal Injury,Sideswipe,Passenger,20 to 24,Minor,None,None,Other,None,None,None,None,None,None,None,None,None,None,None,Yes,None,None,None,None,Yes,None,Yes,None,None,None,1,West Humber-Clairville,1,West Humber-Clairville (1),D23
10078,1387438,2013-09-25,1127,DIXON Rd,MARTIN GROVE Rd,None,Major Arterial,Etobicoke York,None,No Control,Clear,Daylight,Dry,Non-Fatal Injury,Sideswipe,Driver,20 to 24,Minor,None,East,"Automobile, Station Wagon",Changing Lanes,Failed to Yield Right of Way,Inattentive,None,None,None,None,None,None,None,None,Yes,None,None,None,None,Yes,None,Yes,None,None,None,1,West Humber-Clairville,1,West Humber-Clairville (1),D23
10079,1377364,2013-09-25,1859,STEELES AVE W,STEINWAY BLVD,None,Major Arterial,Etobicoke York,None,Stop Sign,Clear,"Dark, artificial",Dry,Fatal,Turning Movement,Motorcycle Driver,55 to 59,Fatal,42,East,Motorcycle,Going Ahead,Driving Properly,Normal,None,None,None,None,None,None,None,None,Yes,Yes,None,None,None,None,Yes,Yes,None,None,None,1,West Humber-Clairville,1,West Humber-Clairville (1),D23
10080,1377364,2013-09-25,1859,STEELES AVE W,STEINWAY BLVD,None,Major Arterial,Etobicoke York,None,Stop Sign,Clear,"Dark, artificial",Dry,Fatal,Turning Movement,Driver,40 to 44,None,None,North,"Automobile, Station Wagon",Turning Left,Failed to Yield Right of Way,Inattentive,None,None,None,None,None,None,None,None,Yes,Yes,None,None,None,None,Yes,Yes,None,None,None,1,West Humber-Clairville,1,West Humber-Clairville (1),D23
10081,1387491,2013-09-25,2025,923 AVENUE Rd,None,None,Major Arterial,Toronto and East York,None,No Control,Clear,"Dark, artificial",Dry,Non-Fatal Injury,SMV Other,Vehicle Owner,unknown,None,None,None,Other,None,None,None,None,None,None,None,None,None,None,None,Yes,None,None,None,None,Yes,None,None,None,None,None,100,Yonge-Eglinton,100,Yonge-Eglinton (100),D53
10082,1387491,2013-09-25,2025,923 AVENUE Rd,None,None,Major Arterial,Toronto and East York,None,No Control,Clear,"Dark, artificial",Dry,Non-Fatal Injury,SMV Other,Passenger,55 to 59,Major,None,None,Other,None,None,None,None,None,None,None,None,None,None,None,Yes,None,None,None,None,Yes,None,None,None,None,None,100,Yonge-Eglinton,100,Yonge-Eglinton (100),D53
10083,1387491,2013-09-25,2025,923 AVENUE Rd,None,None,Major Arterial,Toronto and East York,None,No Control,Clear,"Dark, artificial",Dry,Non-Fatal Injury,SMV Other,Other Property Owner,unknown,None,None,None,Other,None,None,None,None,None,None,None,None,None,None,None,Yes,None,None,None,None,Yes,None,None,None,None,None,100,Yonge-Eglinton,100,Yonge-Eglinton (100),D53
10084,1387491,2013-09-25,2025,923 AVENUE Rd,None,None,Major Arterial,Toronto and East York,None,No Control,Clear,"Dark, artificial",Dry,Non-Fatal Injury,SMV Other,Driver,50 to 54,Minor,None,North,"Automobile, Station Wagon",Going Ahead,Lost control,Normal,None,None,None,None,None,None,None,None,Yes,None,None,None,None,Yes,None,None,None,None,None,100,Yonge-Eglinton,100,Yonge-Eglinton (100),D53
10085,1387491,2013-09-25,2025,923 AVENUE Rd,None,None,Major Arterial,Toronto and East York,None,No Control,Clear,"Dark, artificial",Dry,Non-Fatal Injury,SMV Other,Vehicle Owner,unknown,None,None,None,Other,None,None,None,None,None,None,None,None,None,None,None,Yes,None,None,None,None,Yes,None,None,None,None,None,100,Yonge-Eglinton,100,Yonge-Eglinton (100),D53
10086,1377544,2013-09-26,925,38 GERVAIS DR,None,None,Collector,North York,None,No Control,Clear,Daylight,Dry,Non-Fatal Injury,SMV Other,Other Property Owner,unknown,None,None,None,Other,None,None,None,None,None,None,None,None,None,None,None,Yes,None,None,None,None,None,None,None,None,None,None,42,Banbury-Don Mills,42,Banbury-Don Mills (42),D33
10087,1377544,2013-09-26,925,38 GERVAIS DR,None,None,Collector,North York,None,No Control,Clear,Daylight,Dry,Non-Fatal Injury,SMV Other,Driver,80 to 84,Major,None,West,"Automobile, Station Wagon",Going Ahead,Lost control,Normal,None,None,None,None,None,None,None,None,Yes,None,None,None,None,None,None,None,None,None,None,42,Banbury-Don Mills,42,Banbury-Don Mills (42),D33
10088,1377536,2013-09-26,1050,BROADVIEW AVE,DUNDAS ST E,None,Major Arterial,Toronto and East York,None,Traffic Signal,Clear,Daylight,Dry,Fatal,Pedestrian Collisions,Driver,60 to 64,None,None,South,Passenger Van,Turning Left,Failed to Yield Right of Way,Inattentive,None,None,None,None,None,None,Yes,None,Yes,None,None,None,None,None,None,Yes,None,None,None,70,South Riverdale,70,South Riverdale (70),D55
10089,1377536,2013-09-26,1050,BROADVIEW AVE,DUNDAS ST E,None,Major Arterial,Toronto and East York,None,Traffic Signal,Clear,Daylight,Dry,Fatal,Pedestrian Collisions,Pedestrian,90 to 94,Fatal,43,North,None,None,None,None,Vehicle turns left while ped crosses with ROW at inter.,Crossing with right of way,Normal,None,None,None,Yes,None,Yes,None,None,None,None,None,None,Yes,None,None,None,70,South Riverdale,70,South Riverdale (70),D55
10090,1377550,2013-09-26,1800,LAWRENCE Ave W,WESTON Rd,None,Major Arterial,Etobicoke York,None,No Control,Clear,Daylight,Dry,Non-Fatal Injury,Pedestrian Collisions,Driver,30 to 34,None,None,West,"Automobile, Station Wagon",Going Ahead,Driving Properly,Normal,None,None,None,None,None,None,Yes,None,Yes,None,None,None,None,None,None,None,None,None,None,113,Weston,113,Weston (113),D12
10091,1377550,2013-09-26,1800,LAWRENCE Ave W,WESTON Rd,None,Major Arterial,Etobicoke York,None,No Control,Clear,Daylight,Dry,Non-Fatal Injury,Pedestrian Collisions,Pedestrian,80 to 84,Major,None,South,Other,None,None,None,Pedestrian hit at mid-block,Coming From Behind Parked Vehicle,Normal,None,None,None,Yes,None,Yes,None,None,None,None,None,None,None,None,None,None,113,Weston,113,Weston (113),D12
10092,1387644,2013-09-26,1830,COLLEGE St,SHAW St,None,Major Arterial,Toronto and East York,None,Stop Sign,Clear,Daylight,Dry,Non-Fatal Injury,Cyclist Collisions,Vehicle Owner,unknown,None,None,None,Other,None,None,None,None,None,None,None,None,None,None,Yes,Yes,None,None,None,None,None,None,Yes,None,None,None,81,Trinity-Bellwoods,81,Trinity-Bellwoods (81),D14
10093,1387644,2013-09-26,1830,COLLEGE St,SHAW St,None,Major Arterial,Toronto and East York,None,Stop Sign,Clear,Daylight,Dry,Non-Fatal Injury,Cyclist Collisions,Driver,25 to 29,None,None,South,"Automobile, Station Wagon",Turning Left,Failed to Yield Right of Way,Inattentive,None,None,None,None,None,None,None,Yes,Yes,None,None,None,None,None,None,Yes,None,None,None,81,Trinity-Bellwoods,81,Trinity-Bellwoods (81),D14
10094,1387644,2013-09-26,1830,COLLEGE St,SHAW St,None,Major Arterial,Toronto and East York,None,Stop Sign,Clear,Daylight,Dry,Non-Fatal Injury,Cyclist Collisions,Cyclist,40 to 44,Major,None,West,Bicycle,Going Ahead,None,None,None,None,None,Motorist turned left across cyclists path.,Driving Properly,Normal,None,Yes,Yes,None,None,None,None,None,None,Yes,None,None,None,81,Trinity-Bellwoods,81,Trinity-Bellwoods (81),D14
10095,1381801,2013-09-27,422,BAYVIEW BLOOR DVP RAMP,BAYVIEW BLOOR DVP N RAMP,None,None,Toronto and East York,None,Yield Sign,Clear,Dark,Dry,Non-Fatal Injury,SMV Other,Passenger,unknown,Minor,None,None,Other,None,None,None,None,None,None,None,None,None,None,None,Yes,None,None,None,None,Yes,None,None,None,Yes,None,57,Broadview North,57,Broadview North (57),D55
10096,1381801,2013-09-27,422,BAYVIEW BLOOR DVP RAMP,BAYVIEW BLOOR DVP N RAMP,None,None,Toronto and East York,None,Yield Sign,Clear,Dark,Dry,Non-Fatal Injury,SMV Other,Driver,30 to 34,Major,None,North,"Automobile, Station Wagon",Merging,None,"Ability Impaired, Alcohol",None,None,None,None,None,None,None,None,Yes,None,None,None,None,Yes,None,None,None,Yes,None,57,Broadview North,57,Broadview North (57),D55
10097,1387882,2013-09-28,1136,LOWER SHERBOURNE Stre,THE ESPLANADE,None,Minor Arterial,Toronto and East York,None,Traffic Signal,Clear,Daylight,Dry,Non-Fatal Injury,Pedestrian Collisions,Driver,75 to 79,None,None,West,"Automobile, Station Wagon",Turning Left,Failed to Yield Right of Way,Inattentive,None,None,None,None,None,None,Yes,None,Yes,None,None,None,None,None,None,Yes,None,None,None,166,St Lawrence-East Bayfront-The Islands,77,Waterfront Communities-The Island (77),D51
10098,1387882,2013-09-28,1136,LOWER SHERBOURNE Stre,THE ESPLANADE,None,Minor Arterial,Toronto and East York,None,Traffic Signal,Clear,Daylight,Dry,Non-Fatal Injury,Pedestrian Collisions,Pedestrian,80 to 84,Major,None,East,Other,None,None,None,Vehicle turns left while ped crosses with ROW at inter.,Crossing with right of way,Normal,None,None,None,Yes,None,Yes,None,None,None,None,None,None,Yes,None,None,None,166,St Lawrence-East Bayfront-The Islands,77,Waterfront Communities-The Island (77),D51
10099,1387900,2013-09-29,1305,BIRCHMOUNT Rd,BERTRAND Ave,None,Major Arterial,Scarborough,None,Traffic Signal,Clear,Daylight,Dry,Non-Fatal Injury,Turning Movement,Passenger,55 to 59,Major,None,None,Other,None,None,None,None,None,None,None,None,None,None,None,Yes,None,None,None,None,Yes,None,Yes,None,None,None,119,Wexford/Maryvale,119,Wexford/Maryvale (119),D41
10100,1387900,2013-09-29,1305,BIRCHMOUNT Rd,BERTRAND Ave,None,Major Arterial,Scarborough,None,Traffic Signal,Clear,Daylight,Dry,Non-Fatal Injury,Turning Movement,Driver,40 to 44,Minor,None,South,"Automobile, Station Wagon",Turning Left,Failed to Yield Right of Way,Normal,None,None,None,None,None,None,None,None,Yes,None,None,None,None,Yes,None,Yes,None,None,None,119,Wexford/Maryvale,119,Wexford/Maryvale (119),D41
10101,1387900,2013-09-29,1305,BIRCHMOUNT Rd,BERTRAND Ave,None,Major Arterial,Scarborough,None,Traffic Signal,Clear,Daylight,Dry,Non-Fatal Injury,Turning Movement,Passenger,70 to 74,Minor,None,None,Other,None,None,None,None,None,None,None,None,None,None,None,Yes,None,None,None,None,Yes,None,Yes,None,None,None,119,Wexford/Maryvale,119,Wexford/Maryvale (119),D41
10102,1387900,2013-09-29,1305,BIRCHMOUNT Rd,BERTRAND Ave,None,Major Arterial,Scarborough,None,Traffic Signal,Clear,Daylight,Dry,Non-Fatal Injury,Turning Movement,Driver,75 to 79,Minor,None,North,"Automobile, Station Wagon",Going Ahead,Driving Properly,Normal,None,None,None,None,None,None,None,None,Yes,None,None,None,None,Yes,None,Yes,None,None,None,119,Wexford/Maryvale,119,Wexford/Maryvale (119),D41
10103,1384076,2013-09-29,1939,ISLINGTON Ave,BEAUMONDE HEIGHTS Dr,None,Major Arterial,Etobicoke York,None,No Control,Clear,"Dark, artificial",Dry,Non-Fatal Injury,Approaching,Passenger,45 to 49,Minimal,None,None,Other,None,None,None,None,None,None,None,None,None,None,None,Yes,None,None,None,None,Yes,None,None,None,Yes,None,3,Thistletown-Beaumond Heights,3,Thistletown-Beaumond Heights (3),D23
10104,1384076,2013-09-29,1939,ISLINGTON Ave,BEAUMONDE HEIGHTS Dr,None,Major Arterial,Etobicoke York,None,No Control,Clear,"Dark, artificial",Dry,Non-Fatal Injury,Approaching,Passenger,30 to 34,Minor,None,None,Other,None,None,None,None,None,None,None,None,None,None,None,Yes,None,None,None,None,Yes,None,None,None,Yes,None,3,Thistletown-Beaumond Heights,3,Thistletown-Beaumond Heights (3),D23
10105,1384076,2013-09-29,1939,ISLINGTON Ave,BEAUMONDE HEIGHTS Dr,None,Major Arterial,Etobicoke York,None,No Control,Clear,"Dark, artificial",Dry,Non-Fatal Injury,Approaching,Driver,45 to 49,Major,None,North,"Automobile, Station Wagon",Going Ahead,Driving Properly,Normal,None,None,None,None,None,None,None,None,Yes,None,None,None,None,Yes,None,None,None,Yes,None,3,Thistletown-Beaumond Heights,3,Thistletown-Beaumond Heights (3),D23
10106,1384076,2013-09-29,1939,ISLINGTON Ave,BEAUMONDE HEIGHTS Dr,None,Major Arterial,Etobicoke York,None,No Control,Clear,"Dark, artificial",Dry,Non-Fatal Injury,Approaching,Driver,45 to 49,Major,None,South,"Automobile, Station Wagon",Going Ahead,Lost control,"Ability Impaired, Alcohol Over .08",None,None,None,None,None,None,None,None,Yes,None,None,None,None,Yes,None,None,None,Yes,None,3,Thistletown-Beaumond Heights,3,Thistletown-Beaumond Heights (3),D23
10107,1384076,2013-09-29,1939,ISLINGTON Ave,BEAUMONDE HEIGHTS Dr,None,Major Arterial,Etobicoke York,None,No Control,Clear,"Dark, artificial",Dry,Non-Fatal Injury,Approaching,Vehicle Owner,unknown,None,None,None,Other,None,None,None,None,None,None,None,None,None,None,None,Yes,None,None,None,None,Yes,None,None,None,Yes,None,3,Thistletown-Beaumond Heights,3,Thistletown-Beaumond Heights (3),D23
10108,1378110,2013-09-30,730,DIXON Rd,CARLINGVIEW Dr,None,Major Arterial,Etobicoke York,None,Traffic Signal,Clear,Daylight,Wet,Non-Fatal Injury,Pedestrian Collisions,Pedestrian,60 to 64,Major,None,East,Other,None,None,None,Vehicle turns right while ped crosses with ROW at inter.,Crossing with right of way,Normal,None,None,None,Yes,None,Yes,None,None,None,None,None,None,Yes,None,None,None,1,West Humber-Clairville,1,West Humber-Clairville (1),D23