_id,ACCNUM,DATE,TIME,STREET1,STREET2,OFFSET,ROAD_CLASS,DISTRICT,ACCLOC,TRAFFCTL,VISIBILITY,LIGHT,RDSFCOND,ACCLASS,IMPACTYPE,INVTYPE,INVAGE,INJURY,FATAL_NO,INITDIR,VEHTYPE,MANOEUVER,DRIVACT,DRIVCOND,PEDTYPE,PEDACT,PEDCOND,CYCLISTYPE,CYCACT,CYCCOND,PEDESTRIAN,CYCLIST,AUTOMOBILE,MOTORCYCLE,TRUCK,TRSN_CITY_VEH,EMERG_VEH,PASSENGER,SPEEDING,AG_DRIV,REDLIGHT,ALCOHOL,DISABILITY,HOOD_158,NEIGHBOURHOOD_158,HOOD_140,NEIGHBOURHOOD_140,DIVISION
10425,141413547,2014-01-26,1310,SHEPPARD AVE E,CONSUMERS RD,None,Major Arterial,North York,None,Traffic Signal,Snow,Daylight,Loose Snow,Fatal,Rear End,Passenger,15 to 19,Minimal,None,None,None,None,None,None,None,None,None,None,None,None,None,None,Yes,None,None,None,None,Yes,None,None,None,None,None,53,Henry Farm,53,Henry Farm (53),D33
10426,141413547,2014-01-26,1310,SHEPPARD AVE E,CONSUMERS RD,None,Major Arterial,North York,None,Traffic Signal,Snow,Daylight,Loose Snow,Fatal,Rear End,Driver,70 to 74,Fatal,2,East,Passenger Van,Going Ahead,Other,Unknown,None,None,None,None,None,None,None,None,Yes,None,None,None,None,Yes,None,None,None,None,None,53,Henry Farm,53,Henry Farm (53),D33
10427,4001414099,2014-01-26,1510,DUNDAS ST E,HAMILTON ST,None,Major Arterial,Toronto and East York,Intersection Related,Stop Sign,Snow,Daylight,Slush,Non-Fatal Injury,Angle,Driver,55 to 59,None,None,South,"Automobile, Station Wagon",Going Ahead,Failed to Yield Right of Way,Normal,None,None,None,None,None,None,None,None,Yes,None,None,None,None,Yes,None,Yes,None,None,None,70,South Riverdale,70,South Riverdale (70),D55
10428,4001414099,2014-01-26,1510,DUNDAS ST E,HAMILTON ST,None,Major Arterial,Toronto and East York,Intersection Related,Stop Sign,Snow,Daylight,Slush,Non-Fatal Injury,Angle,Driver,40 to 44,None,None,East,"Automobile, Station Wagon",Going Ahead,Driving Properly,Normal,None,None,None,None,None,None,None,None,Yes,None,None,None,None,Yes,None,Yes,None,None,None,70,South Riverdale,70,South Riverdale (70),D55
10429,4001414099,2014-01-26,1510,DUNDAS ST E,HAMILTON ST,None,Major Arterial,Toronto and East York,Intersection Related,Stop Sign,Snow,Daylight,Slush,Non-Fatal Injury,Angle,Passenger,unknown,Major,None,None,None,None,None,None,None,None,None,None,None,None,None,None,Yes,None,None,None,None,Yes,None,Yes,None,None,None,70,South Riverdale,70,South Riverdale (70),D55
10430,4001426631,2014-01-28,1740,BRIMLEY RD,HIGHWAY 401 C  W,None,Major Arterial,Scarborough,Non Intersection,No Control,Clear,"Dark, artificial",Dry,Non-Fatal Injury,Approaching,Driver,65 to 69,None,None,North,Pick Up Truck,Going Ahead,Lost control,Inattentive,None,None,None,None,None,None,None,None,Yes,None,None,None,None,Yes,None,Yes,None,None,None,128,Agincourt South-Malvern West,128,Agincourt South-Malvern West (128),D42
10431,4001426631,2014-01-28,1740,BRIMLEY RD,HIGHWAY 401 C  W,None,Major Arterial,Scarborough,Non Intersection,No Control,Clear,"Dark, artificial",Dry,Non-Fatal Injury,Approaching,Driver,40 to 44,Minimal,None,South,Passenger Van,Going Ahead,Driving Properly,Normal,None,None,None,None,None,None,None,None,Yes,None,None,None,None,Yes,None,Yes,None,None,None,128,Agincourt South-Malvern West,128,Agincourt South-Malvern West (128),D42
10432,4001426631,2014-01-28,1740,BRIMLEY RD,HIGHWAY 401 C  W,None,Major Arterial,Scarborough,Non Intersection,No Control,Clear,"Dark, artificial",Dry,Non-Fatal Injury,Approaching,Passenger,60 to 64,Major,None,None,None,None,None,None,None,None,None,None,None,None,None,None,Yes,None,None,None,None,Yes,None,Yes,None,None,None,128,Agincourt South-Malvern West,128,Agincourt South-Malvern West (128),D42
10433,4001426631,2014-01-28,1740,BRIMLEY RD,HIGHWAY 401 C  W,None,Major Arterial,Scarborough,Non Intersection,No Control,Clear,"Dark, artificial",Dry,Non-Fatal Injury,Approaching,Passenger,5 to 9,None,None,None,None,None,None,None,None,None,None,None,None,None,None,None,Yes,None,None,None,None,Yes,None,Yes,None,None,None,128,Agincourt South-Malvern West,128,Agincourt South-Malvern West (128),D42
10434,4001426631,2014-01-28,1740,BRIMLEY RD,HIGHWAY 401 C  W,None,Major Arterial,Scarborough,Non Intersection,No Control,Clear,"Dark, artificial",Dry,Non-Fatal Injury,Approaching,Passenger,5 to 9,None,None,None,None,None,None,None,None,None,None,None,None,None,None,None,Yes,None,None,None,None,Yes,None,Yes,None,None,None,128,Agincourt South-Malvern West,128,Agincourt South-Malvern West (128),D42
10435,4001435138,2014-01-30,640,1970 ELLESMERE RD,None,None,Major Arterial,Scarborough,Non Intersection,No Control,Clear,Daylight,Dry,Non-Fatal Injury,Approaching,Driver,25 to 29,Major,None,East,"Automobile, Station Wagon",Going Ahead,Lost control,Inattentive,None,None,None,None,None,None,None,None,Yes,None,None,None,None,Yes,None,None,None,None,None,142,Woburn North,137,Woburn (137),D43
10436,4001435138,2014-01-30,640,1970 ELLESMERE RD,None,None,Major Arterial,Scarborough,Non Intersection,No Control,Clear,Daylight,Dry,Non-Fatal Injury,Approaching,Driver,45 to 49,Major,None,West,"Automobile, Station Wagon",Going Ahead,Driving Properly,Normal,None,None,None,None,None,None,None,None,Yes,None,None,None,None,Yes,None,None,None,None,None,142,Woburn North,137,Woburn (137),D43
10437,4001435138,2014-01-30,640,1970 ELLESMERE RD,None,None,Major Arterial,Scarborough,Non Intersection,No Control,Clear,Daylight,Dry,Non-Fatal Injury,Approaching,Passenger,15 to 19,Major,None,None,None,None,None,None,None,None,None,None,None,None,None,None,Yes,None,None,None,None,Yes,None,None,None,None,None,142,Woburn North,137,Woburn (137),D43
10438,4001436264,2014-01-30,1027,HIGHWAY 27  S,CARRIER DR,None,Major Arterial,Etobicoke York,Non Intersection,No Control,Clear,Daylight,Dry,Non-Fatal Injury,Rear End,Driver,60 to 64,Major,None,South,Passenger Van,Slowing or Stopping,Driving Properly,Normal,None,None,None,None,None,None,None,None,Yes,None,None,None,None,None,Yes,Yes,None,None,Yes,1,West Humber-Clairville,1,West Humber-Clairville (1),D23
10439,4001436264,2014-01-30,1027,HIGHWAY 27  S,CARRIER DR,None,Major Arterial,Etobicoke York,Non Intersection,No Control,Clear,Daylight,Dry,Non-Fatal Injury,Rear End,Driver,20 to 24,None,None,South,"Automobile, Station Wagon",Slowing or Stopping,Driving Properly,Normal,None,None,None,None,None,None,None,None,Yes,None,None,None,None,None,Yes,Yes,None,None,Yes,1,West Humber-Clairville,1,West Humber-Clairville (1),D23
10440,4001436264,2014-01-30,1027,HIGHWAY 27  S,CARRIER DR,None,Major Arterial,Etobicoke York,Non Intersection,No Control,Clear,Daylight,Dry,Non-Fatal Injury,Rear End,Driver,20 to 24,None,None,South,"Automobile, Station Wagon",Slowing or Stopping,Driving Properly,Normal,None,None,None,None,None,None,None,None,Yes,None,None,None,None,None,Yes,Yes,None,None,Yes,1,West Humber-Clairville,1,West Humber-Clairville (1),D23
10441,4001436264,2014-01-30,1027,HIGHWAY 27  S,CARRIER DR,None,Major Arterial,Etobicoke York,Non Intersection,No Control,Clear,Daylight,Dry,Non-Fatal Injury,Rear End,Driver,70 to 74,Minor,None,South,"Automobile, Station Wagon",Going Ahead,Exceeding Speed Limit,Medical or Physical Disability,None,None,None,None,None,None,None,None,Yes,None,None,None,None,None,Yes,Yes,None,None,Yes,1,West Humber-Clairville,1,West Humber-Clairville (1),D23
10442,4001438202,2014-01-30,1540,THE POND RD,ATKINSON RD,7 m West of,Minor Arterial,Etobicoke York,At/Near Private Drive,Stop Sign,Clear,Daylight,Wet,Non-Fatal Injury,SMV Other,Driver,40 to 44,Major,None,North,"Automobile, Station Wagon",Turning Left,Lost control,Medical or Physical Disability,None,None,None,None,None,None,None,None,Yes,None,None,None,None,None,None,None,None,None,Yes,27,York University Heights,27,York University Heights (27),D31
10443,4001460471,2014-02-03,1043,OLD WESTON RD,ROGERS RD,None,Minor Arterial,Etobicoke York,Non Intersection,No Control,Clear,Daylight,Dry,Non-Fatal Injury,Cyclist Collisions,Driver,25 to 29,None,None,South,"Automobile, Station Wagon",Going Ahead,Driving Properly,Normal,None,None,None,None,None,None,None,Yes,Yes,None,None,None,None,None,None,None,None,None,None,110,Keelesdale-Eglinton West,110,Keelesdale-Eglinton West (110),D12
10444,4001460471,2014-02-03,1043,OLD WESTON RD,ROGERS RD,None,Minor Arterial,Etobicoke York,Non Intersection,No Control,Clear,Daylight,Dry,Non-Fatal Injury,Cyclist Collisions,Cyclist,50 to 54,Major,None,West,Bicycle,Other,None,None,None,None,None,Cyclist rode off sidewalk into road at midblock.,Other,Inattentive,None,Yes,Yes,None,None,None,None,None,None,None,None,None,None,110,Keelesdale-Eglinton West,110,Keelesdale-Eglinton West (110),D12
10445,4001467875,2014-02-04,1255,KIPLING AVE,WESTHUMBER BLVD,None,Major Arterial,Etobicoke York,At Intersection,Traffic Signal,Clear,Daylight,Dry,Non-Fatal Injury,Pedestrian Collisions,Driver,35 to 39,None,None,West,"Automobile, Station Wagon",Going Ahead,Driving Properly,Normal,None,None,None,None,None,None,Yes,None,Yes,None,None,None,None,None,None,Yes,Yes,Yes,None,4,Rexdale-Kipling,4,Rexdale-Kipling (4),D23
10446,4001467875,2014-02-04,1255,KIPLING AVE,WESTHUMBER BLVD,None,Major Arterial,Etobicoke York,At Intersection,Traffic Signal,Clear,Daylight,Dry,Non-Fatal Injury,Pedestrian Collisions,Driver,60 to 64,None,None,South,"Automobile, Station Wagon",Going Ahead,Disobeyed Traffic Control,"Ability Impaired, Alcohol Over .08",None,None,None,None,None,None,Yes,None,Yes,None,None,None,None,None,None,Yes,Yes,Yes,None,4,Rexdale-Kipling,4,Rexdale-Kipling (4),D23
10447,4001467875,2014-02-04,1255,KIPLING AVE,WESTHUMBER BLVD,None,Major Arterial,Etobicoke York,At Intersection,Traffic Signal,Clear,Daylight,Dry,Non-Fatal Injury,Pedestrian Collisions,Pedestrian,25 to 29,Major,None,East,None,None,None,None,Vehicle is going straight thru inter.while ped cross with ROW,Crossing with right of way,Normal,None,None,None,Yes,None,Yes,None,None,None,None,None,None,Yes,Yes,Yes,None,4,Rexdale-Kipling,4,Rexdale-Kipling (4),D23
10448,4001484501,2014-02-07,806,LAKE SHORE BLVD W,PRIMROSE AVE,None,Major Arterial,Etobicoke York,Non Intersection,No Control,Clear,Daylight,Wet,Non-Fatal Injury,Angle,Driver,55 to 59,Major,None,North,"Automobile, Station Wagon",Going Ahead,Improper Turn,Unknown,None,None,None,None,None,None,None,None,Yes,None,None,None,None,Yes,Yes,Yes,None,None,None,161,Humber Bay Shores,17,Mimico (includes Humber Bay Shores) (17),D22
10449,4001484501,2014-02-07,806,LAKE SHORE BLVD W,PRIMROSE AVE,None,Major Arterial,Etobicoke York,Non Intersection,No Control,Clear,Daylight,Wet,Non-Fatal Injury,Angle,Driver,20 to 24,None,None,East,Pick Up Truck,Going Ahead,Driving Properly,Normal,None,None,None,None,None,None,None,None,Yes,None,None,None,None,Yes,Yes,Yes,None,None,None,161,Humber Bay Shores,17,Mimico (includes Humber Bay Shores) (17),D22
10450,4001484501,2014-02-07,806,LAKE SHORE BLVD W,PRIMROSE AVE,None,Major Arterial,Etobicoke York,Non Intersection,No Control,Clear,Daylight,Wet,Non-Fatal Injury,Angle,Passenger,20 to 24,None,None,None,None,None,None,None,None,None,None,None,None,None,None,None,Yes,None,None,None,None,Yes,Yes,Yes,None,None,None,161,Humber Bay Shores,17,Mimico (includes Humber Bay Shores) (17),D22
10451,4001490210,2014-02-08,241,QUEEN ST W,LISGAR ST,None,Major Arterial,Toronto and East York,Non Intersection,No Control,Clear,"Dark, artificial",Slush,Non-Fatal Injury,Pedestrian Collisions,Driver,20 to 24,None,None,West,"Automobile, Station Wagon",Going Ahead,Exceeding Speed Limit,Unknown,None,None,None,None,None,None,Yes,None,Yes,None,None,None,None,Yes,Yes,Yes,None,None,None,162,West Queen West,82,Niagara (82),D14
10452,4001490210,2014-02-08,241,QUEEN ST W,LISGAR ST,None,Major Arterial,Toronto and East York,Non Intersection,No Control,Clear,"Dark, artificial",Slush,Non-Fatal Injury,Pedestrian Collisions,Driver,25 to 29,None,None,West,"Automobile, Station Wagon",Overtaking,Failed to Yield Right of Way,Normal,None,None,None,None,None,None,Yes,None,Yes,None,None,None,None,Yes,Yes,Yes,None,None,None,162,West Queen West,82,Niagara (82),D14
10453,4001490210,2014-02-08,241,QUEEN ST W,LISGAR ST,None,Major Arterial,Toronto and East York,Non Intersection,No Control,Clear,"Dark, artificial",Slush,Non-Fatal Injury,Pedestrian Collisions,Passenger,unknown,None,None,None,None,None,None,None,None,None,None,None,None,None,Yes,None,Yes,None,None,None,None,Yes,Yes,Yes,None,None,None,162,West Queen West,82,Niagara (82),D14
10454,4001490210,2014-02-08,241,QUEEN ST W,LISGAR ST,None,Major Arterial,Toronto and East York,Non Intersection,No Control,Clear,"Dark, artificial",Slush,Non-Fatal Injury,Pedestrian Collisions,Passenger,unknown,Minimal,None,None,None,None,None,None,None,None,None,None,None,None,Yes,None,Yes,None,None,None,None,Yes,Yes,Yes,None,None,None,162,West Queen West,82,Niagara (82),D14
10455,4001490210,2014-02-08,241,QUEEN ST W,LISGAR ST,None,Major Arterial,Toronto and East York,Non Intersection,No Control,Clear,"Dark, artificial",Slush,Non-Fatal Injury,Pedestrian Collisions,Pedestrian,30 to 34,Major,None,Unknown,None,None,None,None,Pedestrian hit at mid-block,Person Getting on/off Vehicle,Normal,None,None,None,Yes,None,Yes,None,None,None,None,Yes,Yes,Yes,None,None,None,162,West Queen West,82,Niagara (82),D14
10456,4001490210,2014-02-08,241,QUEEN ST W,LISGAR ST,None,Major Arterial,Toronto and East York,Non Intersection,No Control,Clear,"Dark, artificial",Slush,Non-Fatal Injury,Pedestrian Collisions,Other,unknown,None,None,None,"Automobile, Station Wagon",Parked,None,None,None,None,None,None,None,None,Yes,None,Yes,None,None,None,None,Yes,Yes,Yes,None,None,None,162,West Queen West,82,Niagara (82),D14
10457,4001492410,2014-02-08,1309,CARLAW AVE,GERRARD ST E,None,Minor Arterial,Toronto and East York,Non Intersection,No Control,Clear,Daylight,Wet,Non-Fatal Injury,Pedestrian Collisions,Driver,55 to 59,None,None,North,"Automobile, Station Wagon",Going Ahead,Driving Properly,Normal,None,None,None,None,None,None,Yes,None,Yes,None,None,None,None,Yes,None,None,None,None,None,68,North Riverdale,68,North Riverdale (68),D55
10458,4001492410,2014-02-08,1309,CARLAW AVE,GERRARD ST E,None,Minor Arterial,Toronto and East York,Non Intersection,No Control,Clear,Daylight,Wet,Non-Fatal Injury,Pedestrian Collisions,Passenger,50 to 54,None,None,None,None,None,None,None,None,None,None,None,None,None,Yes,None,Yes,None,None,None,None,Yes,None,None,None,None,None,68,North Riverdale,68,North Riverdale (68),D55
10459,4001492410,2014-02-08,1309,CARLAW AVE,GERRARD ST E,None,Minor Arterial,Toronto and East York,Non Intersection,No Control,Clear,Daylight,Wet,Non-Fatal Injury,Pedestrian Collisions,Pedestrian,60 to 64,Major,None,West,None,Going Ahead,None,None,Pedestrian hit at mid-block,Running onto Roadway,Normal,None,None,None,Yes,None,Yes,None,None,None,None,Yes,None,None,None,None,None,68,North Riverdale,68,North Riverdale (68),D55
10460,4001495277,2014-02-08,2245,KIPLING AVE,RATHBURN RD,51 m South o,Major Arterial,Etobicoke York,Non Intersection,No Control,Clear,"Dark, artificial",Wet,Non-Fatal Injury,Sideswipe,Driver,20 to 24,Major,None,North,"Automobile, Station Wagon",Changing Lanes,Improper Lane Change,Inattentive,None,None,None,None,None,None,None,None,Yes,None,Yes,None,None,None,None,None,None,None,None,10,Princess-Rosethorn,10,Princess-Rosethorn (10),D22
10461,4001495277,2014-02-08,2245,KIPLING AVE,RATHBURN RD,51 m South o,Major Arterial,Etobicoke York,Non Intersection,No Control,Clear,"Dark, artificial",Wet,Non-Fatal Injury,Sideswipe,Truck Driver,35 to 39,None,None,North,Truck - Dump,Going Ahead,Driving Properly,Normal,None,None,None,None,None,None,None,None,Yes,None,Yes,None,None,None,None,None,None,None,None,10,Princess-Rosethorn,10,Princess-Rosethorn (10),D22
10462,4001500296,2014-02-09,2134,2087 ELLESMERE RD,None,43 m West of,Major Arterial,Scarborough,Non Intersection,No Control,Clear,"Dark, artificial",Slush,Non-Fatal Injury,Approaching,Driver,20 to 24,Major,None,East,"Automobile, Station Wagon",Changing Lanes,Lost control,Unknown,None,None,None,None,None,None,None,None,Yes,None,None,Yes,None,None,None,Yes,None,None,None,142,Woburn North,137,Woburn (137),D43
10463,4001500296,2014-02-09,2134,2087 ELLESMERE RD,None,43 m West of,Major Arterial,Scarborough,Non Intersection,No Control,Clear,"Dark, artificial",Slush,Non-Fatal Injury,Approaching,Driver,40 to 44,None,None,West,Municipal Transit Bus (TTC),Going Ahead,Driving Properly,Normal,None,None,None,None,None,None,None,None,Yes,None,None,Yes,None,None,None,Yes,None,None,None,142,Woburn North,137,Woburn (137),D43
10464,4001503315,2014-02-10,1142,KIPLING AVE,ALBION RD,None,Major Arterial,Etobicoke York,At/Near Private Drive,No Control,Clear,Daylight,Wet,Non-Fatal Injury,Pedestrian Collisions,Driver,25 to 29,None,None,East,"Automobile, Station Wagon",Reversing,Other,Normal,None,None,None,None,None,None,Yes,None,Yes,None,None,None,None,None,None,None,None,None,None,3,Thistletown-Beaumond Heights,3,Thistletown-Beaumond Heights (3),D23
10465,4001503315,2014-02-10,1142,KIPLING AVE,ALBION RD,None,Major Arterial,Etobicoke York,At/Near Private Drive,No Control,Clear,Daylight,Wet,Non-Fatal Injury,Pedestrian Collisions,Pedestrian,80 to 84,Major,None,North,None,None,None,None,Pedestrian hit at private driveway,On Sidewalk or Shoulder,Normal,None,None,None,Yes,None,Yes,None,None,None,None,None,None,None,None,None,None,3,Thistletown-Beaumond Heights,3,Thistletown-Beaumond Heights (3),D23
10466,4001505378,2014-02-10,1728,WILLIAM R ALLEN RD,SHEPPARD AVE W,5 m North of,Major Arterial,North York,At Intersection,Traffic Signal,Clear,"Dusk, artificial",Dry,Non-Fatal Injury,Turning Movement,Truck Driver,30 to 34,None,None,South,"Truck - Closed (Blazer, etc)",Turning Left,Improper Turn,Normal,None,None,None,None,None,None,None,None,None,None,Yes,Yes,None,None,None,None,None,None,None,155,Downsview,26,Downsview-Roding-CFB (26),D32
10467,4001505378,2014-02-10,1728,WILLIAM R ALLEN RD,SHEPPARD AVE W,5 m North of,Major Arterial,North York,At Intersection,Traffic Signal,Clear,"Dusk, artificial",Dry,Non-Fatal Injury,Turning Movement,Driver,50 to 54,Major,None,North,Municipal Transit Bus (TTC),Going Ahead,Driving Properly,Normal,None,None,None,None,None,None,None,None,None,None,Yes,Yes,None,None,None,None,None,None,None,155,Downsview,26,Downsview-Roding-CFB (26),D32
10468,141513588,2014-02-12,127,DANFORTH RD,HIBBERTS DR,None,Minor Arterial,Scarborough,None,No Control,Clear,"Dark, artificial",Dry,Fatal,Pedestrian Collisions,Driver,55 to 59,None,None,West,"Automobile, Station Wagon",Going Ahead,Driving Properly,Normal,None,None,None,None,None,None,Yes,None,Yes,None,None,None,None,None,None,None,None,None,None,120,Clairlea-Birchmount,120,Clairlea-Birchmount (120),D41
10469,141513588,2014-02-12,127,DANFORTH RD,HIBBERTS DR,None,Minor Arterial,Scarborough,None,No Control,Clear,"Dark, artificial",Dry,Fatal,Pedestrian Collisions,Pedestrian,50 to 54,Fatal,3,Unknown,None,None,None,None,Other / Undefined,Other,Had Been Drinking,None,None,None,Yes,None,Yes,None,None,None,None,None,None,None,None,None,None,120,Clairlea-Birchmount,120,Clairlea-Birchmount (120),D41
10470,141518658,2014-02-12,2017,ST CLAIR AVE E,HERRON AVE,None,Major Arterial,Scarborough,None,No Control,Clear,"Dark, artificial",Ice,Fatal,Pedestrian Collisions,Driver,40 to 44,None,None,East,Pick Up Truck,Going Ahead,Driving Properly,Unknown,None,None,None,None,None,None,Yes,None,Yes,None,None,None,None,None,Yes,Yes,None,None,None,120,Clairlea-Birchmount,120,Clairlea-Birchmount (120),D41
10471,141518658,2014-02-12,2017,ST CLAIR AVE E,HERRON AVE,None,Major Arterial,Scarborough,None,No Control,Clear,"Dark, artificial",Ice,Fatal,Pedestrian Collisions,Pedestrian,15 to 19,Fatal,4,South,None,None,None,None,Pedestrian hit at mid-block,"Crossing, no Traffic Control",Unknown,None,None,None,Yes,None,Yes,None,None,None,None,None,Yes,Yes,None,None,None,120,Clairlea-Birchmount,120,Clairlea-Birchmount (120),D41
10472,4001521629,2014-02-13,1054,7 ISABELLA ST,None,None,Collector,Toronto and East York,Non Intersection,No Control,Clear,Daylight,Wet,Non-Fatal Injury,Pedestrian Collisions,Driver,25 to 29,None,None,East,"Automobile, Station Wagon",Going Ahead,Lost control,Unknown,None,None,None,None,None,None,Yes,None,Yes,None,None,None,None,None,None,None,None,None,None,167,Church-Wellesley,75,Church-Yonge Corridor (75),D51
10473,4001521629,2014-02-13,1054,7 ISABELLA ST,None,None,Collector,Toronto and East York,Non Intersection,No Control,Clear,Daylight,Wet,Non-Fatal Injury,Pedestrian Collisions,Pedestrian,45 to 49,Major,None,Unknown,None,None,None,None,Pedestrian hit at mid-block,Pushing/Working on Vehicle,Normal,None,None,None,Yes,None,Yes,None,None,None,None,None,None,None,None,None,None,167,Church-Wellesley,75,Church-Yonge Corridor (75),D51
10474,4001533324,2014-02-15,643,VICTORIA PARK AVE,PARMA CRT,8 m North of,Major Arterial,Toronto and East York,Non Intersection,Traffic Signal,Clear,Dawn,Dry,Non-Fatal Injury,Approaching,Driver,20 to 24,Minor,None,North,"Automobile, Station Wagon",Going Ahead,Lost control,Fatigue,None,None,None,None,None,None,None,None,Yes,None,None,None,None,Yes,None,None,None,None,None,120,Clairlea-Birchmount,120,Clairlea-Birchmount (120),D41
10475,4001533324,2014-02-15,643,VICTORIA PARK AVE,PARMA CRT,8 m North of,Major Arterial,Toronto and East York,Non Intersection,Traffic Signal,Clear,Dawn,Dry,Non-Fatal Injury,Approaching,Driver,40 to 44,Major,None,South,"Automobile, Station Wagon",Going Ahead,Driving Properly,Normal,None,None,None,None,None,None,None,None,Yes,None,None,None,None,Yes,None,None,None,None,None,120,Clairlea-Birchmount,120,Clairlea-Birchmount (120),D41
10476,4001533324,2014-02-15,643,VICTORIA PARK AVE,PARMA CRT,8 m North of,Major Arterial,Toronto and East York,Non Intersection,Traffic Signal,Clear,Dawn,Dry,Non-Fatal Injury,Approaching,Passenger,15 to 19,Minimal,None,None,None,None,None,None,None,None,None,None,None,None,None,None,Yes,None,None,None,None,Yes,None,None,None,None,None,120,Clairlea-Birchmount,120,Clairlea-Birchmount (120),D41
10477,4001533324,2014-02-15,643,VICTORIA PARK AVE,PARMA CRT,8 m North of,Major Arterial,Toronto and East York,Non Intersection,Traffic Signal,Clear,Dawn,Dry,Non-Fatal Injury,Approaching,Passenger,15 to 19,Minimal,None,None,None,None,None,None,None,None,None,None,None,None,None,None,Yes,None,None,None,None,Yes,None,None,None,None,None,120,Clairlea-Birchmount,120,Clairlea-Birchmount (120),D41
10478,4008007694,2014-02-15,1245,HUNTINGWOOD DR,KENNEDY RD,None,Minor Arterial,Scarborough,At/Near Private Drive,No Control,Clear,Daylight,Dry,Non-Fatal Injury,Turning Movement,Driver,40 to 44,None,None,East,"Automobile, Station Wagon",Overtaking,Improper Passing,Normal,None,None,None,None,None,None,None,None,Yes,None,None,None,None,None,None,Yes,None,None,None,118,Tam O'Shanter-Sullivan,118,Tam O'Shanter-Sullivan (118),D42
10479,4008007694,2014-02-15,1245,HUNTINGWOOD DR,KENNEDY RD,None,Minor Arterial,Scarborough,At/Near Private Drive,No Control,Clear,Daylight,Dry,Non-Fatal Injury,Turning Movement,Driver,20 to 24,Major,None,West,"Automobile, Station Wagon",Turning Left,Driving Properly,Normal,None,None,None,None,None,None,None,None,Yes,None,None,None,None,None,None,Yes,None,None,None,118,Tam O'Shanter-Sullivan,118,Tam O'Shanter-Sullivan (118),D42
10480,4001540834,2014-02-16,1321,BAY ST,HARBOUR ST,None,Major Arterial,Toronto and East York,At Intersection,Traffic Signal,Clear,Daylight,Dry,Non-Fatal Injury,Pedestrian Collisions,Driver,70 to 74,None,None,East,"Automobile, Station Wagon",Turning Left,Improper Turn,Normal,None,None,None,None,None,None,Yes,None,Yes,None,None,None,None,Yes,None,Yes,None,None,None,166,St Lawrence-East Bayfront-The Islands,77,Waterfront Communities-The Island (77),D52
10481,4001540834,2014-02-16,1321,BAY ST,HARBOUR ST,None,Major Arterial,Toronto and East York,At Intersection,Traffic Signal,Clear,Daylight,Dry,Non-Fatal Injury,Pedestrian Collisions,Driver,15 to 19,None,None,East,"Automobile, Station Wagon",Going Ahead,Driving Properly,Normal,None,None,None,None,None,None,Yes,None,Yes,None,None,None,None,Yes,None,Yes,None,None,None,166,St Lawrence-East Bayfront-The Islands,77,Waterfront Communities-The Island (77),D52
10482,4001540834,2014-02-16,1321,BAY ST,HARBOUR ST,None,Major Arterial,Toronto and East York,At Intersection,Traffic Signal,Clear,Daylight,Dry,Non-Fatal Injury,Pedestrian Collisions,Pedestrian,35 to 39,Major,None,Unknown,None,None,None,None,Pedestrian hit on sidewalk or shoulder,On Sidewalk or Shoulder,Normal,None,None,None,Yes,None,Yes,None,None,None,None,Yes,None,Yes,None,None,None,166,St Lawrence-East Bayfront-The Islands,77,Waterfront Communities-The Island (77),D52
10483,4001540834,2014-02-16,1321,BAY ST,HARBOUR ST,None,Major Arterial,Toronto and East York,At Intersection,Traffic Signal,Clear,Daylight,Dry,Non-Fatal Injury,Pedestrian Collisions,Passenger,70 to 74,Minor,None,None,None,None,None,None,None,None,None,None,None,None,Yes,None,Yes,None,None,None,None,Yes,None,Yes,None,None,None,166,St Lawrence-East Bayfront-The Islands,77,Waterfront Communities-The Island (77),D52
10484,4001551952,2014-02-18,1237,MORNINGSIDE AVE,KINGSTON RD,None,Major Arterial,Scarborough,At Intersection,Traffic Signal,Clear,Daylight,Wet,Non-Fatal Injury,Pedestrian Collisions,Driver,20 to 24,None,None,North,"Automobile, Station Wagon",Going Ahead,Driving Properly,Normal,None,None,None,None,None,None,Yes,None,Yes,None,None,None,None,Yes,None,Yes,None,None,None,136,West Hill,136,West Hill (136),D43
10485,4001551952,2014-02-18,1237,MORNINGSIDE AVE,KINGSTON RD,None,Major Arterial,Scarborough,At Intersection,Traffic Signal,Clear,Daylight,Wet,Non-Fatal Injury,Pedestrian Collisions,Driver,25 to 29,None,None,South,"Automobile, Station Wagon",Turning Left,Failed to Yield Right of Way,Inattentive,None,None,None,None,None,None,Yes,None,Yes,None,None,None,None,Yes,None,Yes,None,None,None,136,West Hill,136,West Hill (136),D43
10486,4001551952,2014-02-18,1237,MORNINGSIDE AVE,KINGSTON RD,None,Major Arterial,Scarborough,At Intersection,Traffic Signal,Clear,Daylight,Wet,Non-Fatal Injury,Pedestrian Collisions,Passenger,20 to 24,None,None,None,None,None,None,None,None,None,None,None,None,None,Yes,None,Yes,None,None,None,None,Yes,None,Yes,None,None,None,136,West Hill,136,West Hill (136),D43
10487,4001551952,2014-02-18,1237,MORNINGSIDE AVE,KINGSTON RD,None,Major Arterial,Scarborough,At Intersection,Traffic Signal,Clear,Daylight,Wet,Non-Fatal Injury,Pedestrian Collisions,Pedestrian,55 to 59,Major,None,Unknown,None,None,None,None,Pedestrian hit on sidewalk or shoulder,On Sidewalk or Shoulder,Normal,None,None,None,Yes,None,Yes,None,None,None,None,Yes,None,Yes,None,None,None,136,West Hill,136,West Hill (136),D43