_id,ACCNUM,DATE,TIME,STREET1,STREET2,OFFSET,ROAD_CLASS,DISTRICT,ACCLOC,TRAFFCTL,VISIBILITY,LIGHT,RDSFCOND,ACCLASS,IMPACTYPE,INVTYPE,INVAGE,INJURY,FATAL_NO,INITDIR,VEHTYPE,MANOEUVER,DRIVACT,DRIVCOND,PEDTYPE,PEDACT,PEDCOND,CYCLISTYPE,CYCACT,CYCCOND,PEDESTRIAN,CYCLIST,AUTOMOBILE,MOTORCYCLE,TRUCK,TRSN_CITY_VEH,EMERG_VEH,PASSENGER,SPEEDING,AG_DRIV,REDLIGHT,ALCOHOL,DISABILITY,HOOD_158,NEIGHBOURHOOD_158,HOOD_140,NEIGHBOURHOOD_140,DIVISION
10923,4002717713,2014-08-17,51,FINCH AVENUE WEST,ISLINGTON AVENUE,None,Major Arterial,Etobicoke York,Intersection Related,Traffic Signal,Clear,"Dark, artificial",Dry,Non-Fatal Injury,Angle,Passenger,30 to 34,None,None,None,None,None,None,None,None,None,None,None,None,None,None,None,Yes,None,None,Yes,None,Yes,None,Yes,Yes,None,None,3,Thistletown-Beaumond Heights,3,Thistletown-Beaumond Heights (3),D23
10924,4002717713,2014-08-17,51,FINCH AVENUE WEST,ISLINGTON AVENUE,None,Major Arterial,Etobicoke York,Intersection Related,Traffic Signal,Clear,"Dark, artificial",Dry,Non-Fatal Injury,Angle,Passenger,20 to 24,None,None,None,None,None,None,None,None,None,None,None,None,None,None,None,Yes,None,None,Yes,None,Yes,None,Yes,Yes,None,None,3,Thistletown-Beaumond Heights,3,Thistletown-Beaumond Heights (3),D23
10925,4002717713,2014-08-17,51,FINCH AVENUE WEST,ISLINGTON AVENUE,None,Major Arterial,Etobicoke York,Intersection Related,Traffic Signal,Clear,"Dark, artificial",Dry,Non-Fatal Injury,Angle,Passenger,25 to 29,None,None,None,None,None,None,None,None,None,None,None,None,None,None,None,Yes,None,None,Yes,None,Yes,None,Yes,Yes,None,None,3,Thistletown-Beaumond Heights,3,Thistletown-Beaumond Heights (3),D23
10926,4002717713,2014-08-17,51,FINCH AVENUE WEST,ISLINGTON AVENUE,None,Major Arterial,Etobicoke York,Intersection Related,Traffic Signal,Clear,"Dark, artificial",Dry,Non-Fatal Injury,Angle,Passenger,25 to 29,None,None,None,None,None,None,None,None,None,None,None,None,None,None,None,Yes,None,None,Yes,None,Yes,None,Yes,Yes,None,None,3,Thistletown-Beaumond Heights,3,Thistletown-Beaumond Heights (3),D23
10927,4002717713,2014-08-17,51,FINCH AVENUE WEST,ISLINGTON AVENUE,None,Major Arterial,Etobicoke York,Intersection Related,Traffic Signal,Clear,"Dark, artificial",Dry,Non-Fatal Injury,Angle,Passenger,20 to 24,None,None,None,None,None,None,None,None,None,None,None,None,None,None,None,Yes,None,None,Yes,None,Yes,None,Yes,Yes,None,None,3,Thistletown-Beaumond Heights,3,Thistletown-Beaumond Heights (3),D23
10928,4002717713,2014-08-17,51,FINCH AVENUE WEST,ISLINGTON AVENUE,None,Major Arterial,Etobicoke York,Intersection Related,Traffic Signal,Clear,"Dark, artificial",Dry,Non-Fatal Injury,Angle,Passenger,20 to 24,None,None,None,None,None,None,None,None,None,None,None,None,None,None,None,Yes,None,None,Yes,None,Yes,None,Yes,Yes,None,None,3,Thistletown-Beaumond Heights,3,Thistletown-Beaumond Heights (3),D23
10929,4002717713,2014-08-17,51,FINCH AVENUE WEST,ISLINGTON AVENUE,None,Major Arterial,Etobicoke York,Intersection Related,Traffic Signal,Clear,"Dark, artificial",Dry,Non-Fatal Injury,Angle,Passenger,25 to 29,None,None,None,None,None,None,None,None,None,None,None,None,None,None,None,Yes,None,None,Yes,None,Yes,None,Yes,Yes,None,None,3,Thistletown-Beaumond Heights,3,Thistletown-Beaumond Heights (3),D23
10930,4002717713,2014-08-17,51,FINCH AVENUE WEST,ISLINGTON AVENUE,None,Major Arterial,Etobicoke York,Intersection Related,Traffic Signal,Clear,"Dark, artificial",Dry,Non-Fatal Injury,Angle,Passenger,55 to 59,None,None,None,None,None,None,None,None,None,None,None,None,None,None,None,Yes,None,None,Yes,None,Yes,None,Yes,Yes,None,None,3,Thistletown-Beaumond Heights,3,Thistletown-Beaumond Heights (3),D23
10931,4002721774,2014-08-17,1645,OSSINGTON AVE,DEWSON ST,None,Minor Arterial,Toronto and East York,At Intersection,No Control,Clear,Daylight,Dry,Non-Fatal Injury,Turning Movement,Driver,40 to 44,None,None,South,Passenger Van,Turning Left,Improper Turn,Inattentive,None,None,None,None,None,None,None,None,Yes,Yes,None,None,None,Yes,None,None,None,None,None,80,Palmerston-Little Italy,80,Palmerston-Little Italy (80),D14
10932,4002721774,2014-08-17,1645,OSSINGTON AVE,DEWSON ST,None,Minor Arterial,Toronto and East York,At Intersection,No Control,Clear,Daylight,Dry,Non-Fatal Injury,Turning Movement,Motorcycle Driver,30 to 34,Major,None,North,Motorcycle,Going Ahead,Driving Properly,Unknown,None,None,None,None,None,None,None,None,Yes,Yes,None,None,None,Yes,None,None,None,None,None,80,Palmerston-Little Italy,80,Palmerston-Little Italy (80),D14
10933,4002721774,2014-08-17,1645,OSSINGTON AVE,DEWSON ST,None,Minor Arterial,Toronto and East York,At Intersection,No Control,Clear,Daylight,Dry,Non-Fatal Injury,Turning Movement,Passenger,50 to 54,None,None,None,None,None,None,None,None,None,None,None,None,None,None,None,Yes,Yes,None,None,None,Yes,None,None,None,None,None,80,Palmerston-Little Italy,80,Palmerston-Little Italy (80),D14
10934,4002721774,2014-08-17,1645,OSSINGTON AVE,DEWSON ST,None,Minor Arterial,Toronto and East York,At Intersection,No Control,Clear,Daylight,Dry,Non-Fatal Injury,Turning Movement,Passenger,45 to 49,Minimal,None,None,None,None,None,None,None,None,None,None,None,None,None,None,Yes,Yes,None,None,None,Yes,None,None,None,None,None,80,Palmerston-Little Italy,80,Palmerston-Little Italy (80),D14
10935,4002721774,2014-08-17,1645,OSSINGTON AVE,DEWSON ST,None,Minor Arterial,Toronto and East York,At Intersection,No Control,Clear,Daylight,Dry,Non-Fatal Injury,Turning Movement,Passenger,5 to 9,Minimal,None,None,None,None,None,None,None,None,None,None,None,None,None,None,Yes,Yes,None,None,None,Yes,None,None,None,None,None,80,Palmerston-Little Italy,80,Palmerston-Little Italy (80),D14
10936,4002721774,2014-08-17,1645,OSSINGTON AVE,DEWSON ST,None,Minor Arterial,Toronto and East York,At Intersection,No Control,Clear,Daylight,Dry,Non-Fatal Injury,Turning Movement,Passenger,35 to 39,Minimal,None,None,None,None,None,None,None,None,None,None,None,None,None,None,Yes,Yes,None,None,None,Yes,None,None,None,None,None,80,Palmerston-Little Italy,80,Palmerston-Little Italy (80),D14
10937,4002722723,2014-08-17,2100,2169 YONGE ST,None,None,Major Arterial,Toronto and East York,At/Near Private Drive,No Control,Clear,Daylight,Dry,Non-Fatal Injury,Turning Movement,Driver,40 to 44,None,None,South,"Automobile, Station Wagon",Turning Left,Failed to Yield Right of Way,Inattentive,None,None,None,None,None,None,None,None,Yes,Yes,None,None,None,Yes,None,Yes,None,None,None,174,South Eglinton-Davisville,104,Mount Pleasant West (104),D53
10938,4002722723,2014-08-17,2100,2169 YONGE ST,None,None,Major Arterial,Toronto and East York,At/Near Private Drive,No Control,Clear,Daylight,Dry,Non-Fatal Injury,Turning Movement,Motorcycle Driver,40 to 44,Major,None,North,Motorcycle,Going Ahead,Driving Properly,Normal,None,None,None,None,None,None,None,None,Yes,Yes,None,None,None,Yes,None,Yes,None,None,None,174,South Eglinton-Davisville,104,Mount Pleasant West (104),D53
10939,4002722723,2014-08-17,2100,2169 YONGE ST,None,None,Major Arterial,Toronto and East York,At/Near Private Drive,No Control,Clear,Daylight,Dry,Non-Fatal Injury,Turning Movement,Passenger,unknown,None,None,None,None,None,None,None,None,None,None,None,None,None,None,None,Yes,Yes,None,None,None,Yes,None,Yes,None,None,None,174,South Eglinton-Davisville,104,Mount Pleasant West (104),D53
10940,4002722723,2014-08-17,2100,2169 YONGE ST,None,None,Major Arterial,Toronto and East York,At/Near Private Drive,No Control,Clear,Daylight,Dry,Non-Fatal Injury,Turning Movement,Passenger,20 to 24,None,None,None,None,None,None,None,None,None,None,None,None,None,None,None,Yes,Yes,None,None,None,Yes,None,Yes,None,None,None,174,South Eglinton-Davisville,104,Mount Pleasant West (104),D53
10941,4000009508,2014-08-17,2159,KINGSTON RD,PICKERING ST,10 m East of,Major Arterial,Toronto and East York,At Intersection,No Control,Clear,"Dark, artificial",Dry,Non-Fatal Injury,Cyclist Collisions,Cyclist,15 to 19,Major,None,West,Bicycle,Changing Lanes,None,None,None,None,None,Cyclist and Driver travelling in same direction. One vehicle sideswipes the other.,Improper Lane Change,Inattentive,None,Yes,Yes,None,None,None,None,None,None,None,None,None,None,63,The Beaches,63,The Beaches (63),D55
10942,4000009508,2014-08-17,2159,KINGSTON RD,PICKERING ST,10 m East of,Major Arterial,Toronto and East York,At Intersection,No Control,Clear,"Dark, artificial",Dry,Non-Fatal Injury,Cyclist Collisions,Driver,50 to 54,None,None,West,"Automobile, Station Wagon",Going Ahead,Driving Properly,Normal,None,None,None,None,None,None,None,Yes,Yes,None,None,None,None,None,None,None,None,None,None,63,The Beaches,63,The Beaches (63),D55
10943,4002723007,2014-08-17,2159,KINGSTON RD,PICKERING ST,None,Major Arterial,Toronto and East York,Non Intersection,No Control,Clear,"Dark, artificial",Dry,Non-Fatal Injury,Cyclist Collisions,Cyclist,15 to 19,Major,None,West,Bicycle,Changing Lanes,None,None,None,None,None,None,Improper Lane Change,Inattentive,None,Yes,Yes,None,None,None,None,None,None,None,None,None,None,63,The Beaches,62,East End-Danforth (62),D55
10944,4002723007,2014-08-17,2159,KINGSTON RD,PICKERING ST,None,Major Arterial,Toronto and East York,Non Intersection,No Control,Clear,"Dark, artificial",Dry,Non-Fatal Injury,Cyclist Collisions,Driver,50 to 54,None,None,West,"Automobile, Station Wagon",Going Ahead,Driving Properly,Normal,None,None,None,None,None,None,None,Yes,Yes,None,None,None,None,None,None,None,None,None,None,63,The Beaches,62,East End-Danforth (62),D55
10945,142723300,2014-08-17,2306,DAWES RD,GOWER ST,None,Minor Arterial,Toronto and East York,At Intersection,Traffic Signal,Clear,"Dark, artificial",Dry,Fatal,Pedestrian Collisions,Driver,40 to 44,None,None,East,"Automobile, Station Wagon",Turning Left,Failed to Yield Right of Way,Inattentive,None,None,None,None,None,None,Yes,None,Yes,None,None,None,None,Yes,None,Yes,None,None,None,61,Taylor-Massey,61,Taylor-Massey (61),D55
10946,142723300,2014-08-17,2306,DAWES RD,GOWER ST,None,Minor Arterial,Toronto and East York,At Intersection,Traffic Signal,Clear,"Dark, artificial",Dry,Fatal,Pedestrian Collisions,Passenger,10 to 14,None,None,None,None,None,None,None,None,None,None,None,None,None,Yes,None,Yes,None,None,None,None,Yes,None,Yes,None,None,None,61,Taylor-Massey,61,Taylor-Massey (61),D55
10947,142723300,2014-08-17,2306,DAWES RD,GOWER ST,None,Minor Arterial,Toronto and East York,At Intersection,Traffic Signal,Clear,"Dark, artificial",Dry,Fatal,Pedestrian Collisions,Pedestrian,60 to 64,Fatal,22,West,None,None,None,None,Vehicle turns left while ped crosses with ROW at inter.,Crossing with right of way,Unknown,None,None,None,Yes,None,Yes,None,None,None,None,Yes,None,Yes,None,None,None,61,Taylor-Massey,61,Taylor-Massey (61),D55
10948,142723818,2014-08-18,125,QUEEN ST E,TRACY ST,None,Major Arterial,Toronto and East York,None,No Control,Clear,"Dark, artificial",Dry,Fatal,Pedestrian Collisions,Driver,25 to 29,None,None,West,Passenger Van,Going Ahead,Lost control,Inattentive,None,None,None,None,None,None,Yes,None,Yes,None,None,None,None,None,None,None,None,None,None,73,Moss Park,73,Moss Park (73),D51
10949,142723818,2014-08-18,125,QUEEN ST E,TRACY ST,None,Major Arterial,Toronto and East York,None,No Control,Clear,"Dark, artificial",Dry,Fatal,Pedestrian Collisions,Pedestrian,45 to 49,Minimal,None,Unknown,None,None,None,None,Pedestrian hit on sidewalk or shoulder,On Sidewalk or Shoulder,Normal,None,None,None,Yes,None,Yes,None,None,None,None,None,None,None,None,None,None,73,Moss Park,73,Moss Park (73),D51
10950,142723818,2014-08-18,125,QUEEN ST E,TRACY ST,None,Major Arterial,Toronto and East York,None,No Control,Clear,"Dark, artificial",Dry,Fatal,Pedestrian Collisions,Pedestrian,60 to 64,Fatal,21,Unknown,None,None,None,None,Pedestrian hit on sidewalk or shoulder,On Sidewalk or Shoulder,Unknown,None,None,None,Yes,None,Yes,None,None,None,None,None,None,None,None,None,None,73,Moss Park,73,Moss Park (73),D51
10951,4002735710,2014-08-19,2105,MIDLAND AVE,KILCULLEN CASTLE GT,None,Major Arterial,Scarborough,At Intersection,No Control,Clear,"Dark, artificial",Dry,Non-Fatal Injury,Pedestrian Collisions,Driver,40 to 44,None,None,North,"Automobile, Station Wagon",Turning Left,Failed to Yield Right of Way,Unknown,None,None,None,None,None,None,Yes,None,Yes,None,None,None,None,None,None,Yes,None,None,None,130,Milliken,130,Milliken (130),D42
10952,4002735710,2014-08-19,2105,MIDLAND AVE,KILCULLEN CASTLE GT,None,Major Arterial,Scarborough,At Intersection,No Control,Clear,"Dark, artificial",Dry,Non-Fatal Injury,Pedestrian Collisions,Pedestrian,40 to 44,Major,None,South,None,None,None,None,Vehicle turns left while ped crosses with ROW at inter.,Crossing with right of way,Unknown,None,None,None,Yes,None,Yes,None,None,None,None,None,None,Yes,None,None,None,130,Milliken,130,Milliken (130),D42
10953,4002735786,2014-08-19,2120,COLLEGE ST,RUSHOLME PARK CRT,None,Major Arterial,Toronto and East York,At Intersection,Stop Sign,Clear,"Dark, artificial",Dry,Non-Fatal Injury,Cyclist Collisions,Driver,25 to 29,None,None,East,Delivery Van,Turning Right,Improper Turn,Inattentive,None,None,None,None,None,None,None,Yes,Yes,None,None,None,None,None,None,None,None,None,None,84,Little Portugal,84,Little Portugal (84),D14
10954,4002735786,2014-08-19,2120,COLLEGE ST,RUSHOLME PARK CRT,None,Major Arterial,Toronto and East York,At Intersection,Stop Sign,Clear,"Dark, artificial",Dry,Non-Fatal Injury,Cyclist Collisions,Cyclist,40 to 44,Major,None,North,Bicycle,Going Ahead,None,None,None,None,None,"Motorist turns right at non-signal Inter.(stop, yield, no cont.,and dwy) and strikes cyclist.",Driving Properly,Normal,None,Yes,Yes,None,None,None,None,None,None,None,None,None,None,84,Little Portugal,84,Little Portugal (84),D14
10955,142740894,2014-08-20,1639,VICTORIA PARK AVE,O CONNOR DR,None,Major Arterial,North York,At Intersection,Traffic Signal,Clear,Daylight,Dry,Fatal,Pedestrian Collisions,Pedestrian,75 to 79,Major,None,East,None,None,None,None,Vehicle turns left while ped crosses with ROW at inter.,Crossing with right of way,Unknown,None,None,None,Yes,None,Yes,None,None,None,None,None,None,Yes,None,None,None,120,Clairlea-Birchmount,120,Clairlea-Birchmount (120),D41
10956,142740894,2014-08-20,1639,VICTORIA PARK AVE,O CONNOR DR,None,Major Arterial,North York,At Intersection,Traffic Signal,Clear,Daylight,Dry,Fatal,Pedestrian Collisions,Driver,55 to 59,None,None,West,Delivery Van,Turning Left,Failed to Yield Right of Way,Inattentive,None,None,None,None,None,None,Yes,None,Yes,None,None,None,None,None,None,Yes,None,None,None,120,Clairlea-Birchmount,120,Clairlea-Birchmount (120),D41
10957,142740894,2014-08-20,1639,VICTORIA PARK AVE,O CONNOR DR,None,Major Arterial,North York,At Intersection,Traffic Signal,Clear,Daylight,Dry,Fatal,Pedestrian Collisions,Pedestrian,75 to 79,Fatal,23,East,None,None,None,None,Vehicle turns left while ped crosses with ROW at inter.,Crossing with right of way,Normal,None,None,None,Yes,None,Yes,None,None,None,None,None,None,Yes,None,None,None,120,Clairlea-Birchmount,120,Clairlea-Birchmount (120),D41
10958,4002750756,2014-08-22,122,BLOOR ST E,PARLIAMENT ST,None,Major Arterial,Toronto and East York,At Intersection,Traffic Signal,Clear,Dark,Dry,Non-Fatal Injury,Cyclist Collisions,Cyclist,25 to 29,Major,None,East,Bicycle,Going Ahead,None,None,None,None,None,Motorist turned left across cyclists path.,Driving Properly,Normal,None,Yes,Yes,None,None,None,None,None,None,Yes,None,None,None,71,Cabbagetown-South St.James Town,71,Cabbagetown-South St.James Town (71),D51
10959,4002750756,2014-08-22,122,BLOOR ST E,PARLIAMENT ST,None,Major Arterial,Toronto and East York,At Intersection,Traffic Signal,Clear,Dark,Dry,Non-Fatal Injury,Cyclist Collisions,Driver,40 to 44,None,None,West,"Automobile, Station Wagon",Turning Left,Failed to Yield Right of Way,Inattentive,None,None,None,None,None,None,None,Yes,Yes,None,None,None,None,None,None,Yes,None,None,None,71,Cabbagetown-South St.James Town,71,Cabbagetown-South St.James Town (71),D51
10960,4002755635,2014-08-22,1805,ROYAL YORK RD,ASHLEY RD,None,Minor Arterial,Etobicoke York,At Intersection,No Control,Clear,Daylight,Dry,Non-Fatal Injury,Cyclist Collisions,Driver,30 to 34,None,None,South,"Automobile, Station Wagon",Turning Right,Failed to Yield Right of Way,Inattentive,None,None,None,None,None,None,None,Yes,Yes,None,None,None,None,None,None,Yes,None,None,None,9,Edenbridge-Humber Valley,9,Edenbridge-Humber Valley (9),D22
10961,4002755635,2014-08-22,1805,ROYAL YORK RD,ASHLEY RD,None,Minor Arterial,Etobicoke York,At Intersection,No Control,Clear,Daylight,Dry,Non-Fatal Injury,Cyclist Collisions,Cyclist,30 to 34,Major,None,South,Bicycle,Going Ahead,None,None,None,None,None,"Motorist turns right at non-signal Inter.(stop, yield, no cont.,and dwy) and strikes cyclist.",Driving Properly,Normal,None,Yes,Yes,None,None,None,None,None,None,Yes,None,None,None,9,Edenbridge-Humber Valley,9,Edenbridge-Humber Valley (9),D22
10962,4002781365,2014-08-26,1720,ROGERS RD,SILVERTHORN AVE,None,Minor Arterial,Etobicoke York,Intersection Related,Traffic Signal,Clear,Daylight,Dry,Non-Fatal Injury,Cyclist Collisions,Driver,30 to 34,None,None,West,"Automobile, Station Wagon",Turning Right,Improper Turn,Normal,None,None,None,None,None,None,None,Yes,Yes,None,None,None,None,None,None,None,None,None,None,110,Keelesdale-Eglinton West,110,Keelesdale-Eglinton West (110),D12
10963,4002781365,2014-08-26,1720,ROGERS RD,SILVERTHORN AVE,None,Minor Arterial,Etobicoke York,Intersection Related,Traffic Signal,Clear,Daylight,Dry,Non-Fatal Injury,Cyclist Collisions,Cyclist,30 to 34,Major,None,West,Bicycle,Turning Right,None,None,None,None,None,Motorist turning right on green or amber at signalized intersection strikes cyclist.,Driving Properly,Normal,None,Yes,Yes,None,None,None,None,None,None,None,None,None,None,110,Keelesdale-Eglinton West,110,Keelesdale-Eglinton West (110),D12
10964,4002786358,2014-08-27,1205,SHEPPARD AVE W,BATHURST ST,25 m West of,Major Arterial,North York,Intersection Related,Traffic Signal,Clear,Daylight,Dry,Non-Fatal Injury,Other,Driver,50 to 54,None,None,East,Municipal Transit Bus (TTC),Slowing or Stopping,Other,Normal,None,None,None,None,None,None,None,None,None,None,None,Yes,None,Yes,None,None,None,None,None,38,Lansing-Westgate,38,Lansing-Westgate (38),D32
10965,4002786358,2014-08-27,1205,SHEPPARD AVE W,BATHURST ST,25 m West of,Major Arterial,North York,Intersection Related,Traffic Signal,Clear,Daylight,Dry,Non-Fatal Injury,Other,Passenger,60 to 64,Major,None,None,None,None,None,None,None,None,None,None,None,None,None,None,None,None,None,Yes,None,Yes,None,None,None,None,None,38,Lansing-Westgate,38,Lansing-Westgate (38),D32
10966,4002788366,2014-08-27,1719,YONGE ST,HOMEWOOD AVE,None,Major Arterial,North York,Non Intersection,No Control,Clear,Daylight,Dry,Non-Fatal Injury,Rear End,Driver,20 to 24,None,None,South,"Automobile, Station Wagon",Going Ahead,Following too Close,Normal,None,None,None,None,None,None,None,None,Yes,None,None,None,None,None,None,Yes,None,None,None,50,Newtonbrook East,50,Newtonbrook East (50),D32
10967,4002788366,2014-08-27,1719,YONGE ST,HOMEWOOD AVE,None,Major Arterial,North York,Non Intersection,No Control,Clear,Daylight,Dry,Non-Fatal Injury,Rear End,Driver,35 to 39,Major,None,South,"Automobile, Station Wagon",Slowing or Stopping,Driving Properly,Normal,None,None,None,None,None,None,None,None,Yes,None,None,None,None,None,None,Yes,None,None,None,50,Newtonbrook East,50,Newtonbrook East (50),D32
10968,4002788366,2014-08-27,1719,YONGE ST,HOMEWOOD AVE,None,Major Arterial,North York,Non Intersection,No Control,Clear,Daylight,Dry,Non-Fatal Injury,Rear End,Driver,45 to 49,Minimal,None,South,"Automobile, Station Wagon",Going Ahead,Driving Properly,Unknown,None,None,None,None,None,None,None,None,Yes,None,None,None,None,None,None,Yes,None,None,None,50,Newtonbrook East,50,Newtonbrook East (50),D32
10969,4002797820,2014-08-29,610,KINGSTON  RD,WOODBINE AVE,None,Major Arterial,Toronto and East York,At Intersection,Traffic Signal,Clear,Dawn,Dry,Non-Fatal Injury,Turning Movement,Driver,50 to 54,None,None,East,"Automobile, Station Wagon",Turning Left,Improper Turn,Normal,None,None,None,None,None,None,None,None,Yes,Yes,None,None,None,None,None,None,None,None,None,63,The Beaches,63,The Beaches (63),D55
10970,4002797820,2014-08-29,610,KINGSTON  RD,WOODBINE AVE,None,Major Arterial,Toronto and East York,At Intersection,Traffic Signal,Clear,Dawn,Dry,Non-Fatal Injury,Turning Movement,Motorcycle Driver,60 to 64,Major,None,West,Motorcycle,Going Ahead,Driving Properly,Normal,None,None,None,None,None,None,None,None,Yes,Yes,None,None,None,None,None,None,None,None,None,63,The Beaches,63,The Beaches (63),D55
10971,4002824583,2014-08-29,1200,WELLESLEY ST E,BLEECKER ST,18 m East of,Minor Arterial,Toronto and East York,Intersection Related,No Control,Clear,Daylight,Dry,Non-Fatal Injury,Cyclist Collisions,Driver,unknown,None,None,North,"Automobile, Station Wagon",Going Ahead,Failed to Yield Right of Way,Unknown,None,None,None,None,None,None,None,Yes,Yes,None,None,None,None,None,None,Yes,None,None,None,71,Cabbagetown-South St.James Town,71,Cabbagetown-South St.James Town (71),D51
10972,4002824583,2014-08-29,1200,WELLESLEY ST E,BLEECKER ST,18 m East of,Minor Arterial,Toronto and East York,Intersection Related,No Control,Clear,Daylight,Dry,Non-Fatal Injury,Cyclist Collisions,Cyclist,50 to 54,Major,None,West,Bicycle,Going Ahead,None,None,None,None,None,"Motorist without ROW drives into path of cyclist at inter, lnwy, dwy-Driver not turn.",Driving Properly,Normal,None,Yes,Yes,None,None,None,None,None,None,Yes,None,None,None,71,Cabbagetown-South St.James Town,71,Cabbagetown-South St.James Town (71),D51
10973,4002799906,2014-08-29,1322,BAYVIEW AVE,CUMMER AVE,None,Major Arterial,North York,At Intersection,Traffic Signal,Clear,Daylight,Dry,Non-Fatal Injury,Turning Movement,Driver,70 to 74,None,None,South,"Automobile, Station Wagon",Turning Left,Failed to Yield Right of Way,Normal,None,None,None,None,None,None,None,None,Yes,None,None,None,None,None,None,Yes,None,None,None,49,Bayview Woods-Steeles,49,Bayview Woods-Steeles (49),D33
10974,4002799906,2014-08-29,1322,BAYVIEW AVE,CUMMER AVE,None,Major Arterial,North York,At Intersection,Traffic Signal,Clear,Daylight,Dry,Non-Fatal Injury,Turning Movement,Driver,20 to 24,Major,None,North,"Automobile, Station Wagon",Going Ahead,Driving Properly,Normal,None,None,None,None,None,None,None,None,Yes,None,None,None,None,None,None,Yes,None,None,None,49,Bayview Woods-Steeles,49,Bayview Woods-Steeles (49),D33
10975,4002803822,2014-08-30,108,BATHURST ST,ST CLAIR AVE W,41 m South o,Major Arterial,Toronto and East York,Non Intersection,No Control,Clear,"Dark, artificial",Dry,Non-Fatal Injury,Pedestrian Collisions,Driver,20 to 24,None,None,South,"Automobile, Station Wagon",Going Ahead,Driving Properly,Normal,None,None,None,None,None,None,Yes,None,Yes,None,None,None,None,Yes,None,None,None,None,None,96,Casa Loma,96,Casa Loma (96),D13
10976,4002803822,2014-08-30,108,BATHURST ST,ST CLAIR AVE W,41 m South o,Major Arterial,Toronto and East York,Non Intersection,No Control,Clear,"Dark, artificial",Dry,Non-Fatal Injury,Pedestrian Collisions,Passenger,60 to 64,None,None,None,None,None,None,None,None,None,None,None,None,None,Yes,None,Yes,None,None,None,None,Yes,None,None,None,None,None,96,Casa Loma,96,Casa Loma (96),D13
10977,4002803822,2014-08-30,108,BATHURST ST,ST CLAIR AVE W,41 m South o,Major Arterial,Toronto and East York,Non Intersection,No Control,Clear,"Dark, artificial",Dry,Non-Fatal Injury,Pedestrian Collisions,Passenger,60 to 64,None,None,None,None,None,None,None,None,None,None,None,None,None,Yes,None,Yes,None,None,None,None,Yes,None,None,None,None,None,96,Casa Loma,96,Casa Loma (96),D13
10978,4002803822,2014-08-30,108,BATHURST ST,ST CLAIR AVE W,41 m South o,Major Arterial,Toronto and East York,Non Intersection,No Control,Clear,"Dark, artificial",Dry,Non-Fatal Injury,Pedestrian Collisions,Pedestrian,15 to 19,Major,None,West,None,None,None,None,Pedestrian hit at mid-block,Running onto Roadway,Unknown,None,None,None,Yes,None,Yes,None,None,None,None,Yes,None,None,None,None,None,96,Casa Loma,96,Casa Loma (96),D13
10979,4002803863,2014-08-30,115,QUEEN ST W,DUFFERIN ST,50 m East of,Major Arterial,Toronto and East York,Non Intersection,No Control,Clear,"Dark, artificial",Dry,Non-Fatal Injury,Cyclist Collisions,Cyclist,25 to 29,Major,None,East,None,Going Ahead,None,None,None,None,None,Insufficient information (to determine cyclist crash type).,Other,Had Been Drinking,None,Yes,None,None,None,Yes,None,None,None,None,None,None,None,84,Little Portugal,84,Little Portugal (84),D14
10980,4002803863,2014-08-30,115,QUEEN ST W,DUFFERIN ST,50 m East of,Major Arterial,Toronto and East York,Non Intersection,No Control,Clear,"Dark, artificial",Dry,Non-Fatal Injury,Cyclist Collisions,Driver,35 to 39,None,None,West,Street Car,Going Ahead,Driving Properly,Normal,None,None,None,None,None,None,None,Yes,None,None,None,Yes,None,None,None,None,None,None,None,84,Little Portugal,84,Little Portugal (84),D14
10981,4002804562,2014-08-30,459,ST CLAIR AVE W,SYMES RD,39 m East of,Major Arterial,Etobicoke York,Non Intersection,No Control,Clear,"Dark, artificial",Dry,Fatal,Pedestrian Collisions,Driver,unknown,None,None,West,Passenger Van,Going Ahead,Other,Unknown,None,None,None,None,None,None,Yes,None,Yes,None,None,None,None,None,None,None,None,None,None,90,Junction Area,90,Junction Area (90),D11
10982,4002804562,2014-08-30,459,ST CLAIR AVE W,SYMES RD,39 m East of,Major Arterial,Etobicoke York,Non Intersection,No Control,Clear,"Dark, artificial",Dry,Fatal,Pedestrian Collisions,Pedestrian,30 to 34,Fatal,25,East,None,None,None,None,Pedestrian hit at mid-block,Walking on Roadway Against Traffic,Other,None,None,None,Yes,None,Yes,None,None,None,None,None,None,None,None,None,None,90,Junction Area,90,Junction Area (90),D11
10983,4002809837,2014-08-30,2240,741 RUNNYMEDE RD,None,10 m South o,Minor Arterial,Etobicoke York,Non Intersection,No Control,Clear,"Dark, artificial",Dry,Non-Fatal Injury,Pedestrian Collisions,Driver,25 to 29,None,None,North,"Automobile, Station Wagon",Turning Right,Improper Turn,Had Been Drinking,None,None,None,None,None,None,Yes,None,Yes,Yes,None,None,None,None,None,None,None,None,None,90,Junction Area,90,Junction Area (90),D11
10984,4002809837,2014-08-30,2240,741 RUNNYMEDE RD,None,10 m South o,Minor Arterial,Etobicoke York,Non Intersection,No Control,Clear,"Dark, artificial",Dry,Non-Fatal Injury,Pedestrian Collisions,Motorcycle Driver,20 to 24,Major,None,North,Motorcycle,Going Ahead,Driving Properly,Normal,None,None,None,None,None,None,Yes,None,Yes,Yes,None,None,None,None,None,None,None,None,None,90,Junction Area,90,Junction Area (90),D11