_id,ACCNUM,DATE,TIME,STREET1,STREET2,OFFSET,ROAD_CLASS,DISTRICT,ACCLOC,TRAFFCTL,VISIBILITY,LIGHT,RDSFCOND,ACCLASS,IMPACTYPE,INVTYPE,INVAGE,INJURY,FATAL_NO,INITDIR,VEHTYPE,MANOEUVER,DRIVACT,DRIVCOND,PEDTYPE,PEDACT,PEDCOND,CYCLISTYPE,CYCACT,CYCCOND,PEDESTRIAN,CYCLIST,AUTOMOBILE,MOTORCYCLE,TRUCK,TRSN_CITY_VEH,EMERG_VEH,PASSENGER,SPEEDING,AG_DRIV,REDLIGHT,ALCOHOL,DISABILITY,HOOD_158,NEIGHBOURHOOD_158,HOOD_140,NEIGHBOURHOOD_140,DIVISION
11422,None,2015-03-19,1645,6212 YONGE ST,None,None,Major Arterial,North York,At/Near Private Drive,No Control,Clear,Daylight,Dry,Fatal,Pedestrian Collisions,Pedestrian,80 to 84,Fatal,16,North,None,None,None,None,Pedestrian hit at private driveway,On Sidewalk or Shoulder,Normal,None,None,None,Yes,None,Yes,None,None,None,None,None,None,Yes,None,None,None,50,Newtonbrook East,50,Newtonbrook East (50),D32
11423,None,2015-03-20,58,262 TORRENS AVE,None,None,Local,Toronto and East York,None,No Control,Clear,Dark,Dry,Fatal,Pedestrian Collisions,Pedestrian,85 to 89,Fatal,11,North,None,None,None,None,Pedestrian hit on sidewalk or shoulder,On Sidewalk or Shoulder,Unknown,None,None,None,Yes,None,Yes,None,None,None,None,None,None,None,None,None,None,58,Old East York,58,Old East York (58),D55
11424,None,2015-03-20,58,262 TORRENS AVE,None,None,Local,Toronto and East York,None,No Control,Clear,Dark,Dry,Fatal,Pedestrian Collisions,Driver,25 to 29,None,None,South,"Automobile, Station Wagon",Reversing,Other,Inattentive,None,None,None,None,None,None,Yes,None,Yes,None,None,None,None,None,None,None,None,None,None,58,Old East York,58,Old East York (58),D55
11425,None,2015-03-20,2010,ST CLAIR AVE W,ARLINGTON AVE,None,Major Arterial,Toronto and East York,At Intersection,Traffic Signal,Clear,"Dark, artificial",Dry,Fatal,Pedestrian Collisions,Driver,25 to 29,None,None,East,Street Car,Going Ahead,Failed to Yield Right of Way,Normal,None,None,None,None,None,None,Yes,None,None,None,None,Yes,None,None,None,Yes,None,None,None,94,Wychwood,94,Wychwood (94),D13
11426,None,2015-03-20,2010,ST CLAIR AVE W,ARLINGTON AVE,None,Major Arterial,Toronto and East York,At Intersection,Traffic Signal,Clear,"Dark, artificial",Dry,Fatal,Pedestrian Collisions,Pedestrian,80 to 84,Fatal,14,South,None,None,None,None,Pedestrian involved in a collision with transit vehicle anywhere along roadway,Crossing with right of way,Medical or Physical Disability,None,None,None,Yes,None,None,None,None,Yes,None,None,None,Yes,None,None,None,94,Wychwood,94,Wychwood (94),D13
11427,None,2015-03-20,2020,KING ST W,TYNDALL AVE,None,Major Arterial,Toronto and East York,At Intersection,Stop Sign,Clear,"Dark, artificial",Dry,Non-Fatal Injury,Cyclist Collisions,Driver,55 to 59,None,None,North,"Automobile, Station Wagon",Turning Left,Failed to Yield Right of Way,Inattentive,None,None,None,None,None,None,None,Yes,Yes,None,None,None,None,None,None,Yes,None,None,None,85,South Parkdale,85,South Parkdale (85),D14
11428,None,2015-03-20,2020,KING ST W,TYNDALL AVE,None,Major Arterial,Toronto and East York,At Intersection,Stop Sign,Clear,"Dark, artificial",Dry,Non-Fatal Injury,Cyclist Collisions,Cyclist,45 to 49,Major,None,West,Bicycle,Going Ahead,None,None,None,None,None,Motorist turned left across cyclists path.,Driving Properly,Normal,None,Yes,Yes,None,None,None,None,None,None,Yes,None,None,None,85,South Parkdale,85,South Parkdale (85),D14
11429,None,2015-03-23,1100,HOMEWOOD AVENUE,MAITLAND PLACE,None,Collector,Toronto and East York,At Intersection,Stop Sign,Clear,Daylight,Dry,Non-Fatal Injury,Cyclist Collisions,Cyclist,15 to 19,Major,None,East,Bicycle,Turning Left,None,None,None,None,None,Cyclist turned left across motorists path.,Disobeyed Traffic Control,Inattentive,None,Yes,Yes,None,None,None,None,None,None,None,None,None,None,71,Cabbagetown-South St.James Town,71,Cabbagetown-South St.James Town (71),D51
11430,None,2015-03-23,1100,HOMEWOOD AVENUE,MAITLAND PLACE,None,Collector,Toronto and East York,At Intersection,Stop Sign,Clear,Daylight,Dry,Non-Fatal Injury,Cyclist Collisions,Driver,60 to 64,None,None,South,"Automobile, Station Wagon",Going Ahead,Driving Properly,Normal,None,None,None,None,None,None,None,Yes,Yes,None,None,None,None,None,None,None,None,None,None,71,Cabbagetown-South St.James Town,71,Cabbagetown-South St.James Town (71),D51
11431,None,2015-03-27,1950,EGLINTON AVE E,PHARMACY AVE,None,Major Arterial,Scarborough,Non Intersection,No Control,Clear,"Dark, artificial",Dry,Non-Fatal Injury,Other,Driver,55 to 59,None,None,East,Municipal Transit Bus (TTC),Slowing or Stopping,Driving Properly,Normal,None,None,None,None,None,None,None,None,None,None,None,Yes,None,Yes,None,None,None,None,None,120,Clairlea-Birchmount,120,Clairlea-Birchmount (120),D41
11432,None,2015-03-27,1950,EGLINTON AVE E,PHARMACY AVE,None,Major Arterial,Scarborough,Non Intersection,No Control,Clear,"Dark, artificial",Dry,Non-Fatal Injury,Other,Passenger,50 to 54,Major,None,None,None,None,None,None,None,None,None,None,None,None,None,None,None,None,None,Yes,None,Yes,None,None,None,None,None,120,Clairlea-Birchmount,120,Clairlea-Birchmount (120),D41
11433,None,2015-03-27,2053,EGLINTON AVE E,VICTORIA PARK AVE,3 m West of,Major Arterial,North York,Non Intersection,No Control,Clear,"Dark, artificial",Dry,Fatal,Pedestrian Collisions,Driver,60 to 64,None,None,West,"Automobile, Station Wagon",Going Ahead,Driving Properly,Normal,None,None,None,None,None,None,Yes,None,Yes,None,None,None,None,Yes,None,None,None,None,None,120,Clairlea-Birchmount,120,Clairlea-Birchmount (120),D41
11434,None,2015-03-27,2053,EGLINTON AVE E,VICTORIA PARK AVE,3 m West of,Major Arterial,North York,Non Intersection,No Control,Clear,"Dark, artificial",Dry,Fatal,Pedestrian Collisions,Passenger,45 to 49,None,None,None,None,None,None,None,None,None,None,None,None,None,Yes,None,Yes,None,None,None,None,Yes,None,None,None,None,None,120,Clairlea-Birchmount,120,Clairlea-Birchmount (120),D41
11435,None,2015-03-27,2053,EGLINTON AVE E,VICTORIA PARK AVE,3 m West of,Major Arterial,North York,Non Intersection,No Control,Clear,"Dark, artificial",Dry,Fatal,Pedestrian Collisions,Pedestrian,55 to 59,Fatal,12,Unknown,None,None,None,None,Vehicle is going straight thru inter.while ped cross without ROW,"Crossing, no Traffic Control",Other,None,None,None,Yes,None,Yes,None,None,None,None,Yes,None,None,None,None,None,120,Clairlea-Birchmount,120,Clairlea-Birchmount (120),D41
11436,None,2015-03-28,1238,JANE ST,MAPLE LEAF DR,50 m South o,Major Arterial,Etobicoke York,Non Intersection,No Control,Clear,Daylight,Dry,Non-Fatal Injury,Sideswipe,Motorcycle Driver,20 to 24,Major,None,North,Motorcycle,Going Ahead,Lost control,Normal,None,None,None,None,None,None,None,None,None,Yes,Yes,None,None,None,None,None,None,None,None,28,Rustic,28,Rustic (28),D12
11437,None,2015-03-28,1238,JANE ST,MAPLE LEAF DR,50 m South o,Major Arterial,Etobicoke York,Non Intersection,No Control,Clear,Daylight,Dry,Non-Fatal Injury,Sideswipe,Truck Driver,35 to 39,None,None,North,Truck-Tractor,Going Ahead,Driving Properly,Normal,None,None,None,None,None,None,None,None,None,Yes,Yes,None,None,None,None,None,None,None,None,28,Rustic,28,Rustic (28),D12
11438,None,2015-03-28,1240,REINER RD,WILSON HEIGHTS BLVD,None,Minor Arterial,North York,At Intersection,Traffic Signal,Clear,Daylight,Dry,Fatal,Pedestrian Collisions,Driver,30 to 34,None,None,West,"Automobile, Station Wagon",Turning Left,Failed to Yield Right of Way,Inattentive,None,None,None,None,None,None,Yes,None,Yes,None,None,None,None,None,None,Yes,None,None,None,33,Clanton Park,33,Clanton Park (33),D32
11439,None,2015-03-28,1240,REINER RD,WILSON HEIGHTS BLVD,None,Minor Arterial,North York,At Intersection,Traffic Signal,Clear,Daylight,Dry,Fatal,Pedestrian Collisions,Pedestrian,75 to 79,Fatal,13,West,None,None,None,None,Vehicle turns left while ped crosses with ROW at inter.,Crossing with right of way,Other,None,None,None,Yes,None,Yes,None,None,None,None,None,None,Yes,None,None,None,33,Clanton Park,33,Clanton Park (33),D32
11440,None,2015-03-30,815,WARDEN AVE,MCNICOLL AVE,None,Major Arterial,Scarborough,Non Intersection,No Control,Clear,Daylight,Wet,Non-Fatal Injury,SMV Other,Driver,35 to 39,Major,None,South,"Automobile, Station Wagon",Going Ahead,Lost control,Unknown,None,None,None,None,None,None,None,None,Yes,None,None,None,None,None,None,None,None,None,None,116,Steeles,116,Steeles (116),D42
11441,None,2015-03-30,1235,70 BEAUMONDE HEIGHTS DR,None,2 m North of,Local,Etobicoke York,Non Intersection,No Control,Clear,Daylight,Dry,Non-Fatal Injury,SMV Other,Driver,65 to 69,Major,None,North,Delivery Van,Going Ahead,Lost control,Normal,None,None,None,None,None,None,None,None,Yes,None,None,None,None,None,None,None,None,None,None,3,Thistletown-Beaumond Heights,3,Thistletown-Beaumond Heights (3),D23
11442,None,2015-04-01,1615,ISLINGTON AVE,AYLESBURY RD,6 m South of,Major Arterial,Etobicoke York,Intersection Related,No Control,Clear,Daylight,Dry,Non-Fatal Injury,Rear End,Driver,15 to 19,Minor,None,North,"Automobile, Station Wagon",Going Ahead,Lost control,Normal,None,None,None,None,None,None,None,None,Yes,None,None,None,None,Yes,None,None,None,None,None,9,Edenbridge-Humber Valley,9,Edenbridge-Humber Valley (9),D22
11443,None,2015-04-01,1615,ISLINGTON AVE,AYLESBURY RD,6 m South of,Major Arterial,Etobicoke York,Intersection Related,No Control,Clear,Daylight,Dry,Non-Fatal Injury,Rear End,Driver,35 to 39,Minimal,None,North,"Automobile, Station Wagon",Stopped,Driving Properly,Normal,None,None,None,None,None,None,None,None,Yes,None,None,None,None,Yes,None,None,None,None,None,9,Edenbridge-Humber Valley,9,Edenbridge-Humber Valley (9),D22
11444,None,2015-04-01,1615,ISLINGTON AVE,AYLESBURY RD,6 m South of,Major Arterial,Etobicoke York,Intersection Related,No Control,Clear,Daylight,Dry,Non-Fatal Injury,Rear End,Passenger,45 to 49,Major,None,None,None,None,None,None,None,None,None,None,None,None,None,None,Yes,None,None,None,None,Yes,None,None,None,None,None,9,Edenbridge-Humber Valley,9,Edenbridge-Humber Valley (9),D22
11445,None,2015-04-01,2308,F G GARDINER XY  W,STRACHAN AVE,None,None,Toronto and East York,None,No Control,Clear,"Dark, artificial",Dry,Fatal,SMV Other,Motorcycle Driver,unknown,Fatal,15,West,Motorcycle,Going Ahead,Exceeding Speed Limit,Unknown,None,None,None,None,None,None,None,None,None,Yes,None,None,None,None,Yes,Yes,None,None,None,163,Fort York-Liberty Village,82,Niagara (82),D14
11446,None,2015-04-02,1951,DON MILLS RD,LEITH HILL RD,None,Major Arterial,North York,At Intersection,Traffic Signal,Rain,"Dark, artificial",Wet,Non-Fatal Injury,Pedestrian Collisions,Driver,20 to 24,None,None,North,"Automobile, Station Wagon",Going Ahead,Disobeyed Traffic Control,Normal,None,None,None,None,None,None,Yes,None,Yes,None,None,None,None,Yes,None,Yes,Yes,None,None,47,Don Valley Village,47,Don Valley Village (47),D33
11447,None,2015-04-02,1951,DON MILLS RD,LEITH HILL RD,None,Major Arterial,North York,At Intersection,Traffic Signal,Rain,"Dark, artificial",Wet,Non-Fatal Injury,Pedestrian Collisions,Passenger,20 to 24,None,None,None,None,None,None,None,None,None,None,None,None,None,Yes,None,Yes,None,None,None,None,Yes,None,Yes,Yes,None,None,47,Don Valley Village,47,Don Valley Village (47),D33
11448,None,2015-04-02,1951,DON MILLS RD,LEITH HILL RD,None,Major Arterial,North York,At Intersection,Traffic Signal,Rain,"Dark, artificial",Wet,Non-Fatal Injury,Pedestrian Collisions,Pedestrian,50 to 54,Major,None,West,None,None,None,None,Vehicle is going straight thru inter.while ped cross with ROW,Crossing with right of way,Unknown,None,None,None,Yes,None,Yes,None,None,None,None,Yes,None,Yes,Yes,None,None,47,Don Valley Village,47,Don Valley Village (47),D33
11449,None,2015-04-03,950,VICTORIA PARK AVE,COMBERMERE DR,12 m South o,Major Arterial,North York,Intersection Related,No Control,Clear,Daylight,Dry,Non-Fatal Injury,Rear End,Driver,65 to 69,None,None,South,"Automobile, Station Wagon",Going Ahead,Following too Close,Inattentive,None,None,None,None,None,None,None,None,Yes,None,None,None,None,Yes,None,Yes,None,None,None,119,Wexford/Maryvale,119,Wexford/Maryvale (119),D41
11450,None,2015-04-03,950,VICTORIA PARK AVE,COMBERMERE DR,12 m South o,Major Arterial,North York,Intersection Related,No Control,Clear,Daylight,Dry,Non-Fatal Injury,Rear End,Driver,50 to 54,Minimal,None,South,"Automobile, Station Wagon",Slowing or Stopping,Driving Properly,Normal,None,None,None,None,None,None,None,None,Yes,None,None,None,None,Yes,None,Yes,None,None,None,119,Wexford/Maryvale,119,Wexford/Maryvale (119),D41
11451,None,2015-04-03,950,VICTORIA PARK AVE,COMBERMERE DR,12 m South o,Major Arterial,North York,Intersection Related,No Control,Clear,Daylight,Dry,Non-Fatal Injury,Rear End,Driver,45 to 49,None,None,South,"Automobile, Station Wagon",Stopped,Driving Properly,Normal,None,None,None,None,None,None,None,None,Yes,None,None,None,None,Yes,None,Yes,None,None,None,119,Wexford/Maryvale,119,Wexford/Maryvale (119),D41
11452,None,2015-04-03,950,VICTORIA PARK AVE,COMBERMERE DR,12 m South o,Major Arterial,North York,Intersection Related,No Control,Clear,Daylight,Dry,Non-Fatal Injury,Rear End,Driver,35 to 39,None,None,South,"Automobile, Station Wagon",Stopped,Driving Properly,Normal,None,None,None,None,None,None,None,None,Yes,None,None,None,None,Yes,None,Yes,None,None,None,119,Wexford/Maryvale,119,Wexford/Maryvale (119),D41
11453,None,2015-04-03,950,VICTORIA PARK AVE,COMBERMERE DR,12 m South o,Major Arterial,North York,Intersection Related,No Control,Clear,Daylight,Dry,Non-Fatal Injury,Rear End,Passenger,65 to 69,Major,None,None,None,None,None,None,None,None,None,None,None,None,None,None,Yes,None,None,None,None,Yes,None,Yes,None,None,None,119,Wexford/Maryvale,119,Wexford/Maryvale (119),D41
11454,None,2015-04-03,950,VICTORIA PARK AVE,COMBERMERE DR,12 m South o,Major Arterial,North York,Intersection Related,No Control,Clear,Daylight,Dry,Non-Fatal Injury,Rear End,Passenger,40 to 44,None,None,None,None,None,None,None,None,None,None,None,None,None,None,None,Yes,None,None,None,None,Yes,None,Yes,None,None,None,119,Wexford/Maryvale,119,Wexford/Maryvale (119),D41
11455,None,2015-04-03,950,VICTORIA PARK AVE,COMBERMERE DR,12 m South o,Major Arterial,North York,Intersection Related,No Control,Clear,Daylight,Dry,Non-Fatal Injury,Rear End,Passenger,65 to 69,None,None,None,None,None,None,None,None,None,None,None,None,None,None,None,Yes,None,None,None,None,Yes,None,Yes,None,None,None,119,Wexford/Maryvale,119,Wexford/Maryvale (119),D41
11456,None,2015-04-03,950,VICTORIA PARK AVE,COMBERMERE DR,12 m South o,Major Arterial,North York,Intersection Related,No Control,Clear,Daylight,Dry,Non-Fatal Injury,Rear End,Passenger,70 to 74,None,None,None,None,None,None,None,None,None,None,None,None,None,None,None,Yes,None,None,None,None,Yes,None,Yes,None,None,None,119,Wexford/Maryvale,119,Wexford/Maryvale (119),D41
11457,None,2015-04-03,950,VICTORIA PARK AVE,COMBERMERE DR,12 m South o,Major Arterial,North York,Intersection Related,No Control,Clear,Daylight,Dry,Non-Fatal Injury,Rear End,Passenger,10 to 14,None,None,None,None,None,None,None,None,None,None,None,None,None,None,None,Yes,None,None,None,None,Yes,None,Yes,None,None,None,119,Wexford/Maryvale,119,Wexford/Maryvale (119),D41
11458,None,2015-04-03,950,VICTORIA PARK AVE,COMBERMERE DR,12 m South o,Major Arterial,North York,Intersection Related,No Control,Clear,Daylight,Dry,Non-Fatal Injury,Rear End,Passenger,15 to 19,None,None,None,None,None,None,None,None,None,None,None,None,None,None,None,Yes,None,None,None,None,Yes,None,Yes,None,None,None,119,Wexford/Maryvale,119,Wexford/Maryvale (119),D41
11459,None,2015-04-03,950,VICTORIA PARK AVE,COMBERMERE DR,12 m South o,Major Arterial,North York,Intersection Related,No Control,Clear,Daylight,Dry,Non-Fatal Injury,Rear End,Passenger,35 to 39,None,None,None,None,None,None,None,None,None,None,None,None,None,None,None,Yes,None,None,None,None,Yes,None,Yes,None,None,None,119,Wexford/Maryvale,119,Wexford/Maryvale (119),D41
11460,None,2015-04-03,950,VICTORIA PARK AVE,COMBERMERE DR,12 m South o,Major Arterial,North York,Intersection Related,No Control,Clear,Daylight,Dry,Non-Fatal Injury,Rear End,Passenger,5 to 9,None,None,None,None,None,None,None,None,None,None,None,None,None,None,None,Yes,None,None,None,None,Yes,None,Yes,None,None,None,119,Wexford/Maryvale,119,Wexford/Maryvale (119),D41
11461,None,2015-04-03,950,VICTORIA PARK AVE,COMBERMERE DR,12 m South o,Major Arterial,North York,Intersection Related,No Control,Clear,Daylight,Dry,Non-Fatal Injury,Rear End,Passenger,10 to 14,None,None,None,None,None,None,None,None,None,None,None,None,None,None,None,Yes,None,None,None,None,Yes,None,Yes,None,None,None,119,Wexford/Maryvale,119,Wexford/Maryvale (119),D41
11462,None,2015-04-03,1626,3231 EGLINTON AVE E,None,7 m West of,Major Arterial,Scarborough,At/Near Private Drive,No Control,Clear,Daylight,Dry,Non-Fatal Injury,Sideswipe,Driver,unknown,None,None,East,None,Changing Lanes,Improper Lane Change,Unknown,None,None,None,None,None,None,None,None,None,Yes,None,None,None,None,None,None,None,None,None,139,Scarborough Village,139,Scarborough Village (139),D43
11463,None,2015-04-03,1626,3231 EGLINTON AVE E,None,7 m West of,Major Arterial,Scarborough,At/Near Private Drive,No Control,Clear,Daylight,Dry,Non-Fatal Injury,Sideswipe,Motorcycle Driver,60 to 64,Major,None,East,Motorcycle,Going Ahead,Driving Properly,Normal,None,None,None,None,None,None,None,None,None,Yes,None,None,None,None,None,None,None,None,None,139,Scarborough Village,139,Scarborough Village (139),D43
11464,None,2015-04-04,2010,BROADVIEW AVE,GERRARD ST E,31 m North o,Minor Arterial,Toronto and East York,Non Intersection,No Control,Rain,"Dark, artificial",Wet,Fatal,Pedestrian Collisions,Driver,35 to 39,None,None,North,Street Car,Slowing or Stopping,Driving Properly,Normal,None,None,None,None,None,None,Yes,None,None,None,None,Yes,None,None,None,None,None,None,None,68,North Riverdale,68,North Riverdale (68),D55
11465,None,2015-04-04,2010,BROADVIEW AVE,GERRARD ST E,31 m North o,Minor Arterial,Toronto and East York,Non Intersection,No Control,Rain,"Dark, artificial",Wet,Fatal,Pedestrian Collisions,Pedestrian,60 to 64,Fatal,17,Unknown,None,None,None,None,Pedestrian involved in a collision with transit vehicle anywhere along roadway,"Crossing, no Traffic Control",Had Been Drinking,None,None,None,Yes,None,None,None,None,Yes,None,None,None,None,None,None,None,68,North Riverdale,68,North Riverdale (68),D55
11466,None,2015-04-04,2028,JANE ST,EAST DR,None,Major Arterial,Etobicoke York,Intersection Related,Traffic Signal,Snow,"Dark, artificial",Wet,Non-Fatal Injury,Pedestrian Collisions,Driver,70 to 74,None,None,South,"Automobile, Station Wagon",Going Ahead,Driving Properly,Normal,None,None,None,None,None,None,Yes,None,Yes,None,None,None,None,Yes,None,None,None,None,None,111,Rockcliffe-Smythe,111,Rockcliffe-Smythe (111),D12
11467,None,2015-04-04,2028,JANE ST,EAST DR,None,Major Arterial,Etobicoke York,Intersection Related,Traffic Signal,Snow,"Dark, artificial",Wet,Non-Fatal Injury,Pedestrian Collisions,Pedestrian,30 to 34,Major,None,East,None,None,None,None,Vehicle is going straight thru inter.while ped cross without ROW,Crossing without right of way,Unknown,None,None,None,Yes,None,Yes,None,None,None,None,Yes,None,None,None,None,None,111,Rockcliffe-Smythe,111,Rockcliffe-Smythe (111),D12
11468,None,2015-04-04,2028,JANE ST,EAST DR,None,Major Arterial,Etobicoke York,Intersection Related,Traffic Signal,Snow,"Dark, artificial",Wet,Non-Fatal Injury,Pedestrian Collisions,Passenger,70 to 74,Minor,None,None,None,None,None,None,None,None,None,None,None,None,Yes,None,Yes,None,None,None,None,Yes,None,None,None,None,None,111,Rockcliffe-Smythe,111,Rockcliffe-Smythe (111),D12
11469,None,2015-04-05,1433,DON VALLEY PARKWAY  S,SPANBRIDGE,185 m South ,None,North York,Non Intersection,No Control,Clear,Daylight,Dry,Non-Fatal Injury,Sideswipe,Driver,unknown,None,None,South,None,Changing Lanes,Improper Lane Change,Unknown,None,None,None,None,None,None,None,None,Yes,None,None,None,None,None,None,None,None,None,None,44,Flemingdon Park,44,Flemingdon Park (44),D55
11470,None,2015-04-05,1433,DON VALLEY PARKWAY  S,SPANBRIDGE,185 m South ,None,North York,Non Intersection,No Control,Clear,Daylight,Dry,Non-Fatal Injury,Sideswipe,Driver,20 to 24,Major,None,South,"Automobile, Station Wagon",Going Ahead,Driving Properly,Normal,None,None,None,None,None,None,None,None,Yes,None,None,None,None,None,None,None,None,None,None,44,Flemingdon Park,44,Flemingdon Park (44),D55
11471,None,2015-04-07,944,THELMA AVE,SPADINA RD,20 m East of,Minor Arterial,Toronto and East York,Intersection Related,Stop Sign,Clear,Daylight,Dry,Non-Fatal Injury,Pedestrian Collisions,Driver,45 to 49,None,None,West,"Automobile, Station Wagon",Reversing,Other,Normal,None,None,None,None,None,None,Yes,None,Yes,None,None,None,None,None,None,None,None,None,None,101,Forest Hill South,101,Forest Hill South (101),D53
11472,None,2015-04-07,944,THELMA AVE,SPADINA RD,20 m East of,Minor Arterial,Toronto and East York,Intersection Related,Stop Sign,Clear,Daylight,Dry,Non-Fatal Injury,Pedestrian Collisions,Pedestrian,50 to 54,Major,None,North,None,None,None,None,Vehicle is reversing and hits pedestrian,Other,Normal,None,None,None,Yes,None,Yes,None,None,None,None,None,None,None,None,None,None,101,Forest Hill South,101,Forest Hill South (101),D53
11473,None,2015-04-08,1427,APEX RD,LAWRENCE AVE W,None,Major Arterial,North York,At Intersection,Traffic Signal,Rain,Daylight,Wet,Non-Fatal Injury,Pedestrian Collisions,Driver,65 to 69,None,None,South,"Automobile, Station Wagon",Turning Left,Failed to Yield Right of Way,Inattentive,None,None,None,None,None,None,Yes,None,Yes,None,None,None,None,None,None,Yes,None,None,None,31,Yorkdale-Glen Park,31,Yorkdale-Glen Park (31),D13
11474,None,2015-04-08,1427,APEX RD,LAWRENCE AVE W,None,Major Arterial,North York,At Intersection,Traffic Signal,Rain,Daylight,Wet,Non-Fatal Injury,Pedestrian Collisions,Pedestrian,55 to 59,Major,None,North,None,None,None,None,Vehicle turns left while ped crosses with ROW at inter.,Crossing with right of way,Normal,None,None,None,Yes,None,Yes,None,None,None,None,None,None,Yes,None,None,None,31,Yorkdale-Glen Park,31,Yorkdale-Glen Park (31),D13
11475,None,2015-04-10,304,KENNEDY RD,EGLINTON AVE E,None,Major Arterial,Scarborough,At Intersection,Traffic Signal,Rain,"Dark, artificial",Wet,Non-Fatal Injury,Angle,Driver,40 to 44,None,None,West,"Automobile, Station Wagon",Going Ahead,Driving Properly,Normal,None,None,None,None,None,None,None,None,Yes,None,None,None,None,Yes,None,Yes,Yes,None,None,124,Kennedy Park,124,Kennedy Park (124),D41
11476,None,2015-04-10,304,KENNEDY RD,EGLINTON AVE E,None,Major Arterial,Scarborough,At Intersection,Traffic Signal,Rain,"Dark, artificial",Wet,Non-Fatal Injury,Angle,Driver,20 to 24,Major,None,North,"Automobile, Station Wagon",Going Ahead,Disobeyed Traffic Control,Normal,None,None,None,None,None,None,None,None,Yes,None,None,None,None,Yes,None,Yes,Yes,None,None,124,Kennedy Park,124,Kennedy Park (124),D41
11477,None,2015-04-10,304,KENNEDY RD,EGLINTON AVE E,None,Major Arterial,Scarborough,At Intersection,Traffic Signal,Rain,"Dark, artificial",Wet,Non-Fatal Injury,Angle,Passenger,25 to 29,Major,None,None,None,None,None,None,None,None,None,None,None,None,None,None,Yes,None,None,None,None,Yes,None,Yes,Yes,None,None,124,Kennedy Park,124,Kennedy Park (124),D41
11478,None,2015-04-10,1154,DAWES RD,DANFORTH AVE,24 m South o,Major Arterial,Toronto and East York,Non Intersection,No Control,Clear,Daylight,Dry,Non-Fatal Injury,Pedestrian Collisions,Driver,80 to 84,None,None,South,"Automobile, Station Wagon",Going Ahead,Lost control,Inattentive,None,None,None,None,None,None,Yes,None,Yes,None,None,None,None,None,None,None,None,None,None,62,East End-Danforth,62,East End-Danforth (62),D55
11479,None,2015-04-10,1154,DAWES RD,DANFORTH AVE,24 m South o,Major Arterial,Toronto and East York,Non Intersection,No Control,Clear,Daylight,Dry,Non-Fatal Injury,Pedestrian Collisions,Driver,45 to 49,None,None,South,"Automobile, Station Wagon",Parked,Other,Unknown,None,None,None,None,None,None,Yes,None,Yes,None,None,None,None,None,None,None,None,None,None,62,East End-Danforth,62,East End-Danforth (62),D55
11480,None,2015-04-10,1154,DAWES RD,DANFORTH AVE,24 m South o,Major Arterial,Toronto and East York,Non Intersection,No Control,Clear,Daylight,Dry,Non-Fatal Injury,Pedestrian Collisions,Pedestrian,45 to 49,Major,None,Unknown,None,None,None,None,Pedestrian hit at mid-block,Other,Normal,None,None,None,Yes,None,Yes,None,None,None,None,None,None,None,None,None,None,62,East End-Danforth,62,East End-Danforth (62),D55
11481,None,2015-04-13,1734,WILSON AVE,WILLIAM CRAGG DR,None,Major Arterial,North York,None,No Control,Clear,Daylight,Dry,Fatal,Rear End,Driver,85 to 89,Fatal,18,West,"Automobile, Station Wagon",Going Ahead,Following too Close,Inattentive,None,None,None,None,None,None,None,None,Yes,None,None,Yes,None,None,None,Yes,None,None,None,154,Oakdale-Beverley Heights,26,Downsview-Roding-CFB (26),D31
11482,None,2015-04-13,1734,WILSON AVE,WILLIAM CRAGG DR,None,Major Arterial,North York,None,No Control,Clear,Daylight,Dry,Fatal,Rear End,Driver,50 to 54,None,None,West,Municipal Transit Bus (TTC),Going Ahead,Driving Properly,Normal,None,None,None,None,None,None,None,None,Yes,None,None,Yes,None,None,None,Yes,None,None,None,154,Oakdale-Beverley Heights,26,Downsview-Roding-CFB (26),D31
11483,None,2015-04-14,115,7 INVERLEIGH DR,None,None,Local,Etobicoke York,At/Near Private Drive,No Control,Clear,"Dark, artificial",Dry,Non-Fatal Injury,Pedestrian Collisions,Driver,35 to 39,None,None,North,"Automobile, Station Wagon",Going Ahead,Other,Unknown,None,None,None,None,None,None,Yes,None,Yes,None,None,None,None,None,None,None,None,None,None,16,Stonegate-Queensway,16,Stonegate-Queensway (16),D22
11484,None,2015-04-14,115,7 INVERLEIGH DR,None,None,Local,Etobicoke York,At/Near Private Drive,No Control,Clear,"Dark, artificial",Dry,Non-Fatal Injury,Pedestrian Collisions,Pedestrian,25 to 29,Major,None,None,None,None,None,None,None,Other,None,None,None,None,Yes,None,Yes,None,None,None,None,None,None,None,None,None,None,16,Stonegate-Queensway,16,Stonegate-Queensway (16),D22
11485,None,2015-04-15,658,FINCH AVE W,ARROW RD,125 m East o,Major Arterial,Etobicoke York,Non Intersection,No Control,Clear,Daylight,Dry,Non-Fatal Injury,Rear End,Driver,25 to 29,None,None,East,"Automobile, Station Wagon",Changing Lanes,Improper Lane Change,Normal,None,None,None,None,None,None,None,None,Yes,None,None,None,Yes,None,None,None,None,None,None,22,Humbermede,22,Humbermede (22),D31