_id,ACCNUM,DATE,TIME,STREET1,STREET2,OFFSET,ROAD_CLASS,DISTRICT,ACCLOC,TRAFFCTL,VISIBILITY,LIGHT,RDSFCOND,ACCLASS,IMPACTYPE,INVTYPE,INVAGE,INJURY,FATAL_NO,INITDIR,VEHTYPE,MANOEUVER,DRIVACT,DRIVCOND,PEDTYPE,PEDACT,PEDCOND,CYCLISTYPE,CYCACT,CYCCOND,PEDESTRIAN,CYCLIST,AUTOMOBILE,MOTORCYCLE,TRUCK,TRSN_CITY_VEH,EMERG_VEH,PASSENGER,SPEEDING,AG_DRIV,REDLIGHT,ALCOHOL,DISABILITY,HOOD_158,NEIGHBOURHOOD_158,HOOD_140,NEIGHBOURHOOD_140,DIVISION
12299,None,2016-01-23,35,BATHURST ST,FORT YORK BLVD,None,Major Arterial,Toronto and East York,At Intersection,Traffic Signal,Clear,"Dark, artificial",Dry,Non-Fatal Injury,Turning Movement,Driver,25 to 29,None,None,South,"Automobile, Station Wagon",Slowing or Stopping,Driving Properly,Normal,None,None,None,None,None,None,None,None,Yes,None,None,None,None,Yes,Yes,Yes,None,None,None,165,Harbourfront-CityPlace,77,Waterfront Communities-The Island (77),D14
12300,None,2016-01-23,35,BATHURST ST,FORT YORK BLVD,None,Major Arterial,Toronto and East York,At Intersection,Traffic Signal,Clear,"Dark, artificial",Dry,Non-Fatal Injury,Turning Movement,Driver,35 to 39,None,None,North,"Automobile, Station Wagon",Going Ahead,Driving Properly,Unknown,None,None,None,None,None,None,None,None,Yes,None,None,None,None,Yes,Yes,Yes,None,None,None,165,Harbourfront-CityPlace,77,Waterfront Communities-The Island (77),D14
12301,None,2016-01-23,35,BATHURST ST,FORT YORK BLVD,None,Major Arterial,Toronto and East York,At Intersection,Traffic Signal,Clear,"Dark, artificial",Dry,Non-Fatal Injury,Turning Movement,Driver,40 to 44,None,None,South,"Automobile, Station Wagon",Slowing or Stopping,Driving Properly,Unknown,None,None,None,None,None,None,None,None,Yes,None,None,None,None,Yes,Yes,Yes,None,None,None,165,Harbourfront-CityPlace,77,Waterfront Communities-The Island (77),D14
12302,None,2016-01-23,35,BATHURST ST,FORT YORK BLVD,None,Major Arterial,Toronto and East York,At Intersection,Traffic Signal,Clear,"Dark, artificial",Dry,Non-Fatal Injury,Turning Movement,Passenger,20 to 24,Minimal,None,None,None,None,None,None,None,None,None,None,None,None,None,None,Yes,None,None,None,None,Yes,Yes,Yes,None,None,None,165,Harbourfront-CityPlace,77,Waterfront Communities-The Island (77),D14
12303,None,2016-01-23,35,BATHURST ST,FORT YORK BLVD,None,Major Arterial,Toronto and East York,At Intersection,Traffic Signal,Clear,"Dark, artificial",Dry,Non-Fatal Injury,Turning Movement,Passenger,15 to 19,Minimal,None,None,None,None,None,None,None,None,None,None,None,None,None,None,Yes,None,None,None,None,Yes,Yes,Yes,None,None,None,165,Harbourfront-CityPlace,77,Waterfront Communities-The Island (77),D14
12304,None,2016-01-23,35,BATHURST ST,FORT YORK BLVD,None,Major Arterial,Toronto and East York,At Intersection,Traffic Signal,Clear,"Dark, artificial",Dry,Non-Fatal Injury,Turning Movement,Passenger,15 to 19,Minimal,None,None,None,None,None,None,None,None,None,None,None,None,None,None,Yes,None,None,None,None,Yes,Yes,Yes,None,None,None,165,Harbourfront-CityPlace,77,Waterfront Communities-The Island (77),D14
12305,None,2016-01-23,35,BATHURST ST,FORT YORK BLVD,None,Major Arterial,Toronto and East York,At Intersection,Traffic Signal,Clear,"Dark, artificial",Dry,Non-Fatal Injury,Turning Movement,Passenger,20 to 24,Minimal,None,None,None,None,None,None,None,None,None,None,None,None,None,None,Yes,None,None,None,None,Yes,Yes,Yes,None,None,None,165,Harbourfront-CityPlace,77,Waterfront Communities-The Island (77),D14
12306,None,2016-01-23,35,BATHURST ST,FORT YORK BLVD,None,Major Arterial,Toronto and East York,At Intersection,Traffic Signal,Clear,"Dark, artificial",Dry,Non-Fatal Injury,Turning Movement,Passenger,20 to 24,Minimal,None,None,None,None,None,None,None,None,None,None,None,None,None,None,Yes,None,None,None,None,Yes,Yes,Yes,None,None,None,165,Harbourfront-CityPlace,77,Waterfront Communities-The Island (77),D14
12307,None,2016-01-23,35,BATHURST ST,FORT YORK BLVD,None,Major Arterial,Toronto and East York,At Intersection,Traffic Signal,Clear,"Dark, artificial",Dry,Non-Fatal Injury,Turning Movement,Passenger,20 to 24,None,None,None,None,None,None,None,None,None,None,None,None,None,None,None,Yes,None,None,None,None,Yes,Yes,Yes,None,None,None,165,Harbourfront-CityPlace,77,Waterfront Communities-The Island (77),D14
12308,None,2016-01-23,2010,THE QUEENSWAY,NORTH QUEEN ST,None,Major Arterial,Etobicoke York,At Intersection,Traffic Signal,Clear,"Dark, artificial",Dry,Non-Fatal Injury,Cyclist Collisions,Driver,50 to 54,None,None,East,"Automobile, Station Wagon",Turning Left,Failed to Yield Right of Way,Unknown,None,None,None,None,None,None,None,Yes,Yes,None,None,None,None,None,None,Yes,None,None,None,159,Etobicoke City Centre,14,Islington-City Centre West (14),D22
12309,None,2016-01-23,2010,THE QUEENSWAY,NORTH QUEEN ST,None,Major Arterial,Etobicoke York,At Intersection,Traffic Signal,Clear,"Dark, artificial",Dry,Non-Fatal Injury,Cyclist Collisions,Cyclist,20 to 24,Major,None,West,Bicycle,Going Ahead,None,None,None,None,None,Motorist turned left across cyclists path.,Other,Unknown,None,Yes,Yes,None,None,None,None,None,None,Yes,None,None,None,159,Etobicoke City Centre,14,Islington-City Centre West (14),D22
12310,None,2016-01-24,521,LAKE SHORE BLVD W,BRITISH COLUMBIA RD,245 m East o,Major Arterial,Toronto and East York,Non Intersection,No Control,Clear,"Dark, artificial",Dry,Non-Fatal Injury,SMV Other,Driver,25 to 29,Major,None,East,"Automobile, Station Wagon",Going Ahead,Exceeding Speed Limit,Inattentive,None,None,None,None,None,None,None,None,Yes,None,None,None,None,None,Yes,Yes,None,None,None,163,Fort York-Liberty Village,82,Niagara (82),D14
12311,None,2016-01-24,2141,EGLINTON AVE E,MASON RD,None,Major Arterial,Scarborough,At Intersection,Traffic Signal,Clear,"Dark, artificial",Dry,Non-Fatal Injury,Pedestrian Collisions,Driver,65 to 69,None,None,West,"Automobile, Station Wagon",Going Ahead,Driving Properly,Normal,None,None,None,None,None,None,Yes,None,Yes,None,None,None,None,None,None,None,None,None,None,139,Scarborough Village,139,Scarborough Village (139),D43
12312,None,2016-01-24,2141,EGLINTON AVE E,MASON RD,None,Major Arterial,Scarborough,At Intersection,Traffic Signal,Clear,"Dark, artificial",Dry,Non-Fatal Injury,Pedestrian Collisions,Pedestrian,35 to 39,Major,None,Unknown,None,None,None,None,Vehicle is going straight thru inter.while ped cross without ROW,Crossing without right of way,Inattentive,None,None,None,Yes,None,Yes,None,None,None,None,None,None,None,None,None,None,139,Scarborough Village,139,Scarborough Village (139),D43
12313,None,2016-01-25,1445,50 MERTON ST,None,2 m North of,Collector,Toronto and East York,Non Intersection,No Control,Clear,Daylight,Dry,Non-Fatal Injury,Approaching,Driver,85 to 89,Major,None,East,"Automobile, Station Wagon",Going Ahead,Lost control,Medical or Physical Disability,None,None,None,None,None,None,None,None,Yes,None,None,None,None,None,None,None,None,None,Yes,174,South Eglinton-Davisville,104,Mount Pleasant West (104),D53
12314,None,2016-01-25,1445,50 MERTON ST,None,2 m North of,Collector,Toronto and East York,Non Intersection,No Control,Clear,Daylight,Dry,Non-Fatal Injury,Approaching,Driver,70 to 74,None,None,West,"Automobile, Station Wagon",Going Ahead,Driving Properly,Normal,None,None,None,None,None,None,None,None,Yes,None,None,None,None,None,None,None,None,None,Yes,174,South Eglinton-Davisville,104,Mount Pleasant West (104),D53
12315,None,2016-01-25,1915,OVERLEA BLVD,WILLIAM MORGAN DR,None,Major Arterial,North York,At Intersection,Traffic Signal,Clear,"Dark, artificial",Dry,Non-Fatal Injury,Pedestrian Collisions,Driver,40 to 44,None,None,South,Passenger Van,Turning Left,Failed to Yield Right of Way,Inattentive,None,None,None,None,None,None,Yes,None,Yes,None,None,None,None,None,None,Yes,None,None,None,55,Thorncliffe Park,55,Thorncliffe Park (55),D53
12316,None,2016-01-25,1915,OVERLEA BLVD,WILLIAM MORGAN DR,None,Major Arterial,North York,At Intersection,Traffic Signal,Clear,"Dark, artificial",Dry,Non-Fatal Injury,Pedestrian Collisions,Pedestrian,70 to 74,Major,None,North,None,None,None,None,Vehicle turns left while ped crosses with ROW at inter.,Crossing with right of way,Normal,None,None,None,Yes,None,Yes,None,None,None,None,None,None,Yes,None,None,None,55,Thorncliffe Park,55,Thorncliffe Park (55),D53
12317,None,2016-01-28,925,DUNDAS ST W,POPLAR AVE,None,Major Arterial,Etobicoke York,At Intersection,Traffic Signal,Clear,Daylight,Dry,Fatal,Pedestrian Collisions,Pedestrian,45 to 49,Fatal,10,South,None,None,None,None,Pedestrian involved in a collision with transit vehicle anywhere along roadway,Crossing with right of way,Normal,None,None,None,Yes,None,None,None,None,Yes,None,None,None,Yes,None,None,None,159,Etobicoke City Centre,14,Islington-City Centre West (14),D22
12318,None,2016-01-28,925,DUNDAS ST W,POPLAR AVE,None,Major Arterial,Etobicoke York,At Intersection,Traffic Signal,Clear,Daylight,Dry,Fatal,Pedestrian Collisions,Driver,30 to 34,None,None,North,"Bus (Other) (Go Bus, Gray Coa",Turning Left,Failed to Yield Right of Way,Normal,None,None,None,None,None,None,Yes,None,None,None,None,Yes,None,None,None,Yes,None,None,None,159,Etobicoke City Centre,14,Islington-City Centre West (14),D22
12319,None,2016-01-28,2130,48MILLDOCK,None,172 m East o,Local,Scarborough,Non Intersection,No Control,Snow,"Dark, artificial",Wet,Non-Fatal Injury,Pedestrian Collisions,Other,unknown,None,None,Unknown,None,Unknown,None,None,None,None,None,None,None,None,Yes,None,None,None,None,None,None,None,None,None,None,None,None,143,West Rouge,131,Rouge (131),D43
12320,None,2016-01-28,2130,48MILLDOCK,None,172 m East o,Local,Scarborough,Non Intersection,No Control,Snow,"Dark, artificial",Wet,Non-Fatal Injury,Pedestrian Collisions,Pedestrian,55 to 59,Major,None,Unknown,None,None,None,None,Other / Undefined,Other,Had Been Drinking,None,None,None,Yes,None,None,None,None,None,None,None,None,None,None,None,None,143,West Rouge,131,Rouge (131),D43
12321,None,2016-01-29,1225,3434 LAWRENCE AVE E,None,None,Major Arterial,Scarborough,At Intersection,Traffic Signal,Clear,Daylight,Dry,Non-Fatal Injury,Sideswipe,Driver,45 to 49,None,None,West,"Automobile, Station Wagon",Changing Lanes,Improper Lane Change,Inattentive,None,None,None,None,None,None,None,None,Yes,Yes,None,None,None,None,None,None,None,None,None,141,Golfdale-Cedarbrae-Woburn,137,Woburn (137),D43
12322,None,2016-01-29,1225,3434 LAWRENCE AVE E,None,None,Major Arterial,Scarborough,At Intersection,Traffic Signal,Clear,Daylight,Dry,Non-Fatal Injury,Sideswipe,Motorcycle Driver,55 to 59,Major,None,West,Motorcycle,Going Ahead,Driving Properly,Normal,None,None,None,None,None,None,None,None,Yes,Yes,None,None,None,None,None,None,None,None,None,141,Golfdale-Cedarbrae-Woburn,137,Woburn (137),D43
12323,None,2016-01-30,1753,DUFFERIN ST,ARMSTRONG AVE,None,Major Arterial,Toronto and East York,None,No Control,Clear,"Dark, artificial",Dry,Fatal,Pedestrian Collisions,Driver,35 to 39,None,None,North,"Automobile, Station Wagon",Going Ahead,Driving Properly,Normal,None,None,None,None,None,None,Yes,None,Yes,None,None,None,None,None,None,None,None,None,None,172,Dovercourt Village,93,Dovercourt-Wallace Emerson-Junction (93),D14
12324,None,2016-01-30,1753,DUFFERIN ST,ARMSTRONG AVE,None,Major Arterial,Toronto and East York,None,No Control,Clear,"Dark, artificial",Dry,Fatal,Pedestrian Collisions,Pedestrian,90 to 94,Fatal,7,West,None,None,None,None,Vehicle is going straight thru inter.while ped cross without ROW,"Crossing, no Traffic Control",Inattentive,None,None,None,Yes,None,Yes,None,None,None,None,None,None,None,None,None,None,172,Dovercourt Village,93,Dovercourt-Wallace Emerson-Junction (93),D14
12325,None,2016-01-31,230,DERRYDOWN RD,ROMFIELD DR,None,Local,Etobicoke York,None,Stop Sign,Clear,"Dark, artificial",Wet,Fatal,SMV Other,Driver,50 to 54,Minor,None,North,"Automobile, Station Wagon",Going Ahead,Lost control,"Ability Impaired, Alcohol",None,None,None,None,None,None,None,None,Yes,None,None,None,None,Yes,None,None,None,Yes,None,27,York University Heights,27,York University Heights (27),D31
12326,None,2016-01-31,230,DERRYDOWN RD,ROMFIELD DR,None,Local,Etobicoke York,None,Stop Sign,Clear,"Dark, artificial",Wet,Fatal,SMV Other,Passenger,55 to 59,Minor,None,None,None,None,None,None,None,None,None,None,None,None,None,None,Yes,None,None,None,None,Yes,None,None,None,Yes,None,27,York University Heights,27,York University Heights (27),D31
12327,None,2016-01-31,230,DERRYDOWN RD,ROMFIELD DR,None,Local,Etobicoke York,None,Stop Sign,Clear,"Dark, artificial",Wet,Fatal,SMV Other,Passenger,45 to 49,Fatal,8,None,None,None,None,None,None,None,None,None,None,None,None,None,Yes,None,None,None,None,Yes,None,None,None,Yes,None,27,York University Heights,27,York University Heights (27),D31
12328,None,2016-02-01,320,KENNEDY RD,NORCAP AVE,16 m North o,Major Arterial,Scarborough,Non Intersection,No Control,Clear,"Dark, artificial",Wet,Non-Fatal Injury,Approaching,Driver,30 to 34,Major,None,North,"Automobile, Station Wagon",Going Ahead,Lost control,Inattentive,None,None,None,None,None,None,None,None,Yes,None,None,None,None,None,None,None,None,None,None,148,East L'Amoreaux,117,L'Amoreaux (117),D42
12329,None,2016-02-01,320,KENNEDY RD,NORCAP AVE,16 m North o,Major Arterial,Scarborough,Non Intersection,No Control,Clear,"Dark, artificial",Wet,Non-Fatal Injury,Approaching,Driver,65 to 69,Minimal,None,South,Delivery Van,Slowing or Stopping,Driving Properly,Normal,None,None,None,None,None,None,None,None,Yes,None,None,None,None,None,None,None,None,None,None,148,East L'Amoreaux,117,L'Amoreaux (117),D42
12330,None,2016-02-01,1033,BIRMINGHAM ST,TWENTY FIRST ST,None,Collector,Etobicoke York,None,Pedestrian Crossover,Clear,Daylight,Dry,Fatal,Sideswipe,Driver,85 to 89,Fatal,9,West,"Automobile, Station Wagon",Going Ahead,Lost control,Unknown,None,None,None,None,None,None,None,None,Yes,None,None,None,None,None,Yes,Yes,None,None,None,18,New Toronto,18,New Toronto (18),D22
12331,None,2016-02-01,1033,BIRMINGHAM ST,TWENTY FIRST ST,None,Collector,Etobicoke York,None,Pedestrian Crossover,Clear,Daylight,Dry,Fatal,Sideswipe,Driver,30 to 34,Minimal,None,West,"Automobile, Station Wagon",Going Ahead,Driving Properly,Normal,None,None,None,None,None,None,None,None,Yes,None,None,None,None,None,Yes,Yes,None,None,None,18,New Toronto,18,New Toronto (18),D22
12332,None,2016-02-02,1616,JANE ST,GRANDRAVINE DR,None,Major Arterial,Etobicoke York,At Intersection,Traffic Signal,Clear,Daylight,Dry,Non-Fatal Injury,Pedestrian Collisions,Driver,40 to 44,None,None,West,Pick Up Truck,Turning Left,Failed to Yield Right of Way,Inattentive,None,None,None,None,None,None,Yes,None,Yes,None,None,None,None,None,None,Yes,None,None,None,25,Glenfield-Jane Heights,25,Glenfield-Jane Heights (25),D31
12333,None,2016-02-02,1616,JANE ST,GRANDRAVINE DR,None,Major Arterial,Etobicoke York,At Intersection,Traffic Signal,Clear,Daylight,Dry,Non-Fatal Injury,Pedestrian Collisions,Pedestrian,55 to 59,Major,None,East,None,None,None,None,Vehicle turns left while ped crosses with ROW at inter.,Crossing with right of way,Normal,None,None,None,Yes,None,Yes,None,None,None,None,None,None,Yes,None,None,None,25,Glenfield-Jane Heights,25,Glenfield-Jane Heights (25),D31
12334,None,2016-02-06,233,163 WINCOTT DR,None,39 m South o,Collector,Etobicoke York,Non Intersection,No Control,Clear,"Dark, artificial",Dry,Non-Fatal Injury,SMV Other,Driver,30 to 34,Major,None,North,Passenger Van,Going Ahead,Lost control,Normal,None,None,None,None,None,None,None,None,Yes,None,None,None,None,Yes,Yes,Yes,None,None,None,7,Willowridge-Martingrove-Richview,7,Willowridge-Martingrove-Richview (7),D23
12335,None,2016-02-06,233,163 WINCOTT DR,None,39 m South o,Collector,Etobicoke York,Non Intersection,No Control,Clear,"Dark, artificial",Dry,Non-Fatal Injury,SMV Other,Passenger,35 to 39,Major,None,None,None,None,None,None,None,None,None,None,None,None,None,None,Yes,None,None,None,None,Yes,Yes,Yes,None,None,None,7,Willowridge-Martingrove-Richview,7,Willowridge-Martingrove-Richview (7),D23
12336,None,2016-02-06,500,DUNDAS ST W,ANNETTE ST,13 m North o,Minor Arterial,Toronto and East York,At/Near Private Drive,No Control,Clear,"Dawn, artificial",Dry,Non-Fatal Injury,SMV Other,Driver,25 to 29,Major,None,North,"Automobile, Station Wagon",Going Ahead,Lost control,Unknown,None,None,None,None,None,None,None,None,Yes,None,None,None,None,None,None,None,None,None,None,90,Junction Area,90,Junction Area (90),D11
12337,None,2016-02-10,954,WEDGEWOOD DR,TOBRUK CRES,None,Local,North York,None,Stop Sign,Clear,Daylight,Wet,Fatal,Pedestrian Collisions,Driver,45 to 49,Minimal,None,East,"Automobile, Station Wagon",Going Ahead,Lost control,Inattentive,None,None,None,None,None,None,Yes,None,Yes,None,None,None,None,None,None,Yes,None,None,None,50,Newtonbrook East,50,Newtonbrook East (50),D32
12338,None,2016-02-10,954,WEDGEWOOD DR,TOBRUK CRES,None,Local,North York,None,Stop Sign,Clear,Daylight,Wet,Fatal,Pedestrian Collisions,Pedestrian,80 to 84,Fatal,12,West,None,None,None,None,Pedestrian hit on sidewalk or shoulder,On Sidewalk or Shoulder,Normal,None,None,None,Yes,None,Yes,None,None,None,None,None,None,Yes,None,None,None,50,Newtonbrook East,50,Newtonbrook East (50),D32
12339,None,2016-02-13,1018,FINCH AVE W,TOBERMORY DR,450 m East o,Major Arterial,Etobicoke York,Non Intersection,No Control,Clear,Daylight,Dry,Fatal,Pedestrian Collisions,Driver,75 to 79,None,None,West,"Automobile, Station Wagon",Going Ahead,Driving Properly,Normal,None,None,None,None,None,None,Yes,None,Yes,None,None,None,None,Yes,None,None,None,None,None,27,York University Heights,27,York University Heights (27),D31
12340,None,2016-02-13,1018,FINCH AVE W,TOBERMORY DR,450 m East o,Major Arterial,Etobicoke York,Non Intersection,No Control,Clear,Daylight,Dry,Fatal,Pedestrian Collisions,Pedestrian,70 to 74,Fatal,11,South,None,None,None,None,Vehicle is going straight thru inter.while ped cross without ROW,Running onto Roadway,Inattentive,None,None,None,Yes,None,Yes,None,None,None,None,Yes,None,None,None,None,None,27,York University Heights,27,York University Heights (27),D31
12341,None,2016-02-13,1018,FINCH AVE W,TOBERMORY DR,450 m East o,Major Arterial,Etobicoke York,Non Intersection,No Control,Clear,Daylight,Dry,Fatal,Pedestrian Collisions,Passenger,60 to 64,None,None,None,None,None,None,None,None,None,None,None,None,None,Yes,None,Yes,None,None,None,None,Yes,None,None,None,None,None,27,York University Heights,27,York University Heights (27),D31
12342,None,2016-02-13,1018,FINCH AVE W,TOBERMORY DR,450 m East o,Major Arterial,Etobicoke York,Non Intersection,No Control,Clear,Daylight,Dry,Fatal,Pedestrian Collisions,Passenger,45 to 49,None,None,None,None,None,None,None,None,None,None,None,None,None,Yes,None,Yes,None,None,None,None,Yes,None,None,None,None,None,27,York University Heights,27,York University Heights (27),D31
12343,None,2016-02-18,1315,DAWES RD,SECORD AVE,None,Minor Arterial,Toronto and East York,At Intersection,Traffic Signal,Clear,Daylight,Dry,Fatal,Pedestrian Collisions,Driver,30 to 34,None,None,South,Delivery Van,Turning Right,Failed to Yield Right of Way,Inattentive,None,None,None,None,None,None,Yes,None,Yes,None,None,None,None,None,None,Yes,None,None,None,61,Taylor-Massey,61,Taylor-Massey (61),D55
12344,None,2016-02-18,1315,DAWES RD,SECORD AVE,None,Minor Arterial,Toronto and East York,At Intersection,Traffic Signal,Clear,Daylight,Dry,Fatal,Pedestrian Collisions,Pedestrian,70 to 74,Fatal,13,North,None,None,None,None,Vehicle turns right while ped crosses with ROW at inter.,Crossing with right of way,Normal,None,None,None,Yes,None,Yes,None,None,None,None,None,None,Yes,None,None,None,61,Taylor-Massey,61,Taylor-Massey (61),D55
12345,None,2016-02-18,2230,MACDONELL AVE,LN n QUEEEN E FULLER,1 m South of,Local,Toronto and East York,At Intersection,No Control,Clear,Dark,Dry,Fatal,Pedestrian Collisions,Driver,30 to 34,None,None,North,Municipal Transit Bus (TTC),Slowing or Stopping,Driving Properly,Normal,None,None,None,None,None,None,Yes,None,None,None,None,Yes,None,None,None,None,None,None,None,86,Roncesvalles,86,Roncesvalles (86),D11
12346,None,2016-02-18,2230,MACDONELL AVE,LN n QUEEEN E FULLER,1 m South of,Local,Toronto and East York,At Intersection,No Control,Clear,Dark,Dry,Fatal,Pedestrian Collisions,Pedestrian,70 to 74,Fatal,15,West,None,None,None,None,Vehicle is going straight thru inter.while ped cross without ROW,Crossing without right of way,Inattentive,None,None,None,Yes,None,None,None,None,Yes,None,None,None,None,None,None,None,86,Roncesvalles,86,Roncesvalles (86),D11
12347,None,2016-02-20,1717,CONFEDERATION DR,STEVENWOOD RD,None,Collector,Scarborough,At Intersection,No Control,Clear,Daylight,Dry,Non-Fatal Injury,Cyclist Collisions,Driver,35 to 39,None,None,West,"Automobile, Station Wagon",Turning Left,Improper Turn,Normal,None,None,None,None,None,None,None,Yes,Yes,None,None,None,None,None,None,None,None,None,None,141,Golfdale-Cedarbrae-Woburn,137,Woburn (137),D43
12348,None,2016-02-20,1717,CONFEDERATION DR,STEVENWOOD RD,None,Collector,Scarborough,At Intersection,No Control,Clear,Daylight,Dry,Non-Fatal Injury,Cyclist Collisions,Cyclist,35 to 39,Major,None,East,Bicycle,Going Ahead,None,None,None,None,None,Motorist turned left across cyclists path.,Driving Properly,Normal,None,Yes,Yes,None,None,None,None,None,None,None,None,None,None,141,Golfdale-Cedarbrae-Woburn,137,Woburn (137),D43
12349,None,2016-02-21,147,THE QUEENSWAY K,KIPLING AVE,81 m West of,Major Arterial,Etobicoke York,At/Near Private Drive,No Control,Clear,"Dark, artificial",Dry,Non-Fatal Injury,Pedestrian Collisions,Driver,25 to 29,None,None,West,"Automobile, Station Wagon",Going Ahead,Lost control,"Ability Impaired, Alcohol",None,None,None,None,None,None,Yes,None,Yes,None,None,None,None,None,None,None,None,Yes,None,159,Etobicoke City Centre,14,Islington-City Centre West (14),D22
12350,None,2016-02-21,147,THE QUEENSWAY K,KIPLING AVE,81 m West of,Major Arterial,Etobicoke York,At/Near Private Drive,No Control,Clear,"Dark, artificial",Dry,Non-Fatal Injury,Pedestrian Collisions,Pedestrian,20 to 24,Major,None,Unknown,None,None,None,None,Pedestrian hit on sidewalk or shoulder,On Sidewalk or Shoulder,Normal,None,None,None,Yes,None,Yes,None,None,None,None,None,None,None,None,Yes,None,159,Etobicoke City Centre,14,Islington-City Centre West (14),D22
12351,None,2016-02-21,147,THE QUEENSWAY K,KIPLING AVE,81 m West of,Major Arterial,Etobicoke York,At/Near Private Drive,No Control,Clear,"Dark, artificial",Dry,Non-Fatal Injury,Pedestrian Collisions,Pedestrian,25 to 29,Major,None,Unknown,None,None,None,None,Pedestrian hit on sidewalk or shoulder,On Sidewalk or Shoulder,Normal,None,None,None,Yes,None,Yes,None,None,None,None,None,None,None,None,Yes,None,159,Etobicoke City Centre,14,Islington-City Centre West (14),D22
12352,None,2016-02-21,1730,1330 MARTIN GROVE RD,None,11 m West of,Major Arterial,Etobicoke York,At/Near Private Drive,No Control,Clear,Daylight,Dry,Non-Fatal Injury,Pedestrian Collisions,Truck Driver,50 to 54,None,None,East,"Truck - Closed (Blazer, etc)",Reversing,Other,Normal,None,None,None,None,None,None,Yes,None,None,None,Yes,None,None,None,None,None,None,None,None,1,West Humber-Clairville,1,West Humber-Clairville (1),D23
12353,None,2016-02-21,1730,1330 MARTIN GROVE RD,None,11 m West of,Major Arterial,Etobicoke York,At/Near Private Drive,No Control,Clear,Daylight,Dry,Non-Fatal Injury,Pedestrian Collisions,Pedestrian,30 to 34,Major,None,Unknown,None,None,None,None,Pedestrian hit at private driveway,Other,Normal,None,None,None,Yes,None,None,None,Yes,None,None,None,None,None,None,None,None,1,West Humber-Clairville,1,West Humber-Clairville (1),D23
12354,None,2016-02-23,2146,OSSINGTON AVE,COLLEGE ST,67 m South o,Minor Arterial,Toronto and East York,Non Intersection,No Control,Clear,"Dark, artificial",Dry,Non-Fatal Injury,Pedestrian Collisions,Driver,35 to 39,Minor,None,South,"Automobile, Station Wagon",Going Ahead,Lost control,Inattentive,None,None,None,None,None,None,Yes,None,Yes,None,None,None,None,None,Yes,Yes,None,None,None,81,Trinity-Bellwoods,81,Trinity-Bellwoods (81),D14
12355,None,2016-02-23,2146,OSSINGTON AVE,COLLEGE ST,67 m South o,Minor Arterial,Toronto and East York,Non Intersection,No Control,Clear,"Dark, artificial",Dry,Non-Fatal Injury,Pedestrian Collisions,Pedestrian,45 to 49,Major,None,Unknown,None,None,None,None,Pedestrian hit at mid-block,Other,Normal,None,None,None,Yes,None,Yes,None,None,None,None,None,Yes,Yes,None,None,None,81,Trinity-Bellwoods,81,Trinity-Bellwoods (81),D14
12356,None,2016-02-25,912,FINCH AVE E,DON MILLS RD,None,Major Arterial,North York,At Intersection,Traffic Signal,Freezing Rain,Daylight,Wet,Non-Fatal Injury,Pedestrian Collisions,Driver,unknown,None,None,East,"Automobile, Station Wagon",Turning Right,Failed to Yield Right of Way,Unknown,None,None,None,None,None,None,Yes,None,Yes,None,None,None,None,None,None,Yes,None,None,None,47,Don Valley Village,47,Don Valley Village (47),D33
12357,None,2016-02-25,912,FINCH AVE E,DON MILLS RD,None,Major Arterial,North York,At Intersection,Traffic Signal,Freezing Rain,Daylight,Wet,Non-Fatal Injury,Pedestrian Collisions,Pedestrian,55 to 59,Major,None,West,None,None,None,None,Vehicle turns right while ped crosses with ROW at inter.,Crossing with right of way,Normal,None,None,None,Yes,None,Yes,None,None,None,None,None,None,Yes,None,None,None,47,Don Valley Village,47,Don Valley Village (47),D33
12358,None,2016-02-25,1625,AVIEMORE DR,GRAMPIAN CRES,99 m South o,Local,Etobicoke York,Non Intersection,No Control,Clear,Daylight,Dry,Non-Fatal Injury,Pedestrian Collisions,Driver,75 to 79,None,None,North,"Automobile, Station Wagon",Going Ahead,Improper Passing,Inattentive,None,None,None,None,None,None,Yes,None,Yes,None,None,None,None,None,None,Yes,None,None,None,21,Humber Summit,21,Humber Summit (21),D31
12359,None,2016-02-25,1625,AVIEMORE DR,GRAMPIAN CRES,99 m South o,Local,Etobicoke York,Non Intersection,No Control,Clear,Daylight,Dry,Non-Fatal Injury,Pedestrian Collisions,Pedestrian,35 to 39,Major,None,East,None,None,None,None,Pedestrian hit at mid-block,Other,Normal,None,None,None,Yes,None,Yes,None,None,None,None,None,None,Yes,None,None,None,21,Humber Summit,21,Humber Summit (21),D31