_id,ACCNUM,DATE,TIME,STREET1,STREET2,OFFSET,ROAD_CLASS,DISTRICT,ACCLOC,TRAFFCTL,VISIBILITY,LIGHT,RDSFCOND,ACCLASS,IMPACTYPE,INVTYPE,INVAGE,INJURY,FATAL_NO,INITDIR,VEHTYPE,MANOEUVER,DRIVACT,DRIVCOND,PEDTYPE,PEDACT,PEDCOND,CYCLISTYPE,CYCACT,CYCCOND,PEDESTRIAN,CYCLIST,AUTOMOBILE,MOTORCYCLE,TRUCK,TRSN_CITY_VEH,EMERG_VEH,PASSENGER,SPEEDING,AG_DRIV,REDLIGHT,ALCOHOL,DISABILITY,HOOD_158,NEIGHBOURHOOD_158,HOOD_140,NEIGHBOURHOOD_140,DIVISION
12487,None,2016-04-25,2139,EGLINTON AVE E,BEACHELL ST,None,Major Arterial,Scarborough,Non Intersection,No Control,Rain,Dark,Wet,Fatal,Pedestrian Collisions,Driver,50 to 54,None,None,West,Passenger Van,Going Ahead,Other,Had Been Drinking,None,None,None,None,None,None,Yes,None,Yes,None,None,None,None,None,None,None,None,None,None,139,Scarborough Village,139,Scarborough Village (139),D43
12488,None,2016-04-25,2139,EGLINTON AVE E,BEACHELL ST,None,Major Arterial,Scarborough,Non Intersection,No Control,Rain,Dark,Wet,Fatal,Pedestrian Collisions,Pedestrian,60 to 64,Fatal,28,North,None,None,None,None,Pedestrian hit at mid-block,"Crossing, no Traffic Control",Normal,None,None,None,Yes,None,Yes,None,None,None,None,None,None,None,None,None,None,139,Scarborough Village,139,Scarborough Village (139),D43
12489,None,2016-04-26,1910,CARRIER DR,WOODBINE DOWNS BLVD,None,Collector,Etobicoke York,At Intersection,Stop Sign,Clear,Daylight,Dry,Non-Fatal Injury,Angle,Driver,30 to 34,Minor,None,North,"Automobile, Station Wagon",Going Ahead,Failed to Yield Right of Way,Inattentive,None,None,None,None,None,None,None,None,Yes,None,None,None,None,None,None,Yes,None,None,None,1,West Humber-Clairville,1,West Humber-Clairville (1),D23
12490,None,2016-04-26,1910,CARRIER DR,WOODBINE DOWNS BLVD,None,Collector,Etobicoke York,At Intersection,Stop Sign,Clear,Daylight,Dry,Non-Fatal Injury,Angle,Driver,40 to 44,Major,None,West,"Automobile, Station Wagon",Going Ahead,Driving Properly,Normal,None,None,None,None,None,None,None,None,Yes,None,None,None,None,None,None,Yes,None,None,None,1,West Humber-Clairville,1,West Humber-Clairville (1),D23
12491,None,2016-04-27,1805,LAKE SHORE BLVD W,BRITISH COLUMBIA RD,324 m East o,Major Arterial,Toronto and East York,Non Intersection,No Control,Clear,Daylight,Dry,Non-Fatal Injury,Approaching,Driver,30 to 34,Major,None,West,"Automobile, Station Wagon",Going Ahead,Other,Inattentive,None,None,None,None,None,None,None,None,Yes,None,None,Yes,None,None,Yes,Yes,None,None,None,163,Fort York-Liberty Village,82,Niagara (82),D14
12492,None,2016-04-27,1805,LAKE SHORE BLVD W,BRITISH COLUMBIA RD,324 m East o,Major Arterial,Toronto and East York,Non Intersection,No Control,Clear,Daylight,Dry,Non-Fatal Injury,Approaching,Driver,50 to 54,Minor,None,East,"Automobile, Station Wagon",Going Ahead,Driving Properly,Normal,None,None,None,None,None,None,None,None,Yes,None,None,Yes,None,None,Yes,Yes,None,None,None,163,Fort York-Liberty Village,82,Niagara (82),D14
12493,None,2016-04-27,1805,LAKE SHORE BLVD W,BRITISH COLUMBIA RD,324 m East o,Major Arterial,Toronto and East York,Non Intersection,No Control,Clear,Daylight,Dry,Non-Fatal Injury,Approaching,Driver,20 to 24,None,None,East,"Automobile, Station Wagon",Going Ahead,Driving Properly,Normal,None,None,None,None,None,None,None,None,Yes,None,None,Yes,None,None,Yes,Yes,None,None,None,163,Fort York-Liberty Village,82,Niagara (82),D14
12494,None,2016-04-27,1805,LAKE SHORE BLVD W,BRITISH COLUMBIA RD,324 m East o,Major Arterial,Toronto and East York,Non Intersection,No Control,Clear,Daylight,Dry,Non-Fatal Injury,Approaching,Driver,55 to 59,None,None,East,"Bus (Other) (Go Bus, Gray Coa",Going Ahead,Driving Properly,Normal,None,None,None,None,None,None,None,None,Yes,None,None,Yes,None,None,Yes,Yes,None,None,None,163,Fort York-Liberty Village,82,Niagara (82),D14
12495,None,2016-04-27,2038,JARVIS ST,CARLTON ST,None,Major Arterial,Toronto and East York,At Intersection,Traffic Signal,Clear,"Dark, artificial",Dry,Non-Fatal Injury,Cyclist Collisions,Driver,30 to 34,None,None,North,"Automobile, Station Wagon",Going Ahead,Disobeyed Traffic Control,Normal,None,None,None,None,None,None,None,Yes,Yes,None,None,None,None,None,None,Yes,Yes,None,None,73,Moss Park,73,Moss Park (73),D51
12496,None,2016-04-27,2038,JARVIS ST,CARLTON ST,None,Major Arterial,Toronto and East York,At Intersection,Traffic Signal,Clear,"Dark, artificial",Dry,Non-Fatal Injury,Cyclist Collisions,Cyclist,25 to 29,Major,None,West,Bicycle,Going Ahead,None,None,None,None,None,"Motorist without ROW drives into path of cyclist at inter, lnwy, dwy-Driver not turn.",Disobeyed Traffic Control,Normal,None,Yes,Yes,None,None,None,None,None,None,Yes,Yes,None,None,73,Moss Park,73,Moss Park (73),D51
12497,None,2016-04-29,1325,DUFFERIN ST,CROATIA ST,None,Major Arterial,Toronto and East York,At Intersection,Stop Sign,Clear,Daylight,Dry,Non-Fatal Injury,Cyclist Collisions,Truck Driver,20 to 24,None,None,East,"Truck - Closed (Blazer, etc)",Turning Right,Other,Inattentive,None,None,None,None,None,None,None,Yes,None,None,Yes,None,None,None,None,None,None,None,None,83,Dufferin Grove,83,Dufferin Grove (83),D14
12498,None,2016-04-29,1325,DUFFERIN ST,CROATIA ST,None,Major Arterial,Toronto and East York,At Intersection,Stop Sign,Clear,Daylight,Dry,Non-Fatal Injury,Cyclist Collisions,Cyclist,45 to 49,Major,None,North,Bicycle,Going Ahead,None,None,None,None,None,"Motorist turns right at non-signal Inter.(stop, yield, no cont.,and dwy) and strikes cyclist.",Other,Inattentive,None,Yes,None,None,Yes,None,None,None,None,None,None,None,None,83,Dufferin Grove,83,Dufferin Grove (83),D14
12499,None,2016-04-29,1930,MILLWOOD RD,MCRAE DR,63 m West of,Collector,North York,Non Intersection,No Control,Clear,Daylight,Dry,Non-Fatal Injury,Other,Driver,55 to 59,Minimal,None,West,"Automobile, Station Wagon",Going Ahead,Driving Properly,Normal,None,None,None,None,None,None,None,None,Yes,None,None,None,None,Yes,None,None,None,None,None,56,Leaside-Bennington,56,Leaside-Bennington (56),D53
12500,None,2016-04-29,1930,MILLWOOD RD,MCRAE DR,63 m West of,Collector,North York,Non Intersection,No Control,Clear,Daylight,Dry,Non-Fatal Injury,Other,Passenger,20 to 24,Major,None,None,None,None,None,None,None,None,None,None,None,None,None,None,Yes,None,None,None,None,Yes,None,None,None,None,None,56,Leaside-Bennington,56,Leaside-Bennington (56),D53
12501,None,2016-05-01,2033,AVENUE RD,FELBRIGGE AVE,None,Major Arterial,North York,Non Intersection,No Control,Rain,"Dark, artificial",Wet,Fatal,Pedestrian Collisions,Pedestrian,90 to 94,Fatal,29,West,None,None,None,None,Vehicle is going straight thru inter.while ped cross without ROW,"Crossing, no Traffic Control",Inattentive,None,None,None,Yes,None,Yes,None,None,None,None,None,None,None,None,None,None,39,Bedford Park-Nortown,39,Bedford Park-Nortown (39),D32
12502,None,2016-05-01,2033,AVENUE RD,FELBRIGGE AVE,None,Major Arterial,North York,Non Intersection,No Control,Rain,"Dark, artificial",Wet,Fatal,Pedestrian Collisions,Driver,30 to 34,None,None,South,"Automobile, Station Wagon",Going Ahead,Driving Properly,Normal,None,None,None,None,None,None,Yes,None,Yes,None,None,None,None,None,None,None,None,None,None,39,Bedford Park-Nortown,39,Bedford Park-Nortown (39),D32
12503,None,2016-05-03,555,MARKHAM RD,EGLINTON AVE E,1 m North of,Major Arterial,Scarborough,Intersection Related,No Control,Clear,Dawn,Dry,Non-Fatal Injury,Pedestrian Collisions,Truck Driver,unknown,None,None,North,Truck - Open,Going Ahead,Driving Properly,Normal,None,None,None,None,None,None,Yes,None,None,None,Yes,None,None,None,None,None,None,None,None,139,Scarborough Village,139,Scarborough Village (139),D43
12504,None,2016-05-03,555,MARKHAM RD,EGLINTON AVE E,1 m North of,Major Arterial,Scarborough,Intersection Related,No Control,Clear,Dawn,Dry,Non-Fatal Injury,Pedestrian Collisions,Pedestrian,45 to 49,Major,None,South,None,None,None,None,Pedestrian hit on sidewalk or shoulder,On Sidewalk or Shoulder,Normal,None,None,None,Yes,None,None,None,Yes,None,None,None,None,None,None,None,None,139,Scarborough Village,139,Scarborough Village (139),D43
12505,None,2016-05-03,605,OAKWOOD AVE,GLENHURST AVE,None,Minor Arterial,Toronto and East York,At Intersection,No Control,Clear,"Dawn, artificial",Dry,Non-Fatal Injury,Turning Movement,Driver,55 to 59,Minor,None,South,Pick Up Truck,Turning Left,Failed to Yield Right of Way,Inattentive,None,None,None,None,None,None,None,None,Yes,Yes,None,None,None,None,None,Yes,None,None,None,107,Oakwood Village,107,Oakwood Village (107),D13
12506,None,2016-05-03,605,OAKWOOD AVE,GLENHURST AVE,None,Minor Arterial,Toronto and East York,At Intersection,No Control,Clear,"Dawn, artificial",Dry,Non-Fatal Injury,Turning Movement,Motorcycle Driver,50 to 54,Major,None,North,Motorcycle,Going Ahead,Driving Properly,Normal,None,None,None,None,None,None,None,None,Yes,Yes,None,None,None,None,None,Yes,None,None,None,107,Oakwood Village,107,Oakwood Village (107),D13
12507,None,2016-05-03,948,3 SPRUCE HILL RD,None,None,Local,Toronto and East York,Non Intersection,No Control,Clear,Daylight,Dry,Fatal,Pedestrian Collisions,Driver,65 to 69,None,None,East,"Automobile, Station Wagon",Turning Right,Lost control,Unknown,None,None,None,None,None,None,Yes,None,Yes,None,None,None,None,None,None,None,None,None,None,63,The Beaches,63,The Beaches (63),D55
12508,None,2016-05-03,948,3 SPRUCE HILL RD,None,None,Local,Toronto and East York,Non Intersection,No Control,Clear,Daylight,Dry,Fatal,Pedestrian Collisions,Pedestrian,65 to 69,Fatal,30,Unknown,None,None,None,None,Pedestrian hit at parking lot,Other,Normal,None,None,None,Yes,None,Yes,None,None,None,None,None,None,None,None,None,None,63,The Beaches,63,The Beaches (63),D55
12509,None,2016-05-03,1912,SCOTTFIELD DR,FINCH AVE E,80 m South o,Local,Scarborough,Non Intersection,No Control,Clear,Daylight,Dry,Non-Fatal Injury,SMV Other,Motorcycle Driver,25 to 29,Major,None,North,Motorcycle,Going Ahead,Lost control,Normal,None,None,None,None,None,None,None,None,None,Yes,None,None,None,None,None,None,None,None,None,129,Agincourt North,129,Agincourt North (129),D42
12510,None,2016-05-06,630,920 DANFORTH RD,None,None,Major Arterial,Scarborough,Intersection Related,No Control,Clear,Daylight,Dry,Non-Fatal Injury,Approaching,Driver,45 to 49,Major,None,North,"Automobile, Station Wagon",Going Ahead,Lost control,Inattentive,None,None,None,None,None,None,None,None,Yes,None,None,None,None,None,Yes,Yes,None,None,None,124,Kennedy Park,124,Kennedy Park (124),D41
12511,None,2016-05-06,630,920 DANFORTH RD,None,None,Major Arterial,Scarborough,Intersection Related,No Control,Clear,Daylight,Dry,Non-Fatal Injury,Approaching,Driver,25 to 29,Minor,None,South,"Automobile, Station Wagon",Going Ahead,Driving Properly,Normal,None,None,None,None,None,None,None,None,Yes,None,None,None,None,None,Yes,Yes,None,None,None,124,Kennedy Park,124,Kennedy Park (124),D41
12512,None,2016-05-06,630,920 DANFORTH RD,None,None,Major Arterial,Scarborough,Intersection Related,No Control,Clear,Daylight,Dry,Non-Fatal Injury,Approaching,Driver,30 to 34,None,None,South,"Automobile, Station Wagon",Going Ahead,Driving Properly,Normal,None,None,None,None,None,None,None,None,Yes,None,None,None,None,None,Yes,Yes,None,None,None,124,Kennedy Park,124,Kennedy Park (124),D41
12513,None,2016-05-06,630,920 DANFORTH RD,None,None,Major Arterial,Scarborough,Intersection Related,No Control,Clear,Daylight,Dry,Non-Fatal Injury,Approaching,Driver,unknown,None,None,Unknown,"Automobile, Station Wagon",Parked,Driving Properly,Normal,None,None,None,None,None,None,None,None,Yes,None,None,None,None,None,Yes,Yes,None,None,None,124,Kennedy Park,124,Kennedy Park (124),D41
12514,None,2016-05-06,755,WELLINGTON ST E,YONGE ST,25 m East of,Major Arterial,Toronto and East York,At/Near Private Drive,No Control,Clear,Daylight,Dry,Non-Fatal Injury,Pedestrian Collisions,Truck Driver,25 to 29,None,None,North,"Truck - Closed (Blazer, etc)",Reversing,Other,Normal,None,None,None,None,None,None,Yes,None,None,None,Yes,None,None,None,None,None,None,None,None,168,Downtown Yonge East,75,Church-Yonge Corridor (75),D51
12515,None,2016-05-06,755,WELLINGTON ST E,YONGE ST,25 m East of,Major Arterial,Toronto and East York,At/Near Private Drive,No Control,Clear,Daylight,Dry,Non-Fatal Injury,Pedestrian Collisions,Pedestrian,30 to 34,Major,None,Unknown,None,None,None,None,Pedestrian hit at private driveway,Other,Normal,None,None,None,Yes,None,None,None,Yes,None,None,None,None,None,None,None,None,168,Downtown Yonge East,75,Church-Yonge Corridor (75),D51
12516,None,2016-05-06,2025,ADELAIDE ST W,TECUMSETH ST,51 m West of,Collector,Toronto and East York,Non Intersection,No Control,Clear,Dusk,Dry,Non-Fatal Injury,Other,Driver,30 to 34,None,None,East,"Automobile, Station Wagon",Going Ahead,Driving Properly,Normal,None,None,None,None,None,None,None,None,Yes,None,None,None,None,Yes,None,None,None,None,None,162,West Queen West,82,Niagara (82),D14
12517,None,2016-05-06,2025,ADELAIDE ST W,TECUMSETH ST,51 m West of,Collector,Toronto and East York,Non Intersection,No Control,Clear,Dusk,Dry,Non-Fatal Injury,Other,Passenger,35 to 39,Major,None,None,None,None,None,None,None,None,None,None,None,None,None,None,Yes,None,None,None,None,Yes,None,None,None,None,None,162,West Queen West,82,Niagara (82),D14
12518,None,2016-05-07,15,SHEPPARD AVE W,EASTON RD,14 m East of,Major Arterial,North York,Intersection Related,No Control,Clear,"Dark, artificial",Dry,Non-Fatal Injury,Pedestrian Collisions,Driver,25 to 29,None,None,West,"Automobile, Station Wagon",Going Ahead,Driving Properly,Normal,None,None,None,None,None,None,Yes,None,Yes,None,None,None,None,None,None,Yes,None,None,None,38,Lansing-Westgate,38,Lansing-Westgate (38),D32
12519,None,2016-05-07,15,SHEPPARD AVE W,EASTON RD,14 m East of,Major Arterial,North York,Intersection Related,No Control,Clear,"Dark, artificial",Dry,Non-Fatal Injury,Pedestrian Collisions,Pedestrian,20 to 24,Major,None,South,None,None,None,None,Pedestrian hit at mid-block,"Crossing, no Traffic Control",Inattentive,None,None,None,Yes,None,Yes,None,None,None,None,None,None,Yes,None,None,None,38,Lansing-Westgate,38,Lansing-Westgate (38),D32
12520,None,2016-05-08,1133,BROADVIEW AVE,JACK LAYTON WAY,None,Minor Arterial,Toronto and East York,Intersection Related,No Control,Clear,Daylight,Dry,Non-Fatal Injury,Sideswipe,Driver,70 to 74,None,None,North,"Automobile, Station Wagon",Pulling Away from Shoulder or Curb,Failed to Yield Right of Way,Normal,None,None,None,None,None,None,None,None,Yes,Yes,None,None,None,None,None,Yes,None,None,None,68,North Riverdale,68,North Riverdale (68),D55
12521,None,2016-05-08,1133,BROADVIEW AVE,JACK LAYTON WAY,None,Minor Arterial,Toronto and East York,Intersection Related,No Control,Clear,Daylight,Dry,Non-Fatal Injury,Sideswipe,Motorcycle Driver,30 to 34,Major,None,North,Motorcycle,Going Ahead,Driving Properly,Normal,None,None,None,None,None,None,None,None,Yes,Yes,None,None,None,None,None,Yes,None,None,None,68,North Riverdale,68,North Riverdale (68),D55
12522,None,2016-05-10,648,FINCH AVE W,SIGNET DR,25 m East of,Major Arterial,Etobicoke York,At Intersection,Traffic Signal,Clear,Daylight,Dry,Non-Fatal Injury,Cyclist Collisions,Cyclist,30 to 34,Minimal,None,East,Bicycle,Going Ahead,None,None,None,None,None,Cyclist and Driver travelling in same direction. One vehicle sideswipes the other.,Lost control,Normal,None,Yes,Yes,None,None,None,None,None,None,None,None,None,None,22,Humbermede,22,Humbermede (22),D31
12523,None,2016-05-10,648,FINCH AVE W,SIGNET DR,25 m East of,Major Arterial,Etobicoke York,At Intersection,Traffic Signal,Clear,Daylight,Dry,Non-Fatal Injury,Cyclist Collisions,Driver,30 to 34,Major,None,East,"Automobile, Station Wagon",Going Ahead,Driving Properly,Normal,None,None,None,None,None,None,None,Yes,Yes,None,None,None,None,None,None,None,None,None,None,22,Humbermede,22,Humbermede (22),D31
12524,None,2016-05-15,30,DUNDAS ST W,OSSINGTON AVE,40 m East of,Major Arterial,Toronto and East York,Non Intersection,No Control,Clear,Dark,Dry,Non-Fatal Injury,Cyclist Collisions,Driver,unknown,None,None,West,"Automobile, Station Wagon",Making U Turn,Improper Turn,Inattentive,None,None,None,None,None,None,None,Yes,Yes,None,None,None,None,None,None,None,None,None,None,81,Trinity-Bellwoods,81,Trinity-Bellwoods (81),D14
12525,None,2016-05-15,30,DUNDAS ST W,OSSINGTON AVE,40 m East of,Major Arterial,Toronto and East York,Non Intersection,No Control,Clear,Dark,Dry,Non-Fatal Injury,Cyclist Collisions,Cyclist,20 to 24,Major,None,East,Bicycle,Going Ahead,None,None,None,None,None,Motorist makes u-turn in-front of cyclist.,Driving Properly,Normal,None,Yes,Yes,None,None,None,None,None,None,None,None,None,None,81,Trinity-Bellwoods,81,Trinity-Bellwoods (81),D14
12526,None,2016-05-17,820,2632 EGLINTON AVE E,None,18 m East of,Major Arterial,Scarborough,Non Intersection,No Control,Clear,Daylight,Dry,Non-Fatal Injury,Pedestrian Collisions,Driver,60 to 64,None,None,West,Passenger Van,Going Ahead,Driving Properly,Normal,None,None,None,None,None,None,Yes,None,Yes,None,None,None,None,Yes,None,None,None,None,None,124,Kennedy Park,124,Kennedy Park (124),D41
12527,None,2016-05-17,820,2632 EGLINTON AVE E,None,18 m East of,Major Arterial,Scarborough,Non Intersection,No Control,Clear,Daylight,Dry,Non-Fatal Injury,Pedestrian Collisions,Passenger,30 to 34,None,None,None,None,None,None,None,None,None,None,None,None,None,Yes,None,Yes,None,None,None,None,Yes,None,None,None,None,None,124,Kennedy Park,124,Kennedy Park (124),D41
12528,None,2016-05-17,820,2632 EGLINTON AVE E,None,18 m East of,Major Arterial,Scarborough,Non Intersection,No Control,Clear,Daylight,Dry,Non-Fatal Injury,Pedestrian Collisions,Pedestrian,75 to 79,Major,None,North,None,None,None,None,Pedestrian hit at mid-block,"Crossing, no Traffic Control",Normal,None,None,None,Yes,None,Yes,None,None,None,None,Yes,None,None,None,None,None,124,Kennedy Park,124,Kennedy Park (124),D41
12529,None,2016-05-17,1414,JANE ST,TROUTBROOKE DR,None,Major Arterial,Etobicoke York,At Intersection,Traffic Signal,Clear,Daylight,Dry,Fatal,Turning Movement,Driver,55 to 59,None,None,South,"Automobile, Station Wagon",Turning Left,Failed to Yield Right of Way,Normal,None,None,None,None,None,None,None,None,Yes,Yes,None,None,None,None,None,Yes,None,None,None,154,Oakdale-Beverley Heights,26,Downsview-Roding-CFB (26),D31
12530,None,2016-05-17,1414,JANE ST,TROUTBROOKE DR,None,Major Arterial,Etobicoke York,At Intersection,Traffic Signal,Clear,Daylight,Dry,Fatal,Turning Movement,Motorcycle Driver,30 to 34,Fatal,31,North,Motorcycle,Going Ahead,Driving Properly,Normal,None,None,None,None,None,None,None,None,Yes,Yes,None,None,None,None,None,Yes,None,None,None,154,Oakdale-Beverley Heights,26,Downsview-Roding-CFB (26),D31
12531,None,2016-05-18,400,ALBION RD,MARTIN GROVE RD,10 m West of,Major Arterial,Etobicoke York,Non Intersection,No Control,Clear,"Dark, artificial",Dry,Non-Fatal Injury,Pedestrian Collisions,Driver,35 to 39,None,None,East,"Automobile, Station Wagon",Reversing,Other,Had Been Drinking,None,None,None,None,None,None,Yes,None,Yes,None,None,None,None,None,None,None,None,None,None,1,West Humber-Clairville,1,West Humber-Clairville (1),D23
12532,None,2016-05-18,400,ALBION RD,MARTIN GROVE RD,10 m West of,Major Arterial,Etobicoke York,Non Intersection,No Control,Clear,"Dark, artificial",Dry,Non-Fatal Injury,Pedestrian Collisions,Pedestrian,35 to 39,Major,None,Unknown,None,None,None,None,Vehicle is reversing and hits pedestrian,Other,Had Been Drinking,None,None,None,Yes,None,Yes,None,None,None,None,None,None,None,None,None,None,1,West Humber-Clairville,1,West Humber-Clairville (1),D23
12533,None,2016-05-18,600,TWENTY FOURTH STREET,LAKESHORE BOULEVARD,46 m North o,Local,Etobicoke York,Non Intersection,No Control,Clear,Daylight,Dry,Non-Fatal Injury,Pedestrian Collisions,Pedestrian,80 to 84,Major,None,East,None,None,None,None,Vehicle is reversing and hits pedestrian,Other,Normal,None,None,None,Yes,None,Yes,None,None,None,None,None,None,None,None,None,None,19,Long Branch,19,Long Branch (19),D22
12534,None,2016-05-18,600,TWENTY FOURTH STREET,LAKESHORE BOULEVARD,46 m North o,Local,Etobicoke York,Non Intersection,No Control,Clear,Daylight,Dry,Non-Fatal Injury,Pedestrian Collisions,Driver,20 to 24,None,None,North,"Automobile, Station Wagon",Reversing,Other,Inattentive,None,None,None,None,None,None,Yes,None,Yes,None,None,None,None,None,None,None,None,None,None,19,Long Branch,19,Long Branch (19),D22
12535,None,2016-05-18,845,580 CHRISTIE ST,None,2 m East of,Minor Arterial,Toronto and East York,At/Near Private Drive,No Control,Clear,Daylight,Dry,Non-Fatal Injury,Cyclist Collisions,Driver,30 to 34,None,None,North,Delivery Van,Turning Left,Failed to Yield Right of Way,Other,None,None,None,None,None,None,None,Yes,Yes,None,None,None,None,Yes,None,Yes,None,None,None,94,Wychwood,94,Wychwood (94),D13
12536,None,2016-05-18,845,580 CHRISTIE ST,None,2 m East of,Minor Arterial,Toronto and East York,At/Near Private Drive,No Control,Clear,Daylight,Dry,Non-Fatal Injury,Cyclist Collisions,Cyclist,20 to 24,Major,None,South,Bicycle,Going Ahead,None,None,None,None,None,Motorist turned left across cyclists path.,Driving Properly,Normal,None,Yes,Yes,None,None,None,None,Yes,None,Yes,None,None,None,94,Wychwood,94,Wychwood (94),D13
12537,None,2016-05-18,845,580 CHRISTIE ST,None,2 m East of,Minor Arterial,Toronto and East York,At/Near Private Drive,No Control,Clear,Daylight,Dry,Non-Fatal Injury,Cyclist Collisions,Passenger,30 to 34,None,None,None,None,None,None,None,None,None,None,None,None,None,None,Yes,Yes,None,None,None,None,Yes,None,Yes,None,None,None,94,Wychwood,94,Wychwood (94),D13
12538,None,2016-05-19,1200,JANE ST,400 S JANE ST RAMP,None,Major Arterial,Etobicoke York,At Intersection,Traffic Signal,Clear,Daylight,Dry,Non-Fatal Injury,Turning Movement,Driver,55 to 59,Minor,None,South,Pick Up Truck,Turning Left,Failed to Yield Right of Way,Normal,None,None,None,None,None,None,None,None,Yes,None,None,None,None,None,None,Yes,None,None,None,28,Rustic,28,Rustic (28),D12
12539,None,2016-05-19,1200,JANE ST,400 S JANE ST RAMP,None,Major Arterial,Etobicoke York,At Intersection,Traffic Signal,Clear,Daylight,Dry,Non-Fatal Injury,Turning Movement,Driver,30 to 34,Major,None,North,"Automobile, Station Wagon",Going Ahead,Driving Properly,Normal,None,None,None,None,None,None,None,None,Yes,None,None,None,None,None,None,Yes,None,None,None,28,Rustic,28,Rustic (28),D12
12540,None,2016-05-19,2008,FINCH AVE E,MARKHAM RD,None,Major Arterial,Scarborough,Intersection Related,Traffic Signal,Clear,Daylight,Dry,Non-Fatal Injury,Rear End,Motorcycle Driver,25 to 29,Major,None,North,Motorcycle,Changing Lanes,Following too Close,Normal,None,None,None,None,None,None,None,None,Yes,Yes,None,None,None,None,None,Yes,None,None,None,145,Malvern West,132,Malvern (132),D42
12541,None,2016-05-19,2008,FINCH AVE E,MARKHAM RD,None,Major Arterial,Scarborough,Intersection Related,Traffic Signal,Clear,Daylight,Dry,Non-Fatal Injury,Rear End,Driver,40 to 44,None,None,North,Pick Up Truck,Changing Lanes,Driving Properly,Normal,None,None,None,None,None,None,None,None,Yes,Yes,None,None,None,None,None,Yes,None,None,None,145,Malvern West,132,Malvern (132),D42
12542,None,2016-05-20,1430,EGLINTON AVE W,OAKWOOD AVE,None,Major Arterial,North York,At Intersection,Traffic Signal,Clear,"Daylight, artificial",Dry,Non-Fatal Injury,Pedestrian Collisions,Driver,75 to 79,None,None,North,"Automobile, Station Wagon",Turning Right,Lost control,Inattentive,None,None,None,None,None,None,Yes,None,Yes,None,None,None,None,None,None,None,None,None,None,107,Oakwood Village,107,Oakwood Village (107),D13
12543,None,2016-05-20,1430,EGLINTON AVE W,OAKWOOD AVE,None,Major Arterial,North York,At Intersection,Traffic Signal,Clear,"Daylight, artificial",Dry,Non-Fatal Injury,Pedestrian Collisions,Driver,30 to 34,None,None,East,"Automobile, Station Wagon",Going Ahead,Driving Properly,Normal,None,None,None,None,None,None,Yes,None,Yes,None,None,None,None,None,None,None,None,None,None,107,Oakwood Village,107,Oakwood Village (107),D13
12544,None,2016-05-20,1430,EGLINTON AVE W,OAKWOOD AVE,None,Major Arterial,North York,At Intersection,Traffic Signal,Clear,"Daylight, artificial",Dry,Non-Fatal Injury,Pedestrian Collisions,Driver,55 to 59,None,None,East,"Automobile, Station Wagon",Parked,Other,Unknown,None,None,None,None,None,None,Yes,None,Yes,None,None,None,None,None,None,None,None,None,None,107,Oakwood Village,107,Oakwood Village (107),D13
12545,None,2016-05-20,1430,EGLINTON AVE W,OAKWOOD AVE,None,Major Arterial,North York,At Intersection,Traffic Signal,Clear,"Daylight, artificial",Dry,Non-Fatal Injury,Pedestrian Collisions,Pedestrian,70 to 74,Major,None,Unknown,None,None,None,None,Pedestrian hit on sidewalk or shoulder,On Sidewalk or Shoulder,Normal,None,None,None,Yes,None,Yes,None,None,None,None,None,None,None,None,None,None,107,Oakwood Village,107,Oakwood Village (107),D13
12546,None,2016-05-21,1300,REESOR RD,OLD FINCH AVE,400 m North ,Collector,Scarborough,Non Intersection,No Control,Clear,Daylight,Dry,Non-Fatal Injury,SMV Other,Motorcycle Driver,55 to 59,Major,None,North,Motorcycle,Going Ahead,Lost control,Normal,None,None,None,None,None,None,None,None,None,Yes,None,None,None,None,None,None,None,None,None,144,Morningside Heights,131,Rouge (131),D42
12547,None,2016-05-22,1815,DANFORTH AVE,PHARMACY AVE,None,Major Arterial,Scarborough,At Intersection,Traffic Signal,Clear,Daylight,Dry,Non-Fatal Injury,Pedestrian Collisions,Driver,20 to 24,None,None,West,"Automobile, Station Wagon",Going Ahead,Driving Properly,Normal,None,None,None,None,None,None,Yes,None,Yes,None,None,None,None,Yes,None,None,None,None,None,121,Oakridge,121,Oakridge (121),D41
12548,None,2016-05-22,1815,DANFORTH AVE,PHARMACY AVE,None,Major Arterial,Scarborough,At Intersection,Traffic Signal,Clear,Daylight,Dry,Non-Fatal Injury,Pedestrian Collisions,Passenger,20 to 24,None,None,None,None,None,None,None,None,None,None,None,None,None,Yes,None,Yes,None,None,None,None,Yes,None,None,None,None,None,121,Oakridge,121,Oakridge (121),D41
12549,None,2016-05-22,1815,DANFORTH AVE,PHARMACY AVE,None,Major Arterial,Scarborough,At Intersection,Traffic Signal,Clear,Daylight,Dry,Non-Fatal Injury,Pedestrian Collisions,Pedestrian,10 to 14,Major,None,South,None,None,None,None,Vehicle is going straight thru inter.while ped cross without ROW,Crossing without right of way,Normal,None,None,None,Yes,None,Yes,None,None,None,None,Yes,None,None,None,None,None,121,Oakridge,121,Oakridge (121),D41
12550,None,2016-05-24,1350,HIGHWAY 27  N,HUMBER COLLEGE BLVD,None,Major Arterial,Etobicoke York,Non Intersection,No Control,Clear,Daylight,Dry,Fatal,Rear End,Passenger,15 to 19,Minor,None,None,None,None,None,None,None,None,None,None,None,None,None,None,Yes,None,Yes,None,None,Yes,Yes,Yes,None,None,None,1,West Humber-Clairville,1,West Humber-Clairville (1),D23