_id,ACCNUM,DATE,TIME,STREET1,STREET2,OFFSET,ROAD_CLASS,DISTRICT,ACCLOC,TRAFFCTL,VISIBILITY,LIGHT,RDSFCOND,ACCLASS,IMPACTYPE,INVTYPE,INVAGE,INJURY,FATAL_NO,INITDIR,VEHTYPE,MANOEUVER,DRIVACT,DRIVCOND,PEDTYPE,PEDACT,PEDCOND,CYCLISTYPE,CYCACT,CYCCOND,PEDESTRIAN,CYCLIST,AUTOMOBILE,MOTORCYCLE,TRUCK,TRSN_CITY_VEH,EMERG_VEH,PASSENGER,SPEEDING,AG_DRIV,REDLIGHT,ALCOHOL,DISABILITY,HOOD_158,NEIGHBOURHOOD_158,HOOD_140,NEIGHBOURHOOD_140,DIVISION
12616,None,2016-06-03,1430,LAWRENCE AVE W,MARLEE AVE,None,Major Arterial,North York,At Intersection,Traffic Signal,Clear,Daylight,Dry,Non-Fatal Injury,Rear End,Passenger,65 to 69,None,None,None,None,None,None,None,None,None,None,None,None,None,None,None,Yes,None,None,None,None,Yes,None,Yes,None,None,None,31,Yorkdale-Glen Park,31,Yorkdale-Glen Park (31),D13
12617,None,2016-06-03,2131,BURNHAMTHORPE RD,THE EAST MALL,None,Major Arterial,Etobicoke York,At Intersection,Traffic Signal,Clear,"Dark, artificial",Dry,Non-Fatal Injury,Pedestrian Collisions,Driver,60 to 64,None,None,South,"Automobile, Station Wagon",Turning Right,Failed to Yield Right of Way,Normal,None,None,None,None,None,None,Yes,None,Yes,None,None,None,None,Yes,None,Yes,None,None,None,158,Islington,14,Islington-City Centre West (14),D22
12618,None,2016-06-03,2131,BURNHAMTHORPE RD,THE EAST MALL,None,Major Arterial,Etobicoke York,At Intersection,Traffic Signal,Clear,"Dark, artificial",Dry,Non-Fatal Injury,Pedestrian Collisions,Passenger,55 to 59,None,None,None,None,None,None,None,None,None,None,None,None,None,Yes,None,Yes,None,None,None,None,Yes,None,Yes,None,None,None,158,Islington,14,Islington-City Centre West (14),D22
12619,None,2016-06-03,2131,BURNHAMTHORPE RD,THE EAST MALL,None,Major Arterial,Etobicoke York,At Intersection,Traffic Signal,Clear,"Dark, artificial",Dry,Non-Fatal Injury,Pedestrian Collisions,Passenger,40 to 44,None,None,None,None,None,None,None,None,None,None,None,None,None,Yes,None,Yes,None,None,None,None,Yes,None,Yes,None,None,None,158,Islington,14,Islington-City Centre West (14),D22
12620,None,2016-06-03,2131,BURNHAMTHORPE RD,THE EAST MALL,None,Major Arterial,Etobicoke York,At Intersection,Traffic Signal,Clear,"Dark, artificial",Dry,Non-Fatal Injury,Pedestrian Collisions,Pedestrian,60 to 64,Minor,None,East,None,None,None,None,Vehicle turns right while ped crosses with ROW at inter.,Crossing with right of way,Normal,None,None,None,Yes,None,Yes,None,None,None,None,Yes,None,Yes,None,None,None,158,Islington,14,Islington-City Centre West (14),D22
12621,None,2016-06-03,2131,BURNHAMTHORPE RD,THE EAST MALL,None,Major Arterial,Etobicoke York,At Intersection,Traffic Signal,Clear,"Dark, artificial",Dry,Non-Fatal Injury,Pedestrian Collisions,Pedestrian,55 to 59,Major,None,East,None,None,None,None,Vehicle turns right while ped crosses with ROW at inter.,Crossing with right of way,Normal,None,None,None,Yes,None,Yes,None,None,None,None,Yes,None,Yes,None,None,None,158,Islington,14,Islington-City Centre West (14),D22
12622,None,2016-06-04,1525,PHARMACY AVE,JANET BLVD,37 m South o,Minor Arterial,Scarborough,Non Intersection,No Control,Clear,Daylight,Dry,Non-Fatal Injury,Pedestrian Collisions,Driver,30 to 34,None,None,North,"Automobile, Station Wagon",Going Ahead,Driving Properly,Normal,None,None,None,None,None,None,Yes,None,Yes,None,None,None,None,None,None,Yes,None,None,None,119,Wexford/Maryvale,119,Wexford/Maryvale (119),D41
12623,None,2016-06-04,1525,PHARMACY AVE,JANET BLVD,37 m South o,Minor Arterial,Scarborough,Non Intersection,No Control,Clear,Daylight,Dry,Non-Fatal Injury,Pedestrian Collisions,Pedestrian,25 to 29,Major,None,East,None,None,None,None,Pedestrian hit at mid-block,Running onto Roadway,Inattentive,None,None,None,Yes,None,Yes,None,None,None,None,None,None,Yes,None,None,None,119,Wexford/Maryvale,119,Wexford/Maryvale (119),D41
12624,None,2016-06-04,1822,LAKE SHORE BLVD W,DWIGHT AVE,None,Major Arterial,Etobicoke York,At Intersection,Stop Sign,Clear,Daylight,Dry,Non-Fatal Injury,Turning Movement,Driver,40 to 44,None,None,South,"Automobile, Station Wagon",Turning Left,Improper Turn,Normal,None,None,None,None,None,None,None,None,Yes,Yes,None,None,None,Yes,None,None,None,None,None,18,New Toronto,18,New Toronto (18),D22
12625,None,2016-06-04,1822,LAKE SHORE BLVD W,DWIGHT AVE,None,Major Arterial,Etobicoke York,At Intersection,Stop Sign,Clear,Daylight,Dry,Non-Fatal Injury,Turning Movement,Motorcycle Driver,40 to 44,None,None,West,Motorcycle,Going Ahead,Driving Properly,Normal,None,None,None,None,None,None,None,None,Yes,Yes,None,None,None,Yes,None,None,None,None,None,18,New Toronto,18,New Toronto (18),D22
12626,None,2016-06-04,1822,LAKE SHORE BLVD W,DWIGHT AVE,None,Major Arterial,Etobicoke York,At Intersection,Stop Sign,Clear,Daylight,Dry,Non-Fatal Injury,Turning Movement,Passenger,30 to 34,None,None,None,None,None,None,None,None,None,None,None,None,None,None,None,Yes,Yes,None,None,None,Yes,None,None,None,None,None,18,New Toronto,18,New Toronto (18),D22
12627,None,2016-06-04,1822,LAKE SHORE BLVD W,DWIGHT AVE,None,Major Arterial,Etobicoke York,At Intersection,Stop Sign,Clear,Daylight,Dry,Non-Fatal Injury,Turning Movement,Passenger,25 to 29,None,None,None,None,None,None,None,None,None,None,None,None,None,None,None,Yes,Yes,None,None,None,Yes,None,None,None,None,None,18,New Toronto,18,New Toronto (18),D22
12628,None,2016-06-04,1822,LAKE SHORE BLVD W,DWIGHT AVE,None,Major Arterial,Etobicoke York,At Intersection,Stop Sign,Clear,Daylight,Dry,Non-Fatal Injury,Turning Movement,Motorcycle Passenger,unknown,Major,None,None,None,None,None,None,None,None,None,None,None,None,None,None,Yes,Yes,None,None,None,Yes,None,None,None,None,None,18,New Toronto,18,New Toronto (18),D22
12629,None,2016-06-05,1937,UNIVERSITY AVE,FRONT ST W,9 m South of,Minor Arterial,Toronto and East York,Non Intersection,Stop Sign,Clear,"Dusk, artificial",Wet,Non-Fatal Injury,Rear End,Motorcycle Driver,25 to 29,Major,None,South,Motorcycle,Going Ahead,Following too Close,Normal,None,None,None,None,None,None,None,None,Yes,Yes,None,None,None,None,None,Yes,None,None,None,165,Harbourfront-CityPlace,77,Waterfront Communities-The Island (77),D52
12630,None,2016-06-05,1937,UNIVERSITY AVE,FRONT ST W,9 m South of,Minor Arterial,Toronto and East York,Non Intersection,Stop Sign,Clear,"Dusk, artificial",Wet,Non-Fatal Injury,Rear End,Driver,55 to 59,None,None,South,"Automobile, Station Wagon",Slowing or Stopping,Driving Properly,Normal,None,None,None,None,None,None,None,None,Yes,Yes,None,None,None,None,None,Yes,None,None,None,165,Harbourfront-CityPlace,77,Waterfront Communities-The Island (77),D52
12631,None,2016-06-06,1435,KENNEDY RD,EGLINTON AVE E,None,Major Arterial,Scarborough,At Intersection,Traffic Signal,Clear,Daylight,Dry,Fatal,Turning Movement,Passenger,65 to 69,Fatal,44,None,None,None,None,None,None,None,None,None,None,None,None,None,Yes,None,None,None,None,Yes,None,Yes,Yes,None,None,124,Kennedy Park,124,Kennedy Park (124),D41
12632,None,2016-06-06,1435,KENNEDY RD,EGLINTON AVE E,None,Major Arterial,Scarborough,At Intersection,Traffic Signal,Clear,Daylight,Dry,Fatal,Turning Movement,Driver,50 to 54,Minor,None,East,"Automobile, Station Wagon",Turning Left,Driving Properly,Normal,None,None,None,None,None,None,None,None,Yes,None,None,None,None,Yes,None,Yes,Yes,None,None,124,Kennedy Park,124,Kennedy Park (124),D41
12633,None,2016-06-06,1435,KENNEDY RD,EGLINTON AVE E,None,Major Arterial,Scarborough,At Intersection,Traffic Signal,Clear,Daylight,Dry,Fatal,Turning Movement,Driver,55 to 59,None,None,South,"Automobile, Station Wagon",Going Ahead,Disobeyed Traffic Control,Inattentive,None,None,None,None,None,None,None,None,Yes,None,None,None,None,Yes,None,Yes,Yes,None,None,124,Kennedy Park,124,Kennedy Park (124),D41
12634,None,2016-06-06,1435,KENNEDY RD,EGLINTON AVE E,None,Major Arterial,Scarborough,At Intersection,Traffic Signal,Clear,Daylight,Dry,Fatal,Turning Movement,Passenger,50 to 54,Minor,None,None,None,None,None,None,None,None,None,None,None,None,None,None,Yes,None,None,None,None,Yes,None,Yes,Yes,None,None,124,Kennedy Park,124,Kennedy Park (124),D41
12635,None,2016-06-06,1435,KENNEDY RD,EGLINTON AVE E,None,Major Arterial,Scarborough,At Intersection,Traffic Signal,Clear,Daylight,Dry,Fatal,Turning Movement,Passenger,50 to 54,Minimal,None,None,None,None,None,None,None,None,None,None,None,None,None,None,Yes,None,None,None,None,Yes,None,Yes,Yes,None,None,124,Kennedy Park,124,Kennedy Park (124),D41
12636,None,2016-06-08,1048,DON VALLEY PARKWAY  N,BAYVIEW BLOOR DVP N RAMP,120 m South ,None,Toronto and East York,Non Intersection,No Control,Clear,Daylight,Dry,Non-Fatal Injury,SMV Other,Motorcycle Driver,25 to 29,Major,None,North,Motorcycle,Going Ahead,Lost control,Inattentive,None,None,None,None,None,None,None,None,None,Yes,None,None,None,None,Yes,Yes,None,None,None,57,Broadview North,57,Broadview North (57),D55
12637,None,2016-06-09,837,ADELAIDE ST W,JOHN ST,None,Major Arterial,Toronto and East York,Intersection Related,Traffic Signal,Clear,Daylight,Dry,Non-Fatal Injury,Cyclist Collisions,Driver,50 to 54,None,None,East,"Automobile, Station Wagon",Turning Right,Improper Turn,Inattentive,None,None,None,None,None,None,None,Yes,Yes,None,None,None,None,None,None,None,None,None,None,164,Wellington Place,77,Waterfront Communities-The Island (77),D52
12638,None,2016-06-09,837,ADELAIDE ST W,JOHN ST,None,Major Arterial,Toronto and East York,Intersection Related,Traffic Signal,Clear,Daylight,Dry,Non-Fatal Injury,Cyclist Collisions,Cyclist,35 to 39,Major,None,East,Bicycle,Going Ahead,None,None,None,None,None,Motorist turning right on green or amber at signalized intersection strikes cyclist.,Driving Properly,Normal,None,Yes,Yes,None,None,None,None,None,None,None,None,None,None,164,Wellington Place,77,Waterfront Communities-The Island (77),D52
12639,None,2016-06-09,1030,VICTORIA ST,SHUTER ST,58 m South o,Collector,Toronto and East York,Non Intersection,No Control,Clear,Daylight,Dry,Non-Fatal Injury,Pedestrian Collisions,Driver,60 to 64,None,None,South,Passenger Van,Going Ahead,Driving Properly,Normal,None,None,None,None,None,None,Yes,None,Yes,None,None,None,None,None,None,None,None,None,None,168,Downtown Yonge East,75,Church-Yonge Corridor (75),D51
12640,None,2016-06-09,1030,VICTORIA ST,SHUTER ST,58 m South o,Collector,Toronto and East York,Non Intersection,No Control,Clear,Daylight,Dry,Non-Fatal Injury,Pedestrian Collisions,Pedestrian,80 to 84,Major,None,Unknown,None,None,None,None,Pedestrian hit at mid-block,Walking on Roadway with Traffic,Inattentive,None,None,None,Yes,None,Yes,None,None,None,None,None,None,None,None,None,None,168,Downtown Yonge East,75,Church-Yonge Corridor (75),D51
12641,None,2016-06-12,2223,BLOOR ST W,ISLINGTON AVE,None,Major Arterial,Etobicoke York,At Intersection,Traffic Signal,Clear,"Dark, artificial",Dry,Non-Fatal Injury,Angle,Driver,50 to 54,Major,None,North,"Automobile, Station Wagon",Going Ahead,Disobeyed Traffic Control,Inattentive,None,None,None,None,None,None,None,None,Yes,None,None,None,None,Yes,None,Yes,Yes,None,None,16,Stonegate-Queensway,16,Stonegate-Queensway (16),D22
12642,None,2016-06-12,2223,BLOOR ST W,ISLINGTON AVE,None,Major Arterial,Etobicoke York,At Intersection,Traffic Signal,Clear,"Dark, artificial",Dry,Non-Fatal Injury,Angle,Driver,40 to 44,Minor,None,East,"Automobile, Station Wagon",Going Ahead,Driving Properly,Normal,None,None,None,None,None,None,None,None,Yes,None,None,None,None,Yes,None,Yes,Yes,None,None,16,Stonegate-Queensway,16,Stonegate-Queensway (16),D22
12643,None,2016-06-12,2223,BLOOR ST W,ISLINGTON AVE,None,Major Arterial,Etobicoke York,At Intersection,Traffic Signal,Clear,"Dark, artificial",Dry,Non-Fatal Injury,Angle,Passenger,55 to 59,Major,None,None,None,None,None,None,None,None,None,None,None,None,None,None,Yes,None,None,None,None,Yes,None,Yes,Yes,None,None,16,Stonegate-Queensway,16,Stonegate-Queensway (16),D22
12644,None,2016-06-14,1246,58 THE ESPLANADE,None,45 m West of,Collector,Toronto and East York,Non Intersection,No Control,Clear,Daylight,Dry,Non-Fatal Injury,Cyclist Collisions,Cyclist,30 to 34,Major,None,West,Bicycle,Pulling Onto Shoulder or towardCurb,None,None,None,None,None,Cyclist and Driver travelling in same direction. One vehicle rear-ended the other.,Following too Close,Normal,None,Yes,Yes,None,None,None,None,None,None,None,None,None,None,166,St Lawrence-East Bayfront-The Islands,77,Waterfront Communities-The Island (77),D51
12645,None,2016-06-14,1246,58 THE ESPLANADE,None,45 m West of,Collector,Toronto and East York,Non Intersection,No Control,Clear,Daylight,Dry,Non-Fatal Injury,Cyclist Collisions,Driver,25 to 29,None,None,West,"Automobile, Station Wagon",Going Ahead,Driving Properly,Normal,None,None,None,None,None,None,None,Yes,Yes,None,None,None,None,None,None,None,None,None,None,166,St Lawrence-East Bayfront-The Islands,77,Waterfront Communities-The Island (77),D51
12646,None,2016-06-14,1415,BREMNER BLVD,SPADINA AVE,None,Minor Arterial,Toronto and East York,Non Intersection,No Control,Clear,Daylight,Dry,Fatal,Pedestrian Collisions,Driver,45 to 49,None,None,West,"Automobile, Station Wagon",Going Ahead,Lost control,Inattentive,None,None,None,None,None,None,Yes,None,Yes,None,None,None,None,None,None,Yes,None,None,None,165,Harbourfront-CityPlace,77,Waterfront Communities-The Island (77),D52
12647,None,2016-06-14,1415,BREMNER BLVD,SPADINA AVE,None,Minor Arterial,Toronto and East York,Non Intersection,No Control,Clear,Daylight,Dry,Fatal,Pedestrian Collisions,Pedestrian,35 to 39,Fatal,36,Unknown,None,None,None,None,Pedestrian hit on sidewalk or shoulder,On Sidewalk or Shoulder,Unknown,None,None,None,Yes,None,Yes,None,None,None,None,None,None,Yes,None,None,None,165,Harbourfront-CityPlace,77,Waterfront Communities-The Island (77),D52
12648,None,2016-06-14,1415,BREMNER BLVD,SPADINA AVE,None,Minor Arterial,Toronto and East York,Non Intersection,No Control,Clear,Daylight,Dry,Fatal,Pedestrian Collisions,Pedestrian,35 to 39,Minimal,None,Unknown,None,None,None,None,Pedestrian hit on sidewalk or shoulder,On Sidewalk or Shoulder,Unknown,None,None,None,Yes,None,Yes,None,None,None,None,None,None,Yes,None,None,None,165,Harbourfront-CityPlace,77,Waterfront Communities-The Island (77),D52
12649,None,2016-06-15,37,LAWRENCE AVE E,VALPARAISO AVE,None,Major Arterial,Scarborough,Non Intersection,No Control,Clear,"Dark, artificial",Dry,Fatal,Pedestrian Collisions,Pedestrian,70 to 74,Fatal,37,South,None,None,None,None,Pedestrian hit at mid-block,"Crossing, no Traffic Control",Had Been Drinking,None,None,None,Yes,None,Yes,None,None,None,None,None,None,None,None,None,None,157,Bendale South,127,Bendale (127),D43
12650,None,2016-06-15,37,LAWRENCE AVE E,VALPARAISO AVE,None,Major Arterial,Scarborough,Non Intersection,No Control,Clear,"Dark, artificial",Dry,Fatal,Pedestrian Collisions,Driver,65 to 69,Minor,None,East,"Automobile, Station Wagon",Going Ahead,Driving Properly,Normal,None,None,None,None,None,None,Yes,None,Yes,None,None,None,None,None,None,None,None,None,None,157,Bendale South,127,Bendale (127),D43
12651,None,2016-06-15,1231,YONGE ST,ADELAIDE ST E,11 m North o,Major Arterial,Toronto and East York,Intersection Related,Traffic Controller,Clear,Daylight,Dry,Non-Fatal Injury,Rear End,Motorcycle Driver,50 to 54,Major,None,North,Motorcycle,Going Ahead,Following too Close,Normal,None,None,None,None,None,None,None,None,Yes,Yes,None,None,None,None,None,Yes,None,None,None,168,Downtown Yonge East,75,Church-Yonge Corridor (75),D51
12652,None,2016-06-15,1231,YONGE ST,ADELAIDE ST E,11 m North o,Major Arterial,Toronto and East York,Intersection Related,Traffic Controller,Clear,Daylight,Dry,Non-Fatal Injury,Rear End,Driver,40 to 44,None,None,North,Pick Up Truck,Slowing or Stopping,Driving Properly,Normal,None,None,None,None,None,None,None,None,Yes,Yes,None,None,None,None,None,Yes,None,None,None,168,Downtown Yonge East,75,Church-Yonge Corridor (75),D51
12653,None,2016-06-15,1644,FINCH AVE E,GARVIN  MEWS,143 m West o,Major Arterial,North York,Non Intersection,No Control,Clear,Daylight,Dry,Non-Fatal Injury,Pedestrian Collisions,Driver,40 to 44,None,None,West,"Automobile, Station Wagon",Going Ahead,Driving Properly,Normal,None,None,None,None,None,None,Yes,None,Yes,None,None,None,None,None,None,None,None,None,None,152,East Willowdale,51,Willowdale East (51),D32
12654,None,2016-06-15,1644,FINCH AVE E,GARVIN  MEWS,143 m West o,Major Arterial,North York,Non Intersection,No Control,Clear,Daylight,Dry,Non-Fatal Injury,Pedestrian Collisions,Pedestrian,20 to 24,Major,None,North,None,None,None,None,Pedestrian hit at mid-block,Running onto Roadway,Normal,None,None,None,Yes,None,Yes,None,None,None,None,None,None,None,None,None,None,152,East Willowdale,51,Willowdale East (51),D32
12655,None,2016-06-17,303,DANFORTH RD,ST CLAIR AVE E,92.1 m south,Minor Arterial,Scarborough,Non Intersection,No Control,Clear,"Dark, artificial",Dry,Fatal,Pedestrian Collisions,Pedestrian,20 to 24,Fatal,38,North,None,None,None,None,Pedestrian hit at mid-block,Running onto Roadway,Other,None,None,None,Yes,None,Yes,None,None,None,None,None,None,None,None,None,None,120,Clairlea-Birchmount,120,Clairlea-Birchmount (120),D41
12656,None,2016-06-17,303,DANFORTH RD,ST CLAIR AVE E,92.1 m south,Minor Arterial,Scarborough,Non Intersection,No Control,Clear,"Dark, artificial",Dry,Fatal,Pedestrian Collisions,Driver,unknown,None,None,South,"Automobile, Station Wagon",Going Ahead,Other,Unknown,None,None,None,None,None,None,Yes,None,Yes,None,None,None,None,None,None,None,None,None,None,120,Clairlea-Birchmount,120,Clairlea-Birchmount (120),D41
12657,None,2016-06-17,855,DUFFERIN ST,CLOVERLAWN AVE,None,Major Arterial,Toronto and East York,Intersection Related,No Control,Clear,Daylight,Dry,Non-Fatal Injury,Pedestrian Collisions,Driver,20 to 24,None,None,South,"Bus (Other) (Go Bus, Gray Coa",Turning Left,Failed to Yield Right of Way,Inattentive,None,None,None,None,None,None,Yes,None,None,None,None,Yes,None,None,None,Yes,None,None,None,92,Corso Italia-Davenport,92,Corso Italia-Davenport (92),D13
12658,None,2016-06-17,855,DUFFERIN ST,CLOVERLAWN AVE,None,Major Arterial,Toronto and East York,Intersection Related,No Control,Clear,Daylight,Dry,Non-Fatal Injury,Pedestrian Collisions,Pedestrian,75 to 79,Major,None,Unknown,None,None,None,None,Vehicle turns left while ped crosses with ROW at inter.,Crossing with right of way,Normal,None,None,None,Yes,None,None,None,None,Yes,None,None,None,Yes,None,None,None,92,Corso Italia-Davenport,92,Corso Italia-Davenport (92),D13
12659,None,2016-06-17,1737,CALEDONIA RD,CASTLEFIELD AVE,35 m North o,Minor Arterial,North York,Non Intersection,No Control,Clear,Daylight,Dry,Non-Fatal Injury,Turning Movement,Motorcycle Driver,20 to 24,Major,None,North,Motorcycle,Going Ahead,Exceeding Speed Limit,Normal,None,None,None,None,None,None,None,None,Yes,Yes,None,None,None,None,Yes,Yes,None,None,None,108,Briar Hill-Belgravia,108,Briar Hill-Belgravia (108),D13
12660,None,2016-06-17,1737,CALEDONIA RD,CASTLEFIELD AVE,35 m North o,Minor Arterial,North York,Non Intersection,No Control,Clear,Daylight,Dry,Non-Fatal Injury,Turning Movement,Driver,40 to 44,None,None,West,"Automobile, Station Wagon",Turning Right,Driving Properly,Normal,None,None,None,None,None,None,None,None,Yes,Yes,None,None,None,None,Yes,Yes,None,None,None,108,Briar Hill-Belgravia,108,Briar Hill-Belgravia (108),D13
12661,None,2016-06-19,20,ELLESMERE RD,WARDEN AVE,None,Major Arterial,Scarborough,Intersection Related,Traffic Signal,Clear,"Dark, artificial",Dry,Non-Fatal Injury,Angle,Driver,20 to 24,Minor,None,West,"Automobile, Station Wagon",Going Ahead,Disobeyed Traffic Control,Normal,None,None,None,None,None,None,None,None,Yes,None,None,None,None,Yes,None,Yes,Yes,None,None,119,Wexford/Maryvale,119,Wexford/Maryvale (119),D41
12662,None,2016-06-19,20,ELLESMERE RD,WARDEN AVE,None,Major Arterial,Scarborough,Intersection Related,Traffic Signal,Clear,"Dark, artificial",Dry,Non-Fatal Injury,Angle,Driver,75 to 79,Minor,None,North,"Automobile, Station Wagon",Going Ahead,Driving Properly,Inattentive,None,None,None,None,None,None,None,None,Yes,None,None,None,None,Yes,None,Yes,Yes,None,None,119,Wexford/Maryvale,119,Wexford/Maryvale (119),D41
12663,None,2016-06-19,20,ELLESMERE RD,WARDEN AVE,None,Major Arterial,Scarborough,Intersection Related,Traffic Signal,Clear,"Dark, artificial",Dry,Non-Fatal Injury,Angle,Driver,30 to 34,None,None,South,"Automobile, Station Wagon",Stopped,Driving Properly,Normal,None,None,None,None,None,None,None,None,Yes,None,None,None,None,Yes,None,Yes,Yes,None,None,119,Wexford/Maryvale,119,Wexford/Maryvale (119),D41
12664,None,2016-06-19,20,ELLESMERE RD,WARDEN AVE,None,Major Arterial,Scarborough,Intersection Related,Traffic Signal,Clear,"Dark, artificial",Dry,Non-Fatal Injury,Angle,Passenger,75 to 79,Minor,None,None,None,None,None,None,None,None,None,None,None,None,None,None,Yes,None,None,None,None,Yes,None,Yes,Yes,None,None,119,Wexford/Maryvale,119,Wexford/Maryvale (119),D41
12665,None,2016-06-19,20,ELLESMERE RD,WARDEN AVE,None,Major Arterial,Scarborough,Intersection Related,Traffic Signal,Clear,"Dark, artificial",Dry,Non-Fatal Injury,Angle,Passenger,65 to 69,Minor,None,None,None,None,None,None,None,None,None,None,None,None,None,None,Yes,None,None,None,None,Yes,None,Yes,Yes,None,None,119,Wexford/Maryvale,119,Wexford/Maryvale (119),D41
12666,None,2016-06-19,20,ELLESMERE RD,WARDEN AVE,None,Major Arterial,Scarborough,Intersection Related,Traffic Signal,Clear,"Dark, artificial",Dry,Non-Fatal Injury,Angle,Passenger,65 to 69,Major,None,None,None,None,None,None,None,None,None,None,None,None,None,None,Yes,None,None,None,None,Yes,None,Yes,Yes,None,None,119,Wexford/Maryvale,119,Wexford/Maryvale (119),D41
12667,None,2016-06-19,20,ELLESMERE RD,WARDEN AVE,None,Major Arterial,Scarborough,Intersection Related,Traffic Signal,Clear,"Dark, artificial",Dry,Non-Fatal Injury,Angle,Passenger,25 to 29,None,None,None,None,None,None,None,None,None,None,None,None,None,None,None,Yes,None,None,None,None,Yes,None,Yes,Yes,None,None,119,Wexford/Maryvale,119,Wexford/Maryvale (119),D41
12668,None,2016-06-20,910,540 BRIMLEY RD,None,1 m North of,Major Arterial,Scarborough,At/Near Private Drive,No Control,Clear,Daylight,Dry,Non-Fatal Injury,Turning Movement,Driver,55 to 59,None,None,North,"Automobile, Station Wagon",Turning Left,Improper Turn,Normal,None,None,None,None,None,None,None,None,Yes,Yes,None,None,None,None,None,None,None,None,None,138,Eglinton East,138,Eglinton East (138),D41
12669,None,2016-06-20,910,540 BRIMLEY RD,None,1 m North of,Major Arterial,Scarborough,At/Near Private Drive,No Control,Clear,Daylight,Dry,Non-Fatal Injury,Turning Movement,Motorcycle Driver,30 to 34,Major,None,South,Motorcycle,Going Ahead,Driving Properly,Normal,None,None,None,None,None,None,None,None,Yes,Yes,None,None,None,None,None,None,None,None,None,138,Eglinton East,138,Eglinton East (138),D41
12670,None,2016-06-20,1307,ORMEROD ST,VERNE CRES,32 m East of,Local,Scarborough,Intersection Related,No Control,Clear,Daylight,Dry,Non-Fatal Injury,Cyclist Collisions,Driver,50 to 54,None,None,West,"Automobile, Station Wagon",Overtaking,Improper Passing,Normal,None,None,None,None,None,None,None,Yes,Yes,None,None,None,None,None,None,Yes,None,None,None,145,Malvern West,132,Malvern (132),D42
12671,None,2016-06-20,1307,ORMEROD ST,VERNE CRES,32 m East of,Local,Scarborough,Intersection Related,No Control,Clear,Daylight,Dry,Non-Fatal Injury,Cyclist Collisions,Cyclist,65 to 69,Major,None,West,Bicycle,Turning Left,None,None,None,None,None,Cyclist turned left across motorists path.,Improper Turn,Normal,None,Yes,Yes,None,None,None,None,None,None,Yes,None,None,None,145,Malvern West,132,Malvern (132),D42
12672,None,2016-06-21,1621,81 JANRAY DR,None,None,Local,Scarborough,Private Driveway,No Control,Clear,Daylight,Dry,Non-Fatal Injury,Pedestrian Collisions,Driver,30 to 34,None,None,East,"Automobile, Station Wagon",Reversing,Other,Unknown,None,None,None,None,None,None,Yes,None,Yes,None,None,None,None,None,None,None,None,None,None,141,Golfdale-Cedarbrae-Woburn,137,Woburn (137),D43
12673,None,2016-06-21,1621,81 JANRAY DR,None,None,Local,Scarborough,Private Driveway,No Control,Clear,Daylight,Dry,Non-Fatal Injury,Pedestrian Collisions,Pedestrian,30 to 34,Major,None,Unknown,None,None,None,None,Pedestrian hit at private driveway,Other,"Ability Impaired, Alcohol",None,None,None,Yes,None,Yes,None,None,None,None,None,None,None,None,None,None,141,Golfdale-Cedarbrae-Woburn,137,Woburn (137),D43
12674,None,2016-06-21,2030,SHEPPARD AVE W,NORTHOVER ST,100 m West o,Major Arterial,Etobicoke York,Non Intersection,No Control,Clear,Daylight,Dry,Non-Fatal Injury,Rear End,Driver,20 to 24,Major,None,East,"Automobile, Station Wagon",Stopped,Following too Close,Inattentive,None,None,None,None,None,None,None,None,Yes,None,None,None,None,None,None,Yes,None,None,None,25,Glenfield-Jane Heights,25,Glenfield-Jane Heights (25),D31
12675,None,2016-06-21,2030,SHEPPARD AVE W,NORTHOVER ST,100 m West o,Major Arterial,Etobicoke York,Non Intersection,No Control,Clear,Daylight,Dry,Non-Fatal Injury,Rear End,Driver,65 to 69,Minor,None,East,"Automobile, Station Wagon",Slowing or Stopping,Driving Properly,Normal,None,None,None,None,None,None,None,None,Yes,None,None,None,None,None,None,Yes,None,None,None,25,Glenfield-Jane Heights,25,Glenfield-Jane Heights (25),D31
12676,None,2016-06-22,655,DYNEVOR RD,KIRKNEWTON RD,None,Local,Toronto and East York,Non Intersection,No Control,Clear,Daylight,Dry,Fatal,Pedestrian Collisions,Pedestrian,65 to 69,Fatal,39,Unknown,None,None,None,None,Pedestrian hit at mid-block,Other,Normal,None,None,None,Yes,None,Yes,None,None,None,None,Yes,None,None,None,None,None,109,Caledonia-Fairbank,109,Caledonia-Fairbank (109),D13
12677,None,2016-06-22,655,DYNEVOR RD,KIRKNEWTON RD,None,Local,Toronto and East York,Non Intersection,No Control,Clear,Daylight,Dry,Fatal,Pedestrian Collisions,Driver,25 to 29,None,None,East,Delivery Van,Going Ahead,Other,Normal,None,None,None,None,None,None,Yes,None,Yes,None,None,None,None,Yes,None,None,None,None,None,109,Caledonia-Fairbank,109,Caledonia-Fairbank (109),D13
12678,None,2016-06-22,655,DYNEVOR RD,KIRKNEWTON RD,None,Local,Toronto and East York,Non Intersection,No Control,Clear,Daylight,Dry,Fatal,Pedestrian Collisions,Passenger,30 to 34,None,None,None,None,None,None,None,None,None,None,None,None,None,Yes,None,Yes,None,None,None,None,Yes,None,None,None,None,None,109,Caledonia-Fairbank,109,Caledonia-Fairbank (109),D13