_id,ACCNUM,DATE,TIME,STREET1,STREET2,OFFSET,ROAD_CLASS,DISTRICT,ACCLOC,TRAFFCTL,VISIBILITY,LIGHT,RDSFCOND,ACCLASS,IMPACTYPE,INVTYPE,INVAGE,INJURY,FATAL_NO,INITDIR,VEHTYPE,MANOEUVER,DRIVACT,DRIVCOND,PEDTYPE,PEDACT,PEDCOND,CYCLISTYPE,CYCACT,CYCCOND,PEDESTRIAN,CYCLIST,AUTOMOBILE,MOTORCYCLE,TRUCK,TRSN_CITY_VEH,EMERG_VEH,PASSENGER,SPEEDING,AG_DRIV,REDLIGHT,ALCOHOL,DISABILITY,HOOD_158,NEIGHBOURHOOD_158,HOOD_140,NEIGHBOURHOOD_140,DIVISION
12679,None,2016-06-22,655,DYNEVOR RD,KIRKNEWTON RD,None,Local,Toronto and East York,Non Intersection,No Control,Clear,Daylight,Dry,Fatal,Pedestrian Collisions,Passenger,25 to 29,None,None,None,None,None,None,None,None,None,None,None,None,None,Yes,None,Yes,None,None,None,None,Yes,None,None,None,None,None,109,Caledonia-Fairbank,109,Caledonia-Fairbank (109),D13
12680,None,2016-06-22,1305,SHEPPARD AVE E,PROVOST DR,None,Major Arterial,North York,At Intersection,Traffic Signal,Clear,Daylight,Dry,Non-Fatal Injury,Pedestrian Collisions,Driver,85 to 89,None,None,North,"Automobile, Station Wagon",Turning Left,Improper Turn,Inattentive,None,None,None,None,None,None,Yes,None,Yes,None,None,None,None,None,None,None,None,None,None,52,Bayview Village,52,Bayview Village (52),D33
12681,None,2016-06-22,1305,SHEPPARD AVE E,PROVOST DR,None,Major Arterial,North York,At Intersection,Traffic Signal,Clear,Daylight,Dry,Non-Fatal Injury,Pedestrian Collisions,Pedestrian,35 to 39,Major,None,Unknown,None,None,None,None,Vehicle turns left while ped crosses with ROW at inter.,Crossing with right of way,Normal,None,None,None,Yes,None,Yes,None,None,None,None,None,None,None,None,None,None,52,Bayview Village,52,Bayview Village (52),D33
12682,None,2016-06-22,2315,120 BEVERLY HILLS DR,None,65 m South o,Collector,Etobicoke York,Non Intersection,No Control,Clear,"Dark, artificial",Dry,Non-Fatal Injury,Pedestrian Collisions,Driver,25 to 29,None,None,South,"Automobile, Station Wagon",Going Ahead,Driving Properly,Normal,None,None,None,None,None,None,Yes,None,Yes,None,None,None,None,Yes,None,None,None,None,None,154,Oakdale-Beverley Heights,26,Downsview-Roding-CFB (26),D31
12683,None,2016-06-22,2315,120 BEVERLY HILLS DR,None,65 m South o,Collector,Etobicoke York,Non Intersection,No Control,Clear,"Dark, artificial",Dry,Non-Fatal Injury,Pedestrian Collisions,Passenger,30 to 34,None,None,None,None,None,None,None,None,None,None,None,None,None,Yes,None,Yes,None,None,None,None,Yes,None,None,None,None,None,154,Oakdale-Beverley Heights,26,Downsview-Roding-CFB (26),D31
12684,None,2016-06-22,2315,120 BEVERLY HILLS DR,None,65 m South o,Collector,Etobicoke York,Non Intersection,No Control,Clear,"Dark, artificial",Dry,Non-Fatal Injury,Pedestrian Collisions,Pedestrian,10 to 14,Major,None,East,None,None,None,None,Vehicle hits the pedestrian walking or running out from between parked vehicles at mid-block,"Crossing, no Traffic Control",Inattentive,None,None,None,Yes,None,Yes,None,None,None,None,Yes,None,None,None,None,None,154,Oakdale-Beverley Heights,26,Downsview-Roding-CFB (26),D31
12685,None,2016-06-23,1949,DUNDAS ST W,SHORNCLIFFE RD,None,Major Arterial,Etobicoke York,At Intersection,Traffic Controller,Clear,Daylight,Dry,Non-Fatal Injury,Pedestrian Collisions,Truck Driver,35 to 39,None,None,North,"Truck - Closed (Blazer, etc)",Turning Left,Failed to Yield Right of Way,Normal,None,None,None,None,None,None,Yes,None,None,None,Yes,None,None,None,None,Yes,None,None,None,159,Etobicoke City Centre,14,Islington-City Centre West (14),D22
12686,None,2016-06-23,1949,DUNDAS ST W,SHORNCLIFFE RD,None,Major Arterial,Etobicoke York,At Intersection,Traffic Controller,Clear,Daylight,Dry,Non-Fatal Injury,Pedestrian Collisions,Pedestrian,65 to 69,Major,None,South,None,None,None,None,Vehicle turns left while ped crosses with ROW at inter.,Crossing with right of way,Normal,None,None,None,Yes,None,None,None,Yes,None,None,None,None,Yes,None,None,None,159,Etobicoke City Centre,14,Islington-City Centre West (14),D22
12687,None,2016-06-24,707,THE QUEENSWAY,427 C S QUEENSWAY RAMP,200 m West o,Major Arterial,Etobicoke York,Non Intersection,No Control,Clear,Daylight,Dry,Non-Fatal Injury,SMV Other,Motorcycle Driver,30 to 34,Major,None,East,Motorcycle,Going Ahead,Speed too Fast For Condition,Unknown,None,None,None,None,None,None,None,None,None,Yes,None,None,None,None,Yes,Yes,None,None,None,159,Etobicoke City Centre,14,Islington-City Centre West (14),D22
12688,None,2016-06-24,1445,720 RENFORTH DR,None,3 m South of,Minor Arterial,Etobicoke York,At/Near Private Drive,Pedestrian Crossover,Clear,Daylight,Dry,Non-Fatal Injury,Pedestrian Collisions,Driver,20 to 24,None,None,South,"Automobile, Station Wagon",Going Ahead,Disobeyed Traffic Control,Normal,None,None,None,None,None,None,Yes,None,Yes,None,None,None,None,None,None,Yes,None,None,None,11,Eringate-Centennial-West Deane,11,Eringate-Centennial-West Deane (11),D22
12689,None,2016-06-24,1445,720 RENFORTH DR,None,3 m South of,Minor Arterial,Etobicoke York,At/Near Private Drive,Pedestrian Crossover,Clear,Daylight,Dry,Non-Fatal Injury,Pedestrian Collisions,Pedestrian,15 to 19,Major,None,Unknown,None,None,None,None,Pedestrian hit a PXO/ped. Mid-block signal,"Crossing, Pedestrian Crossover",Normal,None,None,None,Yes,None,Yes,None,None,None,None,None,None,Yes,None,None,None,11,Eringate-Centennial-West Deane,11,Eringate-Centennial-West Deane (11),D22
12690,None,2016-06-26,1300,MCCOWAN RD,MCNICOLL AVE,None,Major Arterial,Scarborough,At Intersection,Traffic Signal,Clear,Daylight,Dry,Non-Fatal Injury,Sideswipe,Driver,70 to 74,Major,None,North,"Automobile, Station Wagon",Changing Lanes,Improper Lane Change,Inattentive,None,None,None,None,None,None,None,None,Yes,None,None,None,None,Yes,None,None,None,None,None,130,Milliken,130,Milliken (130),D42
12691,None,2016-06-26,1300,MCCOWAN RD,MCNICOLL AVE,None,Major Arterial,Scarborough,At Intersection,Traffic Signal,Clear,Daylight,Dry,Non-Fatal Injury,Sideswipe,Driver,55 to 59,None,None,North,"Automobile, Station Wagon",Going Ahead,Driving Properly,Normal,None,None,None,None,None,None,None,None,Yes,None,None,None,None,Yes,None,None,None,None,None,130,Milliken,130,Milliken (130),D42
12692,None,2016-06-26,1300,MCCOWAN RD,MCNICOLL AVE,None,Major Arterial,Scarborough,At Intersection,Traffic Signal,Clear,Daylight,Dry,Non-Fatal Injury,Sideswipe,Driver,45 to 49,None,None,West,"Automobile, Station Wagon",Slowing or Stopping,Driving Properly,Normal,None,None,None,None,None,None,None,None,Yes,None,None,None,None,Yes,None,None,None,None,None,130,Milliken,130,Milliken (130),D42
12693,None,2016-06-26,1300,MCCOWAN RD,MCNICOLL AVE,None,Major Arterial,Scarborough,At Intersection,Traffic Signal,Clear,Daylight,Dry,Non-Fatal Injury,Sideswipe,Passenger,65 to 69,None,None,None,"Automobile, Station Wagon",None,None,None,None,None,None,None,None,None,None,None,Yes,None,None,None,None,Yes,None,None,None,None,None,130,Milliken,130,Milliken (130),D42
12694,None,2016-06-26,1948,PARKSIDE DR,SPRING RD,None,Major Arterial,Toronto and East York,Intersection Related,Traffic Signal,Clear,Daylight,Dry,Non-Fatal Injury,Pedestrian Collisions,Driver,60 to 64,None,None,South,"Automobile, Station Wagon",Going Ahead,Driving Properly,Normal,None,None,None,None,None,None,Yes,None,Yes,None,None,None,None,None,None,None,None,None,None,87,High Park-Swansea,87,High Park-Swansea (87),D11
12695,None,2016-06-26,1948,PARKSIDE DR,SPRING RD,None,Major Arterial,Toronto and East York,Intersection Related,Traffic Signal,Clear,Daylight,Dry,Non-Fatal Injury,Pedestrian Collisions,Pedestrian,15 to 19,Major,None,East,None,None,None,None,Vehicle is going straight thru inter.while ped cross without ROW,Crossing without right of way,Had Been Drinking,None,None,None,Yes,None,Yes,None,None,None,None,None,None,None,None,None,None,87,High Park-Swansea,87,High Park-Swansea (87),D11
12696,None,2016-06-27,1745,DON MILLS RD,HELEN LU  RD,None,Major Arterial,North York,Intersection Related,Traffic Signal,Clear,Daylight,Dry,Non-Fatal Injury,Turning Movement,Driver,50 to 54,None,None,South,"Automobile, Station Wagon",Turning Left,Improper Turn,Inattentive,None,None,None,None,None,None,None,None,Yes,Yes,None,None,None,None,None,None,None,None,None,53,Henry Farm,53,Henry Farm (53),D33
12697,None,2016-06-27,1745,DON MILLS RD,HELEN LU  RD,None,Major Arterial,North York,Intersection Related,Traffic Signal,Clear,Daylight,Dry,Non-Fatal Injury,Turning Movement,Motorcycle Driver,50 to 54,Major,None,North,Motorcycle,Going Ahead,Driving Properly,Normal,None,None,None,None,None,None,None,None,Yes,Yes,None,None,None,None,None,None,None,None,None,53,Henry Farm,53,Henry Farm (53),D33
12698,None,2016-06-29,1908,99 HUMBER BLVD,None,None,Collector,Etobicoke York,At Intersection,No Control,Clear,Daylight,Dry,Non-Fatal Injury,Cyclist Collisions,Cyclist,10 to 14,Major,None,West,Bicycle,Going Ahead,None,None,None,None,None,"Cyclist without ROW rides into path of motorist at inter, lnwy, dwy-Cyclist not turn.",Failed to Yield Right of Way,Normal,None,Yes,Yes,None,None,None,None,None,None,None,None,None,None,111,Rockcliffe-Smythe,111,Rockcliffe-Smythe (111),D12
12699,None,2016-06-29,1908,99 HUMBER BLVD,None,None,Collector,Etobicoke York,At Intersection,No Control,Clear,Daylight,Dry,Non-Fatal Injury,Cyclist Collisions,Driver,35 to 39,None,None,North,Pick Up Truck,Going Ahead,Driving Properly,Normal,None,None,None,None,None,None,None,Yes,Yes,None,None,None,None,None,None,None,None,None,None,111,Rockcliffe-Smythe,111,Rockcliffe-Smythe (111),D12
12700,None,2016-06-29,2050,ALBION RD,SILVERSTONE DR,75 m East of,Major Arterial,Etobicoke York,Non Intersection,No Control,Clear,"Dusk, artificial",Dry,Non-Fatal Injury,SMV Other,Driver,65 to 69,Major,None,West,"Automobile, Station Wagon",Going Ahead,Lost control,Fatigue,None,None,None,None,None,None,None,None,Yes,None,None,None,None,None,None,None,None,None,None,1,West Humber-Clairville,1,West Humber-Clairville (1),D23
12701,None,2016-06-30,1143,JANE ST,WILSON AVE,5 m South of,Major Arterial,Etobicoke York,Intersection Related,Traffic Signal,Clear,Daylight,Dry,Non-Fatal Injury,Cyclist Collisions,Cyclist,20 to 24,Major,None,East,Bicycle,Going Ahead,None,None,None,None,None,Motorist turning right on green or amber at signalized intersection strikes cyclist.,Driving Properly,Normal,None,Yes,None,None,Yes,None,None,None,None,None,None,None,None,154,Oakdale-Beverley Heights,26,Downsview-Roding-CFB (26),D31
12702,None,2016-06-30,1143,JANE ST,WILSON AVE,5 m South of,Major Arterial,Etobicoke York,Intersection Related,Traffic Signal,Clear,Daylight,Dry,Non-Fatal Injury,Cyclist Collisions,Truck Driver,30 to 34,None,None,East,"Truck - Closed (Blazer, etc)",Turning Right,Other,Normal,None,None,None,None,None,None,None,Yes,None,None,Yes,None,None,None,None,None,None,None,None,154,Oakdale-Beverley Heights,26,Downsview-Roding-CFB (26),D31
12703,None,2016-07-01,405,F G GARDINER XY  E,DON VALLEY PARKWAY  N,None,Major Arterial,Toronto and East York,Non Intersection,No Control,Clear,"Dark, artificial",Dry,Non-Fatal Injury,SMV Other,Motorcycle Driver,35 to 39,Major,None,East,Motorcycle,Going Ahead,Lost control,Fatigue,None,None,None,None,None,None,None,None,None,Yes,None,None,None,None,None,None,None,None,None,166,St Lawrence-East Bayfront-The Islands,77,Waterfront Communities-The Island (77),D51
12704,None,2016-07-02,244,FINCH AVE W,SENTINEL RD,None,Major Arterial,Etobicoke York,At Intersection,Traffic Signal,Clear,"Dark, artificial",Dry,Non-Fatal Injury,Pedestrian Collisions,Driver,35 to 39,None,None,West,"Automobile, Station Wagon",Going Ahead,Failed to Yield Right of Way,Unknown,None,None,None,None,None,None,Yes,None,Yes,None,None,None,None,None,Yes,Yes,None,None,None,27,York University Heights,27,York University Heights (27),D31
12705,None,2016-07-02,244,FINCH AVE W,SENTINEL RD,None,Major Arterial,Etobicoke York,At Intersection,Traffic Signal,Clear,"Dark, artificial",Dry,Non-Fatal Injury,Pedestrian Collisions,Pedestrian,20 to 24,Major,None,North,None,None,None,None,Vehicle is going straight thru inter.while ped cross with ROW,Crossing with right of way,Had Been Drinking,None,None,None,Yes,None,Yes,None,None,None,None,None,Yes,Yes,None,None,None,27,York University Heights,27,York University Heights (27),D31
12706,None,2016-07-02,1812,QUEENS QUAY E,BONNYCASTLE ST,65.6 M E of,Minor Arterial,Toronto and East York,Non Intersection,No Control,Clear,Daylight,Dry,Fatal,SMV Other,Passenger,35 to 39,Fatal,45,None,None,None,None,None,None,None,None,None,None,None,None,None,Yes,None,None,None,None,Yes,Yes,Yes,None,None,None,166,St Lawrence-East Bayfront-The Islands,77,Waterfront Communities-The Island (77),D51
12707,None,2016-07-02,1812,QUEENS QUAY E,BONNYCASTLE ST,65.6 M E of,Minor Arterial,Toronto and East York,Non Intersection,No Control,Clear,Daylight,Dry,Fatal,SMV Other,Driver,30 to 34,Major,None,East,"Automobile, Station Wagon",Going Ahead,Exceeding Speed Limit,Inattentive,None,None,None,None,None,None,None,None,Yes,None,None,None,None,Yes,Yes,Yes,None,None,None,166,St Lawrence-East Bayfront-The Islands,77,Waterfront Communities-The Island (77),D51
12708,None,2016-07-04,2055,KIPLING AVE,WESTHUMBER BLVD,None,Major Arterial,Etobicoke York,At Intersection,Traffic Signal,Clear,"Dusk, artificial",Dry,Fatal,Pedestrian Collisions,Driver,25 to 29,None,None,East,Passenger Van,Turning Left,Exceeding Speed Limit,Inattentive,None,None,None,None,None,None,Yes,None,Yes,None,None,None,None,None,Yes,Yes,None,None,None,4,Rexdale-Kipling,4,Rexdale-Kipling (4),D23
12709,None,2016-07-04,2055,KIPLING AVE,WESTHUMBER BLVD,None,Major Arterial,Etobicoke York,At Intersection,Traffic Signal,Clear,"Dusk, artificial",Dry,Fatal,Pedestrian Collisions,Pedestrian,70 to 74,Fatal,40,Unknown,None,None,None,None,Vehicle turns left while ped crosses with ROW at inter.,Walking on Roadway with Traffic,Normal,None,None,None,Yes,None,Yes,None,None,None,None,None,Yes,Yes,None,None,None,4,Rexdale-Kipling,4,Rexdale-Kipling (4),D23
12710,None,2016-07-05,1120,ALBION RD,ISLINGTON AVE,None,Major Arterial,Etobicoke York,At Intersection,Traffic Signal,Clear,Daylight,Dry,Fatal,Pedestrian Collisions,Pedestrian,55 to 59,Fatal,43,North,None,None,None,None,Pedestrian hit at mid-block,"Crossing, no Traffic Control",Inattentive,None,None,None,Yes,None,Yes,None,None,None,None,None,None,None,None,None,None,3,Thistletown-Beaumond Heights,3,Thistletown-Beaumond Heights (3),D23
12711,None,2016-07-05,1120,ALBION RD,ISLINGTON AVE,None,Major Arterial,Etobicoke York,At Intersection,Traffic Signal,Clear,Daylight,Dry,Fatal,Pedestrian Collisions,Driver,45 to 49,None,None,West,"Automobile, Station Wagon",Going Ahead,Driving Properly,Inattentive,None,None,None,None,None,None,Yes,None,Yes,None,None,None,None,None,None,None,None,None,None,3,Thistletown-Beaumond Heights,3,Thistletown-Beaumond Heights (3),D23
12712,None,2016-07-05,1247,740 DUPONT ST,None,None,Major Arterial,Toronto and East York,Non Intersection,No Control,Clear,Daylight,Dry,Fatal,Cyclist Collisions,Cyclist,70 to 74,Fatal,41,West,Bicycle,Overtaking,None,None,None,None,None,Cyclist strikes a parked vehicle.,Improper Passing,Unknown,None,Yes,Yes,None,None,None,None,None,None,None,None,None,None,172,Dovercourt Village,93,Dovercourt-Wallace Emerson-Junction (93),D14
12713,None,2016-07-05,1247,740 DUPONT ST,None,None,Major Arterial,Toronto and East York,Non Intersection,No Control,Clear,Daylight,Dry,Fatal,Cyclist Collisions,Driver - Not Hit,unknown,None,None,None,Passenger Van,None,None,None,None,None,None,None,None,None,None,Yes,Yes,None,None,None,None,None,None,None,None,None,None,172,Dovercourt Village,93,Dovercourt-Wallace Emerson-Junction (93),D14
12714,None,2016-07-05,1247,740 DUPONT ST,None,None,Major Arterial,Toronto and East York,Non Intersection,No Control,Clear,Daylight,Dry,Fatal,Cyclist Collisions,Other,unknown,None,None,West,None,Parked,None,None,None,None,None,None,None,None,None,Yes,Yes,None,None,None,None,None,None,None,None,None,None,172,Dovercourt Village,93,Dovercourt-Wallace Emerson-Junction (93),D14
12715,None,2016-07-05,2005,EGLINTON AVE E,MARKHAM RD,13 m West of,Major Arterial,Scarborough,At Intersection,Traffic Signal,Clear,Daylight,Dry,Non-Fatal Injury,Pedestrian Collisions,Driver,60 to 64,None,None,North,"Automobile, Station Wagon",Turning Left,Failed to Yield Right of Way,Inattentive,None,None,None,None,None,None,Yes,None,Yes,None,None,None,None,None,None,Yes,None,None,None,139,Scarborough Village,139,Scarborough Village (139),D43
12716,None,2016-07-05,2005,EGLINTON AVE E,MARKHAM RD,13 m West of,Major Arterial,Scarborough,At Intersection,Traffic Signal,Clear,Daylight,Dry,Non-Fatal Injury,Pedestrian Collisions,Pedestrian,40 to 44,Major,None,South,None,None,None,None,Vehicle turns left while ped crosses without ROW at inter.,Crossing without right of way,Inattentive,None,None,None,Yes,None,Yes,None,None,None,None,None,None,Yes,None,None,None,139,Scarborough Village,139,Scarborough Village (139),D43
12717,None,2016-07-06,1831,401 C W MCCOWAN N RAMP RD,MCCOWAN RD,None,Major Arterial,Scarborough,At Intersection,No Control,Clear,Daylight,Dry,Fatal,SMV Other,Motorcycle Driver,40 to 44,Fatal,42,West,Motorcycle,Going Ahead,Lost control,Unknown,None,None,None,None,None,None,None,None,Yes,Yes,None,None,None,None,Yes,Yes,None,None,None,128,Agincourt South-Malvern West,128,Agincourt South-Malvern West (128),D42
12718,None,2016-07-06,1831,401 C W MCCOWAN N RAMP RD,MCCOWAN RD,None,Major Arterial,Scarborough,At Intersection,No Control,Clear,Daylight,Dry,Fatal,SMV Other,Driver,20 to 24,None,None,South,"Automobile, Station Wagon",Going Ahead,Driving Properly,Normal,None,None,None,None,None,None,None,None,Yes,Yes,None,None,None,None,Yes,Yes,None,None,None,128,Agincourt South-Malvern West,128,Agincourt South-Malvern West (128),D42
12719,None,2016-07-06,2304,EGLINTON AVE E,SWIFT DR,12 m West of,Major Arterial,North York,Intersection Related,Traffic Signal,Clear,"Dark, artificial",Dry,Non-Fatal Injury,Pedestrian Collisions,Driver,65 to 69,None,None,West,"Automobile, Station Wagon",Going Ahead,Driving Properly,Unknown,None,None,None,None,None,None,Yes,None,Yes,None,None,None,None,None,None,None,None,None,None,43,Victoria Village,43,Victoria Village (43),D55
12720,None,2016-07-06,2304,EGLINTON AVE E,SWIFT DR,12 m West of,Major Arterial,North York,Intersection Related,Traffic Signal,Clear,"Dark, artificial",Dry,Non-Fatal Injury,Pedestrian Collisions,Pedestrian,30 to 34,Major,None,North,None,None,None,None,Pedestrian hit at mid-block,Running onto Roadway,Had Been Drinking,None,None,None,Yes,None,Yes,None,None,None,None,None,None,None,None,None,None,43,Victoria Village,43,Victoria Village (43),D55
12721,None,2016-07-07,654,HIGHWAY 27  N,CARRIER DR,None,Major Arterial,Etobicoke York,At Intersection,Traffic Signal,Clear,Daylight,Dry,Non-Fatal Injury,Rear End,Motorcycle Driver,55 to 59,Major,None,North,Motorcycle,Going Ahead,Following too Close,Normal,None,None,None,None,None,None,None,None,Yes,Yes,None,None,None,None,None,Yes,None,None,None,1,West Humber-Clairville,1,West Humber-Clairville (1),D23
12722,None,2016-07-07,654,HIGHWAY 27  N,CARRIER DR,None,Major Arterial,Etobicoke York,At Intersection,Traffic Signal,Clear,Daylight,Dry,Non-Fatal Injury,Rear End,Driver,80 to 84,None,None,North,"Automobile, Station Wagon",Going Ahead,Driving Properly,Normal,None,None,None,None,None,None,None,None,Yes,Yes,None,None,None,None,None,Yes,None,None,None,1,West Humber-Clairville,1,West Humber-Clairville (1),D23
12723,None,2016-07-08,2339,GALLOWAY RD,DEARHAM WOOD,31 m North o,Collector,Scarborough,Intersection Related,Stop Sign,Clear,"Dark, artificial",Dry,Non-Fatal Injury,SMV Other,Driver,15 to 19,Major,None,West,"Automobile, Station Wagon",Turning Right,Lost control,Normal,None,None,None,None,None,None,None,None,Yes,None,None,None,None,Yes,Yes,Yes,None,None,None,140,Guildwood,140,Guildwood (140),D43
12724,None,2016-07-08,2339,GALLOWAY RD,DEARHAM WOOD,31 m North o,Collector,Scarborough,Intersection Related,Stop Sign,Clear,"Dark, artificial",Dry,Non-Fatal Injury,SMV Other,Passenger,15 to 19,Minor,None,None,None,None,None,None,None,None,None,None,None,None,None,None,Yes,None,None,None,None,Yes,Yes,Yes,None,None,None,140,Guildwood,140,Guildwood (140),D43
12725,None,2016-07-09,930,CHURCH ST,BLOOR ST E,None,Major Arterial,Toronto and East York,Intersection Related,Traffic Signal,Clear,Daylight,Dry,Non-Fatal Injury,Turning Movement,Driver,60 to 64,Minor,None,South,"Automobile, Station Wagon",Turning Left,Failed to Yield Right of Way,Normal,None,None,None,None,None,None,None,None,Yes,None,None,None,None,Yes,None,Yes,None,None,None,167,Church-Wellesley,75,Church-Yonge Corridor (75),D51
12726,None,2016-07-09,930,CHURCH ST,BLOOR ST E,None,Major Arterial,Toronto and East York,Intersection Related,Traffic Signal,Clear,Daylight,Dry,Non-Fatal Injury,Turning Movement,Driver,40 to 44,Major,None,North,"Automobile, Station Wagon",Going Ahead,Driving Properly,Normal,None,None,None,None,None,None,None,None,Yes,None,None,None,None,Yes,None,Yes,None,None,None,167,Church-Wellesley,75,Church-Yonge Corridor (75),D51
12727,None,2016-07-09,930,CHURCH ST,BLOOR ST E,None,Major Arterial,Toronto and East York,Intersection Related,Traffic Signal,Clear,Daylight,Dry,Non-Fatal Injury,Turning Movement,Passenger,35 to 39,Major,None,None,None,None,None,None,None,None,None,None,None,None,None,None,Yes,None,None,None,None,Yes,None,Yes,None,None,None,167,Church-Wellesley,75,Church-Yonge Corridor (75),D51
12728,None,2016-07-10,2024,WARDEN AVE,FINCH AVE E,105 m North ,Major Arterial,Scarborough,Non Intersection,Traffic Signal,Clear,Daylight,Dry,Non-Fatal Injury,Turning Movement,Driver,40 to 44,None,None,North,"Automobile, Station Wagon",Turning Left,Failed to Yield Right of Way,Normal,None,None,None,None,None,None,None,None,Yes,Yes,None,None,None,None,None,Yes,None,None,None,148,East L'Amoreaux,117,L'Amoreaux (117),D42
12729,None,2016-07-10,2024,WARDEN AVE,FINCH AVE E,105 m North ,Major Arterial,Scarborough,Non Intersection,Traffic Signal,Clear,Daylight,Dry,Non-Fatal Injury,Turning Movement,Motorcycle Driver,40 to 44,Major,None,South,Motorcycle,Going Ahead,Driving Properly,Normal,None,None,None,None,None,None,None,None,Yes,Yes,None,None,None,None,None,Yes,None,None,None,148,East L'Amoreaux,117,L'Amoreaux (117),D42
12730,None,2016-07-10,2240,LAKE SHORE BLVD W,MARINE PARADE DR,None,Major Arterial,Etobicoke York,At Intersection,Traffic Signal,Clear,"Dark, artificial",Dry,Non-Fatal Injury,Pedestrian Collisions,Driver,60 to 64,None,None,East,"Automobile, Station Wagon",Going Ahead,Driving Properly,Normal,None,None,None,None,None,None,Yes,None,Yes,None,None,None,None,None,None,None,None,None,None,161,Humber Bay Shores,17,Mimico (includes Humber Bay Shores) (17),D22
12731,None,2016-07-10,2240,LAKE SHORE BLVD W,MARINE PARADE DR,None,Major Arterial,Etobicoke York,At Intersection,Traffic Signal,Clear,"Dark, artificial",Dry,Non-Fatal Injury,Pedestrian Collisions,Pedestrian,unknown,Major,None,South,None,None,None,None,Vehicle is going straight thru inter.while ped cross without ROW,Crossing without right of way,Had Been Drinking,None,None,None,Yes,None,Yes,None,None,None,None,None,None,None,None,None,None,161,Humber Bay Shores,17,Mimico (includes Humber Bay Shores) (17),D22
12732,None,2016-07-11,27,429 DUNDAS ST E,None,15 m North o,Major Arterial,Toronto and East York,Intersection Related,No Control,Clear,"Dark, artificial",Dry,Non-Fatal Injury,Cyclist Collisions,Cyclist,25 to 29,Major,None,East,Bicycle,Going Ahead,None,None,None,None,None,Cyclist and Driver travelling in same direction. One vehicle sideswipes the other.,Other,Had Been Drinking,None,Yes,Yes,None,None,None,None,Yes,None,None,None,None,None,73,Moss Park,73,Moss Park (73),D51
12733,None,2016-07-11,27,429 DUNDAS ST E,None,15 m North o,Major Arterial,Toronto and East York,Intersection Related,No Control,Clear,"Dark, artificial",Dry,Non-Fatal Injury,Cyclist Collisions,Driver,20 to 24,None,None,East,"Automobile, Station Wagon",Going Ahead,Driving Properly,Normal,None,None,None,None,None,None,None,Yes,Yes,None,None,None,None,Yes,None,None,None,None,None,73,Moss Park,73,Moss Park (73),D51
12734,None,2016-07-11,27,429 DUNDAS ST E,None,15 m North o,Major Arterial,Toronto and East York,Intersection Related,No Control,Clear,"Dark, artificial",Dry,Non-Fatal Injury,Cyclist Collisions,Passenger,20 to 24,None,None,None,None,None,None,None,None,None,None,None,None,None,None,Yes,Yes,None,None,None,None,Yes,None,None,None,None,None,73,Moss Park,73,Moss Park (73),D51
12735,None,2016-07-11,27,429 DUNDAS ST E,None,15 m North o,Major Arterial,Toronto and East York,Intersection Related,No Control,Clear,"Dark, artificial",Dry,Non-Fatal Injury,Cyclist Collisions,Passenger,25 to 29,None,None,None,None,None,None,None,None,None,None,None,None,None,None,Yes,Yes,None,None,None,None,Yes,None,None,None,None,None,73,Moss Park,73,Moss Park (73),D51
12736,None,2016-07-11,27,429 DUNDAS ST E,None,15 m North o,Major Arterial,Toronto and East York,Intersection Related,No Control,Clear,"Dark, artificial",Dry,Non-Fatal Injury,Cyclist Collisions,Passenger,20 to 24,Major,None,None,None,None,None,None,None,None,None,None,None,None,None,Yes,Yes,None,None,None,None,Yes,None,None,None,None,None,73,Moss Park,73,Moss Park (73),D51
12737,None,2016-07-12,910,AVENUE RD,CHAPLIN CRES,58 m South o,Major Arterial,Toronto and East York,Non Intersection,Traffic Signal,Clear,Daylight,Dry,Non-Fatal Injury,Cyclist Collisions,Cyclist,50 to 54,Major,None,East,Bicycle,Going Ahead,None,None,None,None,None,"Cyclist without ROW rides into path of motorist at inter, lnwy, dwy-Cyclist not turn.",Disobeyed Traffic Control,Inattentive,None,Yes,Yes,None,None,None,None,None,None,None,None,None,None,100,Yonge-Eglinton,100,Yonge-Eglinton (100),D53
12738,None,2016-07-12,910,AVENUE RD,CHAPLIN CRES,58 m South o,Major Arterial,Toronto and East York,Non Intersection,Traffic Signal,Clear,Daylight,Dry,Non-Fatal Injury,Cyclist Collisions,Driver,50 to 54,None,None,North,"Automobile, Station Wagon",Going Ahead,Driving Properly,Normal,None,None,None,None,None,None,None,Yes,Yes,None,None,None,None,None,None,None,None,None,None,100,Yonge-Eglinton,100,Yonge-Eglinton (100),D53
12739,None,2016-07-12,1235,PAPE AVE,COSBURN AVE,15 m South o,Major Arterial,Toronto and East York,Non Intersection,Traffic Signal,Clear,Daylight,Dry,Non-Fatal Injury,Cyclist Collisions,Cyclist,15 to 19,Major,None,North,Bicycle,Going Ahead,None,None,None,None,None,Insufficient information (to determine cyclist crash type).,Lost control,Inattentive,None,Yes,Yes,None,None,None,None,None,None,None,None,None,None,59,Danforth East York,59,Danforth East York (59),D55