_id,ACCNUM,DATE,TIME,STREET1,STREET2,OFFSET,ROAD_CLASS,DISTRICT,ACCLOC,TRAFFCTL,VISIBILITY,LIGHT,RDSFCOND,ACCLASS,IMPACTYPE,INVTYPE,INVAGE,INJURY,FATAL_NO,INITDIR,VEHTYPE,MANOEUVER,DRIVACT,DRIVCOND,PEDTYPE,PEDACT,PEDCOND,CYCLISTYPE,CYCACT,CYCCOND,PEDESTRIAN,CYCLIST,AUTOMOBILE,MOTORCYCLE,TRUCK,TRSN_CITY_VEH,EMERG_VEH,PASSENGER,SPEEDING,AG_DRIV,REDLIGHT,ALCOHOL,DISABILITY,HOOD_158,NEIGHBOURHOOD_158,HOOD_140,NEIGHBOURHOOD_140,DIVISION
12740,None,2016-07-12,1235,PAPE AVE,COSBURN AVE,15 m South o,Major Arterial,Toronto and East York,Non Intersection,Traffic Signal,Clear,Daylight,Dry,Non-Fatal Injury,Cyclist Collisions,Driver,65 to 69,None,None,South,Passenger Van,Going Ahead,Driving Properly,Normal,None,None,None,None,None,None,None,Yes,Yes,None,None,None,None,None,None,None,None,None,None,59,Danforth East York,59,Danforth East York (59),D55
12741,None,2016-07-12,1710,BIRMINGHAM ST,ELSINORE PATH,None,Collector,Etobicoke York,At Intersection,No Control,Clear,Daylight,Dry,Fatal,SMV Other,Driver,55 to 59,Fatal,46,West,"Automobile, Station Wagon",Going Ahead,Lost control,Medical or Physical Disability,None,None,None,None,None,None,None,None,Yes,None,None,None,None,None,None,None,None,None,Yes,18,New Toronto,18,New Toronto (18),D22
12742,None,2016-07-13,1413,JANE ST,WILLIAM CRAGG DR,None,Major Arterial,Etobicoke York,Intersection Related,No Control,Clear,Daylight,Dry,Non-Fatal Injury,Turning Movement,Driver,60 to 64,None,None,South,"Automobile, Station Wagon",Turning Left,Failed to Yield Right of Way,Normal,None,None,None,None,None,None,None,None,Yes,Yes,None,None,None,None,None,Yes,None,None,None,154,Oakdale-Beverley Heights,26,Downsview-Roding-CFB (26),D31
12743,None,2016-07-13,1413,JANE ST,WILLIAM CRAGG DR,None,Major Arterial,Etobicoke York,Intersection Related,No Control,Clear,Daylight,Dry,Non-Fatal Injury,Turning Movement,Motorcycle Driver,20 to 24,Major,None,North,Motorcycle,Going Ahead,Driving Properly,Normal,None,None,None,None,None,None,None,None,Yes,Yes,None,None,None,None,None,Yes,None,None,None,154,Oakdale-Beverley Heights,26,Downsview-Roding-CFB (26),D31
12744,None,2016-07-13,2035,BAYVIEW AVE,BROADWAY AVE,8 m South of,Major Arterial,North York,At/Near Private Drive,Traffic Signal,Clear,Daylight,Dry,Non-Fatal Injury,Turning Movement,Driver,50 to 54,Major,None,East,"Automobile, Station Wagon",Turning Left,Failed to Yield Right of Way,Inattentive,None,None,None,None,None,None,None,None,Yes,None,None,None,None,Yes,None,Yes,None,None,None,56,Leaside-Bennington,56,Leaside-Bennington (56),D53
12745,None,2016-07-13,2035,BAYVIEW AVE,BROADWAY AVE,8 m South of,Major Arterial,North York,At/Near Private Drive,Traffic Signal,Clear,Daylight,Dry,Non-Fatal Injury,Turning Movement,Driver,65 to 69,Minimal,None,North,"Automobile, Station Wagon",Going Ahead,Driving Properly,Normal,None,None,None,None,None,None,None,None,Yes,None,None,None,None,Yes,None,Yes,None,None,None,56,Leaside-Bennington,56,Leaside-Bennington (56),D53
12746,None,2016-07-13,2035,BAYVIEW AVE,BROADWAY AVE,8 m South of,Major Arterial,North York,At/Near Private Drive,Traffic Signal,Clear,Daylight,Dry,Non-Fatal Injury,Turning Movement,Passenger,65 to 69,Minor,None,None,None,None,None,None,None,None,None,None,None,None,None,None,Yes,None,None,None,None,Yes,None,Yes,None,None,None,56,Leaside-Bennington,56,Leaside-Bennington (56),D53
12747,None,2016-07-13,2205,UNIVERSITY AVE,GERRARD ST W,4 m North of,Major Arterial,Toronto and East York,Non Intersection,Traffic Signal,Clear,"Dark, artificial",Dry,Non-Fatal Injury,Turning Movement,Driver,45 to 49,None,None,South,"Automobile, Station Wagon",Turning Left,Failed to Yield Right of Way,Inattentive,None,None,None,None,None,None,None,None,Yes,Yes,None,None,None,None,None,Yes,None,None,None,170,Yonge-Bay Corridor,76,Bay Street Corridor (76),D52
12748,None,2016-07-13,2205,UNIVERSITY AVE,GERRARD ST W,4 m North of,Major Arterial,Toronto and East York,Non Intersection,Traffic Signal,Clear,"Dark, artificial",Dry,Non-Fatal Injury,Turning Movement,Motorcycle Driver,45 to 49,Major,None,North,Motorcycle,Going Ahead,Driving Properly,Normal,None,None,None,None,None,None,None,None,Yes,Yes,None,None,None,None,None,Yes,None,None,None,170,Yonge-Bay Corridor,76,Bay Street Corridor (76),D52
12749,None,2016-07-15,630,BAMBURGH CRCL,MONTAGUE PL,None,Collector,Scarborough,At Intersection,No Control,Clear,Daylight,Dry,Non-Fatal Injury,Pedestrian Collisions,Driver,45 to 49,None,None,East,"Automobile, Station Wagon",Going Ahead,Driving Properly,Normal,None,None,None,None,None,None,Yes,None,Yes,None,None,None,None,None,None,None,None,None,None,116,Steeles,116,Steeles (116),D42
12750,None,2016-07-15,630,BAMBURGH CRCL,MONTAGUE PL,None,Collector,Scarborough,At Intersection,No Control,Clear,Daylight,Dry,Non-Fatal Injury,Pedestrian Collisions,Pedestrian,90 to 94,Major,None,South,None,None,None,None,Vehicle is going straight thru inter.while ped cross without ROW,Crossing without right of way,Normal,None,None,None,Yes,None,Yes,None,None,None,None,None,None,None,None,None,None,116,Steeles,116,Steeles (116),D42
12751,None,2016-07-16,1821,MARKHAM RD,LAWRENCE AVE E,18 m South o,Major Arterial,Scarborough,Non Intersection,No Control,Clear,Daylight,Dry,Non-Fatal Injury,Pedestrian Collisions,Driver,45 to 49,None,None,West,Passenger Van,Turning Right,Driving Properly,Normal,None,None,None,None,None,None,Yes,None,Yes,None,None,None,None,None,None,None,None,None,None,141,Golfdale-Cedarbrae-Woburn,137,Woburn (137),D43
12752,None,2016-07-16,1821,MARKHAM RD,LAWRENCE AVE E,18 m South o,Major Arterial,Scarborough,Non Intersection,No Control,Clear,Daylight,Dry,Non-Fatal Injury,Pedestrian Collisions,Pedestrian,60 to 64,Major,None,Unknown,None,None,None,None,Pedestrian hit at mid-block,"Crossing, no Traffic Control",Inattentive,None,None,None,Yes,None,Yes,None,None,None,None,None,None,None,None,None,None,141,Golfdale-Cedarbrae-Woburn,137,Woburn (137),D43
12753,None,2016-07-16,2111,STEELES AVE E,BESTVIEW DR,2 m North of,Major Arterial,North York,Intersection Related,No Control,Clear,"Dusk, artificial",Dry,Non-Fatal Injury,Turning Movement,Driver,75 to 79,None,None,West,"Automobile, Station Wagon",Turning Left,Failed to Yield Right of Way,Normal,None,None,None,None,None,None,None,None,Yes,None,None,None,None,Yes,None,Yes,None,None,None,49,Bayview Woods-Steeles,49,Bayview Woods-Steeles (49),D33
12754,None,2016-07-16,2111,STEELES AVE E,BESTVIEW DR,2 m North of,Major Arterial,North York,Intersection Related,No Control,Clear,"Dusk, artificial",Dry,Non-Fatal Injury,Turning Movement,Driver,60 to 64,Minimal,None,East,"Automobile, Station Wagon",Going Ahead,Driving Properly,Normal,None,None,None,None,None,None,None,None,Yes,None,None,None,None,Yes,None,Yes,None,None,None,49,Bayview Woods-Steeles,49,Bayview Woods-Steeles (49),D33
12755,None,2016-07-16,2111,STEELES AVE E,BESTVIEW DR,2 m North of,Major Arterial,North York,Intersection Related,No Control,Clear,"Dusk, artificial",Dry,Non-Fatal Injury,Turning Movement,Passenger,55 to 59,Major,None,None,None,None,None,None,None,None,None,None,None,None,None,None,Yes,None,None,None,None,Yes,None,Yes,None,None,None,49,Bayview Woods-Steeles,49,Bayview Woods-Steeles (49),D33
12756,None,2016-07-19,1850,RICHMOND ST W,PORTLAND ST,27 m West of,Major Arterial,Toronto and East York,At/Near Private Drive,No Control,Clear,Daylight,Dry,Non-Fatal Injury,Cyclist Collisions,Driver,50 to 54,None,None,West,"Automobile, Station Wagon",Turning Right,Failed to Yield Right of Way,Inattentive,None,None,None,None,None,None,None,Yes,Yes,None,None,None,None,None,None,Yes,None,None,None,164,Wellington Place,77,Waterfront Communities-The Island (77),D14
12757,None,2016-07-19,1850,RICHMOND ST W,PORTLAND ST,27 m West of,Major Arterial,Toronto and East York,At/Near Private Drive,No Control,Clear,Daylight,Dry,Non-Fatal Injury,Cyclist Collisions,Cyclist,25 to 29,Major,None,West,Bicycle,Going Ahead,None,None,None,None,None,"Motorist turns right at non-signal Inter.(stop, yield, no cont.,and dwy) and strikes cyclist.",Driving Properly,Normal,None,Yes,Yes,None,None,None,None,None,None,Yes,None,None,None,164,Wellington Place,77,Waterfront Communities-The Island (77),D14
12758,None,2016-07-21,2127,THE EAST MALL,RATHBURN RD,137 m South ,Minor Arterial,Etobicoke York,Non Intersection,No Control,Clear,"Dark, artificial",Dry,Non-Fatal Injury,Cyclist Collisions,Driver,65 to 69,None,None,West,Passenger Van,Reversing,Other,Normal,None,None,None,None,None,None,None,Yes,Yes,None,None,None,None,Yes,None,None,None,None,None,158,Islington,14,Islington-City Centre West (14),D22
12759,None,2016-07-21,2127,THE EAST MALL,RATHBURN RD,137 m South ,Minor Arterial,Etobicoke York,Non Intersection,No Control,Clear,"Dark, artificial",Dry,Non-Fatal Injury,Cyclist Collisions,Cyclist,20 to 24,Major,None,South,Bicycle,Going Ahead,None,None,None,None,None,Motorist reversing struck cyclist.,Driving Properly,Other,None,Yes,Yes,None,None,None,None,Yes,None,None,None,None,None,158,Islington,14,Islington-City Centre West (14),D22
12760,None,2016-07-21,2127,THE EAST MALL,RATHBURN RD,137 m South ,Minor Arterial,Etobicoke York,Non Intersection,No Control,Clear,"Dark, artificial",Dry,Non-Fatal Injury,Cyclist Collisions,Passenger,35 to 39,None,None,None,None,None,None,None,None,None,None,None,None,None,None,Yes,Yes,None,None,None,None,Yes,None,None,None,None,None,158,Islington,14,Islington-City Centre West (14),D22
12761,None,2016-07-21,2247,JARVIS ST,DUNDAS ST E,7 m North of,Major Arterial,Toronto and East York,Intersection Related,No Control,Clear,"Dusk, artificial",Dry,Non-Fatal Injury,Pedestrian Collisions,Driver,85 to 89,None,None,North,"Automobile, Station Wagon",Going Ahead,Driving Properly,Normal,None,None,None,None,None,None,Yes,None,Yes,None,None,None,None,None,None,None,None,None,None,73,Moss Park,73,Moss Park (73),D51
12762,None,2016-07-21,2247,JARVIS ST,DUNDAS ST E,7 m North of,Major Arterial,Toronto and East York,Intersection Related,No Control,Clear,"Dusk, artificial",Dry,Non-Fatal Injury,Pedestrian Collisions,Pedestrian,60 to 64,Major,None,East,"Automobile, Station Wagon",None,None,None,Vehicle is going straight thru inter.while ped cross without ROW,"Crossing, no Traffic Control",Normal,None,None,None,Yes,None,Yes,None,None,None,None,None,None,None,None,None,None,73,Moss Park,73,Moss Park (73),D51
12763,None,2016-07-22,630,LAWRENCE AVE W,WESTON RD,None,Major Arterial,Etobicoke York,At Intersection,Traffic Signal,Clear,"Dawn, artificial",Dry,Non-Fatal Injury,Turning Movement,Driver,55 to 59,None,None,West,"Automobile, Station Wagon",Turning Left,Failed to Yield Right of Way,Inattentive,None,None,None,None,None,None,None,None,Yes,Yes,None,None,None,None,None,Yes,None,None,None,113,Weston,113,Weston (113),D12
12764,None,2016-07-22,630,LAWRENCE AVE W,WESTON RD,None,Major Arterial,Etobicoke York,At Intersection,Traffic Signal,Clear,"Dawn, artificial",Dry,Non-Fatal Injury,Turning Movement,Motorcycle Driver,35 to 39,Major,None,East,Motorcycle,Going Ahead,Driving Properly,Normal,None,None,None,None,None,None,None,None,Yes,Yes,None,None,None,None,None,Yes,None,None,None,113,Weston,113,Weston (113),D12
12765,None,2016-07-22,1223,ST CLAIR AVE W,WESTON RD,None,Major Arterial,Etobicoke York,At Intersection,Traffic Signal,Clear,Daylight,Dry,Non-Fatal Injury,Pedestrian Collisions,Driver,25 to 29,Minor,None,East,"Automobile, Station Wagon",Turning Left,Failed to Yield Right of Way,Inattentive,None,None,None,None,None,None,Yes,None,Yes,None,None,None,None,None,None,Yes,None,None,None,90,Junction Area,90,Junction Area (90),D11
12766,None,2016-07-22,1223,ST CLAIR AVE W,WESTON RD,None,Major Arterial,Etobicoke York,At Intersection,Traffic Signal,Clear,Daylight,Dry,Non-Fatal Injury,Pedestrian Collisions,Driver,25 to 29,Minimal,None,West,"Automobile, Station Wagon",Going Ahead,Driving Properly,Normal,None,None,None,None,None,None,Yes,None,Yes,None,None,None,None,None,None,Yes,None,None,None,90,Junction Area,90,Junction Area (90),D11
12767,None,2016-07-22,1223,ST CLAIR AVE W,WESTON RD,None,Major Arterial,Etobicoke York,At Intersection,Traffic Signal,Clear,Daylight,Dry,Non-Fatal Injury,Pedestrian Collisions,Pedestrian,40 to 44,Major,None,Unknown,None,None,None,None,Pedestrian hit on sidewalk or shoulder,On Sidewalk or Shoulder,Normal,None,None,None,Yes,None,Yes,None,None,None,None,None,None,Yes,None,None,None,90,Junction Area,90,Junction Area (90),D11
12768,None,2016-07-22,1223,ST CLAIR AVE W,WESTON RD,None,Major Arterial,Etobicoke York,At Intersection,Traffic Signal,Clear,Daylight,Dry,Non-Fatal Injury,Pedestrian Collisions,Pedestrian,35 to 39,Minor,None,Unknown,None,None,None,None,Pedestrian hit on sidewalk or shoulder,On Sidewalk or Shoulder,Normal,None,None,None,Yes,None,Yes,None,None,None,None,None,None,Yes,None,None,None,90,Junction Area,90,Junction Area (90),D11
12769,None,2016-07-22,1223,ST CLAIR AVE W,WESTON RD,None,Major Arterial,Etobicoke York,At Intersection,Traffic Signal,Clear,Daylight,Dry,Non-Fatal Injury,Pedestrian Collisions,Pedestrian,55 to 59,Minor,None,Unknown,None,None,None,None,Pedestrian hit on sidewalk or shoulder,On Sidewalk or Shoulder,Normal,None,None,None,Yes,None,Yes,None,None,None,None,None,None,Yes,None,None,None,90,Junction Area,90,Junction Area (90),D11
12770,None,2016-07-22,1702,TRETHEWEY DR,PLATINUM DR,None,Minor Arterial,Etobicoke York,At Intersection,Stop Sign,Clear,Daylight,Dry,Non-Fatal Injury,Angle,Driver,50 to 54,None,None,South,"Automobile, Station Wagon",Going Ahead,Failed to Yield Right of Way,Inattentive,None,None,None,None,None,None,None,None,Yes,Yes,None,None,None,None,Yes,Yes,None,None,None,30,Brookhaven-Amesbury,30,Brookhaven-Amesbury (30),D12
12771,None,2016-07-22,1702,TRETHEWEY DR,PLATINUM DR,None,Minor Arterial,Etobicoke York,At Intersection,Stop Sign,Clear,Daylight,Dry,Non-Fatal Injury,Angle,Motorcycle Driver,40 to 44,Major,None,East,Motorcycle,Going Ahead,Speed too Fast For Condition,Normal,None,None,None,None,None,None,None,None,Yes,Yes,None,None,None,None,Yes,Yes,None,None,None,30,Brookhaven-Amesbury,30,Brookhaven-Amesbury (30),D12
12772,None,2016-07-22,1948,ROYAL YORK RD,STRATH HUMBER CRT,12.5 M S of,Minor Arterial,Etobicoke York,At Intersection,No Control,Clear,Daylight,Dry,Fatal,Turning Movement,Motorcycle Driver,30 to 34,Fatal,47,South,Motorcycle,Going Ahead,Exceeding Speed Limit,Normal,None,None,None,None,None,None,None,None,Yes,Yes,None,None,None,Yes,Yes,Yes,None,None,None,9,Edenbridge-Humber Valley,9,Edenbridge-Humber Valley (9),D22
12773,None,2016-07-22,1948,ROYAL YORK RD,STRATH HUMBER CRT,12.5 M S of,Minor Arterial,Etobicoke York,At Intersection,No Control,Clear,Daylight,Dry,Fatal,Turning Movement,Driver,15 to 19,Minor,None,North,"Automobile, Station Wagon",Turning Left,Failed to Yield Right of Way,Normal,None,None,None,None,None,None,None,None,Yes,Yes,None,None,None,Yes,Yes,Yes,None,None,None,9,Edenbridge-Humber Valley,9,Edenbridge-Humber Valley (9),D22
12774,None,2016-07-22,1948,ROYAL YORK RD,STRATH HUMBER CRT,12.5 M S of,Minor Arterial,Etobicoke York,At Intersection,No Control,Clear,Daylight,Dry,Fatal,Turning Movement,Passenger,20 to 24,Major,None,None,None,None,None,None,None,None,None,None,None,None,None,None,Yes,Yes,None,None,None,Yes,Yes,Yes,None,None,None,9,Edenbridge-Humber Valley,9,Edenbridge-Humber Valley (9),D22
12775,None,2016-07-24,1349,VICTORIA PARK AVE,HIGHWAY 401 C  W,5 m South of,Major Arterial,North York,Non Intersection,No Control,Clear,Daylight,Dry,Non-Fatal Injury,Cyclist Collisions,Cyclist,25 to 29,None,None,South,Bicycle,Merging,None,None,None,None,None,"Cyclist without ROW rides into path of motorist at inter, lnwy, dwy-Cyclist not turn.",Failed to Yield Right of Way,Unknown,None,Yes,None,Yes,None,None,None,None,None,None,None,None,None,150,Fenside-Parkwoods,45,Parkwoods-Donalda (45),D33
12776,None,2016-07-24,1349,VICTORIA PARK AVE,HIGHWAY 401 C  W,5 m South of,Major Arterial,North York,Non Intersection,No Control,Clear,Daylight,Dry,Non-Fatal Injury,Cyclist Collisions,Motorcycle Driver,55 to 59,Major,None,East,Motorcycle,Going Ahead,Lost control,Normal,None,None,None,None,None,None,None,Yes,None,Yes,None,None,None,None,None,None,None,None,None,150,Fenside-Parkwoods,45,Parkwoods-Donalda (45),D33
12777,None,2016-07-24,2030,DANFORTH AVE,BIRCHMOUNT RD,130 m East o,Minor Arterial,Scarborough,Non Intersection,No Control,Clear,Dusk,Dry,Non-Fatal Injury,Other,Driver,20 to 24,None,None,West,"Automobile, Station Wagon",Going Ahead,Exceeding Speed Limit,Had Been Drinking,None,None,None,None,None,None,None,None,Yes,None,None,None,None,Yes,Yes,Yes,None,None,None,122,Birchcliffe-Cliffside,122,Birchcliffe-Cliffside (122),D41
12778,None,2016-07-24,2030,DANFORTH AVE,BIRCHMOUNT RD,130 m East o,Minor Arterial,Scarborough,Non Intersection,No Control,Clear,Dusk,Dry,Non-Fatal Injury,Other,Passenger,20 to 24,Major,None,None,None,None,None,None,None,None,None,None,None,None,None,None,Yes,None,None,None,None,Yes,Yes,Yes,None,None,None,122,Birchcliffe-Cliffside,122,Birchcliffe-Cliffside (122),D41
12779,None,2016-07-25,2359,KENNEDY RD,MERRIAN RD,None,Major Arterial,Scarborough,At Intersection,Traffic Signal,Clear,"Dark, artificial",Dry,Non-Fatal Injury,Cyclist Collisions,Cyclist,35 to 39,Major,None,West,Bicycle,Going Ahead,None,None,None,None,None,"Cyclist without ROW rides into path of motorist at inter, lnwy, dwy-Cyclist not turn.",Disobeyed Traffic Control,Inattentive,None,Yes,None,None,None,None,Yes,None,None,None,None,None,None,124,Kennedy Park,124,Kennedy Park (124),D41
12780,None,2016-07-25,2359,KENNEDY RD,MERRIAN RD,None,Major Arterial,Scarborough,At Intersection,Traffic Signal,Clear,"Dark, artificial",Dry,Non-Fatal Injury,Cyclist Collisions,Driver,35 to 39,None,None,North,Police Vehicle,Going Ahead,Driving Properly,Normal,None,None,None,None,None,None,None,Yes,None,None,None,None,Yes,None,None,None,None,None,None,124,Kennedy Park,124,Kennedy Park (124),D41
12781,None,2016-07-26,836,WILSON HEIGHTS BLVD,CODSELL AVE,5 m South of,Collector,North York,At Intersection,Stop Sign,Clear,Daylight,Dry,Non-Fatal Injury,Turning Movement,Driver,30 to 34,None,None,West,"Automobile, Station Wagon",Turning Left,Failed to Yield Right of Way,Unknown,None,None,None,None,None,None,None,None,Yes,Yes,None,None,None,None,None,Yes,None,None,None,34,Bathurst Manor,34,Bathurst Manor (34),D32
12782,None,2016-07-26,836,WILSON HEIGHTS BLVD,CODSELL AVE,5 m South of,Collector,North York,At Intersection,Stop Sign,Clear,Daylight,Dry,Non-Fatal Injury,Turning Movement,Motorcycle Driver,25 to 29,Major,None,North,Motorcycle,Going Ahead,Driving Properly,Unknown,None,None,None,None,None,None,None,None,Yes,Yes,None,None,None,None,None,Yes,None,None,None,34,Bathurst Manor,34,Bathurst Manor (34),D32
12783,None,2016-07-28,1450,PARLIAMENT ST,SHUTER ST,None,Minor Arterial,Toronto and East York,At Intersection,Traffic Signal,Clear,Daylight,Dry,Fatal,Pedestrian Collisions,Pedestrian,80 to 84,Fatal,49,West,None,None,None,None,Vehicle is going straight thru inter.while ped cross without ROW,Crossing without right of way,Normal,None,None,None,Yes,None,None,None,Yes,None,None,None,None,None,None,None,None,72,Regent Park,72,Regent Park (72),D51
12784,None,2016-07-28,1450,PARLIAMENT ST,SHUTER ST,None,Minor Arterial,Toronto and East York,At Intersection,Traffic Signal,Clear,Daylight,Dry,Fatal,Pedestrian Collisions,Truck Driver,45 to 49,None,None,North,Truck - Dump,Going Ahead,Driving Properly,Normal,None,None,None,None,None,None,Yes,None,None,None,Yes,None,None,None,None,None,None,None,None,72,Regent Park,72,Regent Park (72),D51
12785,None,2016-07-29,1645,JANE ST,SHOREHAM DR,121 m North ,Major Arterial,Etobicoke York,Non Intersection,No Control,Clear,Daylight,Dry,Non-Fatal Injury,Cyclist Collisions,Cyclist,30 to 34,None,None,East,Bicycle,Going Ahead,None,None,None,None,None,"Cyclist without ROW rides into path of motorist at inter, lnwy, dwy-Cyclist not turn.",Failed to Yield Right of Way,Inattentive,None,Yes,Yes,None,None,None,None,None,None,None,None,None,None,24,Black Creek,24,Black Creek (24),D31
12786,None,2016-07-29,1645,JANE ST,SHOREHAM DR,121 m North ,Major Arterial,Etobicoke York,Non Intersection,No Control,Clear,Daylight,Dry,Non-Fatal Injury,Cyclist Collisions,Driver,50 to 54,Major,None,South,"Automobile, Station Wagon",Going Ahead,Driving Properly,Normal,None,None,None,None,None,None,None,Yes,Yes,None,None,None,None,None,None,None,None,None,None,24,Black Creek,24,Black Creek (24),D31
12787,None,2016-07-29,1825,KINGSTON RD,GUILDCREST DR,None,Major Arterial,Scarborough,At Intersection,No Control,Clear,Daylight,Dry,Fatal,Pedestrian Collisions,Driver,25 to 29,None,None,North,"Automobile, Station Wagon",Going Ahead,Failed to Yield Right of Way,Normal,None,None,None,None,None,None,Yes,None,Yes,None,None,Yes,None,None,Yes,Yes,None,None,None,140,Guildwood,140,Guildwood (140),D43
12788,None,2016-07-29,1825,KINGSTON RD,GUILDCREST DR,None,Major Arterial,Scarborough,At Intersection,No Control,Clear,Daylight,Dry,Fatal,Pedestrian Collisions,Driver,30 to 34,None,None,West,Municipal Transit Bus (TTC),Going Ahead,Driving Properly,Unknown,None,None,None,None,None,None,Yes,None,Yes,None,None,Yes,None,None,Yes,Yes,None,None,None,140,Guildwood,140,Guildwood (140),D43
12789,None,2016-07-29,1825,KINGSTON RD,GUILDCREST DR,None,Major Arterial,Scarborough,At Intersection,No Control,Clear,Daylight,Dry,Fatal,Pedestrian Collisions,Pedestrian,60 to 64,Fatal,48,East,None,None,None,None,Vehicle is going straight thru inter.while ped cross with ROW,Crossing with right of way,Unknown,None,None,None,Yes,None,Yes,None,None,Yes,None,None,Yes,Yes,None,None,None,140,Guildwood,140,Guildwood (140),D43
12790,None,2016-07-29,1825,KINGSTON RD,GUILDCREST DR,None,Major Arterial,Scarborough,At Intersection,No Control,Clear,Daylight,Dry,Fatal,Pedestrian Collisions,Pedestrian,60 to 64,Minimal,None,East,None,None,None,None,Vehicle is going straight thru inter.while ped cross with ROW,Crossing with right of way,Unknown,None,None,None,Yes,None,Yes,None,None,Yes,None,None,Yes,Yes,None,None,None,140,Guildwood,140,Guildwood (140),D43
12791,None,2016-07-30,2248,PARK LAWN RD,THE QUEENSWAY,None,Major Arterial,Etobicoke York,At Intersection,Traffic Signal,Clear,"Dark, artificial",Dry,Non-Fatal Injury,SMV Other,Driver,15 to 19,Major,None,North,"Automobile, Station Wagon",Turning Right,Failed to Yield Right of Way,Unknown,None,None,None,None,None,None,None,None,Yes,None,None,None,None,Yes,None,Yes,None,None,None,16,Stonegate-Queensway,16,Stonegate-Queensway (16),D22
12792,None,2016-07-30,2248,PARK LAWN RD,THE QUEENSWAY,None,Major Arterial,Etobicoke York,At Intersection,Traffic Signal,Clear,"Dark, artificial",Dry,Non-Fatal Injury,SMV Other,Passenger,15 to 19,Major,None,None,None,None,None,None,None,None,None,None,None,None,None,None,Yes,None,None,None,None,Yes,None,Yes,None,None,None,16,Stonegate-Queensway,16,Stonegate-Queensway (16),D22
12793,None,2016-07-31,1355,MORNINGSIDE AVE,ELLESMERE RD,282 m South ,Major Arterial,Scarborough,Non Intersection,No Control,Rain,Daylight,Wet,Non-Fatal Injury,Turning Movement,Driver,60 to 64,Major,None,North,"Automobile, Station Wagon",Making U Turn,Disobeyed Traffic Control,Inattentive,None,None,None,None,None,None,None,None,Yes,None,None,None,None,Yes,None,Yes,None,None,None,135,Morningside,135,Morningside (135),D43
12794,None,2016-07-31,1355,MORNINGSIDE AVE,ELLESMERE RD,282 m South ,Major Arterial,Scarborough,Non Intersection,No Control,Rain,Daylight,Wet,Non-Fatal Injury,Turning Movement,Driver,25 to 29,None,None,North,"Automobile, Station Wagon",Going Ahead,Driving Properly,Normal,None,None,None,None,None,None,None,None,Yes,None,None,None,None,Yes,None,Yes,None,None,None,135,Morningside,135,Morningside (135),D43
12795,None,2016-07-31,1355,MORNINGSIDE AVE,ELLESMERE RD,282 m South ,Major Arterial,Scarborough,Non Intersection,No Control,Rain,Daylight,Wet,Non-Fatal Injury,Turning Movement,Passenger,25 to 29,None,None,None,None,None,None,None,None,None,None,None,None,None,None,None,Yes,None,None,None,None,Yes,None,Yes,None,None,None,135,Morningside,135,Morningside (135),D43
12796,None,2016-08-01,156,MORNINGSIDE AVE,HALFWAY AVE,15 m East of,Minor Arterial,Scarborough,At Intersection,No Control,Clear,"Dark, artificial",Dry,Non-Fatal Injury,Rear End,Driver,20 to 24,None,None,West,"Automobile, Station Wagon",Going Ahead,Following too Close,Normal,None,None,None,None,None,None,None,None,Yes,None,None,Yes,None,Yes,None,Yes,None,None,None,146,Malvern East,132,Malvern (132),D42
12797,None,2016-08-01,156,MORNINGSIDE AVE,HALFWAY AVE,15 m East of,Minor Arterial,Scarborough,At Intersection,No Control,Clear,"Dark, artificial",Dry,Non-Fatal Injury,Rear End,Driver,45 to 49,None,None,West,Municipal Transit Bus (TTC),Stopped,Driving Properly,Normal,None,None,None,None,None,None,None,None,Yes,None,None,Yes,None,Yes,None,Yes,None,None,None,146,Malvern East,132,Malvern (132),D42
12798,None,2016-08-01,156,MORNINGSIDE AVE,HALFWAY AVE,15 m East of,Minor Arterial,Scarborough,At Intersection,No Control,Clear,"Dark, artificial",Dry,Non-Fatal Injury,Rear End,Passenger,15 to 19,Minimal,None,None,None,None,None,None,None,None,None,None,None,None,None,None,Yes,None,None,Yes,None,Yes,None,Yes,None,None,None,146,Malvern East,132,Malvern (132),D42
12799,None,2016-08-01,156,MORNINGSIDE AVE,HALFWAY AVE,15 m East of,Minor Arterial,Scarborough,At Intersection,No Control,Clear,"Dark, artificial",Dry,Non-Fatal Injury,Rear End,Passenger,15 to 19,Major,None,None,None,None,None,None,None,None,None,None,None,None,None,None,Yes,None,None,Yes,None,Yes,None,Yes,None,None,None,146,Malvern East,132,Malvern (132),D42
12800,None,2016-08-01,156,MORNINGSIDE AVE,HALFWAY AVE,15 m East of,Minor Arterial,Scarborough,At Intersection,No Control,Clear,"Dark, artificial",Dry,Non-Fatal Injury,Rear End,Passenger,15 to 19,Major,None,None,None,None,None,None,None,None,None,None,None,None,None,None,Yes,None,None,Yes,None,Yes,None,Yes,None,None,None,146,Malvern East,132,Malvern (132),D42
12801,None,2016-08-01,156,MORNINGSIDE AVE,HALFWAY AVE,15 m East of,Minor Arterial,Scarborough,At Intersection,No Control,Clear,"Dark, artificial",Dry,Non-Fatal Injury,Rear End,Passenger,15 to 19,Minimal,None,None,None,None,None,None,None,None,None,None,None,None,None,None,Yes,None,None,Yes,None,Yes,None,Yes,None,None,None,146,Malvern East,132,Malvern (132),D42
12802,None,2016-08-02,1745,FRONT ST E,YONGE ST,5 m North of,Major Arterial,Toronto and East York,Intersection Related,Traffic Signal,Clear,Daylight,Dry,Non-Fatal Injury,Rear End,Driver,55 to 59,None,None,East,"Automobile, Station Wagon",Stopped,Following too Close,Normal,None,None,None,None,None,None,None,None,Yes,Yes,None,None,None,None,None,Yes,None,None,None,166,St Lawrence-East Bayfront-The Islands,77,Waterfront Communities-The Island (77),D51