_id,ACCNUM,DATE,TIME,STREET1,STREET2,OFFSET,ROAD_CLASS,DISTRICT,ACCLOC,TRAFFCTL,VISIBILITY,LIGHT,RDSFCOND,ACCLASS,IMPACTYPE,INVTYPE,INVAGE,INJURY,FATAL_NO,INITDIR,VEHTYPE,MANOEUVER,DRIVACT,DRIVCOND,PEDTYPE,PEDACT,PEDCOND,CYCLISTYPE,CYCACT,CYCCOND,PEDESTRIAN,CYCLIST,AUTOMOBILE,MOTORCYCLE,TRUCK,TRSN_CITY_VEH,EMERG_VEH,PASSENGER,SPEEDING,AG_DRIV,REDLIGHT,ALCOHOL,DISABILITY,HOOD_158,NEIGHBOURHOOD_158,HOOD_140,NEIGHBOURHOOD_140,DIVISION
12803,None,2016-08-02,1745,FRONT ST E,YONGE ST,5 m North of,Major Arterial,Toronto and East York,Intersection Related,Traffic Signal,Clear,Daylight,Dry,Non-Fatal Injury,Rear End,Motorcycle Driver,15 to 19,Major,None,East,Motorcycle,Going Ahead,Driving Properly,Normal,None,None,None,None,None,None,None,None,Yes,Yes,None,None,None,None,None,Yes,None,None,None,166,St Lawrence-East Bayfront-The Islands,77,Waterfront Communities-The Island (77),D51
12804,None,2016-08-02,2112,BLUE JAYS WAY,NAVY WHARF CRT,None,Minor Arterial,Toronto and East York,At Intersection,Stop Sign,Clear,"Dark, artificial",Dry,Non-Fatal Injury,Pedestrian Collisions,Driver,55 to 59,None,None,West,Passenger Van,Turning Left,Failed to Yield Right of Way,Normal,None,None,None,None,None,None,Yes,None,Yes,None,None,None,None,Yes,None,Yes,None,None,None,165,Harbourfront-CityPlace,77,Waterfront Communities-The Island (77),D52
12805,None,2016-08-02,2112,BLUE JAYS WAY,NAVY WHARF CRT,None,Minor Arterial,Toronto and East York,At Intersection,Stop Sign,Clear,"Dark, artificial",Dry,Non-Fatal Injury,Pedestrian Collisions,Passenger,35 to 39,None,None,None,None,None,None,None,None,None,None,None,None,None,Yes,None,Yes,None,None,None,None,Yes,None,Yes,None,None,None,165,Harbourfront-CityPlace,77,Waterfront Communities-The Island (77),D52
12806,None,2016-08-02,2112,BLUE JAYS WAY,NAVY WHARF CRT,None,Minor Arterial,Toronto and East York,At Intersection,Stop Sign,Clear,"Dark, artificial",Dry,Non-Fatal Injury,Pedestrian Collisions,Pedestrian,25 to 29,Major,None,South,None,None,None,None,Vehicle turns left while ped crosses with ROW at inter.,Crossing with right of way,Normal,None,None,None,Yes,None,Yes,None,None,None,None,Yes,None,Yes,None,None,None,165,Harbourfront-CityPlace,77,Waterfront Communities-The Island (77),D52
12807,None,2016-08-03,1154,STEELES AVE W,HILDA AVE,5 m North of,Major Arterial,North York,At Intersection,Traffic Signal,Clear,Daylight,Dry,Non-Fatal Injury,Turning Movement,Driver,25 to 29,Minor,None,West,"Automobile, Station Wagon",Turning Left,Failed to Yield Right of Way,Inattentive,None,None,None,None,None,None,None,None,Yes,None,None,None,None,None,None,Yes,None,None,None,36,Newtonbrook West,36,Newtonbrook West (36),D32
12808,None,2016-08-03,1154,STEELES AVE W,HILDA AVE,5 m North of,Major Arterial,North York,At Intersection,Traffic Signal,Clear,Daylight,Dry,Non-Fatal Injury,Turning Movement,Driver,60 to 64,Major,None,East,"Automobile, Station Wagon",Going Ahead,Driving Properly,Normal,None,None,None,None,None,None,None,None,Yes,None,None,None,None,None,None,Yes,None,None,None,36,Newtonbrook West,36,Newtonbrook West (36),D32
12809,None,2016-08-03,1822,ELLESMERE RD,HELICON GT,None,Major Arterial,Scarborough,At Intersection,Traffic Signal,Clear,Daylight,Dry,Non-Fatal Injury,Turning Movement,Driver,60 to 64,Minimal,None,West,"Automobile, Station Wagon",Going Ahead,Disobeyed Traffic Control,Inattentive,None,None,None,None,None,None,None,None,Yes,None,None,None,None,None,None,Yes,Yes,None,None,135,Morningside,135,Morningside (135),D43
12810,None,2016-08-03,1822,ELLESMERE RD,HELICON GT,None,Major Arterial,Scarborough,At Intersection,Traffic Signal,Clear,Daylight,Dry,Non-Fatal Injury,Turning Movement,Driver,55 to 59,Major,None,South,"Automobile, Station Wagon",Turning Left,Driving Properly,Normal,None,None,None,None,None,None,None,None,Yes,None,None,None,None,None,None,Yes,Yes,None,None,135,Morningside,135,Morningside (135),D43
12811,None,2016-08-03,1858,DUFFERIN ST,WATERLOO AVE,None,Local,North York,At Intersection,Stop Sign,Clear,Daylight,Dry,Non-Fatal Injury,Turning Movement,Motorcycle Driver,40 to 44,Major,None,South,Motorcycle,Going Ahead,Improper Passing,Normal,None,None,None,None,None,None,None,None,Yes,Yes,None,None,None,None,None,Yes,None,None,None,34,Bathurst Manor,34,Bathurst Manor (34),D32
12812,None,2016-08-03,1858,DUFFERIN ST,WATERLOO AVE,None,Local,North York,At Intersection,Stop Sign,Clear,Daylight,Dry,Non-Fatal Injury,Turning Movement,Driver,25 to 29,None,None,South,"Automobile, Station Wagon",Turning Left,Driving Properly,Normal,None,None,None,None,None,None,None,None,Yes,Yes,None,None,None,None,None,Yes,None,None,None,34,Bathurst Manor,34,Bathurst Manor (34),D32
12813,None,2016-08-05,1225,FINCH AVE W,TALBOT RD,40 m East,Major Arterial,North York,Non Intersection,No Control,Clear,Daylight,Dry,Fatal,Pedestrian Collisions,Pedestrian,80 to 84,Fatal,50,North,None,None,None,None,Pedestrian hit at mid-block,"Crossing, no Traffic Control",Inattentive,None,None,None,Yes,None,Yes,None,None,None,None,None,None,None,None,None,None,37,Willowdale West,37,Willowdale West (37),D32
12814,None,2016-08-05,1225,FINCH AVE W,TALBOT RD,40 m East,Major Arterial,North York,Non Intersection,No Control,Clear,Daylight,Dry,Fatal,Pedestrian Collisions,Driver,45 to 49,None,None,West,"Automobile, Station Wagon",Going Ahead,Driving Properly,Normal,None,None,None,None,None,None,Yes,None,Yes,None,None,None,None,None,None,None,None,None,None,37,Willowdale West,37,Willowdale West (37),D32
12815,None,2016-08-05,1829,REXDALE BLVD,HUMBERWOOD BLVD,None,Major Arterial,Etobicoke York,Non Intersection,No Control,Clear,Daylight,Dry,Fatal,Approaching,Truck Driver,45 to 49,None,None,West,Truck-Tractor,Going Ahead,Driving Properly,Normal,None,None,None,None,None,None,None,None,None,Yes,Yes,None,None,None,Yes,Yes,None,None,None,1,West Humber-Clairville,1,West Humber-Clairville (1),D23
12816,None,2016-08-05,1829,REXDALE BLVD,HUMBERWOOD BLVD,None,Major Arterial,Etobicoke York,Non Intersection,No Control,Clear,Daylight,Dry,Fatal,Approaching,Motorcycle Driver,25 to 29,Fatal,51,East,Motorcycle,Going Ahead,Lost control,Unknown,None,None,None,None,None,None,None,None,None,Yes,Yes,None,None,None,Yes,Yes,None,None,None,1,West Humber-Clairville,1,West Humber-Clairville (1),D23
12817,None,2016-08-06,2029,LAKE SHORE BLVD E,DON ROADWAY,9 m West of,Major Arterial,Toronto and East York,At Intersection,Traffic Signal,Clear,Daylight,Dry,Non-Fatal Injury,Turning Movement,Driver,50 to 54,Minor,None,West,"Automobile, Station Wagon",Turning Left,Improper Turn,Inattentive,None,None,None,None,None,None,None,None,Yes,None,None,None,None,Yes,None,None,None,None,None,70,South Riverdale,70,South Riverdale (70),D51
12818,None,2016-08-06,2029,LAKE SHORE BLVD E,DON ROADWAY,9 m West of,Major Arterial,Toronto and East York,At Intersection,Traffic Signal,Clear,Daylight,Dry,Non-Fatal Injury,Turning Movement,Driver,45 to 49,Minor,None,East,"Automobile, Station Wagon",Going Ahead,Driving Properly,Normal,None,None,None,None,None,None,None,None,Yes,None,None,None,None,Yes,None,None,None,None,None,70,South Riverdale,70,South Riverdale (70),D51
12819,None,2016-08-06,2029,LAKE SHORE BLVD E,DON ROADWAY,9 m West of,Major Arterial,Toronto and East York,At Intersection,Traffic Signal,Clear,Daylight,Dry,Non-Fatal Injury,Turning Movement,Passenger,40 to 44,None,None,None,None,None,None,None,None,None,None,None,None,None,None,None,Yes,None,None,None,None,Yes,None,None,None,None,None,70,South Riverdale,70,South Riverdale (70),D51
12820,None,2016-08-06,2029,LAKE SHORE BLVD E,DON ROADWAY,9 m West of,Major Arterial,Toronto and East York,At Intersection,Traffic Signal,Clear,Daylight,Dry,Non-Fatal Injury,Turning Movement,Passenger,35 to 39,Major,None,None,None,None,None,None,None,None,None,None,None,None,None,None,Yes,None,None,None,None,Yes,None,None,None,None,None,70,South Riverdale,70,South Riverdale (70),D51
12821,None,2016-08-06,2029,LAKE SHORE BLVD E,DON ROADWAY,9 m West of,Major Arterial,Toronto and East York,At Intersection,Traffic Signal,Clear,Daylight,Dry,Non-Fatal Injury,Turning Movement,Passenger,5 to 9,Minimal,None,None,None,None,None,None,None,None,None,None,None,None,None,None,Yes,None,None,None,None,Yes,None,None,None,None,None,70,South Riverdale,70,South Riverdale (70),D51
12822,None,2016-08-06,2029,LAKE SHORE BLVD E,DON ROADWAY,9 m West of,Major Arterial,Toronto and East York,At Intersection,Traffic Signal,Clear,Daylight,Dry,Non-Fatal Injury,Turning Movement,Passenger,5 to 9,Minimal,None,None,None,None,None,None,None,None,None,None,None,None,None,None,Yes,None,None,None,None,Yes,None,None,None,None,None,70,South Riverdale,70,South Riverdale (70),D51
12823,None,2016-08-06,2029,LAKE SHORE BLVD E,DON ROADWAY,9 m West of,Major Arterial,Toronto and East York,At Intersection,Traffic Signal,Clear,Daylight,Dry,Non-Fatal Injury,Turning Movement,Passenger,45 to 49,Minor,None,None,None,None,None,None,None,None,None,None,None,None,None,None,Yes,None,None,None,None,Yes,None,None,None,None,None,70,South Riverdale,70,South Riverdale (70),D51
12824,None,2016-08-09,1228,KEELE ST,HIRONS ST,None,Major Arterial,Etobicoke York,At Intersection,Stop Sign,Clear,Daylight,Dry,Non-Fatal Injury,Turning Movement,Motorcycle Driver,30 to 34,Major,None,North,Motorcycle,Going Ahead,Exceeding Speed Limit,Inattentive,None,None,None,None,None,None,None,None,Yes,Yes,None,None,None,None,Yes,Yes,None,None,None,90,Junction Area,90,Junction Area (90),D11
12825,None,2016-08-09,1228,KEELE ST,HIRONS ST,None,Major Arterial,Etobicoke York,At Intersection,Stop Sign,Clear,Daylight,Dry,Non-Fatal Injury,Turning Movement,Driver,55 to 59,None,None,East,"Automobile, Station Wagon",Turning Left,Driving Properly,Normal,None,None,None,None,None,None,None,None,Yes,Yes,None,None,None,None,Yes,Yes,None,None,None,90,Junction Area,90,Junction Area (90),D11
12826,None,2016-08-10,329,DANFORTH RD,THICKETWOOD DR      (431),None,Major Arterial,Scarborough,Intersection Related,Stop Sign,Clear,"Daylight, artificial",Wet,Non-Fatal Injury,Angle,Driver,unknown,None,None,Unknown,None,Going Ahead,Driving Properly,Unknown,None,None,None,None,None,None,Yes,None,None,None,None,None,None,None,None,None,None,None,None,138,Eglinton East,138,Eglinton East (138),D43
12827,None,2016-08-10,329,DANFORTH RD,THICKETWOOD DR      (431),None,Major Arterial,Scarborough,Intersection Related,Stop Sign,Clear,"Daylight, artificial",Wet,Non-Fatal Injury,Angle,Pedestrian,15 to 19,Major,None,Unknown,None,None,None,None,Other / Undefined,Crossing without right of way,Inattentive,None,None,None,Yes,None,None,None,None,None,None,None,None,None,None,None,None,138,Eglinton East,138,Eglinton East (138),D43
12828,None,2016-08-10,1603,MARCELLA ST,ANGORA ST,None,Local,Scarborough,At Intersection,Stop Sign,Clear,Daylight,Dry,Non-Fatal Injury,Angle,Driver,60 to 64,None,None,North,"Automobile, Station Wagon",Going Ahead,Failed to Yield Right of Way,Inattentive,None,None,None,None,None,None,None,None,Yes,None,None,None,None,Yes,None,Yes,None,None,None,141,Golfdale-Cedarbrae-Woburn,137,Woburn (137),D43
12829,None,2016-08-10,1603,MARCELLA ST,ANGORA ST,None,Local,Scarborough,At Intersection,Stop Sign,Clear,Daylight,Dry,Non-Fatal Injury,Angle,Driver,15 to 19,Major,None,West,"Automobile, Station Wagon",Going Ahead,Driving Properly,Normal,None,None,None,None,None,None,None,None,Yes,None,None,None,None,Yes,None,Yes,None,None,None,141,Golfdale-Cedarbrae-Woburn,137,Woburn (137),D43
12830,None,2016-08-10,1603,MARCELLA ST,ANGORA ST,None,Local,Scarborough,At Intersection,Stop Sign,Clear,Daylight,Dry,Non-Fatal Injury,Angle,Passenger,15 to 19,Minor,None,None,None,None,None,None,None,None,None,None,None,None,None,None,Yes,None,None,None,None,Yes,None,Yes,None,None,None,141,Golfdale-Cedarbrae-Woburn,137,Woburn (137),D43
12831,None,2016-08-10,1603,MARCELLA ST,ANGORA ST,None,Local,Scarborough,At Intersection,Stop Sign,Clear,Daylight,Dry,Non-Fatal Injury,Angle,Passenger,15 to 19,Minor,None,None,None,None,None,None,None,None,None,None,None,None,None,None,Yes,None,None,None,None,Yes,None,Yes,None,None,None,141,Golfdale-Cedarbrae-Woburn,137,Woburn (137),D43
12832,None,2016-08-10,1603,MARCELLA ST,ANGORA ST,None,Local,Scarborough,At Intersection,Stop Sign,Clear,Daylight,Dry,Non-Fatal Injury,Angle,Passenger,60 to 64,Minimal,None,None,None,None,None,None,None,None,None,None,None,None,None,None,Yes,None,None,None,None,Yes,None,Yes,None,None,None,141,Golfdale-Cedarbrae-Woburn,137,Woburn (137),D43
12833,None,2016-08-10,1603,MARCELLA ST,ANGORA ST,None,Local,Scarborough,At Intersection,Stop Sign,Clear,Daylight,Dry,Non-Fatal Injury,Angle,Passenger,25 to 29,None,None,None,None,None,None,None,None,None,None,None,None,None,None,None,Yes,None,None,None,None,Yes,None,Yes,None,None,None,141,Golfdale-Cedarbrae-Woburn,137,Woburn (137),D43
12834,None,2016-08-11,1603,WESTHUMBER BLVD,KIPLING AVE,None,Major Arterial,Etobicoke York,At Intersection,Traffic Signal,Clear,Daylight,Dry,Non-Fatal Injury,Pedestrian Collisions,Driver,45 to 49,None,None,North,"Automobile, Station Wagon",Turning Left,Failed to Yield Right of Way,Normal,None,None,None,None,None,None,Yes,None,Yes,None,None,None,None,Yes,Yes,Yes,None,None,None,4,Rexdale-Kipling,4,Rexdale-Kipling (4),D23
12835,None,2016-08-11,1603,WESTHUMBER BLVD,KIPLING AVE,None,Major Arterial,Etobicoke York,At Intersection,Traffic Signal,Clear,Daylight,Dry,Non-Fatal Injury,Pedestrian Collisions,Driver,20 to 24,None,None,South,"Automobile, Station Wagon",Going Ahead,Speed too Fast For Condition,Normal,None,None,None,None,None,None,Yes,None,Yes,None,None,None,None,Yes,Yes,Yes,None,None,None,4,Rexdale-Kipling,4,Rexdale-Kipling (4),D23
12836,None,2016-08-11,1603,WESTHUMBER BLVD,KIPLING AVE,None,Major Arterial,Etobicoke York,At Intersection,Traffic Signal,Clear,Daylight,Dry,Non-Fatal Injury,Pedestrian Collisions,Passenger,5 to 9,None,None,None,None,None,None,None,None,None,None,None,None,None,Yes,None,Yes,None,None,None,None,Yes,Yes,Yes,None,None,None,4,Rexdale-Kipling,4,Rexdale-Kipling (4),D23
12837,None,2016-08-11,1603,WESTHUMBER BLVD,KIPLING AVE,None,Major Arterial,Etobicoke York,At Intersection,Traffic Signal,Clear,Daylight,Dry,Non-Fatal Injury,Pedestrian Collisions,Pedestrian,25 to 29,Major,None,Unknown,None,None,None,None,Pedestrian hit on sidewalk or shoulder,On Sidewalk or Shoulder,Normal,None,None,None,Yes,None,Yes,None,None,None,None,Yes,Yes,Yes,None,None,None,4,Rexdale-Kipling,4,Rexdale-Kipling (4),D23
12838,None,2016-08-11,1603,WESTHUMBER BLVD,KIPLING AVE,None,Major Arterial,Etobicoke York,At Intersection,Traffic Signal,Clear,Daylight,Dry,Non-Fatal Injury,Pedestrian Collisions,Pedestrian,25 to 29,Minor,None,Unknown,None,None,None,None,Pedestrian hit on sidewalk or shoulder,On Sidewalk or Shoulder,Normal,None,None,None,Yes,None,Yes,None,None,None,None,Yes,Yes,Yes,None,None,None,4,Rexdale-Kipling,4,Rexdale-Kipling (4),D23
12839,None,2016-08-13,2223,LAKE SHORE BLVD W,LONG BRANCH AVE,40 m West of,Major Arterial,Etobicoke York,Non Intersection,No Control,Clear,"Dark, artificial",Wet,Non-Fatal Injury,SMV Other,Motorcycle Driver,25 to 29,Major,None,East,Motorcycle,Going Ahead,Lost control,Inattentive,None,None,None,None,None,None,None,None,None,Yes,None,None,None,None,None,None,None,None,None,19,Long Branch,19,Long Branch (19),D22
12840,None,2016-08-14,250,STEELES AVE E,REESOR RD,None,Minor Arterial,Scarborough,Non Intersection,No Control,Clear,Dark,Dry,Fatal,Approaching,Driver,20 to 24,Fatal,52,East,"Automobile, Station Wagon",Going Ahead,Driving Properly,Normal,None,None,None,None,None,None,None,None,Yes,None,None,None,None,Yes,Yes,Yes,None,None,None,144,Morningside Heights,131,Rouge (131),D42
12841,None,2016-08-14,250,STEELES AVE E,REESOR RD,None,Minor Arterial,Scarborough,Non Intersection,No Control,Clear,Dark,Dry,Fatal,Approaching,Passenger,20 to 24,Minor,None,None,"Automobile, Station Wagon",None,None,None,None,None,None,None,None,None,None,None,Yes,None,None,None,None,Yes,Yes,Yes,None,None,None,144,Morningside Heights,131,Rouge (131),D42
12842,None,2016-08-14,250,STEELES AVE E,REESOR RD,None,Minor Arterial,Scarborough,Non Intersection,No Control,Clear,Dark,Dry,Fatal,Approaching,Driver,30 to 34,Minimal,None,West,"Automobile, Station Wagon",Going Ahead,Driving Properly,Normal,None,None,None,None,None,None,None,None,Yes,None,None,None,None,Yes,Yes,Yes,None,None,None,144,Morningside Heights,131,Rouge (131),D42
12843,None,2016-08-14,250,STEELES AVE E,REESOR RD,None,Minor Arterial,Scarborough,Non Intersection,No Control,Clear,Dark,Dry,Fatal,Approaching,Driver,55 to 59,Minor,None,West,Pick Up Truck,Overtaking,Improper Passing,Had Been Drinking,None,None,None,None,None,None,None,None,Yes,None,None,None,None,Yes,Yes,Yes,None,None,None,144,Morningside Heights,131,Rouge (131),D42
12844,None,2016-08-16,917,WELLESLEY ST E,PARLIAMENT ST,None,Minor Arterial,Toronto and East York,At Intersection,Traffic Signal,Rain,Daylight,Wet,Non-Fatal Injury,Pedestrian Collisions,Driver,20 to 24,None,None,East,"Automobile, Station Wagon",Turning Left,Failed to Yield Right of Way,Inattentive,None,None,None,None,None,None,Yes,None,Yes,None,None,None,None,None,None,Yes,None,None,None,71,Cabbagetown-South St.James Town,71,Cabbagetown-South St.James Town (71),D51
12845,None,2016-08-16,917,WELLESLEY ST E,PARLIAMENT ST,None,Minor Arterial,Toronto and East York,At Intersection,Traffic Signal,Rain,Daylight,Wet,Non-Fatal Injury,Pedestrian Collisions,Pedestrian,65 to 69,Major,None,West,None,None,None,None,Vehicle turns left while ped crosses with ROW at inter.,Crossing with right of way,Normal,None,None,None,Yes,None,Yes,None,None,None,None,None,None,Yes,None,None,None,71,Cabbagetown-South St.James Town,71,Cabbagetown-South St.James Town (71),D51
12846,None,2016-08-16,2325,THE WEST MALL,THE QUEENSWAY,None,Major Arterial,Etobicoke York,At Intersection,Traffic Signal,Clear,"Dark, artificial",Dry,Non-Fatal Injury,Cyclist Collisions,Cyclist,30 to 34,Major,None,South,Bicycle,Going Ahead,None,None,None,None,None,"Cyclist without ROW rides into path of motorist at inter, lnwy, dwy-Cyclist not turn.",Other,Unknown,None,Yes,None,None,Yes,None,None,None,None,None,None,None,None,159,Etobicoke City Centre,14,Islington-City Centre West (14),D22
12847,None,2016-08-16,2325,THE WEST MALL,THE QUEENSWAY,None,Major Arterial,Etobicoke York,At Intersection,Traffic Signal,Clear,"Dark, artificial",Dry,Non-Fatal Injury,Cyclist Collisions,Truck Driver,50 to 54,None,None,North,Truck-Tractor,Turning Right,Driving Properly,Normal,None,None,None,None,None,None,None,Yes,None,None,Yes,None,None,None,None,None,None,None,None,159,Etobicoke City Centre,14,Islington-City Centre West (14),D22
12848,None,2016-08-17,1606,KEELE ST,MURRAY ROSS PKWY,219 m North ,Major Arterial,Etobicoke York,Non Intersection,No Control,Clear,Daylight,Dry,Non-Fatal Injury,Approaching,Driver,55 to 59,Major,None,North,"Automobile, Station Wagon",Going Ahead,Lost control,Medical or Physical Disability,None,None,None,None,None,None,None,None,Yes,None,None,None,None,Yes,Yes,Yes,None,None,Yes,27,York University Heights,27,York University Heights (27),D31
12849,None,2016-08-17,1606,KEELE ST,MURRAY ROSS PKWY,219 m North ,Major Arterial,Etobicoke York,Non Intersection,No Control,Clear,Daylight,Dry,Non-Fatal Injury,Approaching,Driver,40 to 44,Minimal,None,South,"Automobile, Station Wagon",Going Ahead,Driving Properly,Normal,None,None,None,None,None,None,None,None,Yes,None,None,None,None,Yes,Yes,Yes,None,None,Yes,27,York University Heights,27,York University Heights (27),D31
12850,None,2016-08-17,1606,KEELE ST,MURRAY ROSS PKWY,219 m North ,Major Arterial,Etobicoke York,Non Intersection,No Control,Clear,Daylight,Dry,Non-Fatal Injury,Approaching,Driver,35 to 39,Minimal,None,South,"Automobile, Station Wagon",Going Ahead,Driving Properly,Normal,None,None,None,None,None,None,None,None,Yes,None,None,None,None,Yes,Yes,Yes,None,None,Yes,27,York University Heights,27,York University Heights (27),D31
12851,None,2016-08-17,1606,KEELE ST,MURRAY ROSS PKWY,219 m North ,Major Arterial,Etobicoke York,Non Intersection,No Control,Clear,Daylight,Dry,Non-Fatal Injury,Approaching,Passenger,15 to 19,Minimal,None,None,None,None,None,None,None,None,None,None,None,None,None,None,Yes,None,None,None,None,Yes,Yes,Yes,None,None,Yes,27,York University Heights,27,York University Heights (27),D31
12852,None,2016-08-17,1606,KEELE ST,MURRAY ROSS PKWY,219 m North ,Major Arterial,Etobicoke York,Non Intersection,No Control,Clear,Daylight,Dry,Non-Fatal Injury,Approaching,Passenger,5 to 9,Minimal,None,None,None,None,None,None,None,None,None,None,None,None,None,None,Yes,None,None,None,None,Yes,Yes,Yes,None,None,Yes,27,York University Heights,27,York University Heights (27),D31
12853,None,2016-08-17,1606,KEELE ST,MURRAY ROSS PKWY,219 m North ,Major Arterial,Etobicoke York,Non Intersection,No Control,Clear,Daylight,Dry,Non-Fatal Injury,Approaching,Passenger,30 to 34,Minimal,None,None,None,None,None,None,None,None,None,None,None,None,None,None,Yes,None,None,None,None,Yes,Yes,Yes,None,None,Yes,27,York University Heights,27,York University Heights (27),D31
12854,None,2016-08-19,904,FINCH AVE E,SKYMARK DR,None,Major Arterial,North York,Intersection Related,Traffic Signal,Clear,Daylight,Dry,Fatal,Pedestrian Collisions,Pedestrian,80 to 84,Fatal,53,North,None,None,None,None,Pedestrian hit at mid-block,"Crossing, no Traffic Control",Other,None,None,None,Yes,None,Yes,None,None,None,None,Yes,None,None,None,None,None,47,Don Valley Village,47,Don Valley Village (47),D33
12855,None,2016-08-19,904,FINCH AVE E,SKYMARK DR,None,Major Arterial,North York,Intersection Related,Traffic Signal,Clear,Daylight,Dry,Fatal,Pedestrian Collisions,Driver,65 to 69,None,None,South,Pick Up Truck,Turning Left,Driving Properly,Normal,None,None,None,None,None,None,Yes,None,Yes,None,None,None,None,Yes,None,None,None,None,None,47,Don Valley Village,47,Don Valley Village (47),D33
12856,None,2016-08-19,904,FINCH AVE E,SKYMARK DR,None,Major Arterial,North York,Intersection Related,Traffic Signal,Clear,Daylight,Dry,Fatal,Pedestrian Collisions,Passenger,10 to 14,None,None,None,None,None,None,None,None,None,None,None,None,None,Yes,None,Yes,None,None,None,None,Yes,None,None,None,None,None,47,Don Valley Village,47,Don Valley Village (47),D33
12857,None,2016-08-19,1853,KIPLING AVE,DIXON RD,None,Major Arterial,Etobicoke York,At Intersection,Traffic Signal,Clear,Daylight,Dry,Non-Fatal Injury,Pedestrian Collisions,Driver,40 to 44,None,None,North,"Automobile, Station Wagon",Going Ahead,Driving Properly,Normal,None,None,None,None,None,None,Yes,None,Yes,None,None,None,None,None,None,None,None,None,None,6,Kingsview Village-The Westway,6,Kingsview Village-The Westway (6),D23
12858,None,2016-08-19,1853,KIPLING AVE,DIXON RD,None,Major Arterial,Etobicoke York,At Intersection,Traffic Signal,Clear,Daylight,Dry,Non-Fatal Injury,Pedestrian Collisions,Pedestrian,30 to 34,Major,None,West,None,None,None,None,Vehicle is going straight thru inter.while ped cross without ROW,Crossing without right of way,Inattentive,None,None,None,Yes,None,Yes,None,None,None,None,None,None,None,None,None,None,6,Kingsview Village-The Westway,6,Kingsview Village-The Westway (6),D23
12859,None,2016-08-19,1948,CONLINS RD,MILNER AVE,139 m South ,Collector,Scarborough,Non Intersection,No Control,Clear,Daylight,Dry,Non-Fatal Injury,Sideswipe,Motorcycle Driver,20 to 24,Major,None,North,Motorcycle,Overtaking,Improper Passing,Inattentive,None,None,None,None,None,None,None,None,Yes,Yes,None,None,None,None,Yes,Yes,None,None,None,144,Morningside Heights,131,Rouge (131),D42
12860,None,2016-08-19,1948,CONLINS RD,MILNER AVE,139 m South ,Collector,Scarborough,Non Intersection,No Control,Clear,Daylight,Dry,Non-Fatal Injury,Sideswipe,Driver,60 to 64,None,None,North,Pick Up Truck,Going Ahead,Driving Properly,Normal,None,None,None,None,None,None,None,None,Yes,Yes,None,None,None,None,Yes,Yes,None,None,None,144,Morningside Heights,131,Rouge (131),D42
12861,None,2016-08-20,1323,SHEPPARD AVE W,JANE ST,None,Major Arterial,Etobicoke York,At Intersection,Traffic Signal,Clear,Daylight,Dry,Non-Fatal Injury,Approaching,Driver,80 to 84,Major,None,East,"Automobile, Station Wagon",Going Ahead,Exceeding Speed Limit,Inattentive,None,None,None,None,None,None,None,None,Yes,None,Yes,None,None,None,Yes,Yes,None,None,None,25,Glenfield-Jane Heights,25,Glenfield-Jane Heights (25),D31
12862,None,2016-08-20,1323,SHEPPARD AVE W,JANE ST,None,Major Arterial,Etobicoke York,At Intersection,Traffic Signal,Clear,Daylight,Dry,Non-Fatal Injury,Approaching,Driver,60 to 64,Minimal,None,East,"Automobile, Station Wagon",Going Ahead,Driving Properly,Normal,None,None,None,None,None,None,None,None,Yes,None,Yes,None,None,None,Yes,Yes,None,None,None,25,Glenfield-Jane Heights,25,Glenfield-Jane Heights (25),D31
12863,None,2016-08-20,1323,SHEPPARD AVE W,JANE ST,None,Major Arterial,Etobicoke York,At Intersection,Traffic Signal,Clear,Daylight,Dry,Non-Fatal Injury,Approaching,Truck Driver,20 to 24,None,None,West,Truck (other),Going Ahead,Driving Properly,Normal,None,None,None,None,None,None,None,None,Yes,None,Yes,None,None,None,Yes,Yes,None,None,None,25,Glenfield-Jane Heights,25,Glenfield-Jane Heights (25),D31
12864,None,2016-08-20,1323,SHEPPARD AVE W,JANE ST,None,Major Arterial,Etobicoke York,At Intersection,Traffic Signal,Clear,Daylight,Dry,Non-Fatal Injury,Approaching,Truck Driver,45 to 49,None,None,East,Truck (other),Going Ahead,Driving Properly,Normal,None,None,None,None,None,None,None,None,Yes,None,Yes,None,None,None,Yes,Yes,None,None,None,25,Glenfield-Jane Heights,25,Glenfield-Jane Heights (25),D31
12865,None,2016-08-21,634,FINCH AVE E,TRUDY RD,5 m West of,Major Arterial,North York,Intersection Related,No Control,Clear,Daylight,Dry,Non-Fatal Injury,SMV Other,Driver,20 to 24,Major,None,West,"Automobile, Station Wagon",Unknown,Lost control,Had Been Drinking,None,None,None,None,None,None,None,None,Yes,None,None,None,None,None,Yes,Yes,None,None,None,47,Don Valley Village,47,Don Valley Village (47),D33
12866,None,2016-08-21,1617,ALBION RD,HIGHWAY 27  N,None,Major Arterial,Etobicoke York,At Intersection,Traffic Signal,Clear,Daylight,Dry,Non-Fatal Injury,Turning Movement,Driver,35 to 39,None,None,West,"Automobile, Station Wagon",Turning Left,Improper Turn,Inattentive,None,None,None,None,None,None,None,None,Yes,None,None,None,None,Yes,None,None,None,None,None,1,West Humber-Clairville,1,West Humber-Clairville (1),D23