_id,ACCNUM,DATE,TIME,STREET1,STREET2,OFFSET,ROAD_CLASS,DISTRICT,ACCLOC,TRAFFCTL,VISIBILITY,LIGHT,RDSFCOND,ACCLASS,IMPACTYPE,INVTYPE,INVAGE,INJURY,FATAL_NO,INITDIR,VEHTYPE,MANOEUVER,DRIVACT,DRIVCOND,PEDTYPE,PEDACT,PEDCOND,CYCLISTYPE,CYCACT,CYCCOND,PEDESTRIAN,CYCLIST,AUTOMOBILE,MOTORCYCLE,TRUCK,TRSN_CITY_VEH,EMERG_VEH,PASSENGER,SPEEDING,AG_DRIV,REDLIGHT,ALCOHOL,DISABILITY,HOOD_158,NEIGHBOURHOOD_158,HOOD_140,NEIGHBOURHOOD_140,DIVISION
12867,None,2016-08-21,1617,ALBION RD,HIGHWAY 27  N,None,Major Arterial,Etobicoke York,At Intersection,Traffic Signal,Clear,Daylight,Dry,Non-Fatal Injury,Turning Movement,Driver,40 to 44,None,None,East,"Automobile, Station Wagon",Going Ahead,Driving Properly,Normal,None,None,None,None,None,None,None,None,Yes,None,None,None,None,Yes,None,None,None,None,None,1,West Humber-Clairville,1,West Humber-Clairville (1),D23
12868,None,2016-08-21,1617,ALBION RD,HIGHWAY 27  N,None,Major Arterial,Etobicoke York,At Intersection,Traffic Signal,Clear,Daylight,Dry,Non-Fatal Injury,Turning Movement,Passenger,35 to 39,Major,None,None,None,None,None,None,None,None,None,None,None,None,None,None,Yes,None,None,None,None,Yes,None,None,None,None,None,1,West Humber-Clairville,1,West Humber-Clairville (1),D23
12869,None,2016-08-22,1312,DUFFERIN ST,DUNDAS ST W,None,Minor Arterial,Toronto and East York,At Intersection,Traffic Signal,Clear,Daylight,Dry,Non-Fatal Injury,Pedestrian Collisions,Driver,60 to 64,None,None,North,"Automobile, Station Wagon",Turning Left,Failed to Yield Right of Way,Normal,None,None,None,None,None,None,Yes,None,Yes,None,None,None,None,None,None,Yes,None,None,None,84,Little Portugal,84,Little Portugal (84),D14
12870,None,2016-08-22,1312,DUFFERIN ST,DUNDAS ST W,None,Minor Arterial,Toronto and East York,At Intersection,Traffic Signal,Clear,Daylight,Dry,Non-Fatal Injury,Pedestrian Collisions,Pedestrian,70 to 74,Major,None,South,None,None,None,None,Vehicle turns left while ped crosses with ROW at inter.,Crossing with right of way,Normal,None,None,None,Yes,None,Yes,None,None,None,None,None,None,Yes,None,None,None,84,Little Portugal,84,Little Portugal (84),D14
12871,None,2016-08-24,1811,JANE ST,ALLIANCE AVE,66 m North o,Major Arterial,Etobicoke York,Non Intersection,No Control,Clear,Daylight,Dry,Non-Fatal Injury,Rear End,Driver,30 to 34,Major,None,North,"Automobile, Station Wagon",Changing Lanes,Lost control,Normal,None,None,None,None,None,None,None,None,Yes,None,None,None,None,Yes,None,Yes,None,None,None,111,Rockcliffe-Smythe,111,Rockcliffe-Smythe (111),D12
12872,None,2016-08-24,1811,JANE ST,ALLIANCE AVE,66 m North o,Major Arterial,Etobicoke York,Non Intersection,No Control,Clear,Daylight,Dry,Non-Fatal Injury,Rear End,Driver,40 to 44,None,None,North,"Automobile, Station Wagon",Going Ahead,Driving Properly,Normal,None,None,None,None,None,None,None,None,Yes,None,None,None,None,Yes,None,Yes,None,None,None,111,Rockcliffe-Smythe,111,Rockcliffe-Smythe (111),D12
12873,None,2016-08-24,1811,JANE ST,ALLIANCE AVE,66 m North o,Major Arterial,Etobicoke York,Non Intersection,No Control,Clear,Daylight,Dry,Non-Fatal Injury,Rear End,Passenger,10 to 14,Minimal,None,None,None,None,None,None,None,None,None,None,None,None,None,None,Yes,None,None,None,None,Yes,None,Yes,None,None,None,111,Rockcliffe-Smythe,111,Rockcliffe-Smythe (111),D12
12874,None,2016-08-25,2153,DIXON RD,ISLINGTON AVE,None,Major Arterial,Etobicoke York,At Intersection,Traffic Signal,Clear,"Dark, artificial",Dry,Non-Fatal Injury,Pedestrian Collisions,Driver,30 to 34,None,None,West,"Automobile, Station Wagon",Turning Left,Improper Turn,Normal,None,None,None,None,None,None,Yes,None,Yes,None,None,None,None,Yes,None,None,None,None,None,6,Kingsview Village-The Westway,6,Kingsview Village-The Westway (6),D23
12875,None,2016-08-25,2153,DIXON RD,ISLINGTON AVE,None,Major Arterial,Etobicoke York,At Intersection,Traffic Signal,Clear,"Dark, artificial",Dry,Non-Fatal Injury,Pedestrian Collisions,Driver,25 to 29,None,None,East,"Automobile, Station Wagon",Going Ahead,Driving Properly,Normal,None,None,None,None,None,None,Yes,None,Yes,None,None,None,None,Yes,None,None,None,None,None,6,Kingsview Village-The Westway,6,Kingsview Village-The Westway (6),D23
12876,None,2016-08-25,2153,DIXON RD,ISLINGTON AVE,None,Major Arterial,Etobicoke York,At Intersection,Traffic Signal,Clear,"Dark, artificial",Dry,Non-Fatal Injury,Pedestrian Collisions,Passenger,10 to 14,None,None,None,None,None,None,None,None,None,None,None,None,None,Yes,None,Yes,None,None,None,None,Yes,None,None,None,None,None,6,Kingsview Village-The Westway,6,Kingsview Village-The Westway (6),D23
12877,None,2016-08-25,2153,DIXON RD,ISLINGTON AVE,None,Major Arterial,Etobicoke York,At Intersection,Traffic Signal,Clear,"Dark, artificial",Dry,Non-Fatal Injury,Pedestrian Collisions,Passenger,5 to 9,None,None,None,None,None,None,None,None,None,None,None,None,None,Yes,None,Yes,None,None,None,None,Yes,None,None,None,None,None,6,Kingsview Village-The Westway,6,Kingsview Village-The Westway (6),D23
12878,None,2016-08-25,2153,DIXON RD,ISLINGTON AVE,None,Major Arterial,Etobicoke York,At Intersection,Traffic Signal,Clear,"Dark, artificial",Dry,Non-Fatal Injury,Pedestrian Collisions,Pedestrian,55 to 59,Major,None,East,None,None,None,None,Vehicle turns left while ped crosses with ROW at inter.,Crossing with right of way,Normal,None,None,None,Yes,None,Yes,None,None,None,None,Yes,None,None,None,None,None,6,Kingsview Village-The Westway,6,Kingsview Village-The Westway (6),D23
12879,None,2016-08-26,850,LOWER JARVIS ST,LAKE SHORE BLVD E,None,Major Arterial,Toronto and East York,At Intersection,Traffic Signal,Clear,Daylight,Dry,Non-Fatal Injury,Pedestrian Collisions,Driver,30 to 34,None,None,West,"Automobile, Station Wagon",Turning Left,Disobeyed Traffic Control,Inattentive,None,None,None,None,None,None,Yes,None,Yes,None,None,None,None,Yes,None,Yes,Yes,None,None,166,St Lawrence-East Bayfront-The Islands,77,Waterfront Communities-The Island (77),D51
12880,None,2016-08-26,850,LOWER JARVIS ST,LAKE SHORE BLVD E,None,Major Arterial,Toronto and East York,At Intersection,Traffic Signal,Clear,Daylight,Dry,Non-Fatal Injury,Pedestrian Collisions,Driver,20 to 24,Minimal,None,East,"Automobile, Station Wagon",Going Ahead,Driving Properly,Normal,None,None,None,None,None,None,Yes,None,Yes,None,None,None,None,Yes,None,Yes,Yes,None,None,166,St Lawrence-East Bayfront-The Islands,77,Waterfront Communities-The Island (77),D51
12881,None,2016-08-26,850,LOWER JARVIS ST,LAKE SHORE BLVD E,None,Major Arterial,Toronto and East York,At Intersection,Traffic Signal,Clear,Daylight,Dry,Non-Fatal Injury,Pedestrian Collisions,Passenger,20 to 24,Minimal,None,None,"Automobile, Station Wagon",None,None,None,None,None,None,None,None,None,Yes,None,Yes,None,None,None,None,Yes,None,Yes,Yes,None,None,166,St Lawrence-East Bayfront-The Islands,77,Waterfront Communities-The Island (77),D51
12882,None,2016-08-26,850,LOWER JARVIS ST,LAKE SHORE BLVD E,None,Major Arterial,Toronto and East York,At Intersection,Traffic Signal,Clear,Daylight,Dry,Non-Fatal Injury,Pedestrian Collisions,Pedestrian,20 to 24,Major,None,Unknown,None,None,None,None,Pedestrian hit on sidewalk or shoulder,On Sidewalk or Shoulder,Normal,None,None,None,Yes,None,Yes,None,None,None,None,Yes,None,Yes,Yes,None,None,166,St Lawrence-East Bayfront-The Islands,77,Waterfront Communities-The Island (77),D51
12883,None,2016-08-26,1600,116 ELINOR AVE,JOY DR,68 m North o,Local,Scarborough,At/Near Private Drive,No Control,Clear,Daylight,Dry,Non-Fatal Injury,Cyclist Collisions,Driver,unknown,None,None,North,"Automobile, Station Wagon",Turning Left,Failed to Yield Right of Way,Inattentive,None,None,None,None,None,None,None,Yes,Yes,None,None,None,None,None,None,Yes,None,None,None,119,Wexford/Maryvale,119,Wexford/Maryvale (119),D41
12884,None,2016-08-26,1600,116 ELINOR AVE,JOY DR,68 m North o,Local,Scarborough,At/Near Private Drive,No Control,Clear,Daylight,Dry,Non-Fatal Injury,Cyclist Collisions,Cyclist,50 to 54,Major,None,South,Bicycle,Going Ahead,None,None,None,None,None,Motorist turned left across cyclists path.,Driving Properly,Normal,None,Yes,Yes,None,None,None,None,None,None,Yes,None,None,None,119,Wexford/Maryvale,119,Wexford/Maryvale (119),D41
12885,None,2016-08-26,2215,LAKE SHORE BLVD W,BRITISH COLUMBIA RD,368 m East o,Major Arterial,Toronto and East York,Non Intersection,No Control,Clear,"Dark, artificial",Dry,Non-Fatal Injury,Sideswipe,Motorcycle Driver,40 to 44,Major,None,East,Motorcycle,Going Ahead,Lost control,Normal,None,None,None,None,None,None,None,None,Yes,Yes,None,None,None,Yes,Yes,Yes,None,None,None,163,Fort York-Liberty Village,82,Niagara (82),D14
12886,None,2016-08-26,2215,LAKE SHORE BLVD W,BRITISH COLUMBIA RD,368 m East o,Major Arterial,Toronto and East York,Non Intersection,No Control,Clear,"Dark, artificial",Dry,Non-Fatal Injury,Sideswipe,Driver,55 to 59,None,None,East,"Automobile, Station Wagon",Going Ahead,Driving Properly,Normal,None,None,None,None,None,None,None,None,Yes,Yes,None,None,None,Yes,Yes,Yes,None,None,None,163,Fort York-Liberty Village,82,Niagara (82),D14
12887,None,2016-08-26,2215,LAKE SHORE BLVD W,BRITISH COLUMBIA RD,368 m East o,Major Arterial,Toronto and East York,Non Intersection,No Control,Clear,"Dark, artificial",Dry,Non-Fatal Injury,Sideswipe,Passenger,50 to 54,None,None,None,None,None,None,None,None,None,None,None,None,None,None,None,Yes,Yes,None,None,None,Yes,Yes,Yes,None,None,None,163,Fort York-Liberty Village,82,Niagara (82),D14
12888,None,2016-08-27,1356,ROYAL YORK RD,NEWCASTLE ST,None,Minor Arterial,Etobicoke York,At Intersection,Traffic Signal,Clear,Daylight,Dry,Non-Fatal Injury,Pedestrian Collisions,Driver,70 to 74,None,None,West,"Automobile, Station Wagon",Turning Left,Failed to Yield Right of Way,Normal,None,None,None,None,None,None,Yes,None,Yes,None,None,None,None,None,None,Yes,None,None,None,160,Mimico-Queensway,17,Mimico (includes Humber Bay Shores) (17),D22
12889,None,2016-08-27,1356,ROYAL YORK RD,NEWCASTLE ST,None,Minor Arterial,Etobicoke York,At Intersection,Traffic Signal,Clear,Daylight,Dry,Non-Fatal Injury,Pedestrian Collisions,Pedestrian,65 to 69,Major,None,East,None,None,None,None,Vehicle turns left while ped crosses with ROW at inter.,Crossing with right of way,Normal,None,None,None,Yes,None,Yes,None,None,None,None,None,None,Yes,None,None,None,160,Mimico-Queensway,17,Mimico (includes Humber Bay Shores) (17),D22
12890,None,2016-08-27,2315,18 CORTLEIGH BLVD,None,None,Local,North York,Non Intersection,No Control,Clear,Dark,Dry,Non-Fatal Injury,Other,Passenger,15 to 19,None,None,None,None,None,None,None,None,None,None,None,None,None,None,None,Yes,None,None,None,None,Yes,Yes,Yes,None,None,None,103,Lawrence Park South,103,Lawrence Park South (103),D53
12891,None,2016-08-27,2315,18 CORTLEIGH BLVD,None,None,Local,North York,Non Intersection,No Control,Clear,Dark,Dry,Non-Fatal Injury,Other,Driver,15 to 19,None,None,West,Passenger Van,Going Ahead,Speed too Fast For Condition,Unknown,None,None,None,None,None,None,None,None,Yes,None,None,None,None,Yes,Yes,Yes,None,None,None,103,Lawrence Park South,103,Lawrence Park South (103),D53
12892,None,2016-08-27,2315,18 CORTLEIGH BLVD,None,None,Local,North York,Non Intersection,No Control,Clear,Dark,Dry,Non-Fatal Injury,Other,Passenger,15 to 19,Major,None,None,None,None,None,None,None,None,None,None,None,None,None,None,Yes,None,None,None,None,Yes,Yes,Yes,None,None,None,103,Lawrence Park South,103,Lawrence Park South (103),D53
12893,None,2016-08-27,2315,18 CORTLEIGH BLVD,None,None,Local,North York,Non Intersection,No Control,Clear,Dark,Dry,Non-Fatal Injury,Other,Passenger,15 to 19,None,None,None,None,None,None,None,None,None,None,None,None,None,None,None,Yes,None,None,None,None,Yes,Yes,Yes,None,None,None,103,Lawrence Park South,103,Lawrence Park South (103),D53
12894,None,2016-08-27,2315,18 CORTLEIGH BLVD,None,None,Local,North York,Non Intersection,No Control,Clear,Dark,Dry,Non-Fatal Injury,Other,Passenger,15 to 19,None,None,None,None,None,None,None,None,None,None,None,None,None,None,None,Yes,None,None,None,None,Yes,Yes,Yes,None,None,None,103,Lawrence Park South,103,Lawrence Park South (103),D53
12895,None,2016-08-29,745,STEELES AVE E,PHARMACY AVE,None,Major Arterial,Scarborough,At Intersection,Traffic Signal,Clear,Daylight,Dry,Non-Fatal Injury,Pedestrian Collisions,Driver,35 to 39,None,None,East,"Automobile, Station Wagon",Turning Right,Failed to Yield Right of Way,Inattentive,None,None,None,None,None,None,Yes,None,Yes,None,None,None,None,None,None,Yes,None,None,None,116,Steeles,116,Steeles (116),D42
12896,None,2016-08-29,745,STEELES AVE E,PHARMACY AVE,None,Major Arterial,Scarborough,At Intersection,Traffic Signal,Clear,Daylight,Dry,Non-Fatal Injury,Pedestrian Collisions,Pedestrian,20 to 24,Major,None,East,None,None,None,None,Vehicle turns right while ped crosses with ROW at inter.,Crossing with right of way,Normal,None,None,None,Yes,None,Yes,None,None,None,None,None,None,Yes,None,None,None,116,Steeles,116,Steeles (116),D42
12897,None,2016-08-29,1610,WARDEN AVE,CONTINENTAL PL,None,Major Arterial,Scarborough,At Intersection,Stop Sign,Clear,Daylight,Dry,Non-Fatal Injury,Turning Movement,Driver,55 to 59,None,None,West,"Automobile, Station Wagon",Turning Left,Improper Turn,Inattentive,None,None,None,None,None,None,None,None,Yes,Yes,None,None,None,None,None,None,None,None,None,119,Wexford/Maryvale,119,Wexford/Maryvale (119),D41
12898,None,2016-08-29,1610,WARDEN AVE,CONTINENTAL PL,None,Major Arterial,Scarborough,At Intersection,Stop Sign,Clear,Daylight,Dry,Non-Fatal Injury,Turning Movement,Motorcycle Driver,30 to 34,Major,None,North,Motorcycle,Going Ahead,Driving Properly,Normal,None,None,None,None,None,None,None,None,Yes,Yes,None,None,None,None,None,None,None,None,None,119,Wexford/Maryvale,119,Wexford/Maryvale (119),D41
12899,None,2016-08-30,630,WARDEN AVE,FINCH AVE E,25M,Major Arterial,Scarborough,At Intersection,Traffic Signal,Clear,Daylight,Dry,Fatal,Rear End,Passenger,25 to 29,Fatal,54,None,None,None,None,None,None,None,None,None,None,None,None,None,Yes,None,None,Yes,None,Yes,None,None,None,None,None,148,East L'Amoreaux,117,L'Amoreaux (117),D42
12900,None,2016-08-30,630,WARDEN AVE,FINCH AVE E,25M,Major Arterial,Scarborough,At Intersection,Traffic Signal,Clear,Daylight,Dry,Fatal,Rear End,Driver,50 to 54,Major,None,South,"Automobile, Station Wagon",Going Ahead,Lost control,Inattentive,None,None,None,None,None,None,None,None,Yes,None,None,Yes,None,Yes,None,None,None,None,None,148,East L'Amoreaux,117,L'Amoreaux (117),D42
12901,None,2016-08-30,630,WARDEN AVE,FINCH AVE E,25M,Major Arterial,Scarborough,At Intersection,Traffic Signal,Clear,Daylight,Dry,Fatal,Rear End,Driver,65 to 69,None,None,South,Municipal Transit Bus (TTC),Stopped,Driving Properly,Normal,None,None,None,None,None,None,None,None,Yes,None,None,Yes,None,Yes,None,None,None,None,None,148,East L'Amoreaux,117,L'Amoreaux (117),D42
12902,None,2016-08-30,630,WARDEN AVE,FINCH AVE E,25M,Major Arterial,Scarborough,At Intersection,Traffic Signal,Clear,Daylight,Dry,Fatal,Rear End,Passenger,55 to 59,Major,None,None,None,None,None,None,None,None,None,None,None,None,None,None,Yes,None,None,Yes,None,Yes,None,None,None,None,None,148,East L'Amoreaux,117,L'Amoreaux (117),D42
12903,None,2016-09-01,1413,ROGERS RD,KANE AVE,None,Minor Arterial,Etobicoke York,Intersection Related,No Control,Clear,Daylight,Dry,Non-Fatal Injury,Cyclist Collisions,Cyclist,60 to 64,Major,None,South,Bicycle,Going Ahead,None,None,None,None,None,Cyclist turned left across motorists path.,Failed to Yield Right of Way,Normal,None,Yes,Yes,None,None,None,None,None,None,Yes,None,None,None,110,Keelesdale-Eglinton West,110,Keelesdale-Eglinton West (110),D12
12904,None,2016-09-01,1413,ROGERS RD,KANE AVE,None,Minor Arterial,Etobicoke York,Intersection Related,No Control,Clear,Daylight,Dry,Non-Fatal Injury,Cyclist Collisions,Driver,70 to 74,None,None,East,"Automobile, Station Wagon",Going Ahead,Driving Properly,Normal,None,None,None,None,None,None,None,Yes,Yes,None,None,None,None,None,None,Yes,None,None,None,110,Keelesdale-Eglinton West,110,Keelesdale-Eglinton West (110),D12
12905,None,2016-09-01,2230,BAY ST,HARBOUR ST,None,Major Arterial,Toronto and East York,Intersection Related,Traffic Signal,Clear,"Dark, artificial",Dry,Fatal,Turning Movement,Motorcycle Driver,30 to 34,Fatal,56,North,Motorcycle,Going Ahead,Driving Properly,Unknown,None,None,None,None,None,None,None,None,Yes,Yes,None,None,None,None,None,None,None,None,None,166,St Lawrence-East Bayfront-The Islands,77,Waterfront Communities-The Island (77),D52
12906,None,2016-09-01,2230,BAY ST,HARBOUR ST,None,Major Arterial,Toronto and East York,Intersection Related,Traffic Signal,Clear,"Dark, artificial",Dry,Fatal,Turning Movement,Driver,65 to 69,None,None,South,"Automobile, Station Wagon",Turning Left,Improper Turn,Inattentive,None,None,None,None,None,None,None,None,Yes,Yes,None,None,None,None,None,None,None,None,None,166,St Lawrence-East Bayfront-The Islands,77,Waterfront Communities-The Island (77),D52
12907,None,2016-09-02,1630,LONSDALE RD,ORIOLE RD,None,Major Arterial,Toronto and East York,At Intersection,No Control,Clear,Daylight,Dry,Non-Fatal Injury,Cyclist Collisions,Driver,55 to 59,None,None,West,"Automobile, Station Wagon",Turning Left,Improper Turn,Inattentive,None,None,None,None,None,None,None,Yes,Yes,None,None,None,None,None,None,None,None,None,None,97,Yonge-St.Clair,97,Yonge-St.Clair (97),D53
12908,None,2016-09-02,1630,LONSDALE RD,ORIOLE RD,None,Major Arterial,Toronto and East York,At Intersection,No Control,Clear,Daylight,Dry,Non-Fatal Injury,Cyclist Collisions,Cyclist,20 to 24,Major,None,East,Bicycle,Going Ahead,None,None,None,None,None,Motorist turned left across cyclists path.,Driving Properly,Normal,None,Yes,Yes,None,None,None,None,None,None,None,None,None,None,97,Yonge-St.Clair,97,Yonge-St.Clair (97),D53
12909,None,2016-09-04,1400,GERRARD ST E,RIVER ST,80 m East of,Minor Arterial,Toronto and East York,Non Intersection,No Control,Clear,Daylight,Dry,Non-Fatal Injury,Cyclist Collisions,Cyclist,65 to 69,Major,None,West,Bicycle,Changing Lanes,None,None,None,None,None,Cyclist and Driver travelling in same direction. One vehicle sideswipes the other.,Improper Lane Change,Inattentive,None,Yes,Yes,None,None,None,None,Yes,None,None,None,None,None,72,Regent Park,72,Regent Park (72),D51
12910,None,2016-09-04,1400,GERRARD ST E,RIVER ST,80 m East of,Minor Arterial,Toronto and East York,Non Intersection,No Control,Clear,Daylight,Dry,Non-Fatal Injury,Cyclist Collisions,Driver,20 to 24,None,None,West,"Automobile, Station Wagon",Going Ahead,Driving Properly,Normal,None,None,None,None,None,None,None,Yes,Yes,None,None,None,None,Yes,None,None,None,None,None,72,Regent Park,72,Regent Park (72),D51
12911,None,2016-09-04,1400,GERRARD ST E,RIVER ST,80 m East of,Minor Arterial,Toronto and East York,Non Intersection,No Control,Clear,Daylight,Dry,Non-Fatal Injury,Cyclist Collisions,Passenger,20 to 24,None,None,None,None,None,None,None,None,None,None,None,None,None,None,Yes,Yes,None,None,None,None,Yes,None,None,None,None,None,72,Regent Park,72,Regent Park (72),D51
12912,None,2016-09-05,210,ST CLAIR AVE E,DANFORTH RD,None,Major Arterial,Scarborough,At Intersection,Traffic Signal,Clear,"Dark, artificial",Dry,Non-Fatal Injury,Angle,Driver,45 to 49,None,None,South,"Automobile, Station Wagon",Going Ahead,Disobeyed Traffic Control,Inattentive,None,None,None,None,None,None,None,None,Yes,None,None,None,None,Yes,None,Yes,Yes,None,None,120,Clairlea-Birchmount,120,Clairlea-Birchmount (120),D41
12913,None,2016-09-05,210,ST CLAIR AVE E,DANFORTH RD,None,Major Arterial,Scarborough,At Intersection,Traffic Signal,Clear,"Dark, artificial",Dry,Non-Fatal Injury,Angle,Driver,45 to 49,None,None,West,"Automobile, Station Wagon",Going Ahead,Driving Properly,Normal,None,None,None,None,None,None,None,None,Yes,None,None,None,None,Yes,None,Yes,Yes,None,None,120,Clairlea-Birchmount,120,Clairlea-Birchmount (120),D41
12914,None,2016-09-05,210,ST CLAIR AVE E,DANFORTH RD,None,Major Arterial,Scarborough,At Intersection,Traffic Signal,Clear,"Dark, artificial",Dry,Non-Fatal Injury,Angle,Passenger,50 to 54,Major,None,None,None,None,None,None,None,None,None,None,None,None,None,None,Yes,None,None,None,None,Yes,None,Yes,Yes,None,None,120,Clairlea-Birchmount,120,Clairlea-Birchmount (120),D41
12915,None,2016-09-05,220,MOUNT PLEASANT RD,ROXBOROUGH DR,None,Major Arterial,Toronto and East York,At Intersection,No Control,Clear,Dark,Dry,Fatal,SMV Other,Passenger,25 to 29,Fatal,55,None,None,None,None,None,None,None,None,None,None,None,None,None,Yes,None,None,None,None,Yes,Yes,Yes,None,Yes,None,98,Rosedale-Moore Park,98,Rosedale-Moore Park (98),D53
12916,None,2016-09-05,220,MOUNT PLEASANT RD,ROXBOROUGH DR,None,Major Arterial,Toronto and East York,At Intersection,No Control,Clear,Dark,Dry,Fatal,SMV Other,Driver,20 to 24,Minor,None,North,"Automobile, Station Wagon",Going Ahead,Lost control,"Ability Impaired, Alcohol",None,None,None,None,None,None,None,None,Yes,None,None,None,None,Yes,Yes,Yes,None,Yes,None,98,Rosedale-Moore Park,98,Rosedale-Moore Park (98),D53
12917,None,2016-09-05,220,MOUNT PLEASANT RD,ROXBOROUGH DR,None,Major Arterial,Toronto and East York,At Intersection,No Control,Clear,Dark,Dry,Fatal,SMV Other,Passenger,25 to 29,Minor,None,None,None,None,None,None,None,None,None,None,None,None,None,None,Yes,None,None,None,None,Yes,Yes,Yes,None,Yes,None,98,Rosedale-Moore Park,98,Rosedale-Moore Park (98),D53
12918,None,2016-09-05,220,MOUNT PLEASANT RD,ROXBOROUGH DR,None,Major Arterial,Toronto and East York,At Intersection,No Control,Clear,Dark,Dry,Fatal,SMV Other,Passenger,15 to 19,Minor,None,None,None,None,None,None,None,None,None,None,None,None,None,None,Yes,None,None,None,None,Yes,Yes,Yes,None,Yes,None,98,Rosedale-Moore Park,98,Rosedale-Moore Park (98),D53
12919,None,2016-09-05,1600,KINGSTON RD,FALLINGBROOK RD,None,Major Arterial,Scarborough,At Intersection,Traffic Signal,Clear,Daylight,Dry,Non-Fatal Injury,Turning Movement,Driver,80 to 84,None,None,East,"Automobile, Station Wagon",Turning Left,Failed to Yield Right of Way,Inattentive,None,None,None,None,None,None,None,None,Yes,Yes,None,None,None,Yes,None,Yes,None,None,None,122,Birchcliffe-Cliffside,122,Birchcliffe-Cliffside (122),D41
12920,None,2016-09-05,1600,KINGSTON RD,FALLINGBROOK RD,None,Major Arterial,Scarborough,At Intersection,Traffic Signal,Clear,Daylight,Dry,Non-Fatal Injury,Turning Movement,Motorcycle Driver,55 to 59,Major,None,West,Motorcycle,Going Ahead,Driving Properly,Normal,None,None,None,None,None,None,None,None,Yes,Yes,None,None,None,Yes,None,Yes,None,None,None,122,Birchcliffe-Cliffside,122,Birchcliffe-Cliffside (122),D41
12921,None,2016-09-05,1600,KINGSTON RD,FALLINGBROOK RD,None,Major Arterial,Scarborough,At Intersection,Traffic Signal,Clear,Daylight,Dry,Non-Fatal Injury,Turning Movement,Driver,50 to 54,None,None,South,"Automobile, Station Wagon",Stopped,Driving Properly,Normal,None,None,None,None,None,None,None,None,Yes,Yes,None,None,None,Yes,None,Yes,None,None,None,122,Birchcliffe-Cliffside,122,Birchcliffe-Cliffside (122),D41
12922,None,2016-09-05,1600,KINGSTON RD,FALLINGBROOK RD,None,Major Arterial,Scarborough,At Intersection,Traffic Signal,Clear,Daylight,Dry,Non-Fatal Injury,Turning Movement,Passenger,50 to 54,None,None,None,None,None,None,None,None,None,None,None,None,None,None,None,Yes,Yes,None,None,None,Yes,None,Yes,None,None,None,122,Birchcliffe-Cliffside,122,Birchcliffe-Cliffside (122),D41
12923,None,2016-09-05,1600,KINGSTON RD,FALLINGBROOK RD,None,Major Arterial,Scarborough,At Intersection,Traffic Signal,Clear,Daylight,Dry,Non-Fatal Injury,Turning Movement,Passenger,55 to 59,None,None,None,None,None,None,None,None,None,None,None,None,None,None,None,Yes,Yes,None,None,None,Yes,None,Yes,None,None,None,122,Birchcliffe-Cliffside,122,Birchcliffe-Cliffside (122),D41
12924,None,2016-09-05,1913,CARLTON ST,SEATON ST,37 m East of,Minor Arterial,Toronto and East York,Intersection Related,No Control,Clear,Daylight,Dry,Non-Fatal Injury,Cyclist Collisions,Driver,35 to 39,None,None,East,"Automobile, Station Wagon",Going Ahead,Speed too Fast For Condition,Normal,None,None,None,None,None,None,None,Yes,Yes,None,None,None,None,None,Yes,Yes,None,None,None,73,Moss Park,73,Moss Park (73),D51
12925,None,2016-09-05,1913,CARLTON ST,SEATON ST,37 m East of,Minor Arterial,Toronto and East York,Intersection Related,No Control,Clear,Daylight,Dry,Non-Fatal Injury,Cyclist Collisions,Cyclist,45 to 49,Major,None,East,Bicycle,Going Ahead,None,None,None,None,None,Cyclist and Driver travelling in same direction. One vehicle rear-ended the other.,Driving Properly,Normal,None,Yes,Yes,None,None,None,None,None,Yes,Yes,None,None,None,73,Moss Park,73,Moss Park (73),D51
12926,None,2016-09-06,1643,HULLRICK DR,CINRICKBAR DR,None,Local,Etobicoke York,At Intersection,Stop Sign,Clear,Daylight,Dry,Non-Fatal Injury,Angle,Driver,25 to 29,None,None,South,"Automobile, Station Wagon",Going Ahead,Disobeyed Traffic Control,Normal,None,None,None,None,None,None,None,None,Yes,None,None,None,None,Yes,None,Yes,None,None,None,1,West Humber-Clairville,1,West Humber-Clairville (1),D23
12927,None,2016-09-06,1643,HULLRICK DR,CINRICKBAR DR,None,Local,Etobicoke York,At Intersection,Stop Sign,Clear,Daylight,Dry,Non-Fatal Injury,Angle,Driver,50 to 54,Major,None,West,"Automobile, Station Wagon",Going Ahead,Driving Properly,Normal,None,None,None,None,None,None,None,None,Yes,None,None,None,None,Yes,None,Yes,None,None,None,1,West Humber-Clairville,1,West Humber-Clairville (1),D23
12928,None,2016-09-06,1643,HULLRICK DR,CINRICKBAR DR,None,Local,Etobicoke York,At Intersection,Stop Sign,Clear,Daylight,Dry,Non-Fatal Injury,Angle,Passenger,25 to 29,None,None,None,None,None,None,None,None,None,None,None,None,None,None,None,Yes,None,None,None,None,Yes,None,Yes,None,None,None,1,West Humber-Clairville,1,West Humber-Clairville (1),D23
12929,None,2016-09-06,1643,HULLRICK DR,CINRICKBAR DR,None,Local,Etobicoke York,At Intersection,Stop Sign,Clear,Daylight,Dry,Non-Fatal Injury,Angle,Passenger,15 to 19,None,None,None,None,None,None,None,None,None,None,None,None,None,None,None,Yes,None,None,None,None,Yes,None,Yes,None,None,None,1,West Humber-Clairville,1,West Humber-Clairville (1),D23
12930,None,2016-09-06,2040,1058 GERRARD ST E,None,5 m South of,Minor Arterial,Toronto and East York,Non Intersection,No Control,Clear,"Dark, artificial",Dry,Non-Fatal Injury,Pedestrian Collisions,Driver,40 to 44,None,None,East,"Automobile, Station Wagon",Going Ahead,Driving Properly,Had Been Drinking,None,None,None,None,None,None,Yes,None,Yes,None,None,None,None,None,None,None,None,None,None,70,South Riverdale,70,South Riverdale (70),D55