_id,ACCNUM,DATE,TIME,STREET1,STREET2,OFFSET,ROAD_CLASS,DISTRICT,ACCLOC,TRAFFCTL,VISIBILITY,LIGHT,RDSFCOND,ACCLASS,IMPACTYPE,INVTYPE,INVAGE,INJURY,FATAL_NO,INITDIR,VEHTYPE,MANOEUVER,DRIVACT,DRIVCOND,PEDTYPE,PEDACT,PEDCOND,CYCLISTYPE,CYCACT,CYCCOND,PEDESTRIAN,CYCLIST,AUTOMOBILE,MOTORCYCLE,TRUCK,TRSN_CITY_VEH,EMERG_VEH,PASSENGER,SPEEDING,AG_DRIV,REDLIGHT,ALCOHOL,DISABILITY,HOOD_158,NEIGHBOURHOOD_158,HOOD_140,NEIGHBOURHOOD_140,DIVISION
14057,None,2017-10-21,1310,LAKE SHORE BLVD W,THIRTY SEVENTH ST,None,Major Arterial,Etobicoke York,At Intersection,Traffic Signal,Clear,Daylight,Dry,Non-Fatal Injury,Turning Movement,Passenger,70 to 74,Minimal,None,None,None,None,None,None,None,None,None,None,None,None,None,None,Yes,Yes,None,None,None,Yes,None,Yes,None,None,None,19,Long Branch,19,Long Branch (19),D22
14058,None,2017-10-21,1310,LAKE SHORE BLVD W,THIRTY SEVENTH ST,None,Major Arterial,Etobicoke York,At Intersection,Traffic Signal,Clear,Daylight,Dry,Non-Fatal Injury,Turning Movement,Motorcycle Driver,25 to 29,Major,None,West,Motorcycle,Going Ahead,Driving Properly,Normal,None,None,None,None,None,None,None,None,Yes,Yes,None,None,None,Yes,None,Yes,None,None,None,19,Long Branch,19,Long Branch (19),D22
14059,None,2017-10-21,1310,LAKE SHORE BLVD W,THIRTY SEVENTH ST,None,Major Arterial,Etobicoke York,At Intersection,Traffic Signal,Clear,Daylight,Dry,Non-Fatal Injury,Turning Movement,Driver,70 to 74,Minimal,None,East,"Automobile, Station Wagon",Turning Left,Failed to Yield Right of Way,Inattentive,None,None,None,None,None,None,None,None,Yes,Yes,None,None,None,Yes,None,Yes,None,None,None,19,Long Branch,19,Long Branch (19),D22
14060,None,2017-10-21,2200,45 CUMMER  AVE,None,None,Minor Arterial,North York,Non Intersection,No Control,Clear,"Dark, artificial",Dry,Non-Fatal Injury,Cyclist Collisions,Cyclist,30 to 34,Major,None,East,Bicycle,Going Ahead,None,None,None,None,None,Cyclist and Driver travelling in same direction. One vehicle rear-ended the other.,Driving Properly,Unknown,None,Yes,Yes,None,None,None,None,None,None,None,None,None,None,50,Newtonbrook East,50,Newtonbrook East (50),D32
14061,None,2017-10-21,2200,45 CUMMER  AVE,None,None,Minor Arterial,North York,Non Intersection,No Control,Clear,"Dark, artificial",Dry,Non-Fatal Injury,Cyclist Collisions,Driver,unknown,None,None,East,"Automobile, Station Wagon",Going Ahead,Lost control,Unknown,None,None,None,None,None,None,None,Yes,Yes,None,None,None,None,None,None,None,None,None,None,50,Newtonbrook East,50,Newtonbrook East (50),D32
14062,None,2017-10-22,14,MARKHAM  RD,PANDORA CRCL,100 m North ,Major Arterial,Scarborough,At Intersection,Traffic Signal,Clear,"Dusk, artificial",Dry,Non-Fatal Injury,Pedestrian Collisions,Pedestrian,35 to 39,Major,None,West,None,None,None,None,Vehicle is going straight thru inter.while ped cross without ROW,Crossing without right of way,Had Been Drinking,None,None,None,Yes,None,Yes,None,None,None,None,None,None,None,None,None,None,142,Woburn North,137,Woburn (137),D43
14063,None,2017-10-22,14,MARKHAM  RD,PANDORA CRCL,100 m North ,Major Arterial,Scarborough,At Intersection,Traffic Signal,Clear,"Dusk, artificial",Dry,Non-Fatal Injury,Pedestrian Collisions,Driver,35 to 39,None,None,South,"Automobile, Station Wagon",Going Ahead,Driving Properly,Normal,None,None,None,None,None,None,Yes,None,Yes,None,None,None,None,None,None,None,None,None,None,142,Woburn North,137,Woburn (137),D43
14064,None,2017-10-22,1350,AVENUE  RD,WOBURN AVE,30 m South o,Major Arterial,North York,Intersection Related,No Control,Clear,Daylight,Dry,Non-Fatal Injury,Sideswipe,Motorcycle Driver,55 to 59,Major,None,South,Motorcycle,Going Ahead,Driving Properly,Unknown,None,None,None,None,None,None,None,None,Yes,Yes,None,None,None,None,None,None,None,None,None,39,Bedford Park-Nortown,39,Bedford Park-Nortown (39),D32
14065,None,2017-10-22,1350,AVENUE  RD,WOBURN AVE,30 m South o,Major Arterial,North York,Intersection Related,No Control,Clear,Daylight,Dry,Non-Fatal Injury,Sideswipe,Driver,45 to 49,None,None,South,"Automobile, Station Wagon",Changing Lanes,Improper Lane Change,Normal,None,None,None,None,None,None,None,None,Yes,Yes,None,None,None,None,None,None,None,None,None,39,Bedford Park-Nortown,39,Bedford Park-Nortown (39),D32
14066,None,2017-10-22,2007,KING  ST W,NIAGARA ST,33 m West of,Major Arterial,Toronto and East York,Non Intersection,No Control,Clear,"Dark, artificial",Dry,Non-Fatal Injury,Pedestrian Collisions,Pedestrian,25 to 29,Major,None,North,None,None,None,None,Pedestrian involved in a collision with transit vehicle anywhere along roadway,"Crossing, no Traffic Control",Had Been Drinking,None,None,None,Yes,None,None,None,None,Yes,None,None,None,None,None,None,None,162,West Queen West,82,Niagara (82),D14
14067,None,2017-10-22,2007,KING  ST W,NIAGARA ST,33 m West of,Major Arterial,Toronto and East York,Non Intersection,No Control,Clear,"Dark, artificial",Dry,Non-Fatal Injury,Pedestrian Collisions,Driver,55 to 59,None,None,West,Street Car,Going Ahead,Driving Properly,Normal,None,None,None,None,None,None,Yes,None,None,None,None,Yes,None,None,None,None,None,None,None,162,West Queen West,82,Niagara (82),D14
14068,None,2017-10-23,427,AVENUE  RD,WILLOWBANK BLVD,7 m South of,Major Arterial,North York,Intersection Related,No Control,Clear,"Dark, artificial",Dry,Non-Fatal Injury,SMV Other,Driver,25 to 29,Major,None,South,"Automobile, Station Wagon",Going Ahead,Lost control,Fatigue,None,None,None,None,None,None,None,None,Yes,None,None,None,None,None,None,Yes,None,None,None,100,Yonge-Eglinton,100,Yonge-Eglinton (100),D53
14069,None,2017-10-23,833,ELLESMERE RD,PHARMACY AVE,None,Major Arterial,Scarborough,At Intersection,Traffic Signal,Clear,Daylight,Dry,Non-Fatal Injury,Pedestrian Collisions,Pedestrian,60 to 64,Major,None,Unknown,None,None,None,None,Pedestrian hit on sidewalk or shoulder,On Sidewalk or Shoulder,Normal,None,None,None,Yes,None,Yes,None,None,None,None,None,Yes,Yes,None,None,None,119,Wexford/Maryvale,119,Wexford/Maryvale (119),D41
14070,None,2017-10-23,833,ELLESMERE RD,PHARMACY AVE,None,Major Arterial,Scarborough,At Intersection,Traffic Signal,Clear,Daylight,Dry,Non-Fatal Injury,Pedestrian Collisions,Driver,70 to 74,None,None,West,"Automobile, Station Wagon",Turning Left,Driving Properly,Normal,None,None,None,None,None,None,Yes,None,Yes,None,None,None,None,None,Yes,Yes,None,None,None,119,Wexford/Maryvale,119,Wexford/Maryvale (119),D41
14071,None,2017-10-23,833,ELLESMERE RD,PHARMACY AVE,None,Major Arterial,Scarborough,At Intersection,Traffic Signal,Clear,Daylight,Dry,Non-Fatal Injury,Pedestrian Collisions,Driver,25 to 29,None,None,East,"Automobile, Station Wagon",Going Ahead,Exceeding Speed Limit,Normal,None,None,None,None,None,None,Yes,None,Yes,None,None,None,None,None,Yes,Yes,None,None,None,119,Wexford/Maryvale,119,Wexford/Maryvale (119),D41
14072,None,2017-10-23,833,ELLESMERE RD,PHARMACY AVE,None,Major Arterial,Scarborough,At Intersection,Traffic Signal,Clear,Daylight,Dry,Non-Fatal Injury,Pedestrian Collisions,Driver,20 to 24,None,None,West,"Automobile, Station Wagon",Turning Left,Failed to Yield Right of Way,Normal,None,None,None,None,None,None,Yes,None,Yes,None,None,None,None,None,Yes,Yes,None,None,None,119,Wexford/Maryvale,119,Wexford/Maryvale (119),D41
14073,None,2017-10-26,1904,HENDON  AVE,ELDORA  AVE,None,Collector,North York,At Intersection,No Control,Clear,"Dark, artificial",Dry,Non-Fatal Injury,Pedestrian Collisions,Driver,65 to 69,None,None,East,"Automobile, Station Wagon",Going Ahead,Driving Properly,Normal,None,None,None,None,None,None,Yes,None,Yes,None,None,None,None,None,None,Yes,None,None,None,36,Newtonbrook West,36,Newtonbrook West (36),D32
14074,None,2017-10-26,1904,HENDON  AVE,ELDORA  AVE,None,Collector,North York,At Intersection,No Control,Clear,"Dark, artificial",Dry,Non-Fatal Injury,Pedestrian Collisions,Pedestrian,65 to 69,Major,None,North,None,None,None,None,Vehicle is going straight thru inter.while ped cross without ROW,Crossing without right of way,Normal,None,None,None,Yes,None,Yes,None,None,None,None,None,None,Yes,None,None,None,36,Newtonbrook West,36,Newtonbrook West (36),D32
14075,None,2017-10-27,2031,FINCH  AVE W,KIPLING  AVE,None,Major Arterial,Etobicoke York,At Intersection,Traffic Signal,Clear,Dark,Dry,Non-Fatal Injury,Cyclist Collisions,Cyclist,30 to 34,Minor,None,West,Bicycle,Going Ahead,None,None,None,None,None,Cyclist and Driver travelling in same direction. One vehicle rear-ended the other.,Other,Normal,None,Yes,Yes,None,None,None,None,None,None,None,None,None,None,3,Thistletown-Beaumond Heights,3,Thistletown-Beaumond Heights (3),D23
14076,None,2017-10-27,2031,FINCH  AVE W,KIPLING  AVE,None,Major Arterial,Etobicoke York,At Intersection,Traffic Signal,Clear,Dark,Dry,Non-Fatal Injury,Cyclist Collisions,Driver,45 to 49,Major,None,South,"Automobile, Station Wagon",Going Ahead,Driving Properly,Normal,None,None,None,None,None,None,None,Yes,Yes,None,None,None,None,None,None,None,None,None,None,3,Thistletown-Beaumond Heights,3,Thistletown-Beaumond Heights (3),D23
14077,None,2017-10-30,1423,KENNEDY RD,ELLESMERE RD,378 m South ,Major Arterial,Scarborough,At/Near Private Drive,No Control,Clear,Daylight,Dry,Non-Fatal Injury,Pedestrian Collisions,Driver,55 to 59,None,None,East,"Automobile, Station Wagon",Turning Left,Failed to Yield Right of Way,Normal,None,None,None,None,None,None,Yes,None,Yes,None,None,None,None,None,None,Yes,None,None,None,126,Dorset Park,126,Dorset Park (126),D41
14078,None,2017-10-30,1423,KENNEDY RD,ELLESMERE RD,378 m South ,Major Arterial,Scarborough,At/Near Private Drive,No Control,Clear,Daylight,Dry,Non-Fatal Injury,Pedestrian Collisions,Pedestrian,55 to 59,Major,None,West,None,None,None,None,Pedestrian hit at mid-block,"Crossing, no Traffic Control",Normal,None,None,None,Yes,None,Yes,None,None,None,None,None,None,Yes,None,None,None,126,Dorset Park,126,Dorset Park (126),D41
14079,None,2017-10-31,2223,STEELES AVE W,KEELE ST,None,Major Arterial,Etobicoke York,At Intersection,Traffic Signal,Other,Dark,Other,Fatal,Turning Movement,Passenger,45 to 49,Fatal,51,None,None,None,None,None,None,None,None,None,None,None,None,None,Yes,None,None,None,None,Yes,None,Yes,None,None,None,27,York University Heights,27,York University Heights (27),D31
14080,None,2017-10-31,2223,STEELES AVE W,KEELE ST,None,Major Arterial,Etobicoke York,At Intersection,Traffic Signal,Other,Dark,Other,Fatal,Turning Movement,Driver,55 to 59,Major,None,East,"Automobile, Station Wagon",Turning Left,Failed to Yield Right of Way,Unknown,None,None,None,None,None,None,None,None,Yes,None,None,None,None,Yes,None,Yes,None,None,None,27,York University Heights,27,York University Heights (27),D31
14081,None,2017-10-31,2223,STEELES AVE W,KEELE ST,None,Major Arterial,Etobicoke York,At Intersection,Traffic Signal,Other,Dark,Other,Fatal,Turning Movement,Driver,15 to 19,None,None,West,"Automobile, Station Wagon",Going Ahead,Driving Properly,Unknown,None,None,None,None,None,None,None,None,Yes,None,None,None,None,Yes,None,Yes,None,None,None,27,York University Heights,27,York University Heights (27),D31
14082,None,2017-11-01,1903,KEELE ST,WILSON AVE,60 m South o,Major Arterial,North York,Non Intersection,Traffic Controller,Clear,"Daylight, artificial",Wet,Non-Fatal Injury,Pedestrian Collisions,Pedestrian,45 to 49,Major,None,West,None,None,None,None,Pedestrian hit at mid-block,Running onto Roadway,Normal,None,None,None,Yes,None,Yes,None,None,None,None,None,None,None,None,None,None,155,Downsview,26,Downsview-Roding-CFB (26),D31
14083,None,2017-11-01,1903,KEELE ST,WILSON AVE,60 m South o,Major Arterial,North York,Non Intersection,Traffic Controller,Clear,"Daylight, artificial",Wet,Non-Fatal Injury,Pedestrian Collisions,Driver,30 to 34,None,None,North,Pick Up Truck,Going Ahead,Driving Properly,Normal,None,None,None,None,None,None,Yes,None,Yes,None,None,None,None,None,None,None,None,None,None,155,Downsview,26,Downsview-Roding-CFB (26),D31
14084,None,2017-11-02,840,161 THE WEST MALL,None,None,Minor Arterial,Etobicoke York,Non Intersection,No Control,None,Daylight,None,Fatal,Approaching,Driver,35 to 39,Minor,None,South,"Automobile, Station Wagon",Going Ahead,Driving Properly,Normal,None,None,None,None,None,None,None,None,Yes,None,None,None,None,None,Yes,Yes,None,None,None,159,Etobicoke City Centre,14,Islington-City Centre West (14),D22
14085,None,2017-11-02,840,161 THE WEST MALL,None,None,Minor Arterial,Etobicoke York,Non Intersection,No Control,None,Daylight,None,Fatal,Approaching,Driver,35 to 39,Fatal,52,North,"Automobile, Station Wagon",Going Ahead,Lost control,Normal,None,None,None,None,None,None,None,None,Yes,None,None,None,None,None,Yes,Yes,None,None,None,159,Etobicoke City Centre,14,Islington-City Centre West (14),D22
14086,None,2017-11-02,1047,DUFFERIN ST,ALMA AVE,10 m North o,Minor Arterial,Toronto and East York,At Intersection,No Control,Clear,Daylight,Wet,Non-Fatal Injury,Pedestrian Collisions,Pedestrian,60 to 64,Major,None,East,None,None,None,None,Vehicle is going straight thru inter.while ped cross without ROW,Crossing without right of way,Inattentive,None,None,None,Yes,None,None,None,Yes,None,None,None,None,None,None,None,None,84,Little Portugal,84,Little Portugal (84),D14
14087,None,2017-11-02,1047,DUFFERIN ST,ALMA AVE,10 m North o,Minor Arterial,Toronto and East York,At Intersection,No Control,Clear,Daylight,Wet,Non-Fatal Injury,Pedestrian Collisions,Truck Driver,55 to 59,None,None,South,Truck - Car Carrier,Going Ahead,Driving Properly,Normal,None,None,None,None,None,None,Yes,None,None,None,Yes,None,None,None,None,None,None,None,None,84,Little Portugal,84,Little Portugal (84),D14
14088,None,2017-11-02,1100,SCARLETT RD,DUNDAS ST W,None,Major Arterial,Toronto and East York,At Intersection,Yield Sign,Clear,Daylight,Wet,Non-Fatal Injury,Rear End,Driver,50 to 54,None,None,South,"Automobile, Station Wagon",Going Ahead,Other,Normal,None,None,None,None,None,None,None,None,Yes,None,None,None,None,None,None,None,None,None,None,114,Lambton Baby Point,114,Lambton Baby Point (114),D11
14089,None,2017-11-02,1100,SCARLETT RD,DUNDAS ST W,None,Major Arterial,Toronto and East York,At Intersection,Yield Sign,Clear,Daylight,Wet,Non-Fatal Injury,Rear End,Driver,30 to 34,Major,None,South,"Automobile, Station Wagon",Stopped,Driving Properly,Normal,None,None,None,None,None,None,None,None,Yes,None,None,None,None,None,None,None,None,None,None,114,Lambton Baby Point,114,Lambton Baby Point (114),D11
14090,None,2017-11-02,2215,1172 QUEEN ST W,None,75 m East of,Major Arterial,Toronto and East York,Non Intersection,No Control,Rain,Dark,Wet,Non-Fatal Injury,Pedestrian Collisions,Pedestrian,30 to 34,Major,None,South,None,None,None,None,Pedestrian hit at mid-block,"Crossing, no Traffic Control",Had Been Drinking,None,None,None,Yes,None,None,None,None,Yes,None,None,None,None,None,None,None,84,Little Portugal,84,Little Portugal (84),D14
14091,None,2017-11-02,2215,1172 QUEEN ST W,None,75 m East of,Major Arterial,Toronto and East York,Non Intersection,No Control,Rain,Dark,Wet,Non-Fatal Injury,Pedestrian Collisions,Driver,50 to 54,None,None,West,Street Car,Going Ahead,Driving Properly,Normal,None,None,None,None,None,None,Yes,None,None,None,None,Yes,None,None,None,None,None,None,None,84,Little Portugal,84,Little Portugal (84),D14
14092,None,2017-11-03,649,DUFFERIN ST,STEELES  AVE W,1 m West of,Major Arterial,North York,At Intersection,Traffic Signal,Rain,"Dark, artificial",Wet,Non-Fatal Injury,Pedestrian Collisions,Pedestrian,60 to 64,Major,None,South,None,None,None,None,Vehicle turns right while ped crosses with ROW at inter.,Crossing with right of way,Normal,None,None,None,Yes,None,Yes,None,None,None,None,None,None,Yes,None,None,None,34,Bathurst Manor,34,Bathurst Manor (34),D32
14093,None,2017-11-03,649,DUFFERIN ST,STEELES  AVE W,1 m West of,Major Arterial,North York,At Intersection,Traffic Signal,Rain,"Dark, artificial",Wet,Non-Fatal Injury,Pedestrian Collisions,Driver,35 to 39,None,None,South,Pick Up Truck,Turning Right,Failed to Yield Right of Way,Normal,None,None,None,None,None,None,Yes,None,Yes,None,None,None,None,None,None,Yes,None,None,None,34,Bathurst Manor,34,Bathurst Manor (34),D32
14094,None,2017-11-03,725,FINCH AVENUE W,ALBION ROAD,None,Major Arterial,Etobicoke York,Non Intersection,No Control,Clear,"Dawn, artificial",Wet,Non-Fatal Injury,Pedestrian Collisions,Pedestrian,50 to 54,Major,None,Unknown,None,None,None,None,Pedestrian hit at mid-block,"Crossing, no Traffic Control",Had Been Drinking,None,None,None,Yes,None,Yes,None,None,None,None,None,None,None,None,None,None,2,Mount Olive-Silverstone-Jamestown,2,Mount Olive-Silverstone-Jamestown (2),D23
14095,None,2017-11-03,725,FINCH AVENUE W,ALBION ROAD,None,Major Arterial,Etobicoke York,Non Intersection,No Control,Clear,"Dawn, artificial",Wet,Non-Fatal Injury,Pedestrian Collisions,Driver,45 to 49,None,None,North,Pick Up Truck,Going Ahead,Other,Unknown,None,None,None,None,None,None,Yes,None,Yes,None,None,None,None,None,None,None,None,None,None,2,Mount Olive-Silverstone-Jamestown,2,Mount Olive-Silverstone-Jamestown (2),D23
14096,None,2017-11-03,1202,PROGRESS AVE,MIDLAND AVE,None,Major Arterial,Scarborough,At Intersection,Traffic Signal,Clear,Daylight,Dry,Non-Fatal Injury,Pedestrian Collisions,Pedestrian,30 to 34,Major,None,South,None,None,None,None,Vehicle is going straight thru inter.while ped cross without ROW,Running onto Roadway,Medical or Physical Disability,None,None,None,Yes,None,Yes,None,None,None,None,None,None,None,None,None,None,156,Bendale-Glen Andrew,127,Bendale (127),D41
14097,None,2017-11-03,1202,PROGRESS AVE,MIDLAND AVE,None,Major Arterial,Scarborough,At Intersection,Traffic Signal,Clear,Daylight,Dry,Non-Fatal Injury,Pedestrian Collisions,Driver,55 to 59,None,None,East,"Automobile, Station Wagon",Going Ahead,Driving Properly,Normal,None,None,None,None,None,None,Yes,None,Yes,None,None,None,None,None,None,None,None,None,None,156,Bendale-Glen Andrew,127,Bendale (127),D41
14098,None,2017-11-08,1604,OAK  ST,WESTON  RD,None,Major Arterial,Etobicoke York,At Intersection,Traffic Signal,Clear,Daylight,Dry,Non-Fatal Injury,Pedestrian Collisions,Pedestrian,15 to 19,Major,None,Unknown,None,None,None,None,Vehicle turns right while ped crosses with ROW at inter.,Crossing with right of way,Normal,None,None,None,Yes,None,Yes,None,None,None,None,None,None,Yes,None,None,None,113,Weston,113,Weston (113),D12
14099,None,2017-11-08,1604,OAK  ST,WESTON  RD,None,Major Arterial,Etobicoke York,At Intersection,Traffic Signal,Clear,Daylight,Dry,Non-Fatal Injury,Pedestrian Collisions,Driver,25 to 29,None,None,West,"Automobile, Station Wagon",Turning Right,Failed to Yield Right of Way,Inattentive,None,None,None,None,None,None,Yes,None,Yes,None,None,None,None,None,None,Yes,None,None,None,113,Weston,113,Weston (113),D12
14100,None,2017-11-08,1838,TRETHEWEY DR,IRVING RD,20 m North o,Minor Arterial,Etobicoke York,Non Intersection,No Control,Clear,"Dark, artificial",Dry,Non-Fatal Injury,Cyclist Collisions,Cyclist,55 to 59,Major,None,West,Bicycle,Going Ahead,None,None,None,None,None,Cyclist and Driver travelling in same direction. One vehicle rear-ended the other.,Driving Properly,Normal,None,Yes,Yes,None,None,None,None,None,None,Yes,None,None,None,112,Beechborough-Greenbrook,112,Beechborough-Greenbrook (112),D12
14101,None,2017-11-08,1838,TRETHEWEY DR,IRVING RD,20 m North o,Minor Arterial,Etobicoke York,Non Intersection,No Control,Clear,"Dark, artificial",Dry,Non-Fatal Injury,Cyclist Collisions,Driver,60 to 64,None,None,West,"Automobile, Station Wagon",Going Ahead,Improper Passing,Inattentive,None,None,None,None,None,None,None,Yes,Yes,None,None,None,None,None,None,Yes,None,None,None,112,Beechborough-Greenbrook,112,Beechborough-Greenbrook (112),D12
14102,None,2017-11-08,2009,KEELE ST,STEELES AVE W,None,Major Arterial,Etobicoke York,At Intersection,Traffic Signal,Clear,"Dark, artificial",Dry,Non-Fatal Injury,Turning Movement,Driver,55 to 59,None,None,South,"Automobile, Station Wagon",Turning Left,Failed to Yield Right of Way,Inattentive,None,None,None,None,None,None,None,None,Yes,None,None,None,None,None,None,Yes,None,None,None,27,York University Heights,27,York University Heights (27),D31
14103,None,2017-11-08,2009,KEELE ST,STEELES AVE W,None,Major Arterial,Etobicoke York,At Intersection,Traffic Signal,Clear,"Dark, artificial",Dry,Non-Fatal Injury,Turning Movement,Driver,20 to 24,Major,None,North,"Automobile, Station Wagon",Going Ahead,Driving Properly,Inattentive,None,None,None,None,None,None,None,None,Yes,None,None,None,None,None,None,Yes,None,None,None,27,York University Heights,27,York University Heights (27),D31
14104,None,2017-11-10,900,YONGE ST,CHURCH AVE,None,Major Arterial,North York,At Intersection,Traffic Signal,Clear,Daylight,Wet,Non-Fatal Injury,Pedestrian Collisions,Driver,25 to 29,None,None,South,"Automobile, Station Wagon",Turning Left,Improper Turn,Inattentive,None,None,None,None,None,None,Yes,None,Yes,None,None,None,None,Yes,None,None,None,None,None,151,Yonge-Doris,51,Willowdale East (51),D32
14105,None,2017-11-10,900,YONGE ST,CHURCH AVE,None,Major Arterial,North York,At Intersection,Traffic Signal,Clear,Daylight,Wet,Non-Fatal Injury,Pedestrian Collisions,Driver,35 to 39,None,None,North,"Automobile, Station Wagon",Going Ahead,Driving Properly,Normal,None,None,None,None,None,None,Yes,None,Yes,None,None,None,None,Yes,None,None,None,None,None,151,Yonge-Doris,51,Willowdale East (51),D32
14106,None,2017-11-10,900,YONGE ST,CHURCH AVE,None,Major Arterial,North York,At Intersection,Traffic Signal,Clear,Daylight,Wet,Non-Fatal Injury,Pedestrian Collisions,Driver,45 to 49,None,None,West,"Automobile, Station Wagon",Stopped,Driving Properly,Normal,None,None,None,None,None,None,Yes,None,Yes,None,None,None,None,Yes,None,None,None,None,None,151,Yonge-Doris,51,Willowdale East (51),D32
14107,None,2017-11-10,900,YONGE ST,CHURCH AVE,None,Major Arterial,North York,At Intersection,Traffic Signal,Clear,Daylight,Wet,Non-Fatal Injury,Pedestrian Collisions,Pedestrian,65 to 69,Major,None,Unknown,None,None,None,None,Pedestrian hit on sidewalk or shoulder,On Sidewalk or Shoulder,Normal,None,None,None,Yes,None,Yes,None,None,None,None,Yes,None,None,None,None,None,151,Yonge-Doris,51,Willowdale East (51),D32
14108,None,2017-11-10,900,YONGE ST,CHURCH AVE,None,Major Arterial,North York,At Intersection,Traffic Signal,Clear,Daylight,Wet,Non-Fatal Injury,Pedestrian Collisions,Passenger,35 to 39,None,None,None,None,None,None,None,None,None,None,None,None,None,Yes,None,Yes,None,None,None,None,Yes,None,None,None,None,None,151,Yonge-Doris,51,Willowdale East (51),D32
14109,None,2017-11-10,900,YONGE ST,CHURCH AVE,None,Major Arterial,North York,At Intersection,Traffic Signal,Clear,Daylight,Wet,Non-Fatal Injury,Pedestrian Collisions,Passenger,45 to 49,None,None,None,None,None,None,None,None,None,None,None,None,None,Yes,None,Yes,None,None,None,None,Yes,None,None,None,None,None,151,Yonge-Doris,51,Willowdale East (51),D32
14110,None,2017-11-10,1850,O CONNOR DR,PAPE AVE,None,Major Arterial,Toronto and East York,At Intersection,Traffic Signal,Clear,"Dark, artificial",Dry,Non-Fatal Injury,Pedestrian Collisions,Pedestrian,50 to 54,Major,None,West,None,None,None,None,Vehicle turns left while ped crosses with ROW at inter.,Crossing with right of way,Normal,None,None,None,Yes,None,Yes,None,None,None,None,None,None,Yes,None,None,None,58,Old East York,58,Old East York (58),D55
14111,None,2017-11-10,1850,O CONNOR DR,PAPE AVE,None,Major Arterial,Toronto and East York,At Intersection,Traffic Signal,Clear,"Dark, artificial",Dry,Non-Fatal Injury,Pedestrian Collisions,Driver,unknown,None,None,West,"Automobile, Station Wagon",Turning Left,Failed to Yield Right of Way,Unknown,None,None,None,None,None,None,Yes,None,Yes,None,None,None,None,None,None,Yes,None,None,None,58,Old East York,58,Old East York (58),D55
14112,None,2017-11-10,2233,WARDEN AVE,WAYNE AVE,147 M North,Major Arterial,Scarborough,Non Intersection,No Control,Clear,"Dark, artificial",Dry,Fatal,Pedestrian Collisions,Pedestrian,55 to 59,Fatal,53,West,None,None,None,None,Pedestrian hit at mid-block,"Crossing, no Traffic Control",Normal,None,None,None,Yes,None,Yes,None,None,None,None,None,None,None,None,None,None,119,Wexford/Maryvale,119,Wexford/Maryvale (119),D41
14113,None,2017-11-10,2233,WARDEN AVE,WAYNE AVE,147 M North,Major Arterial,Scarborough,Non Intersection,No Control,Clear,"Dark, artificial",Dry,Fatal,Pedestrian Collisions,Driver,20 to 24,None,None,South,Passenger Van,Going Ahead,Driving Properly,Normal,None,None,None,None,None,None,Yes,None,Yes,None,None,None,None,None,None,None,None,None,None,119,Wexford/Maryvale,119,Wexford/Maryvale (119),D41
14114,None,2017-11-12,138,BROCK AVE,SEAFORTH  AVE,21 m North o,Collector,Toronto and East York,At Intersection,No Control,Clear,"Dark, artificial",Dry,Non-Fatal Injury,Pedestrian Collisions,Pedestrian,65 to 69,Major,None,Unknown,None,None,None,None,Pedestrian hit at mid-block,Walking on Roadway with Traffic,Had Been Drinking,None,None,None,Yes,None,Yes,None,None,None,None,None,None,None,None,None,None,86,Roncesvalles,86,Roncesvalles (86),D11
14115,None,2017-11-12,138,BROCK AVE,SEAFORTH  AVE,21 m North o,Collector,Toronto and East York,At Intersection,No Control,Clear,"Dark, artificial",Dry,Non-Fatal Injury,Pedestrian Collisions,Driver,25 to 29,None,None,South,"Automobile, Station Wagon",Going Ahead,Other,Had Been Drinking,None,None,None,None,None,None,Yes,None,Yes,None,None,None,None,None,None,None,None,None,None,86,Roncesvalles,86,Roncesvalles (86),D11
14116,None,2017-11-14,1054,STEELES AVE E,SHADLOCK ST,20 m East of,Major Arterial,Scarborough,At Intersection,Traffic Signal,Clear,Daylight,Dry,Non-Fatal Injury,Rear End,Driver,40 to 44,Major,None,West,"Automobile, Station Wagon",Going Ahead,Following too Close,Normal,None,None,None,None,None,None,None,None,Yes,None,None,Yes,None,None,None,Yes,None,None,None,130,Milliken,130,Milliken (130),D42
14117,None,2017-11-14,1054,STEELES AVE E,SHADLOCK ST,20 m East of,Major Arterial,Scarborough,At Intersection,Traffic Signal,Clear,Daylight,Dry,Non-Fatal Injury,Rear End,Driver,50 to 54,None,None,West,"Bus (Other) (Go Bus, Gray Coa",Stopped,Driving Properly,Normal,None,None,None,None,None,None,None,None,Yes,None,None,Yes,None,None,None,Yes,None,None,None,130,Milliken,130,Milliken (130),D42