_id,ACCNUM,DATE,TIME,STREET1,STREET2,OFFSET,ROAD_CLASS,DISTRICT,ACCLOC,TRAFFCTL,VISIBILITY,LIGHT,RDSFCOND,ACCLASS,IMPACTYPE,INVTYPE,INVAGE,INJURY,FATAL_NO,INITDIR,VEHTYPE,MANOEUVER,DRIVACT,DRIVCOND,PEDTYPE,PEDACT,PEDCOND,CYCLISTYPE,CYCACT,CYCCOND,PEDESTRIAN,CYCLIST,AUTOMOBILE,MOTORCYCLE,TRUCK,TRSN_CITY_VEH,EMERG_VEH,PASSENGER,SPEEDING,AG_DRIV,REDLIGHT,ALCOHOL,DISABILITY,HOOD_158,NEIGHBOURHOOD_158,HOOD_140,NEIGHBOURHOOD_140,DIVISION
14118,None,2017-11-15,2100,MURRAY ROSS PKWY,SENTINEL RD,None,Minor Arterial,Etobicoke York,At Intersection,Traffic Signal,Clear,"Dark, artificial",Dry,Non-Fatal Injury,Pedestrian Collisions,Pedestrian,15 to 19,Major,None,North,None,None,None,None,Vehicle turns left while ped crosses with ROW at inter.,Crossing with right of way,Normal,None,None,None,Yes,None,Yes,None,None,None,None,None,None,Yes,None,None,None,27,York University Heights,27,York University Heights (27),D31
14119,None,2017-11-15,2100,MURRAY ROSS PKWY,SENTINEL RD,None,Minor Arterial,Etobicoke York,At Intersection,Traffic Signal,Clear,"Dark, artificial",Dry,Non-Fatal Injury,Pedestrian Collisions,Driver,unknown,None,None,North,"Automobile, Station Wagon",Turning Left,Failed to Yield Right of Way,Unknown,None,None,None,None,None,None,Yes,None,Yes,None,None,None,None,None,None,Yes,None,None,None,27,York University Heights,27,York University Heights (27),D31
14120,None,2017-11-16,1120,FINCH AVE E,RAVEL RD,None,Major Arterial,North York,At Intersection,No Control,Clear,Daylight,Dry,Non-Fatal Injury,Pedestrian Collisions,Pedestrian,80 to 84,Major,None,North,None,None,None,None,Vehicle is going straight thru inter.while ped cross without ROW,"Crossing, no Traffic Control",Normal,None,None,None,Yes,None,Yes,None,None,None,None,None,None,None,None,None,None,47,Don Valley Village,47,Don Valley Village (47),D33
14121,None,2017-11-16,1120,FINCH AVE E,RAVEL RD,None,Major Arterial,North York,At Intersection,No Control,Clear,Daylight,Dry,Non-Fatal Injury,Pedestrian Collisions,Pedestrian,80 to 84,Major,None,North,None,None,None,None,Vehicle is going straight thru inter.while ped cross without ROW,"Crossing, no Traffic Control",Normal,None,None,None,Yes,None,Yes,None,None,None,None,None,None,None,None,None,None,47,Don Valley Village,47,Don Valley Village (47),D33
14122,None,2017-11-16,1120,FINCH AVE E,RAVEL RD,None,Major Arterial,North York,At Intersection,No Control,Clear,Daylight,Dry,Non-Fatal Injury,Pedestrian Collisions,Driver,70 to 74,None,None,West,"Automobile, Station Wagon",Going Ahead,Driving Properly,Normal,None,None,None,None,None,None,Yes,None,Yes,None,None,None,None,None,None,None,None,None,None,47,Don Valley Village,47,Don Valley Village (47),D33
14123,None,2017-11-19,145,MARKHAM RD,HIGHWAY 401 C E,None,Major Arterial,Scarborough,At Intersection,Traffic Signal,Rain,"Dark, artificial",Wet,Non-Fatal Injury,Turning Movement,Driver,30 to 34,Minor,None,South,"Automobile, Station Wagon",Going Ahead,Disobeyed Traffic Control,Normal,None,None,None,None,None,None,None,None,Yes,None,None,None,None,None,None,Yes,Yes,None,None,142,Woburn North,137,Woburn (137),D43
14124,None,2017-11-19,145,MARKHAM RD,HIGHWAY 401 C E,None,Major Arterial,Scarborough,At Intersection,Traffic Signal,Rain,"Dark, artificial",Wet,Non-Fatal Injury,Turning Movement,Driver,30 to 34,Minimal,None,East,"Automobile, Station Wagon",Turning Left,Driving Properly,Normal,None,None,None,None,None,None,None,None,Yes,None,None,None,None,None,None,Yes,Yes,None,None,142,Woburn North,137,Woburn (137),D43
14125,None,2017-11-19,145,MARKHAM RD,HIGHWAY 401 C E,None,Major Arterial,Scarborough,At Intersection,Traffic Signal,Rain,"Dark, artificial",Wet,Non-Fatal Injury,Turning Movement,Driver,35 to 39,None,None,East,"Automobile, Station Wagon",Turning Left,Driving Properly,Normal,None,None,None,None,None,None,None,None,Yes,None,None,None,None,None,None,Yes,Yes,None,None,142,Woburn North,137,Woburn (137),D43
14126,None,2017-11-19,145,MARKHAM RD,HIGHWAY 401 C E,None,Major Arterial,Scarborough,At Intersection,Traffic Signal,Rain,"Dark, artificial",Wet,Non-Fatal Injury,Turning Movement,Other,5 to 9,Minor,None,None,None,None,None,None,None,None,None,None,None,None,None,None,Yes,None,None,None,None,None,None,Yes,Yes,None,None,142,Woburn North,137,Woburn (137),D43
14127,None,2017-11-19,145,MARKHAM RD,HIGHWAY 401 C E,None,Major Arterial,Scarborough,At Intersection,Traffic Signal,Rain,"Dark, artificial",Wet,Non-Fatal Injury,Turning Movement,Other,0 to 4,Major,None,None,None,None,None,None,None,None,None,None,None,None,None,None,Yes,None,None,None,None,None,None,Yes,Yes,None,None,142,Woburn North,137,Woburn (137),D43
14128,None,2017-11-20,1809,MORNINGSIDE AVE,CASEBRIDGE CRT,10 m North o,Major Arterial,Scarborough,At Intersection,Traffic Signal,Clear,"Dark, artificial",Dry,Non-Fatal Injury,Turning Movement,Passenger,60 to 64,Major,None,None,None,None,None,None,None,None,None,None,None,None,None,None,Yes,None,None,None,None,Yes,None,Yes,None,None,None,144,Morningside Heights,131,Rouge (131),D42
14129,None,2017-11-20,1809,MORNINGSIDE AVE,CASEBRIDGE CRT,10 m North o,Major Arterial,Scarborough,At Intersection,Traffic Signal,Clear,"Dark, artificial",Dry,Non-Fatal Injury,Turning Movement,Driver,25 to 29,None,None,North,"Automobile, Station Wagon",Going Ahead,Driving Properly,Normal,None,None,None,None,None,None,None,None,Yes,None,None,None,None,Yes,None,Yes,None,None,None,144,Morningside Heights,131,Rouge (131),D42
14130,None,2017-11-20,1809,MORNINGSIDE AVE,CASEBRIDGE CRT,10 m North o,Major Arterial,Scarborough,At Intersection,Traffic Signal,Clear,"Dark, artificial",Dry,Non-Fatal Injury,Turning Movement,Driver,60 to 64,Minimal,None,South,"Automobile, Station Wagon",Turning Left,Failed to Yield Right of Way,Normal,None,None,None,None,None,None,None,None,Yes,None,None,None,None,Yes,None,Yes,None,None,None,144,Morningside Heights,131,Rouge (131),D42
14131,None,2017-11-21,2319,LAKE SHORE BLVD W,LOWER SIMCOE ST,None,Expressway,Toronto and East York,At Intersection,Traffic Signal,Clear,"Dark, artificial",Dry,Non-Fatal Injury,Pedestrian Collisions,Driver,55 to 59,None,None,North,"Automobile, Station Wagon",Turning Left,Failed to Yield Right of Way,Normal,None,None,None,None,None,None,Yes,None,Yes,None,None,None,None,None,None,Yes,None,None,None,165,Harbourfront-CityPlace,77,Waterfront Communities-The Island (77),D52
14132,None,2017-11-21,2319,LAKE SHORE BLVD W,LOWER SIMCOE ST,None,Expressway,Toronto and East York,At Intersection,Traffic Signal,Clear,"Dark, artificial",Dry,Non-Fatal Injury,Pedestrian Collisions,Pedestrian,60 to 64,Major,None,North,None,None,None,None,Vehicle turns left while ped crosses with ROW at inter.,Crossing with right of way,Normal,None,None,None,Yes,None,Yes,None,None,None,None,None,None,Yes,None,None,None,165,Harbourfront-CityPlace,77,Waterfront Communities-The Island (77),D52
14133,None,2017-11-21,2319,LAKE SHORE BLVD W,LOWER SIMCOE ST,None,Expressway,Toronto and East York,At Intersection,Traffic Signal,Clear,"Dark, artificial",Dry,Non-Fatal Injury,Pedestrian Collisions,Pedestrian,25 to 29,None,None,North,None,None,None,None,Vehicle turns left while ped crosses with ROW at inter.,Crossing with right of way,Normal,None,None,None,Yes,None,Yes,None,None,None,None,None,None,Yes,None,None,None,165,Harbourfront-CityPlace,77,Waterfront Communities-The Island (77),D52
14134,178057130,2017-11-22,1110,BAYVIEW AVE,LAWRENCE AVE E,None,Major Arterial,North York,Non Intersection,No Control,Clear,Daylight,Dry,Non-Fatal Injury,SMV Other,Driver,30 to 34,Major,None,South,"Automobile, Station Wagon",Going Ahead,Driving Properly,Normal,None,None,None,None,None,None,None,None,Yes,None,None,None,None,None,None,None,None,None,None,41,Bridle Path-Sunnybrook-York Mills,41,Bridle Path-Sunnybrook-York Mills (41),D53
14135,None,2017-11-23,1630,MILNER  AVE,EXECUTIVE CRT,18 m East of,Minor Arterial,Scarborough,Intersection Related,No Control,Clear,Dusk,Dry,Non-Fatal Injury,Pedestrian Collisions,Pedestrian,50 to 54,Major,None,North,None,None,None,None,Pedestrian hit at mid-block,"Crossing, no Traffic Control",Inattentive,None,None,None,Yes,None,Yes,None,None,None,None,None,None,None,None,None,None,128,Agincourt South-Malvern West,128,Agincourt South-Malvern West (128),D42
14136,None,2017-11-23,1630,MILNER  AVE,EXECUTIVE CRT,18 m East of,Minor Arterial,Scarborough,Intersection Related,No Control,Clear,Dusk,Dry,Non-Fatal Injury,Pedestrian Collisions,Driver,55 to 59,None,None,East,"Automobile, Station Wagon",Going Ahead,Driving Properly,Normal,None,None,None,None,None,None,Yes,None,Yes,None,None,None,None,None,None,None,None,None,None,128,Agincourt South-Malvern West,128,Agincourt South-Malvern West (128),D42
14137,None,2017-11-23,1856,KINGSTON RD,BALSAM AVE,None,Major Arterial,Toronto and East York,At Intersection,No Control,Clear,Dark,Dry,Non-Fatal Injury,Cyclist Collisions,Cyclist,55 to 59,Major,None,East,Bicycle,Going Ahead,None,None,None,None,None,Motorist turned left across cyclists path.,Driving Properly,Normal,None,Yes,Yes,None,None,None,None,None,None,None,None,None,None,63,The Beaches,63,The Beaches (63),D55
14138,None,2017-11-23,1856,KINGSTON RD,BALSAM AVE,None,Major Arterial,Toronto and East York,At Intersection,No Control,Clear,Dark,Dry,Non-Fatal Injury,Cyclist Collisions,Driver,15 to 19,None,None,West,"Automobile, Station Wagon",Turning Left,Improper Turn,Inattentive,None,None,None,None,None,None,None,Yes,Yes,None,None,None,None,None,None,None,None,None,None,63,The Beaches,63,The Beaches (63),D55
14139,None,2017-11-24,840,VEROBEACH BLVD,INDRIO RD,None,Local,Etobicoke York,At Intersection,Stop Sign,Clear,Daylight,Dry,Non-Fatal Injury,Pedestrian Collisions,Driver,40 to 44,None,None,South,Pick Up Truck,Turning Left,Failed to Yield Right of Way,Inattentive,None,None,None,None,None,None,Yes,None,Yes,None,None,None,None,None,None,Yes,None,None,None,22,Humbermede,22,Humbermede (22),D31
14140,None,2017-11-24,840,VEROBEACH BLVD,INDRIO RD,None,Local,Etobicoke York,At Intersection,Stop Sign,Clear,Daylight,Dry,Non-Fatal Injury,Pedestrian Collisions,Pedestrian,80 to 84,Major,None,North,None,None,None,None,Vehicle turns left while ped crosses with ROW at inter.,Crossing with right of way,Normal,None,None,None,Yes,None,Yes,None,None,None,None,None,None,Yes,None,None,None,22,Humbermede,22,Humbermede (22),D31
14141,None,2017-11-24,840,VEROBEACH BLVD,INDRIO RD,None,Local,Etobicoke York,At Intersection,Stop Sign,Clear,Daylight,Dry,Non-Fatal Injury,Pedestrian Collisions,Pedestrian,75 to 79,Major,None,North,None,None,None,None,Vehicle turns left while ped crosses with ROW at inter.,Crossing with right of way,Normal,None,None,None,Yes,None,Yes,None,None,None,None,None,None,Yes,None,None,None,22,Humbermede,22,Humbermede (22),D31
14142,None,2017-11-24,1148,SHEPPARD AVE E,VICTORIA PARK AVE,None,Major Arterial,Scarborough,Non Intersection,No Control,Clear,Daylight,Dry,Fatal,Pedestrian Collisions,Truck Driver,25 to 29,None,None,West,Truck-Tractor,Going Ahead,Driving Properly,Unknown,None,None,None,None,None,None,Yes,None,Yes,None,Yes,None,None,None,None,None,None,None,None,118,Tam O'Shanter-Sullivan,118,Tam O'Shanter-Sullivan (118),D42
14143,None,2017-11-24,1148,SHEPPARD AVE E,VICTORIA PARK AVE,None,Major Arterial,Scarborough,Non Intersection,No Control,Clear,Daylight,Dry,Fatal,Pedestrian Collisions,Pedestrian,70 to 74,Fatal,54,South,Passenger Van,None,None,None,Pedestrian hit at mid-block,"Crossing, no Traffic Control",Unknown,None,None,None,Yes,None,Yes,None,Yes,None,None,None,None,None,None,None,None,118,Tam O'Shanter-Sullivan,118,Tam O'Shanter-Sullivan (118),D42
14144,None,2017-11-25,2351,DUNDAS ST W,THE EAST MALL,None,Major Arterial,Etobicoke York,Non Intersection,No Control,Clear,"Dark, artificial",Dry,Non-Fatal Injury,Cyclist Collisions,Cyclist,35 to 39,None,None,West,Bicycle,Changing Lanes,None,None,None,None,None,"Cyclist without ROW rides into path of motorist at inter, lnwy, dwy-Cyclist not turn.",Improper Lane Change,Normal,None,Yes,Yes,None,None,None,None,None,None,None,None,None,None,159,Etobicoke City Centre,14,Islington-City Centre West (14),D22
14145,None,2017-11-25,2351,DUNDAS ST W,THE EAST MALL,None,Major Arterial,Etobicoke York,Non Intersection,No Control,Clear,"Dark, artificial",Dry,Non-Fatal Injury,Cyclist Collisions,Driver,55 to 59,Major,None,North,"Automobile, Station Wagon",Going Ahead,Driving Properly,Normal,None,None,None,None,None,None,None,Yes,Yes,None,None,None,None,None,None,None,None,None,None,159,Etobicoke City Centre,14,Islington-City Centre West (14),D22
14146,None,2017-11-26,327,MARKHAM  RD,MCNICOLL AVE,None,Major Arterial,Scarborough,At Intersection,Traffic Signal,Clear,"Dark, artificial",Dry,Non-Fatal Injury,Turning Movement,Passenger,55 to 59,Major,None,None,None,None,None,None,None,None,None,None,None,None,None,None,Yes,None,None,None,None,Yes,None,Yes,None,None,None,144,Morningside Heights,131,Rouge (131),D42
14147,None,2017-11-26,327,MARKHAM  RD,MCNICOLL AVE,None,Major Arterial,Scarborough,At Intersection,Traffic Signal,Clear,"Dark, artificial",Dry,Non-Fatal Injury,Turning Movement,Passenger,85 to 89,Minor,None,None,None,None,None,None,None,None,None,None,None,None,None,None,Yes,None,None,None,None,Yes,None,Yes,None,None,None,144,Morningside Heights,131,Rouge (131),D42
14148,None,2017-11-26,327,MARKHAM  RD,MCNICOLL AVE,None,Major Arterial,Scarborough,At Intersection,Traffic Signal,Clear,"Dark, artificial",Dry,Non-Fatal Injury,Turning Movement,Driver,60 to 64,Minor,None,North,"Automobile, Station Wagon",Going Ahead,Driving Properly,Normal,None,None,None,None,None,None,None,None,Yes,None,None,None,None,Yes,None,Yes,None,None,None,144,Morningside Heights,131,Rouge (131),D42
14149,None,2017-11-26,327,MARKHAM  RD,MCNICOLL AVE,None,Major Arterial,Scarborough,At Intersection,Traffic Signal,Clear,"Dark, artificial",Dry,Non-Fatal Injury,Turning Movement,Driver,unknown,None,None,South,"Automobile, Station Wagon",Turning Left,Improper Turn,Unknown,None,None,None,None,None,None,None,None,Yes,None,None,None,None,Yes,None,Yes,None,None,None,144,Morningside Heights,131,Rouge (131),D42
14150,None,2017-11-28,558,FINCH  AVE W,NORFINCH  DR,None,Major Arterial,Etobicoke York,At Intersection,Traffic Signal,Clear,"Dark, artificial",Dry,Non-Fatal Injury,Turning Movement,Driver,20 to 24,None,None,West,"Automobile, Station Wagon",Going Ahead,Driving Properly,Normal,None,None,None,None,None,None,None,None,Yes,None,None,None,None,Yes,None,Yes,None,None,None,25,Glenfield-Jane Heights,25,Glenfield-Jane Heights (25),D31
14151,None,2017-11-28,558,FINCH  AVE W,NORFINCH  DR,None,Major Arterial,Etobicoke York,At Intersection,Traffic Signal,Clear,"Dark, artificial",Dry,Non-Fatal Injury,Turning Movement,Driver,35 to 39,Major,None,East,"Automobile, Station Wagon",Turning Left,Failed to Yield Right of Way,Inattentive,None,None,None,None,None,None,None,None,Yes,None,None,None,None,Yes,None,Yes,None,None,None,25,Glenfield-Jane Heights,25,Glenfield-Jane Heights (25),D31
14152,None,2017-11-28,558,FINCH  AVE W,NORFINCH  DR,None,Major Arterial,Etobicoke York,At Intersection,Traffic Signal,Clear,"Dark, artificial",Dry,Non-Fatal Injury,Turning Movement,Passenger,50 to 54,None,None,None,None,None,None,None,None,None,None,None,None,None,None,None,Yes,None,None,None,None,Yes,None,Yes,None,None,None,25,Glenfield-Jane Heights,25,Glenfield-Jane Heights (25),D31
14153,None,2017-11-28,558,FINCH  AVE W,NORFINCH  DR,None,Major Arterial,Etobicoke York,At Intersection,Traffic Signal,Clear,"Dark, artificial",Dry,Non-Fatal Injury,Turning Movement,Other,35 to 39,None,None,None,None,None,None,None,None,None,None,None,None,None,None,None,Yes,None,None,None,None,Yes,None,Yes,None,None,None,25,Glenfield-Jane Heights,25,Glenfield-Jane Heights (25),D31
14154,None,2017-11-28,1212,EDITH DR,ORCHARD VIEW BLVD,None,Collector,North York,At Intersection,Stop Sign,Clear,Daylight,Dry,Fatal,Pedestrian Collisions,Driver,50 to 54,None,None,West,Pick Up Truck,Turning Left,Disobeyed Traffic Control,Inattentive,None,None,None,None,None,None,Yes,None,Yes,None,None,None,None,None,None,Yes,None,None,None,100,Yonge-Eglinton,100,Yonge-Eglinton (100),D53
14155,None,2017-11-28,1212,EDITH DR,ORCHARD VIEW BLVD,None,Collector,North York,At Intersection,Stop Sign,Clear,Daylight,Dry,Fatal,Pedestrian Collisions,Pedestrian,80 to 84,Fatal,56,East,None,None,None,None,Vehicle turns left while ped crosses with ROW at inter.,Crossing with right of way,Unknown,None,None,None,Yes,None,Yes,None,None,None,None,None,None,Yes,None,None,None,100,Yonge-Eglinton,100,Yonge-Eglinton (100),D53
14156,None,2017-11-28,1431,KIPLING AVE,BIRMINGHAM ST,None,Major Arterial,Etobicoke York,At Intersection,Traffic Signal,Clear,Daylight,Dry,Non-Fatal Injury,Pedestrian Collisions,Driver,50 to 54,None,None,West,"Automobile, Station Wagon",Turning Left,Failed to Yield Right of Way,Normal,None,None,None,None,None,None,Yes,None,Yes,None,None,None,None,None,None,Yes,None,None,None,18,New Toronto,18,New Toronto (18),D22
14157,None,2017-11-28,1431,KIPLING AVE,BIRMINGHAM ST,None,Major Arterial,Etobicoke York,At Intersection,Traffic Signal,Clear,Daylight,Dry,Non-Fatal Injury,Pedestrian Collisions,Pedestrian,30 to 34,Major,None,East,None,None,None,None,Vehicle turns left while ped crosses with ROW at inter.,Crossing with right of way,Normal,None,None,None,Yes,None,Yes,None,None,None,None,None,None,Yes,None,None,None,18,New Toronto,18,New Toronto (18),D22
14158,None,2017-11-30,1709,WARDEN  AVE,BAMBURGH  CRCL,None,Major Arterial,Scarborough,At Intersection,Traffic Signal,Rain,Dusk,Wet,Non-Fatal Injury,Cyclist Collisions,Cyclist,60 to 64,Major,None,South,Bicycle,Going Ahead,None,None,None,None,None,Motorist turned left across cyclists path.,Disobeyed Traffic Control,Inattentive,None,Yes,Yes,None,None,None,None,None,None,None,None,None,None,116,Steeles,116,Steeles (116),D42
14159,None,2017-11-30,1709,WARDEN  AVE,BAMBURGH  CRCL,None,Major Arterial,Scarborough,At Intersection,Traffic Signal,Rain,Dusk,Wet,Non-Fatal Injury,Cyclist Collisions,Driver,60 to 64,None,None,North,"Automobile, Station Wagon",Turning Left,Improper Turn,Inattentive,None,None,None,None,None,None,None,Yes,Yes,None,None,None,None,None,None,None,None,None,None,116,Steeles,116,Steeles (116),D42
14160,None,2017-11-30,1825,LAWRENCE  AVE W,GLENMOUNT AVE,None,Major Arterial,North York,At Intersection,Traffic Signal,Clear,"Dark, artificial",Dry,Non-Fatal Injury,Pedestrian Collisions,Pedestrian,65 to 69,Major,None,South,None,None,None,None,Vehicle turns left while ped crosses with ROW at inter.,Crossing with right of way,Normal,None,None,None,Yes,None,Yes,None,None,None,None,None,None,Yes,None,None,None,32,Englemount-Lawrence,32,Englemount-Lawrence (32),D13
14161,None,2017-11-30,1825,LAWRENCE  AVE W,GLENMOUNT AVE,None,Major Arterial,North York,At Intersection,Traffic Signal,Clear,"Dark, artificial",Dry,Non-Fatal Injury,Pedestrian Collisions,Driver,70 to 74,None,None,North,"Automobile, Station Wagon",Turning Left,Failed to Yield Right of Way,Inattentive,None,None,None,None,None,None,Yes,None,Yes,None,None,None,None,None,None,Yes,None,None,None,32,Englemount-Lawrence,32,Englemount-Lawrence (32),D13
14162,None,2017-12-01,2330,BIRCHMOUNT RD,MERRYFIELD DR,None,Major Arterial,Scarborough,At Intersection,No Control,Clear,Dark,Dry,Fatal,Pedestrian Collisions,Driver,55 to 59,None,None,North,Passenger Van,Going Ahead,Driving Properly,Normal,None,None,None,None,None,None,Yes,None,Yes,None,None,None,None,None,None,None,None,None,None,126,Dorset Park,126,Dorset Park (126),D41
14163,None,2017-12-01,2330,BIRCHMOUNT RD,MERRYFIELD DR,None,Major Arterial,Scarborough,At Intersection,No Control,Clear,Dark,Dry,Fatal,Pedestrian Collisions,Pedestrian,65 to 69,Fatal,55,East,None,None,None,None,Vehicle is going straight thru inter.while ped cross without ROW,"Crossing, no Traffic Control",Normal,None,None,None,Yes,None,Yes,None,None,None,None,None,None,None,None,None,None,126,Dorset Park,126,Dorset Park (126),D41
14164,None,2017-12-03,1253,PRICE ST,YONGE ST,75 m East,Local,Toronto and East York,Non Intersection,No Control,Clear,Daylight,Dry,Fatal,Pedestrian Collisions,Pedestrian,75 to 79,Fatal,63,South,None,None,None,None,Vehicle is reversing and hits pedestrian,Other,Normal,None,None,None,Yes,None,Yes,None,None,None,None,None,None,None,None,None,None,98,Rosedale-Moore Park,98,Rosedale-Moore Park (98),D53
14165,None,2017-12-03,1253,PRICE ST,YONGE ST,75 m East,Local,Toronto and East York,Non Intersection,No Control,Clear,Daylight,Dry,Fatal,Pedestrian Collisions,Driver,45 to 49,None,None,North,"Automobile, Station Wagon",Reversing,Other,Normal,None,None,None,None,None,None,Yes,None,Yes,None,None,None,None,None,None,None,None,None,None,98,Rosedale-Moore Park,98,Rosedale-Moore Park (98),D53
14166,None,2017-12-05,557,DUFFERIN ST,COLLEGE ST,None,Major Arterial,Toronto and East York,At Intersection,Traffic Signal,Rain,"Dark, artificial",Wet,Non-Fatal Injury,Angle,Passenger,55 to 59,Major,None,None,None,None,None,None,None,None,None,None,None,None,None,None,Yes,None,None,None,None,Yes,None,Yes,None,None,None,84,Little Portugal,84,Little Portugal (84),D14
14167,None,2017-12-05,557,DUFFERIN ST,COLLEGE ST,None,Major Arterial,Toronto and East York,At Intersection,Traffic Signal,Rain,"Dark, artificial",Wet,Non-Fatal Injury,Angle,Driver,35 to 39,None,None,East,"Automobile, Station Wagon",Going Ahead,Driving Properly,Normal,None,None,None,None,None,None,None,None,Yes,None,None,None,None,Yes,None,Yes,None,None,None,84,Little Portugal,84,Little Portugal (84),D14
14168,None,2017-12-05,557,DUFFERIN ST,COLLEGE ST,None,Major Arterial,Toronto and East York,At Intersection,Traffic Signal,Rain,"Dark, artificial",Wet,Non-Fatal Injury,Angle,Driver,20 to 24,None,None,North,"Automobile, Station Wagon",Going Ahead,Failed to Yield Right of Way,Normal,None,None,None,None,None,None,None,None,Yes,None,None,None,None,Yes,None,Yes,None,None,None,84,Little Portugal,84,Little Portugal (84),D14
14169,None,2017-12-05,1232,SHEPPARD AVE E,LESLIE ST,31 m East of,Major Arterial,North York,At Intersection,Traffic Signal,Clear,Daylight,Dry,Non-Fatal Injury,Pedestrian Collisions,Pedestrian,55 to 59,Major,None,Unknown,None,None,None,None,Pedestrian hit on sidewalk or shoulder,On Sidewalk or Shoulder,Normal,None,None,None,Yes,None,Yes,None,None,None,None,Yes,Yes,Yes,None,None,None,52,Bayview Village,52,Bayview Village (52),D33
14170,None,2017-12-05,1232,SHEPPARD AVE E,LESLIE ST,31 m East of,Major Arterial,North York,At Intersection,Traffic Signal,Clear,Daylight,Dry,Non-Fatal Injury,Pedestrian Collisions,Passenger,50 to 54,None,None,None,None,None,None,None,None,None,None,None,None,None,Yes,None,Yes,None,None,None,None,Yes,Yes,Yes,None,None,None,52,Bayview Village,52,Bayview Village (52),D33
14171,None,2017-12-05,1232,SHEPPARD AVE E,LESLIE ST,31 m East of,Major Arterial,North York,At Intersection,Traffic Signal,Clear,Daylight,Dry,Non-Fatal Injury,Pedestrian Collisions,Passenger,15 to 19,None,None,None,None,None,None,None,None,None,None,None,None,None,Yes,None,Yes,None,None,None,None,Yes,Yes,Yes,None,None,None,52,Bayview Village,52,Bayview Village (52),D33
14172,None,2017-12-05,1232,SHEPPARD AVE E,LESLIE ST,31 m East of,Major Arterial,North York,At Intersection,Traffic Signal,Clear,Daylight,Dry,Non-Fatal Injury,Pedestrian Collisions,Driver,35 to 39,Minor,None,West,Delivery Van,Stopped,Driving Properly,Normal,None,None,None,None,None,None,Yes,None,Yes,None,None,None,None,Yes,Yes,Yes,None,None,None,52,Bayview Village,52,Bayview Village (52),D33
14173,None,2017-12-05,1232,SHEPPARD AVE E,LESLIE ST,31 m East of,Major Arterial,North York,At Intersection,Traffic Signal,Clear,Daylight,Dry,Non-Fatal Injury,Pedestrian Collisions,Driver,50 to 54,None,None,West,Passenger Van,Stopped,Driving Properly,Normal,None,None,None,None,None,None,Yes,None,Yes,None,None,None,None,Yes,Yes,Yes,None,None,None,52,Bayview Village,52,Bayview Village (52),D33
14174,None,2017-12-05,1232,SHEPPARD AVE E,LESLIE ST,31 m East of,Major Arterial,North York,At Intersection,Traffic Signal,Clear,Daylight,Dry,Non-Fatal Injury,Pedestrian Collisions,Driver,15 to 19,None,None,East,"Automobile, Station Wagon",Going Ahead,Speed too Fast For Condition,Inattentive,None,None,None,None,None,None,Yes,None,Yes,None,None,None,None,Yes,Yes,Yes,None,None,None,52,Bayview Village,52,Bayview Village (52),D33
14175,None,2017-12-05,1646,BIRCHMOUNT RD,SHEPPARD AVE E,200 m North ,Major Arterial,Scarborough,At/Near Private Drive,Traffic Signal,Clear,"Dark, artificial",Dry,Non-Fatal Injury,Turning Movement,Driver,35 to 39,None,None,North,"Automobile, Station Wagon",Turning Left,Improper Turn,Normal,None,None,None,None,None,None,None,None,Yes,Yes,None,None,None,None,None,None,None,None,None,118,Tam O'Shanter-Sullivan,118,Tam O'Shanter-Sullivan (118),D42
14176,None,2017-12-05,1646,BIRCHMOUNT RD,SHEPPARD AVE E,200 m North ,Major Arterial,Scarborough,At/Near Private Drive,Traffic Signal,Clear,"Dark, artificial",Dry,Non-Fatal Injury,Turning Movement,Motorcycle Driver,50 to 54,Major,None,South,Motorcycle,Going Ahead,Driving Properly,Normal,None,None,None,None,None,None,None,None,Yes,Yes,None,None,None,None,None,None,None,None,None,118,Tam O'Shanter-Sullivan,118,Tam O'Shanter-Sullivan (118),D42
14177,None,2017-12-07,700,WESTON RD,TORYORK  DR,None,Major Arterial,Etobicoke York,At Intersection,Traffic Signal,Clear,Dawn,Dry,Non-Fatal Injury,Pedestrian Collisions,Driver,unknown,None,None,South,None,Going Ahead,Failed to Yield Right of Way,Unknown,None,None,None,None,None,None,Yes,None,None,None,None,None,None,None,None,Yes,None,None,None,21,Humber Summit,21,Humber Summit (21),D31
14178,None,2017-12-07,700,WESTON RD,TORYORK  DR,None,Major Arterial,Etobicoke York,At Intersection,Traffic Signal,Clear,Dawn,Dry,Non-Fatal Injury,Pedestrian Collisions,Pedestrian,15 to 19,Major,None,East,None,None,None,None,Vehicle is going straight thru inter.while ped cross with ROW,Crossing with right of way,Normal,None,None,None,Yes,None,None,None,None,None,None,None,None,Yes,None,None,None,21,Humber Summit,21,Humber Summit (21),D31
14179,None,2017-12-07,705,PARLIAMENT ST,HOWARD ST,37 m South o,Minor Arterial,Toronto and East York,Non Intersection,No Control,Clear,"Dark, artificial",Dry,Non-Fatal Injury,Pedestrian Collisions,Pedestrian,40 to 44,Major,None,West,None,None,None,None,Pedestrian hit at mid-block,"Crossing, no Traffic Control",Inattentive,None,None,None,Yes,None,Yes,None,None,None,None,None,None,None,None,None,None,71,Cabbagetown-South St.James Town,71,Cabbagetown-South St.James Town (71),D51