_id,ACCNUM,DATE,TIME,STREET1,STREET2,OFFSET,ROAD_CLASS,DISTRICT,ACCLOC,TRAFFCTL,VISIBILITY,LIGHT,RDSFCOND,ACCLASS,IMPACTYPE,INVTYPE,INVAGE,INJURY,FATAL_NO,INITDIR,VEHTYPE,MANOEUVER,DRIVACT,DRIVCOND,PEDTYPE,PEDACT,PEDCOND,CYCLISTYPE,CYCACT,CYCCOND,PEDESTRIAN,CYCLIST,AUTOMOBILE,MOTORCYCLE,TRUCK,TRSN_CITY_VEH,EMERG_VEH,PASSENGER,SPEEDING,AG_DRIV,REDLIGHT,ALCOHOL,DISABILITY,HOOD_158,NEIGHBOURHOOD_158,HOOD_140,NEIGHBOURHOOD_140,DIVISION
14429,None,2018-03-21,2305,QUEENS QUAY W,YORK ST,60 m West of,Minor Arterial,Toronto and East York,Non Intersection,No Control,Clear,"Dark, artificial",Dry,Non-Fatal Injury,Pedestrian Collisions,Pedestrian,45 to 49,Major,None,South,None,None,None,None,Pedestrian hit at mid-block,Running onto Roadway,Inattentive,None,None,None,Yes,None,Yes,None,None,None,None,None,None,None,None,None,None,165,Harbourfront-CityPlace,77,Waterfront Communities-The Island (77),D52
14430,None,2018-03-21,2305,QUEENS QUAY W,YORK ST,60 m West of,Minor Arterial,Toronto and East York,Non Intersection,No Control,Clear,"Dark, artificial",Dry,Non-Fatal Injury,Pedestrian Collisions,Driver,65 to 69,None,None,East,"Automobile, Station Wagon",Going Ahead,Driving Properly,Normal,None,None,None,None,None,None,Yes,None,Yes,None,None,None,None,None,None,None,None,None,None,165,Harbourfront-CityPlace,77,Waterfront Communities-The Island (77),D52
14431,188016123,2018-03-24,1700,BAYVIEW AVE,THE BRIDLE PATH,None,Major Arterial,North York,Non Intersection,No Control,Clear,Daylight,Dry,Non-Fatal Injury,Pedestrian Collisions,Driver,unknown,None,None,North,"Automobile, Station Wagon",Changing Lanes,Driving Properly,Unknown,None,None,None,None,None,None,Yes,None,Yes,None,None,None,None,None,None,None,None,None,None,41,Bridle Path-Sunnybrook-York Mills,41,Bridle Path-Sunnybrook-York Mills (41),D33
14432,188016123,2018-03-24,1700,BAYVIEW AVE,THE BRIDLE PATH,None,Major Arterial,North York,Non Intersection,No Control,Clear,Daylight,Dry,Non-Fatal Injury,Pedestrian Collisions,Pedestrian,25 to 29,Major,None,Unknown,None,None,None,None,Pedestrian hit at mid-block,Other,Unknown,None,None,None,Yes,None,Yes,None,None,None,None,None,None,None,None,None,None,41,Bridle Path-Sunnybrook-York Mills,41,Bridle Path-Sunnybrook-York Mills (41),D33
14433,None,2018-03-24,1914,JANE ST,SHOREHAM DR,70 m South o,Major Arterial,North York,Non Intersection,No Control,Clear,Daylight,Dry,Non-Fatal Injury,Approaching,Driver,35 to 39,Major,None,South,"Automobile, Station Wagon",Going Ahead,Driving Properly,Normal,None,None,None,None,None,None,None,None,Yes,None,None,None,None,None,Yes,Yes,None,None,None,24,Black Creek,24,Black Creek (24),D31
14434,None,2018-03-24,1914,JANE ST,SHOREHAM DR,70 m South o,Major Arterial,North York,Non Intersection,No Control,Clear,Daylight,Dry,Non-Fatal Injury,Approaching,Driver,20 to 24,Major,None,North,"Automobile, Station Wagon",Going Ahead,Exceeding Speed Limit,Unknown,None,None,None,None,None,None,None,None,Yes,None,None,None,None,None,Yes,Yes,None,None,None,24,Black Creek,24,Black Creek (24),D31
14435,None,2018-03-26,1604,BRIDLETOWNE CRCL,BEVERLY GLEN BLVD,None,Minor Arterial,Scarborough,At Intersection,Traffic Signal,Clear,Daylight,Dry,Non-Fatal Injury,Pedestrian Collisions,Pedestrian,80 to 84,Major,None,East,None,None,None,None,Vehicle turns left while ped crosses with ROW at inter.,Crossing with right of way,Normal,None,None,None,Yes,None,Yes,None,None,None,None,None,None,Yes,None,None,None,147,L'Amoreaux West,117,L'Amoreaux (117),D42
14436,None,2018-03-26,1604,BRIDLETOWNE CRCL,BEVERLY GLEN BLVD,None,Minor Arterial,Scarborough,At Intersection,Traffic Signal,Clear,Daylight,Dry,Non-Fatal Injury,Pedestrian Collisions,Driver,40 to 44,None,None,West,"Automobile, Station Wagon",Turning Left,Failed to Yield Right of Way,Inattentive,None,None,None,None,None,None,Yes,None,Yes,None,None,None,None,None,None,Yes,None,None,None,147,L'Amoreaux West,117,L'Amoreaux (117),D42
14437,None,2018-03-28,1749,MOUNT PLEASANT RD,CARSTOWE RD,None,Major Arterial,Toronto and East York,Non Intersection,No Control,Clear,Daylight,Dry,Fatal,Turning Movement,Driver,15 to 19,None,None,North,"Automobile, Station Wagon",Making U Turn,Improper Turn,Normal,None,None,None,None,None,None,None,None,Yes,Yes,None,None,None,None,Yes,Yes,None,None,None,98,Rosedale-Moore Park,98,Rosedale-Moore Park (98),D53
14438,None,2018-03-28,1749,MOUNT PLEASANT RD,CARSTOWE RD,None,Major Arterial,Toronto and East York,Non Intersection,No Control,Clear,Daylight,Dry,Fatal,Turning Movement,Motorcycle Driver,35 to 39,Fatal,17,North,Motorcycle,Going Ahead,Improper Passing,Normal,None,None,None,None,None,None,None,None,Yes,Yes,None,None,None,None,Yes,Yes,None,None,None,98,Rosedale-Moore Park,98,Rosedale-Moore Park (98),D53
14439,None,2018-03-29,1221,WILSON AVE,JULIAN RD,None,Major Arterial,North York,Intersection Related,Traffic Signal,Rain,Daylight,Wet,Fatal,Pedestrian Collisions,Passenger,90 to 94,None,None,None,None,None,None,None,None,None,None,None,None,None,Yes,None,Yes,None,None,None,None,Yes,None,None,None,None,None,154,Oakdale-Beverley Heights,26,Downsview-Roding-CFB (26),D31
14440,None,2018-03-29,1221,WILSON AVE,JULIAN RD,None,Major Arterial,North York,Intersection Related,Traffic Signal,Rain,Daylight,Wet,Fatal,Pedestrian Collisions,Pedestrian,75 to 79,Fatal,18,North,None,None,None,None,Vehicle is going straight thru inter.while ped cross without ROW,"Crossing, no Traffic Control",Inattentive,None,None,None,Yes,None,Yes,None,None,None,None,Yes,None,None,None,None,None,154,Oakdale-Beverley Heights,26,Downsview-Roding-CFB (26),D31
14441,None,2018-03-29,1221,WILSON AVE,JULIAN RD,None,Major Arterial,North York,Intersection Related,Traffic Signal,Rain,Daylight,Wet,Fatal,Pedestrian Collisions,Driver,50 to 54,None,None,West,Passenger Van,Going Ahead,Driving Properly,Normal,None,None,None,None,None,None,Yes,None,Yes,None,None,None,None,Yes,None,None,None,None,None,154,Oakdale-Beverley Heights,26,Downsview-Roding-CFB (26),D31
14442,None,2018-03-29,2226,DON MILLS RD,SHEPPARD AVE E,None,Major Arterial,North York,At Intersection,Traffic Controller,Rain,"Daylight, artificial",Wet,Non-Fatal Injury,Pedestrian Collisions,Pedestrian,35 to 39,Major,None,East,None,None,None,None,Vehicle turns right while ped crosses with ROW at inter.,Crossing with right of way,Normal,None,None,None,Yes,None,Yes,None,None,None,None,None,None,Yes,None,None,None,53,Henry Farm,53,Henry Farm (53),D33
14443,None,2018-03-29,2226,DON MILLS RD,SHEPPARD AVE E,None,Major Arterial,North York,At Intersection,Traffic Controller,Rain,"Daylight, artificial",Wet,Non-Fatal Injury,Pedestrian Collisions,Driver,45 to 49,None,None,West,"Automobile, Station Wagon",Turning Right,Failed to Yield Right of Way,Normal,None,None,None,None,None,None,Yes,None,Yes,None,None,None,None,None,None,Yes,None,None,None,53,Henry Farm,53,Henry Farm (53),D33
14444,None,2018-04-02,1310,STEELES AVE E,DUMONT ST,13 m West of,Major Arterial,North York,Intersection Related,No Control,Clear,Daylight,Dry,Non-Fatal Injury,Pedestrian Collisions,Pedestrian,50 to 54,Major,None,North,None,None,None,None,Pedestrian hit at mid-block,"Crossing, no Traffic Control",Inattentive,None,None,None,Yes,None,Yes,None,None,None,None,None,None,None,None,None,None,50,Newtonbrook East,50,Newtonbrook East (50),D32
14445,None,2018-04-02,1310,STEELES AVE E,DUMONT ST,13 m West of,Major Arterial,North York,Intersection Related,No Control,Clear,Daylight,Dry,Non-Fatal Injury,Pedestrian Collisions,Driver,50 to 54,None,None,West,"Automobile, Station Wagon",Going Ahead,Driving Properly,Normal,None,None,None,None,None,None,Yes,None,Yes,None,None,None,None,None,None,None,None,None,None,50,Newtonbrook East,50,Newtonbrook East (50),D32
14446,None,2018-04-03,2220,FLEET ST,BATHURST ST,80 m West of,Major Arterial,Toronto and East York,Non Intersection,No Control,Rain,"Dark, artificial",Wet,Non-Fatal Injury,Pedestrian Collisions,Pedestrian,40 to 44,Major,None,Unknown,None,None,None,None,Pedestrian involved in a collision with transit vehicle anywhere along roadway,"Crossing, no Traffic Control",Had Been Drinking,None,None,None,Yes,None,None,None,None,Yes,None,None,None,None,None,None,None,163,Fort York-Liberty Village,82,Niagara (82),D14
14447,None,2018-04-03,2220,FLEET ST,BATHURST ST,80 m West of,Major Arterial,Toronto and East York,Non Intersection,No Control,Rain,"Dark, artificial",Wet,Non-Fatal Injury,Pedestrian Collisions,Driver,20 to 24,None,None,East,Street Car,Going Ahead,Driving Properly,Normal,None,None,None,None,None,None,Yes,None,None,None,None,Yes,None,None,None,None,None,None,None,163,Fort York-Liberty Village,82,Niagara (82),D14
14448,None,2018-04-04,1630,BATHURST ST,CEDARCROFT BLVD,80 m South o,Major Arterial,North York,Non Intersection,No Control,Clear,Daylight,Dry,Non-Fatal Injury,SMV Other,Motorcycle Driver,30 to 34,Major,None,South,Motorcycle,Going Ahead,Lost control,Normal,None,None,None,None,None,None,None,None,None,Yes,None,None,None,None,None,None,None,None,None,36,Newtonbrook West,36,Newtonbrook West (36),D32
14449,None,2018-04-08,2030,FINCH AVE W,ARROW RD,10 m West of,Major Arterial,Etobicoke York,At Intersection,Traffic Signal,Clear,"Dark, artificial",Dry,Non-Fatal Injury,Rear End,Passenger,10 to 14,Major,None,None,None,None,None,None,None,None,None,None,None,None,None,None,Yes,None,None,None,None,Yes,None,Yes,None,None,None,22,Humbermede,22,Humbermede (22),D31
14450,None,2018-04-08,2030,FINCH AVE W,ARROW RD,10 m West of,Major Arterial,Etobicoke York,At Intersection,Traffic Signal,Clear,"Dark, artificial",Dry,Non-Fatal Injury,Rear End,Passenger,45 to 49,Minor,None,None,None,None,None,None,None,None,None,None,None,None,None,None,Yes,None,None,None,None,Yes,None,Yes,None,None,None,22,Humbermede,22,Humbermede (22),D31
14451,None,2018-04-08,2030,FINCH AVE W,ARROW RD,10 m West of,Major Arterial,Etobicoke York,At Intersection,Traffic Signal,Clear,"Dark, artificial",Dry,Non-Fatal Injury,Rear End,Passenger,40 to 44,Minor,None,None,None,None,None,None,None,None,None,None,None,None,None,None,Yes,None,None,None,None,Yes,None,Yes,None,None,None,22,Humbermede,22,Humbermede (22),D31
14452,None,2018-04-08,2030,FINCH AVE W,ARROW RD,10 m West of,Major Arterial,Etobicoke York,At Intersection,Traffic Signal,Clear,"Dark, artificial",Dry,Non-Fatal Injury,Rear End,Driver,60 to 64,Minor,None,East,"Automobile, Station Wagon",Stopped,Driving Properly,Normal,None,None,None,None,None,None,None,None,Yes,None,None,None,None,Yes,None,Yes,None,None,None,22,Humbermede,22,Humbermede (22),D31
14453,None,2018-04-08,2030,FINCH AVE W,ARROW RD,10 m West of,Major Arterial,Etobicoke York,At Intersection,Traffic Signal,Clear,"Dark, artificial",Dry,Non-Fatal Injury,Rear End,Driver,40 to 44,Minor,None,East,"Automobile, Station Wagon",Stopped,Driving Properly,Normal,None,None,None,None,None,None,None,None,Yes,None,None,None,None,Yes,None,Yes,None,None,None,22,Humbermede,22,Humbermede (22),D31
14454,None,2018-04-08,2030,FINCH AVE W,ARROW RD,10 m West of,Major Arterial,Etobicoke York,At Intersection,Traffic Signal,Clear,"Dark, artificial",Dry,Non-Fatal Injury,Rear End,Driver,30 to 34,None,None,East,"Automobile, Station Wagon",Going Ahead,Following too Close,Inattentive,None,None,None,None,None,None,None,None,Yes,None,None,None,None,Yes,None,Yes,None,None,None,22,Humbermede,22,Humbermede (22),D31
14455,None,2018-04-10,2256,DUNDAS ST W,GOOCH AVE,1 m West of,Major Arterial,Etobicoke York,At Intersection,No Control,Clear,"Dark, artificial",Dry,Non-Fatal Injury,Pedestrian Collisions,Driver,60 to 64,None,None,East,"Automobile, Station Wagon",Going Ahead,Driving Properly,Normal,None,None,None,None,None,None,Yes,None,Yes,None,None,None,None,None,None,None,None,None,None,89,Runnymede-Bloor West Village,89,Runnymede-Bloor West Village (89),D11
14456,None,2018-04-10,2256,DUNDAS ST W,GOOCH AVE,1 m West of,Major Arterial,Etobicoke York,At Intersection,No Control,Clear,"Dark, artificial",Dry,Non-Fatal Injury,Pedestrian Collisions,Pedestrian,60 to 64,Major,None,South,None,None,None,None,Vehicle is going straight thru inter.while ped cross without ROW,Crossing without right of way,"Ability Impaired, Alcohol Over .80",None,None,None,Yes,None,Yes,None,None,None,None,None,None,None,None,None,None,89,Runnymede-Bloor West Village,89,Runnymede-Bloor West Village (89),D11
14457,None,2018-04-12,1425,625 FINCH AVE W,None,None,Major Arterial,North York,At Intersection,Traffic Signal,Clear,Daylight,Wet,Non-Fatal Injury,Pedestrian Collisions,Pedestrian,10 to 14,Minor,None,North,None,None,None,None,Vehicle is going straight thru inter.while ped cross with ROW,Crossing with right of way,Normal,None,None,None,Yes,None,Yes,None,None,None,None,None,None,Yes,Yes,None,None,35,Westminster-Branson,35,Westminster-Branson (35),D32
14458,None,2018-04-12,1425,625 FINCH AVE W,None,None,Major Arterial,North York,At Intersection,Traffic Signal,Clear,Daylight,Wet,Non-Fatal Injury,Pedestrian Collisions,Driver,35 to 39,None,None,North,"Automobile, Station Wagon",Turning Left,Driving Properly,Normal,None,None,None,None,None,None,Yes,None,Yes,None,None,None,None,None,None,Yes,Yes,None,None,35,Westminster-Branson,35,Westminster-Branson (35),D32
14459,None,2018-04-12,1425,625 FINCH AVE W,None,None,Major Arterial,North York,At Intersection,Traffic Signal,Clear,Daylight,Wet,Non-Fatal Injury,Pedestrian Collisions,Driver,80 to 84,Major,None,East,"Automobile, Station Wagon",Going Ahead,Disobeyed Traffic Control,Inattentive,None,None,None,None,None,None,Yes,None,Yes,None,None,None,None,None,None,Yes,Yes,None,None,35,Westminster-Branson,35,Westminster-Branson (35),D32
14460,None,2018-04-12,2000,WILSON AVE,LEXFIELD AVE,None,Major Arterial,North York,At Intersection,Traffic Signal,Clear,Dark,Dry,Non-Fatal Injury,Turning Movement,Passenger,20 to 24,None,None,None,None,None,None,None,None,None,None,None,None,None,None,None,Yes,None,None,None,None,Yes,None,Yes,Yes,None,None,154,Oakdale-Beverley Heights,26,Downsview-Roding-CFB (26),D31
14461,None,2018-04-12,2000,WILSON AVE,LEXFIELD AVE,None,Major Arterial,North York,At Intersection,Traffic Signal,Clear,Dark,Dry,Non-Fatal Injury,Turning Movement,Driver,20 to 24,None,None,East,"Automobile, Station Wagon",Turning Left,Driving Properly,Normal,None,None,None,None,None,None,None,None,Yes,None,None,None,None,Yes,None,Yes,Yes,None,None,154,Oakdale-Beverley Heights,26,Downsview-Roding-CFB (26),D31
14462,None,2018-04-12,2000,WILSON AVE,LEXFIELD AVE,None,Major Arterial,North York,At Intersection,Traffic Signal,Clear,Dark,Dry,Non-Fatal Injury,Turning Movement,Driver,20 to 24,Major,None,West,"Automobile, Station Wagon",Going Ahead,Disobeyed Traffic Control,Inattentive,None,None,None,None,None,None,None,None,Yes,None,None,None,None,Yes,None,Yes,Yes,None,None,154,Oakdale-Beverley Heights,26,Downsview-Roding-CFB (26),D31
14463,None,2018-04-13,1512,JANE ST,BEVERLY HILLS DR,None,Major Arterial,Etobicoke York,At Intersection,Traffic Signal,None,Daylight,None,Fatal,Pedestrian Collisions,Driver,55 to 59,Minor,None,North,Passenger Van,Turning Left,Failed to Yield Right of Way,Unknown,None,None,None,None,None,None,Yes,None,Yes,None,None,None,None,None,Yes,Yes,None,None,None,154,Oakdale-Beverley Heights,26,Downsview-Roding-CFB (26),D31
14464,None,2018-04-13,1512,JANE ST,BEVERLY HILLS DR,None,Major Arterial,Etobicoke York,At Intersection,Traffic Signal,None,Daylight,None,Fatal,Pedestrian Collisions,Pedestrian,40 to 44,Fatal,19,South,None,None,None,None,Vehicle turns left while ped crosses with ROW at inter.,Crossing with right of way,Normal,None,None,None,Yes,None,Yes,None,None,None,None,None,Yes,Yes,None,None,None,154,Oakdale-Beverley Heights,26,Downsview-Roding-CFB (26),D31
14465,None,2018-04-13,1918,THE WESTWAY,KIPLING AVE,11 m South o,Major Arterial,Etobicoke York,At Intersection,Traffic Signal,Rain,"Dark, artificial",Wet,Non-Fatal Injury,Cyclist Collisions,Driver,50 to 54,None,None,North,"Automobile, Station Wagon",Going Ahead,Driving Properly,Normal,None,None,None,None,None,None,None,Yes,Yes,None,None,None,None,None,None,None,None,None,None,7,Willowridge-Martingrove-Richview,7,Willowridge-Martingrove-Richview (7),D23
14466,None,2018-04-13,1918,THE WESTWAY,KIPLING AVE,11 m South o,Major Arterial,Etobicoke York,At Intersection,Traffic Signal,Rain,"Dark, artificial",Wet,Non-Fatal Injury,Cyclist Collisions,Cyclist,20 to 24,Major,None,East,Bicycle,Turning Left,None,None,None,None,None,Cyclist turned left across motorists path.,Disobeyed Traffic Control,Normal,None,Yes,Yes,None,None,None,None,None,None,None,None,None,None,7,Willowridge-Martingrove-Richview,7,Willowridge-Martingrove-Richview (7),D23
14467,None,2018-04-21,1,HIGHWAY 2A  E,LAWSON RD,400 m East o,Expressway,Scarborough,Non Intersection,No Control,Clear,Dark,Dry,Non-Fatal Injury,Rear End,Passenger,50 to 54,None,None,None,None,None,None,None,None,None,None,None,None,None,None,None,Yes,None,None,None,None,Yes,Yes,Yes,None,None,None,133,Centennial Scarborough,133,Centennial Scarborough (133),D43
14468,None,2018-04-21,1,HIGHWAY 2A  E,LAWSON RD,400 m East o,Expressway,Scarborough,Non Intersection,No Control,Clear,Dark,Dry,Non-Fatal Injury,Rear End,Passenger,60 to 64,Minimal,None,None,None,None,None,None,None,None,None,None,None,None,None,None,Yes,None,None,None,None,Yes,Yes,Yes,None,None,None,133,Centennial Scarborough,133,Centennial Scarborough (133),D43
14469,None,2018-04-21,1,HIGHWAY 2A  E,LAWSON RD,400 m East o,Expressway,Scarborough,Non Intersection,No Control,Clear,Dark,Dry,Non-Fatal Injury,Rear End,Passenger,60 to 64,None,None,None,None,None,None,None,None,None,None,None,None,None,None,None,Yes,None,None,None,None,Yes,Yes,Yes,None,None,None,133,Centennial Scarborough,133,Centennial Scarborough (133),D43
14470,None,2018-04-21,1,HIGHWAY 2A  E,LAWSON RD,400 m East o,Expressway,Scarborough,Non Intersection,No Control,Clear,Dark,Dry,Non-Fatal Injury,Rear End,Passenger,70 to 74,Major,None,None,None,None,None,None,None,None,None,None,None,None,None,None,Yes,None,None,None,None,Yes,Yes,Yes,None,None,None,133,Centennial Scarborough,133,Centennial Scarborough (133),D43
14471,None,2018-04-21,1,HIGHWAY 2A  E,LAWSON RD,400 m East o,Expressway,Scarborough,Non Intersection,No Control,Clear,Dark,Dry,Non-Fatal Injury,Rear End,Driver,70 to 74,None,None,East,"Automobile, Station Wagon",Going Ahead,Driving Properly,Normal,None,None,None,None,None,None,None,None,Yes,None,None,None,None,Yes,Yes,Yes,None,None,None,133,Centennial Scarborough,133,Centennial Scarborough (133),D43
14472,None,2018-04-21,1,HIGHWAY 2A  E,LAWSON RD,400 m East o,Expressway,Scarborough,Non Intersection,No Control,Clear,Dark,Dry,Non-Fatal Injury,Rear End,Driver,20 to 24,Minimal,None,East,"Automobile, Station Wagon",Going Ahead,Exceeding Speed Limit,Had Been Drinking,None,None,None,None,None,None,None,None,Yes,None,None,None,None,Yes,Yes,Yes,None,None,None,133,Centennial Scarborough,133,Centennial Scarborough (133),D43
14473,None,2018-04-21,2341,SEWELLS RD,HUPFIELD TRL,None,Minor Arterial,Scarborough,Non Intersection,No Control,Clear,"Dark, artificial",Dry,Fatal,SMV Other,Driver,25 to 29,Fatal,20,East,"Automobile, Station Wagon",Going Ahead,Lost control,Unknown,None,None,None,None,None,None,None,None,Yes,None,None,None,None,None,Yes,Yes,None,None,None,146,Malvern East,132,Malvern (132),D42
14474,None,2018-04-22,1706,1854 KEELE ST,None,None,Major Arterial,North York,Non Intersection,No Control,Clear,"Dark, artificial",Dry,Non-Fatal Injury,Pedestrian Collisions,Pedestrian,60 to 64,Major,None,West,None,None,None,None,Pedestrian hit at mid-block,"Crossing, no Traffic Control",Other,None,None,None,Yes,None,None,Yes,None,None,None,None,Yes,Yes,None,None,None,110,Keelesdale-Eglinton West,110,Keelesdale-Eglinton West (110),D12
14475,None,2018-04-22,1706,1854 KEELE ST,None,None,Major Arterial,North York,Non Intersection,No Control,Clear,"Dark, artificial",Dry,Non-Fatal Injury,Pedestrian Collisions,Motorcycle Driver,unknown,None,None,South,Motorcycle,Going Ahead,Exceeding Speed Limit,Other,None,None,None,None,None,None,Yes,None,None,Yes,None,None,None,None,Yes,Yes,None,None,None,110,Keelesdale-Eglinton West,110,Keelesdale-Eglinton West (110),D12
14476,None,2018-04-23,20,FINCH AVE W,SIGNET DR,None,Major Arterial,Etobicoke York,At Intersection,Traffic Signal,Clear,"Dark, artificial",Dry,Fatal,Angle,Driver,15 to 19,Minor,None,South,"Automobile, Station Wagon",Going Ahead,Driving Properly,Normal,None,None,None,None,None,None,None,None,Yes,None,None,None,None,None,Yes,Yes,Yes,None,None,22,Humbermede,22,Humbermede (22),D31
14477,None,2018-04-23,20,FINCH AVE W,SIGNET DR,None,Major Arterial,Etobicoke York,At Intersection,Traffic Signal,Clear,"Dark, artificial",Dry,Fatal,Angle,Driver,55 to 59,None,None,Unknown,"Automobile, Station Wagon",None,None,None,None,None,None,None,None,None,None,None,Yes,None,None,None,None,None,Yes,Yes,Yes,None,None,22,Humbermede,22,Humbermede (22),D31
14478,None,2018-04-23,20,FINCH AVE W,SIGNET DR,None,Major Arterial,Etobicoke York,At Intersection,Traffic Signal,Clear,"Dark, artificial",Dry,Fatal,Angle,Driver,40 to 44,Fatal,21,West,"Automobile, Station Wagon",Going Ahead,Disobeyed Traffic Control,Normal,None,None,None,None,None,None,None,None,Yes,None,None,None,None,None,Yes,Yes,Yes,None,None,22,Humbermede,22,Humbermede (22),D31
14479,None,2018-04-23,801,HORNER AVE,BETA ST,25 m West of,Minor Arterial,Etobicoke York,At Intersection,No Control,Clear,Daylight,Dry,Non-Fatal Injury,Pedestrian Collisions,Driver,25 to 29,None,None,East,"Automobile, Station Wagon",Slowing or Stopping,Driving Properly,Normal,None,None,None,None,None,None,Yes,None,Yes,None,None,None,None,None,None,None,None,None,None,20,Alderwood,20,Alderwood (20),D22
14480,None,2018-04-23,801,HORNER AVE,BETA ST,25 m West of,Minor Arterial,Etobicoke York,At Intersection,No Control,Clear,Daylight,Dry,Non-Fatal Injury,Pedestrian Collisions,Pedestrian,20 to 24,Major,None,South,None,None,None,None,Pedestrian hit at mid-block,"Crossing, no Traffic Control",Inattentive,None,None,None,Yes,None,Yes,None,None,None,None,None,None,None,None,None,None,20,Alderwood,20,Alderwood (20),D22
14481,None,2018-04-23,1220,BAY ST,GROSVENOR ST,None,Major Arterial,Toronto and East York,At Intersection,Traffic Signal,Clear,Daylight,Dry,Non-Fatal Injury,Pedestrian Collisions,Driver,35 to 39,None,None,East,"Automobile, Station Wagon",Turning Left,Failed to Yield Right of Way,Normal,None,None,None,None,None,None,Yes,None,Yes,None,None,None,None,None,None,Yes,None,None,None,169,Bay-Cloverhill,76,Bay Street Corridor (76),D52
14482,None,2018-04-23,1220,BAY ST,GROSVENOR ST,None,Major Arterial,Toronto and East York,At Intersection,Traffic Signal,Clear,Daylight,Dry,Non-Fatal Injury,Pedestrian Collisions,Pedestrian,85 to 89,Major,None,West,None,None,None,None,Vehicle turns left while ped crosses with ROW at inter.,Crossing with right of way,Normal,None,None,None,Yes,None,Yes,None,None,None,None,None,None,Yes,None,None,None,169,Bay-Cloverhill,76,Bay Street Corridor (76),D52
14483,None,2018-04-23,2358,BLOOR ST W,STERLING RD,2 m North of,Major Arterial,Toronto and East York,At Intersection,Traffic Signal,Rain,"Dark, artificial",Wet,Non-Fatal Injury,Pedestrian Collisions,Pedestrian,60 to 64,Major,None,East,None,None,None,None,Vehicle turns left while ped crosses with ROW at inter.,Crossing with right of way,Medical or Physical Disability,None,None,None,Yes,None,Yes,None,None,None,None,None,None,Yes,None,None,None,83,Dufferin Grove,83,Dufferin Grove (83),D11
14484,None,2018-04-23,2358,BLOOR ST W,STERLING RD,2 m North of,Major Arterial,Toronto and East York,At Intersection,Traffic Signal,Rain,"Dark, artificial",Wet,Non-Fatal Injury,Pedestrian Collisions,Driver,70 to 74,None,None,East,"Automobile, Station Wagon",Turning Left,Failed to Yield Right of Way,Normal,None,None,None,None,None,None,Yes,None,Yes,None,None,None,None,None,None,Yes,None,None,None,83,Dufferin Grove,83,Dufferin Grove (83),D11
14485,None,2018-04-24,1401,VICTORIA PARK AVE,JONESVILLE CRES,None,Major Arterial,North York,At Intersection,Traffic Signal,Clear,Daylight,Dry,Non-Fatal Injury,Turning Movement,Driver,45 to 49,None,None,South,"Automobile, Station Wagon",Going Ahead,Driving Properly,Normal,None,None,None,None,None,None,None,None,Yes,None,None,None,None,None,None,Yes,None,None,None,119,Wexford/Maryvale,119,Wexford/Maryvale (119),D41
14486,None,2018-04-24,1401,VICTORIA PARK AVE,JONESVILLE CRES,None,Major Arterial,North York,At Intersection,Traffic Signal,Clear,Daylight,Dry,Non-Fatal Injury,Turning Movement,Driver,40 to 44,Major,None,North,"Automobile, Station Wagon",Turning Left,Failed to Yield Right of Way,Normal,None,None,None,None,None,None,None,None,Yes,None,None,None,None,None,None,Yes,None,None,None,119,Wexford/Maryvale,119,Wexford/Maryvale (119),D41
14487,None,2018-04-25,1100,BATHURST ST,VERWOOD AVE,None,Major Arterial,North York,At Intersection,Stop Sign,Rain,Daylight,Wet,Non-Fatal Injury,Pedestrian Collisions,Pedestrian,75 to 79,Major,None,South,None,None,None,None,Vehicle turns right while ped crosses with ROW at inter.,Crossing with right of way,Normal,None,None,None,Yes,None,Yes,None,None,None,None,None,None,Yes,None,None,None,38,Lansing-Westgate,38,Lansing-Westgate (38),D32
14488,None,2018-04-25,1100,BATHURST ST,VERWOOD AVE,None,Major Arterial,North York,At Intersection,Stop Sign,Rain,Daylight,Wet,Non-Fatal Injury,Pedestrian Collisions,Driver,unknown,None,None,East,Delivery Van,Turning Right,Failed to Yield Right of Way,Unknown,None,None,None,None,None,None,Yes,None,Yes,None,None,None,None,None,None,Yes,None,None,None,38,Lansing-Westgate,38,Lansing-Westgate (38),D32
14489,None,2018-04-26,105,SCARLETT RD,LAWRENCE AVE W,None,Major Arterial,Etobicoke York,At Intersection,Traffic Signal,Rain,"Dark, artificial",Wet,Non-Fatal Injury,Turning Movement,Driver,20 to 24,Major,None,North,"Automobile, Station Wagon",Going Ahead,Exceeding Speed Limit,Inattentive,None,None,None,None,None,None,None,None,Yes,None,None,Yes,None,Yes,Yes,Yes,None,None,None,8,Humber Heights-Westmount,8,Humber Heights-Westmount (8),D23
14490,None,2018-04-26,105,SCARLETT RD,LAWRENCE AVE W,None,Major Arterial,Etobicoke York,At Intersection,Traffic Signal,Rain,"Dark, artificial",Wet,Non-Fatal Injury,Turning Movement,Driver,50 to 54,None,None,South,Municipal Transit Bus (TTC),Turning Left,Driving Properly,Normal,None,None,None,None,None,None,None,None,Yes,None,None,Yes,None,Yes,Yes,Yes,None,None,None,8,Humber Heights-Westmount,8,Humber Heights-Westmount (8),D23