_id,ACCNUM,DATE,TIME,STREET1,STREET2,OFFSET,ROAD_CLASS,DISTRICT,ACCLOC,TRAFFCTL,VISIBILITY,LIGHT,RDSFCOND,ACCLASS,IMPACTYPE,INVTYPE,INVAGE,INJURY,FATAL_NO,INITDIR,VEHTYPE,MANOEUVER,DRIVACT,DRIVCOND,PEDTYPE,PEDACT,PEDCOND,CYCLISTYPE,CYCACT,CYCCOND,PEDESTRIAN,CYCLIST,AUTOMOBILE,MOTORCYCLE,TRUCK,TRSN_CITY_VEH,EMERG_VEH,PASSENGER,SPEEDING,AG_DRIV,REDLIGHT,ALCOHOL,DISABILITY,HOOD_158,NEIGHBOURHOOD_158,HOOD_140,NEIGHBOURHOOD_140,DIVISION
14554,None,2018-05-20,2117,WINTERMUTE BLVD,SANDYHOOK SQ,None,Collector,Scarborough,At Intersection,No Control,Clear,"Dusk, artificial",Dry,Non-Fatal Injury,Pedestrian Collisions,Driver,50 to 54,None,None,South,"Automobile, Station Wagon",Turning Left,Failed to Yield Right of Way,Inattentive,None,None,None,None,None,None,Yes,None,Yes,None,None,None,None,None,None,Yes,None,None,None,116,Steeles,116,Steeles (116),D42
14555,None,2018-05-20,2307,WILSON AVE,401 C W WILSON AV RAMP,None,Major Arterial,Etobicoke York,Non Intersection,No Control,Clear,"Dark, artificial",Dry,Fatal,Approaching,Driver,40 to 44,Fatal,26,West,"Automobile, Station Wagon",Changing Lanes,Improper Lane Change,Inattentive,None,None,None,None,None,None,None,None,Yes,None,None,None,None,Yes,Yes,Yes,None,None,None,33,Clanton Park,33,Clanton Park (33),D32
14556,None,2018-05-20,2307,WILSON AVE,401 C W WILSON AV RAMP,None,Major Arterial,Etobicoke York,Non Intersection,No Control,Clear,"Dark, artificial",Dry,Fatal,Approaching,Driver,40 to 44,Minor,None,East,"Automobile, Station Wagon",Going Ahead,Driving Properly,Normal,None,None,None,None,None,None,None,None,Yes,None,None,None,None,Yes,Yes,Yes,None,None,None,33,Clanton Park,33,Clanton Park (33),D32
14557,None,2018-05-20,2307,WILSON AVE,401 C W WILSON AV RAMP,None,Major Arterial,Etobicoke York,Non Intersection,No Control,Clear,"Dark, artificial",Dry,Fatal,Approaching,Passenger,35 to 39,Major,None,None,None,None,None,None,None,None,None,None,None,None,None,None,Yes,None,None,None,None,Yes,Yes,Yes,None,None,None,33,Clanton Park,33,Clanton Park (33),D32
14558,None,2018-05-20,2307,WILSON AVE,401 C W WILSON AV RAMP,None,Major Arterial,Etobicoke York,Non Intersection,No Control,Clear,"Dark, artificial",Dry,Fatal,Approaching,Passenger,10 to 14,Major,None,None,None,None,None,None,None,None,None,None,None,None,None,None,Yes,None,None,None,None,Yes,Yes,Yes,None,None,None,33,Clanton Park,33,Clanton Park (33),D32
14559,None,2018-05-20,2307,WILSON AVE,401 C W WILSON AV RAMP,None,Major Arterial,Etobicoke York,Non Intersection,No Control,Clear,"Dark, artificial",Dry,Fatal,Approaching,Passenger,10 to 14,Major,None,None,None,None,None,None,None,None,None,None,None,None,None,None,Yes,None,None,None,None,Yes,Yes,Yes,None,None,None,33,Clanton Park,33,Clanton Park (33),D32
14560,None,2018-05-21,2020,STEELES AVE W,HIGHWAY 27  N,50 m West of,Major Arterial,North York,Non Intersection,No Control,Clear,"Dark, artificial",Dry,Non-Fatal Injury,Rear End,Passenger,20 to 24,Minor,None,None,None,None,None,None,None,None,None,None,None,None,None,None,Yes,None,None,None,None,Yes,Yes,Yes,None,None,None,1,West Humber-Clairville,1,West Humber-Clairville (1),D23
14561,None,2018-05-21,2020,STEELES AVE W,HIGHWAY 27  N,50 m West of,Major Arterial,North York,Non Intersection,No Control,Clear,"Dark, artificial",Dry,Non-Fatal Injury,Rear End,Passenger,20 to 24,Minor,None,None,None,None,None,None,None,None,None,None,None,None,None,None,Yes,None,None,None,None,Yes,Yes,Yes,None,None,None,1,West Humber-Clairville,1,West Humber-Clairville (1),D23
14562,None,2018-05-21,2020,STEELES AVE W,HIGHWAY 27  N,50 m West of,Major Arterial,North York,Non Intersection,No Control,Clear,"Dark, artificial",Dry,Non-Fatal Injury,Rear End,Passenger,40 to 44,Minor,None,None,None,None,None,None,None,None,None,None,None,None,None,None,Yes,None,None,None,None,Yes,Yes,Yes,None,None,None,1,West Humber-Clairville,1,West Humber-Clairville (1),D23
14563,None,2018-05-21,2020,STEELES AVE W,HIGHWAY 27  N,50 m West of,Major Arterial,North York,Non Intersection,No Control,Clear,"Dark, artificial",Dry,Non-Fatal Injury,Rear End,Passenger,15 to 19,Minor,None,None,None,None,None,None,None,None,None,None,None,None,None,None,Yes,None,None,None,None,Yes,Yes,Yes,None,None,None,1,West Humber-Clairville,1,West Humber-Clairville (1),D23
14564,None,2018-05-21,2020,STEELES AVE W,HIGHWAY 27  N,50 m West of,Major Arterial,North York,Non Intersection,No Control,Clear,"Dark, artificial",Dry,Non-Fatal Injury,Rear End,Passenger,15 to 19,Minimal,None,None,None,None,None,None,None,None,None,None,None,None,None,None,Yes,None,None,None,None,Yes,Yes,Yes,None,None,None,1,West Humber-Clairville,1,West Humber-Clairville (1),D23
14565,None,2018-05-21,2020,STEELES AVE W,HIGHWAY 27  N,50 m West of,Major Arterial,North York,Non Intersection,No Control,Clear,"Dark, artificial",Dry,Non-Fatal Injury,Rear End,Driver,45 to 49,Minimal,None,East,"Automobile, Station Wagon",Stopped,Driving Properly,Normal,None,None,None,None,None,None,None,None,Yes,None,None,None,None,Yes,Yes,Yes,None,None,None,1,West Humber-Clairville,1,West Humber-Clairville (1),D23
14566,None,2018-05-21,2020,STEELES AVE W,HIGHWAY 27  N,50 m West of,Major Arterial,North York,Non Intersection,No Control,Clear,"Dark, artificial",Dry,Non-Fatal Injury,Rear End,Driver,25 to 29,Major,None,East,"Automobile, Station Wagon",Stopped,Driving Properly,Normal,None,None,None,None,None,None,None,None,Yes,None,None,None,None,Yes,Yes,Yes,None,None,None,1,West Humber-Clairville,1,West Humber-Clairville (1),D23
14567,None,2018-05-21,2020,STEELES AVE W,HIGHWAY 27  N,50 m West of,Major Arterial,North York,Non Intersection,No Control,Clear,"Dark, artificial",Dry,Non-Fatal Injury,Rear End,Driver,30 to 34,None,None,East,"Automobile, Station Wagon",Going Ahead,Speed too Fast For Condition,Inattentive,None,None,None,None,None,None,None,None,Yes,None,None,None,None,Yes,Yes,Yes,None,None,None,1,West Humber-Clairville,1,West Humber-Clairville (1),D23
14568,None,2018-05-22,1325,4800 LESLIE ST,None,60 m West of,Major Arterial,North York,Non Intersection,No Control,Clear,"Daylight, artificial",Dry,Non-Fatal Injury,Pedestrian Collisions,Pedestrian,50 to 54,Major,None,East,None,None,None,None,Pedestrian hit at mid-block,"Crossing, no Traffic Control",Normal,None,None,None,Yes,None,Yes,None,None,None,None,Yes,None,None,None,None,None,47,Don Valley Village,47,Don Valley Village (47),D33
14569,None,2018-05-22,1325,4800 LESLIE ST,None,60 m West of,Major Arterial,North York,Non Intersection,No Control,Clear,"Daylight, artificial",Dry,Non-Fatal Injury,Pedestrian Collisions,Passenger,65 to 69,None,None,None,None,None,None,None,None,None,None,None,None,None,Yes,None,Yes,None,None,None,None,Yes,None,None,None,None,None,47,Don Valley Village,47,Don Valley Village (47),D33
14570,None,2018-05-22,1325,4800 LESLIE ST,None,60 m West of,Major Arterial,North York,Non Intersection,No Control,Clear,"Daylight, artificial",Dry,Non-Fatal Injury,Pedestrian Collisions,Driver,70 to 74,None,None,North,"Automobile, Station Wagon",Going Ahead,Driving Properly,Normal,None,None,None,None,None,None,Yes,None,Yes,None,None,None,None,Yes,None,None,None,None,None,47,Don Valley Village,47,Don Valley Village (47),D33
14571,None,2018-05-22,1552,DUNDAS ST W,CHELSEA AVE,73 m North o,Minor Arterial,Toronto and East York,Non Intersection,No Control,Clear,Daylight,Dry,Non-Fatal Injury,Cyclist Collisions,Passenger,65 to 69,None,None,None,None,None,None,None,None,None,None,None,None,None,None,Yes,Yes,None,None,None,None,Yes,None,None,None,None,None,88,High Park North,88,High Park North (88),D11
14572,None,2018-05-22,1552,DUNDAS ST W,CHELSEA AVE,73 m North o,Minor Arterial,Toronto and East York,Non Intersection,No Control,Clear,Daylight,Dry,Non-Fatal Injury,Cyclist Collisions,Driver,60 to 64,None,None,North,"Automobile, Station Wagon",Going Ahead,Driving Properly,Normal,None,None,None,None,None,None,None,Yes,Yes,None,None,None,None,Yes,None,None,None,None,None,88,High Park North,88,High Park North (88),D11
14573,None,2018-05-22,1552,DUNDAS ST W,CHELSEA AVE,73 m North o,Minor Arterial,Toronto and East York,Non Intersection,No Control,Clear,Daylight,Dry,Non-Fatal Injury,Cyclist Collisions,Cyclist,50 to 54,Major,None,South,Bicycle,Turning Left,None,None,None,None,None,Cyclist turned left across motorists path.,Improper Turn,Unknown,None,Yes,Yes,None,None,None,None,Yes,None,None,None,None,None,88,High Park North,88,High Park North (88),D11
14574,None,2018-05-23,2325,KINGSTON RD,DANFORTH AVE,8 m South of,Major Arterial,Scarborough,Non Intersection,No Control,Clear,"Dark, artificial",Dry,Non-Fatal Injury,SMV Other,Motorcycle Driver,25 to 29,Major,None,West,Motorcycle,Changing Lanes,Lost control,Inattentive,None,None,None,None,None,None,None,None,None,Yes,None,None,None,None,None,None,None,None,None,122,Birchcliffe-Cliffside,122,Birchcliffe-Cliffside (122),D41
14575,None,2018-05-27,1010,BENSON AVE,CHRISTIE ST,10 m West of,Minor Arterial,Toronto and East York,Intersection Related,No Control,Clear,Daylight,Dry,Non-Fatal Injury,Pedestrian Collisions,Driver,55 to 59,None,None,East,"Automobile, Station Wagon",Going Ahead,Driving Properly,Unknown,None,None,None,None,None,None,Yes,None,Yes,None,None,None,None,None,None,None,None,None,None,94,Wychwood,94,Wychwood (94),D13
14576,None,2018-05-27,1010,BENSON AVE,CHRISTIE ST,10 m West of,Minor Arterial,Toronto and East York,Intersection Related,No Control,Clear,Daylight,Dry,Non-Fatal Injury,Pedestrian Collisions,Pedestrian,85 to 89,Major,None,Unknown,None,None,None,None,Pedestrian hit on sidewalk or shoulder,On Sidewalk or Shoulder,Normal,None,None,None,Yes,None,Yes,None,None,None,None,None,None,None,None,None,None,94,Wychwood,94,Wychwood (94),D13
14577,None,2018-05-27,1700,YONGE ST,ISABELLA ST,None,Major Arterial,Toronto and East York,At Intersection,No Control,Clear,Daylight,Dry,Non-Fatal Injury,Turning Movement,Driver,50 to 54,None,None,South,"Automobile, Station Wagon",Turning Left,Failed to Yield Right of Way,Normal,None,None,None,None,None,None,None,None,Yes,Yes,None,None,None,None,None,Yes,None,None,None,167,Church-Wellesley,75,Church-Yonge Corridor (75),D51
14578,None,2018-05-27,1700,YONGE ST,ISABELLA ST,None,Major Arterial,Toronto and East York,At Intersection,No Control,Clear,Daylight,Dry,Non-Fatal Injury,Turning Movement,Motorcycle Driver,30 to 34,Major,None,North,Motorcycle,Going Ahead,Driving Properly,Normal,None,None,None,None,None,None,None,None,Yes,Yes,None,None,None,None,None,Yes,None,None,None,167,Church-Wellesley,75,Church-Yonge Corridor (75),D51
14579,None,2018-05-27,1907,STAINES RD,HEPATICA ST,None,Local,Scarborough,At Intersection,Stop Sign,Clear,Daylight,Dry,Non-Fatal Injury,Pedestrian Collisions,Driver,20 to 24,None,None,West,"Automobile, Station Wagon",Going Ahead,Failed to Yield Right of Way,Inattentive,None,None,None,None,None,None,Yes,None,Yes,None,None,None,None,None,None,Yes,None,None,None,144,Morningside Heights,131,Rouge (131),D42
14580,None,2018-05-27,1907,STAINES RD,HEPATICA ST,None,Local,Scarborough,At Intersection,Stop Sign,Clear,Daylight,Dry,Non-Fatal Injury,Pedestrian Collisions,Pedestrian,65 to 69,Major,None,North,None,None,None,None,Vehicle is going straight thru inter.while ped cross with ROW,Crossing with right of way,Normal,None,None,None,Yes,None,Yes,None,None,None,None,None,None,Yes,None,None,None,144,Morningside Heights,131,Rouge (131),D42
14581,None,2018-05-29,934,STEELES AVE E,KENNEDY RD,None,Major Arterial,Scarborough,Intersection Related,No Control,Clear,Daylight,Dry,Fatal,Other,Passenger,80 to 84,Fatal,29,None,None,None,None,None,None,None,None,None,None,None,None,None,None,None,None,Yes,None,Yes,None,None,None,None,None,116,Steeles,116,Steeles (116),D42
14582,None,2018-05-29,934,STEELES AVE E,KENNEDY RD,None,Major Arterial,Scarborough,Intersection Related,No Control,Clear,Daylight,Dry,Fatal,Other,Driver,45 to 49,None,None,West,Municipal Transit Bus (TTC),Slowing or Stopping,Driving Properly,Normal,None,None,None,None,None,None,None,None,None,None,None,Yes,None,Yes,None,None,None,None,None,116,Steeles,116,Steeles (116),D42
14583,None,2018-05-29,1700,QUEENS QUAY E,DOCKSIDE  DR,None,Minor Arterial,Toronto and East York,At Intersection,Traffic Signal,Clear,Daylight,Dry,Non-Fatal Injury,Cyclist Collisions,Driver,35 to 39,None,None,East,"Automobile, Station Wagon",Turning Right,Failed to Yield Right of Way,Normal,None,None,None,None,None,None,None,Yes,Yes,None,None,None,None,None,None,Yes,None,None,None,166,St Lawrence-East Bayfront-The Islands,77,Waterfront Communities-The Island (77),D51
14584,None,2018-05-29,1700,QUEENS QUAY E,DOCKSIDE  DR,None,Minor Arterial,Toronto and East York,At Intersection,Traffic Signal,Clear,Daylight,Dry,Non-Fatal Injury,Cyclist Collisions,Cyclist,25 to 29,Major,None,West,Bicycle,Going Ahead,None,None,None,None,None,Motorist turning right on green or amber at signalized intersection strikes cyclist.,Driving Properly,Normal,None,Yes,Yes,None,None,None,None,None,None,Yes,None,None,None,166,St Lawrence-East Bayfront-The Islands,77,Waterfront Communities-The Island (77),D51
14585,None,2018-05-30,329,MARTIN GROVE RD,VULCAN ST,None,Major Arterial,Etobicoke York,At Intersection,Traffic Signal,None,Dark,None,Fatal,Turning Movement,Truck Driver,50 to 54,None,None,North,"Truck - Closed (Blazer, etc)",Turning Left,Driving Properly,Normal,None,None,None,None,None,None,None,None,None,Yes,Yes,None,None,None,Yes,Yes,None,None,None,1,West Humber-Clairville,1,West Humber-Clairville (1),D23
14586,None,2018-05-30,329,MARTIN GROVE RD,VULCAN ST,None,Major Arterial,Etobicoke York,At Intersection,Traffic Signal,None,Dark,None,Fatal,Turning Movement,Motorcycle Driver,20 to 24,Fatal,27,South,Motorcycle,Going Ahead,Exceeding Speed Limit,Unknown,None,None,None,None,None,None,None,None,None,Yes,Yes,None,None,None,Yes,Yes,None,None,None,1,West Humber-Clairville,1,West Humber-Clairville (1),D23
14587,None,2018-05-30,2103,WOODBINE AVE,MERRILL AVE E,None,Major Arterial,Toronto and East York,At Intersection,No Control,Clear,"Dark, artificial",Dry,Non-Fatal Injury,Cyclist Collisions,Cyclist,20 to 24,Major,None,South,Bicycle,Going Ahead,None,None,None,None,None,"Cyclist without ROW rides into path of motorist at inter, lnwy, dwy-Cyclist not turn.",Speed too Fast For Condition,Normal,None,Yes,Yes,None,None,None,None,None,None,None,None,None,None,62,East End-Danforth,62,East End-Danforth (62),D55
14588,None,2018-05-30,2103,WOODBINE AVE,MERRILL AVE E,None,Major Arterial,Toronto and East York,At Intersection,No Control,Clear,"Dark, artificial",Dry,Non-Fatal Injury,Cyclist Collisions,Driver,30 to 34,None,None,North,"Automobile, Station Wagon",Turning Left,Driving Properly,Normal,None,None,None,None,None,None,None,Yes,Yes,None,None,None,None,None,None,None,None,None,None,62,East End-Danforth,62,East End-Danforth (62),D55
14589,None,2018-05-31,755,BLOOR ST W,SOUTH KINGSWAY,None,Major Arterial,Etobicoke York,At Intersection,Traffic Signal,Clear,Daylight,Dry,Non-Fatal Injury,Pedestrian Collisions,Truck Driver,20 to 24,None,None,East,Truck - Dump,Turning Right,Improper Turn,Normal,None,None,None,None,None,None,Yes,None,None,None,Yes,None,None,None,None,None,None,None,None,87,High Park-Swansea,87,High Park-Swansea (87),D11
14590,None,2018-05-31,755,BLOOR ST W,SOUTH KINGSWAY,None,Major Arterial,Etobicoke York,At Intersection,Traffic Signal,Clear,Daylight,Dry,Non-Fatal Injury,Pedestrian Collisions,Pedestrian,35 to 39,Major,None,East,None,None,None,None,Vehicle turns right while ped crosses with ROW at inter.,Crossing with right of way,Normal,None,None,None,Yes,None,None,None,Yes,None,None,None,None,None,None,None,None,87,High Park-Swansea,87,High Park-Swansea (87),D11
14591,None,2018-05-31,2054,LAWRENCE AVE E,MORNINGSIDE AVE,None,Minor Arterial,Scarborough,Intersection Related,No Control,Clear,Daylight,Wet,Non-Fatal Injury,Pedestrian Collisions,Driver,35 to 39,None,None,East,"Automobile, Station Wagon",Going Ahead,Driving Properly,Normal,None,None,None,None,None,None,Yes,None,Yes,None,None,None,None,Yes,None,None,None,None,None,136,West Hill,136,West Hill (136),D43
14592,None,2018-05-31,2054,LAWRENCE AVE E,MORNINGSIDE AVE,None,Minor Arterial,Scarborough,Intersection Related,No Control,Clear,Daylight,Wet,Non-Fatal Injury,Pedestrian Collisions,Pedestrian,35 to 39,Major,None,North,None,None,None,None,Pedestrian hit at mid-block,"Crossing, no Traffic Control",Had Been Drinking,None,None,None,Yes,None,Yes,None,None,None,None,Yes,None,None,None,None,None,136,West Hill,136,West Hill (136),D43
14593,None,2018-05-31,2054,LAWRENCE AVE E,MORNINGSIDE AVE,None,Minor Arterial,Scarborough,Intersection Related,No Control,Clear,Daylight,Wet,Non-Fatal Injury,Pedestrian Collisions,Passenger,40 to 44,None,None,None,None,None,None,None,None,None,None,None,None,None,Yes,None,Yes,None,None,None,None,Yes,None,None,None,None,None,136,West Hill,136,West Hill (136),D43
14594,None,2018-05-31,2054,LAWRENCE AVE E,MORNINGSIDE AVE,None,Minor Arterial,Scarborough,Intersection Related,No Control,Clear,Daylight,Wet,Non-Fatal Injury,Pedestrian Collisions,Passenger,0 to 4,None,None,None,None,None,None,None,None,None,None,None,None,None,Yes,None,Yes,None,None,None,None,Yes,None,None,None,None,None,136,West Hill,136,West Hill (136),D43
14595,None,2018-06-02,1845,BADEN ST,LAKEVIEW AVE,8 m East of,Local,North York,Intersection Related,Stop Sign,Clear,Daylight,Dry,Non-Fatal Injury,Pedestrian Collisions,Driver,55 to 59,None,None,West,"Automobile, Station Wagon",Going Ahead,Failed to Yield Right of Way,Inattentive,None,None,None,None,None,None,Yes,None,Yes,None,None,None,None,None,None,Yes,None,None,None,81,Trinity-Bellwoods,81,Trinity-Bellwoods (81),D14
14596,None,2018-06-02,1845,BADEN ST,LAKEVIEW AVE,8 m East of,Local,North York,Intersection Related,Stop Sign,Clear,Daylight,Dry,Non-Fatal Injury,Pedestrian Collisions,Pedestrian,0 to 4,Major,None,South,None,None,None,None,Vehicle is going straight thru inter.while ped cross with ROW,Playing or Working on Highway,Normal,None,None,None,Yes,None,Yes,None,None,None,None,None,None,Yes,None,None,None,81,Trinity-Bellwoods,81,Trinity-Bellwoods (81),D14
14597,None,2018-06-02,1903,LAKE SHORE BLVD W,BRITISH COLUMBIA RD,None,Major Arterial,North York,Non Intersection,No Control,Clear,Daylight,Dry,Fatal,Approaching,Motorcycle Driver,50 to 54,Fatal,28,East,Motorcycle,Going Ahead,Driving Properly,Normal,None,None,None,None,None,None,None,None,Yes,Yes,None,None,None,None,None,None,None,None,None,163,Fort York-Liberty Village,82,Niagara (82),D14
14598,None,2018-06-02,1903,LAKE SHORE BLVD W,BRITISH COLUMBIA RD,None,Major Arterial,North York,Non Intersection,No Control,Clear,Daylight,Dry,Fatal,Approaching,Driver,30 to 34,None,None,East,"Automobile, Station Wagon",Going Ahead,Driving Properly,Normal,None,None,None,None,None,None,None,None,Yes,Yes,None,None,None,None,None,None,None,None,None,163,Fort York-Liberty Village,82,Niagara (82),D14
14599,None,2018-06-02,1903,LAKE SHORE BLVD W,BRITISH COLUMBIA RD,None,Major Arterial,North York,Non Intersection,No Control,Clear,Daylight,Dry,Fatal,Approaching,Driver,30 to 34,None,None,East,"Automobile, Station Wagon",Going Ahead,Driving Properly,Normal,None,None,None,None,None,None,None,None,Yes,Yes,None,None,None,None,None,None,None,None,None,163,Fort York-Liberty Village,82,Niagara (82),D14
14600,None,2018-06-02,1903,LAKE SHORE BLVD W,BRITISH COLUMBIA RD,None,Major Arterial,North York,Non Intersection,No Control,Clear,Daylight,Dry,Fatal,Approaching,Driver,55 to 59,None,None,West,"Automobile, Station Wagon",Going Ahead,Lost control,Inattentive,None,None,None,None,None,None,None,None,Yes,Yes,None,None,None,None,None,None,None,None,None,163,Fort York-Liberty Village,82,Niagara (82),D14
14601,None,2018-06-03,1235,SHEPPARD AVE E,GATEFORTH DR,49 m West of,Major Arterial,Scarborough,Non Intersection,No Control,Clear,Daylight,Dry,Non-Fatal Injury,Rear End,Motorcycle Driver,20 to 24,Major,None,West,Motorcycle,Going Ahead,Other,Inattentive,None,None,None,None,None,None,None,None,Yes,Yes,None,None,None,Yes,None,Yes,None,None,None,146,Malvern East,132,Malvern (132),D42
14602,None,2018-06-03,1235,SHEPPARD AVE E,GATEFORTH DR,49 m West of,Major Arterial,Scarborough,Non Intersection,No Control,Clear,Daylight,Dry,Non-Fatal Injury,Rear End,Driver,50 to 54,None,None,West,"Automobile, Station Wagon",Going Ahead,Driving Properly,Normal,None,None,None,None,None,None,None,None,Yes,Yes,None,None,None,Yes,None,Yes,None,None,None,146,Malvern East,132,Malvern (132),D42
14603,None,2018-06-03,1235,SHEPPARD AVE E,GATEFORTH DR,49 m West of,Major Arterial,Scarborough,Non Intersection,No Control,Clear,Daylight,Dry,Non-Fatal Injury,Rear End,Passenger,55 to 59,None,None,None,None,None,None,None,None,None,None,None,None,None,None,None,Yes,Yes,None,None,None,Yes,None,Yes,None,None,None,146,Malvern East,132,Malvern (132),D42
14604,None,2018-06-03,1730,YONGE ST,FRANKLIN AVE,10 m East of,Major Arterial,North York,Intersection Related,No Control,Clear,Daylight,Dry,Non-Fatal Injury,SMV Other,Driver,85 to 89,Major,None,North,"Automobile, Station Wagon",Going Ahead,Other,Medical or Physical Disability,None,None,None,None,None,None,None,None,Yes,None,None,None,None,None,None,None,None,None,Yes,153,Avondale,51,Willowdale East (51),D32
14605,None,2018-06-03,2238,DANFORTH AVE,GLEDHILL AVE,None,Major Arterial,Toronto and East York,At Intersection,Traffic Signal,Clear,Dark,Dry,Non-Fatal Injury,Pedestrian Collisions,Driver,30 to 34,None,None,South,"Automobile, Station Wagon",Turning Right,Improper Turn,Inattentive,None,None,None,None,None,None,Yes,None,Yes,None,None,None,None,Yes,None,None,None,None,None,62,East End-Danforth,62,East End-Danforth (62),D55
14606,None,2018-06-03,2238,DANFORTH AVE,GLEDHILL AVE,None,Major Arterial,Toronto and East York,At Intersection,Traffic Signal,Clear,Dark,Dry,Non-Fatal Injury,Pedestrian Collisions,Passenger,20 to 24,None,None,None,None,None,None,None,None,None,None,None,None,None,Yes,None,Yes,None,None,None,None,Yes,None,None,None,None,None,62,East End-Danforth,62,East End-Danforth (62),D55
14607,None,2018-06-03,2238,DANFORTH AVE,GLEDHILL AVE,None,Major Arterial,Toronto and East York,At Intersection,Traffic Signal,Clear,Dark,Dry,Non-Fatal Injury,Pedestrian Collisions,Pedestrian,65 to 69,Major,None,East,None,None,None,None,Vehicle turns right while ped crosses with ROW at inter.,Crossing with right of way,Had Been Drinking,None,None,None,Yes,None,Yes,None,None,None,None,Yes,None,None,None,None,None,62,East End-Danforth,62,East End-Danforth (62),D55
14608,None,2018-06-06,2257,KINGSTON RD,RIDGEMOOR AVE,44 m West of,Major Arterial,Scarborough,Non Intersection,Traffic Controller,Clear,"Daylight, artificial",Dry,Non-Fatal Injury,Rear End,Driver,45 to 49,None,None,East,"Automobile, Station Wagon",Changing Lanes,Improper Lane Change,Normal,None,None,None,None,None,None,None,None,Yes,Yes,None,None,None,None,None,None,None,None,None,122,Birchcliffe-Cliffside,122,Birchcliffe-Cliffside (122),D41
14609,None,2018-06-06,2257,KINGSTON RD,RIDGEMOOR AVE,44 m West of,Major Arterial,Scarborough,Non Intersection,Traffic Controller,Clear,"Daylight, artificial",Dry,Non-Fatal Injury,Rear End,Motorcycle Driver,30 to 34,Major,None,East,Motorcycle,Going Ahead,Driving Properly,Normal,None,None,None,None,None,None,None,None,Yes,Yes,None,None,None,None,None,None,None,None,None,122,Birchcliffe-Cliffside,122,Birchcliffe-Cliffside (122),D41
14610,None,2018-06-07,2128,BLACKTHORN AVE,ST CLAIR AVE W,33 m North o,Local,Etobicoke York,Non Intersection,No Control,Clear,"Dark, artificial",Dry,Non-Fatal Injury,Cyclist Collisions,Driver,50 to 54,Minor,None,South,Pick Up Truck,Turning Left,Other,Normal,None,None,None,None,None,None,None,Yes,Yes,None,None,None,None,None,None,None,None,None,None,91,Weston-Pelham Park,91,Weston-Pellam Park (91),D12
14611,None,2018-06-07,2128,BLACKTHORN AVE,ST CLAIR AVE W,33 m North o,Local,Etobicoke York,Non Intersection,No Control,Clear,"Dark, artificial",Dry,Non-Fatal Injury,Cyclist Collisions,Cyclist,55 to 59,Major,None,North,Bicycle,Going Ahead,None,None,None,None,None,Motorist turned left across cyclists path.,Other,Unknown,None,Yes,Yes,None,None,None,None,None,None,None,None,None,None,91,Weston-Pelham Park,91,Weston-Pellam Park (91),D12
14612,None,2018-06-11,1500,DUFFERIN ST,BRIAR HILL AVE,None,Major Arterial,North York,Intersection Related,Traffic Signal,Clear,Daylight,Dry,Fatal,Pedestrian Collisions,Driver,25 to 29,None,None,Unknown,Pick Up Truck,Unknown,Disobeyed Traffic Control,Unknown,None,None,None,None,None,None,Yes,None,Yes,None,None,None,None,None,Yes,Yes,Yes,None,None,108,Briar Hill-Belgravia,108,Briar Hill-Belgravia (108),D13
14613,None,2018-06-11,1500,DUFFERIN ST,BRIAR HILL AVE,None,Major Arterial,North York,Intersection Related,Traffic Signal,Clear,Daylight,Dry,Fatal,Pedestrian Collisions,Pedestrian,50 to 54,Fatal,31,North,None,None,None,None,Unknown,Crossing with right of way,None,None,None,None,Yes,None,Yes,None,None,None,None,None,Yes,Yes,Yes,None,None,108,Briar Hill-Belgravia,108,Briar Hill-Belgravia (108),D13
14614,None,2018-06-11,1537,MCROBERTS AVE,INNES AVE,None,Local,Etobicoke York,At Intersection,Stop Sign,Clear,Daylight,Dry,Non-Fatal Injury,Pedestrian Collisions,Driver,80 to 84,None,None,East,"Automobile, Station Wagon",Turning Left,Improper Turn,Normal,None,None,None,None,None,None,Yes,None,Yes,None,None,None,None,None,None,None,None,None,None,92,Corso Italia-Davenport,92,Corso Italia-Davenport (92),D13
14615,None,2018-06-11,1537,MCROBERTS AVE,INNES AVE,None,Local,Etobicoke York,At Intersection,Stop Sign,Clear,Daylight,Dry,Non-Fatal Injury,Pedestrian Collisions,Pedestrian,85 to 89,Major,None,West,None,None,None,None,Vehicle turns left while ped crosses with ROW at inter.,Crossing with right of way,Normal,None,None,None,Yes,None,Yes,None,None,None,None,None,None,None,None,None,None,92,Corso Italia-Davenport,92,Corso Italia-Davenport (92),D13
14616,None,2018-06-11,1700,ROYAL YORK  RD,DARTMOUTH  CRES,None,Minor Arterial,Etobicoke York,Non Intersection,No Control,Clear,Daylight,Dry,Non-Fatal Injury,Cyclist Collisions,Motorcycle Driver,unknown,None,None,South,Motorcycle,Going Ahead,Failed to Yield Right of Way,Unknown,None,None,None,None,None,None,None,Yes,None,Yes,None,None,None,None,None,Yes,None,None,None,160,Mimico-Queensway,17,Mimico (includes Humber Bay Shores) (17),D22
14617,None,2018-06-11,1700,ROYAL YORK  RD,DARTMOUTH  CRES,None,Minor Arterial,Etobicoke York,Non Intersection,No Control,Clear,Daylight,Dry,Non-Fatal Injury,Cyclist Collisions,Cyclist,25 to 29,Major,None,South,Bicycle,Going Ahead,None,None,None,None,None,Cyclist and Driver travelling in same direction. One vehicle rear-ended the other.,Driving Properly,Normal,None,Yes,None,Yes,None,None,None,None,None,Yes,None,None,None,160,Mimico-Queensway,17,Mimico (includes Humber Bay Shores) (17),D22