_id,ACCNUM,DATE,TIME,STREET1,STREET2,OFFSET,ROAD_CLASS,DISTRICT,ACCLOC,TRAFFCTL,VISIBILITY,LIGHT,RDSFCOND,ACCLASS,IMPACTYPE,INVTYPE,INVAGE,INJURY,FATAL_NO,INITDIR,VEHTYPE,MANOEUVER,DRIVACT,DRIVCOND,PEDTYPE,PEDACT,PEDCOND,CYCLISTYPE,CYCACT,CYCCOND,PEDESTRIAN,CYCLIST,AUTOMOBILE,MOTORCYCLE,TRUCK,TRSN_CITY_VEH,EMERG_VEH,PASSENGER,SPEEDING,AG_DRIV,REDLIGHT,ALCOHOL,DISABILITY,HOOD_158,NEIGHBOURHOOD_158,HOOD_140,NEIGHBOURHOOD_140,DIVISION
14681,None,2018-06-27,100,DUFFERIN ST,JANE OSLER BLVD,15 m North o,Major Arterial,North York,Intersection Related,No Control,Clear,"Dark, artificial",Dry,Non-Fatal Injury,Pedestrian Collisions,Pedestrian,25 to 29,Major,None,West,None,None,None,None,Pedestrian hit at mid-block,"Crossing, no Traffic Control",Inattentive,None,None,None,Yes,None,Yes,None,None,None,None,None,None,None,None,None,None,31,Yorkdale-Glen Park,31,Yorkdale-Glen Park (31),D32
14682,None,2018-06-28,1024,BAYVIEW S 401 C W RAMP,BAYVIEW AVE,20 m South o,Expressway Ramp,North York,Non Intersection,No Control,Clear,Daylight,Dry,Non-Fatal Injury,Pedestrian Collisions,Driver,70 to 74,None,None,South,"Automobile, Station Wagon",Going Ahead,Driving Properly,Normal,None,None,None,None,None,None,Yes,None,Yes,None,None,None,None,None,None,None,None,None,None,153,Avondale,51,Willowdale East (51),D32
14683,None,2018-06-28,1024,BAYVIEW S 401 C W RAMP,BAYVIEW AVE,20 m South o,Expressway Ramp,North York,Non Intersection,No Control,Clear,Daylight,Dry,Non-Fatal Injury,Pedestrian Collisions,Pedestrian,75 to 79,Major,None,North,None,None,None,None,Pedestrian hit at mid-block,"Crossing, no Traffic Control",Normal,None,None,None,Yes,None,Yes,None,None,None,None,None,None,None,None,None,None,153,Avondale,51,Willowdale East (51),D32
14684,None,2018-06-28,1803,MOUNT PLEASANT RD,CRESCENT RD,11 m South o,Major Arterial,Toronto and East York,Intersection Related,Traffic Controller,Clear,Daylight,Dry,Non-Fatal Injury,SMV Other,Motorcycle Driver,50 to 54,Major,None,North,Motorcycle,Going Ahead,Lost control,Normal,None,None,None,None,None,None,None,None,None,Yes,None,None,None,None,None,None,None,None,None,98,Rosedale-Moore Park,98,Rosedale-Moore Park (98),D53
14685,None,2018-06-28,2020,811 DANFORTH AVE,None,None,Major Arterial,Toronto and East York,At/Near Private Drive,No Control,Clear,Daylight,Dry,Non-Fatal Injury,Cyclist Collisions,Driver,35 to 39,Major,None,West,"Automobile, Station Wagon",Turning Left,Improper Turn,Inattentive,None,None,None,None,None,None,None,Yes,Yes,None,None,None,None,None,None,None,None,None,None,69,Blake-Jones,69,Blake-Jones (69),D55
14686,None,2018-06-28,2020,811 DANFORTH AVE,None,None,Major Arterial,Toronto and East York,At/Near Private Drive,No Control,Clear,Daylight,Dry,Non-Fatal Injury,Cyclist Collisions,Cyclist,35 to 39,Major,None,East,Bicycle,Going Ahead,None,None,None,None,None,Motorist turned left across cyclists path.,Driving Properly,Normal,None,Yes,Yes,None,None,None,None,None,None,None,None,None,None,69,Blake-Jones,69,Blake-Jones (69),D55
14687,None,2018-06-28,2234,VICTORIA PARK AVE,FARMCREST  DR,1 m North of,Major Arterial,North York,Intersection Related,No Control,Clear,"Dark, artificial",Dry,Non-Fatal Injury,Cyclist Collisions,Cyclist,55 to 59,Major,None,North,Bicycle,Going Ahead,None,None,None,None,None,Insufficient information (to determine cyclist crash type).,Lost control,Had Been Drinking,None,Yes,None,None,None,None,None,None,None,None,None,None,None,118,Tam O'Shanter-Sullivan,118,Tam O'Shanter-Sullivan (118),D42
14688,None,2018-06-29,123,STEELES AVE W,KIPLING AVE,None,Major Arterial,Etobicoke York,At Intersection,Traffic Signal,Clear,"Dark, artificial",Dry,Fatal,Pedestrian Collisions,Driver,25 to 29,Minor,None,East,"Automobile, Station Wagon",Going Ahead,Exceeding Speed Limit,"Ability Impaired, Drugs",None,None,None,None,None,None,Yes,None,Yes,None,None,None,None,None,Yes,Yes,None,None,None,2,Mount Olive-Silverstone-Jamestown,2,Mount Olive-Silverstone-Jamestown (2),D23
14689,None,2018-06-29,123,STEELES AVE W,KIPLING AVE,None,Major Arterial,Etobicoke York,At Intersection,Traffic Signal,Clear,"Dark, artificial",Dry,Fatal,Pedestrian Collisions,Driver,25 to 29,None,None,North,"Automobile, Station Wagon",Stopped,Driving Properly,Normal,None,None,None,None,None,None,Yes,None,Yes,None,None,None,None,None,Yes,Yes,None,None,None,2,Mount Olive-Silverstone-Jamestown,2,Mount Olive-Silverstone-Jamestown (2),D23
14690,None,2018-06-29,123,STEELES AVE W,KIPLING AVE,None,Major Arterial,Etobicoke York,At Intersection,Traffic Signal,Clear,"Dark, artificial",Dry,Fatal,Pedestrian Collisions,Driver,55 to 59,Minor,None,West,"Automobile, Station Wagon",Turning Left,Driving Properly,Normal,None,None,None,None,None,None,Yes,None,Yes,None,None,None,None,None,Yes,Yes,None,None,None,2,Mount Olive-Silverstone-Jamestown,2,Mount Olive-Silverstone-Jamestown (2),D23
14691,None,2018-06-29,123,STEELES AVE W,KIPLING AVE,None,Major Arterial,Etobicoke York,At Intersection,Traffic Signal,Clear,"Dark, artificial",Dry,Fatal,Pedestrian Collisions,Pedestrian,15 to 19,Fatal,35,Unknown,None,None,None,None,Pedestrian hit on sidewalk or shoulder,On Sidewalk or Shoulder,Normal,None,None,None,Yes,None,Yes,None,None,None,None,None,Yes,Yes,None,None,None,2,Mount Olive-Silverstone-Jamestown,2,Mount Olive-Silverstone-Jamestown (2),D23
14692,None,2018-06-29,2215,PACIFIC AVE,DUNDAS ST W,3 m North of,Major Arterial,Etobicoke York,At Intersection,Traffic Signal,Clear,"Dark, artificial",Dry,Non-Fatal Injury,Pedestrian Collisions,Driver,55 to 59,Minimal,None,East,"Automobile, Station Wagon",Turning Left,Lost control,"Ability Impaired, Alcohol",None,None,None,None,None,None,Yes,None,Yes,None,None,None,None,None,None,None,None,Yes,None,90,Junction Area,90,Junction Area (90),D11
14693,None,2018-06-29,2215,PACIFIC AVE,DUNDAS ST W,3 m North of,Major Arterial,Etobicoke York,At Intersection,Traffic Signal,Clear,"Dark, artificial",Dry,Non-Fatal Injury,Pedestrian Collisions,Pedestrian,50 to 54,Major,None,Unknown,None,None,None,None,Pedestrian hit on sidewalk or shoulder,On Sidewalk or Shoulder,Normal,None,None,None,Yes,None,Yes,None,None,None,None,None,None,None,None,Yes,None,90,Junction Area,90,Junction Area (90),D11
14694,None,2018-06-29,2215,PACIFIC AVE,DUNDAS ST W,3 m North of,Major Arterial,Etobicoke York,At Intersection,Traffic Signal,Clear,"Dark, artificial",Dry,Non-Fatal Injury,Pedestrian Collisions,Pedestrian,40 to 44,Minor,None,Unknown,None,None,None,None,Pedestrian hit on sidewalk or shoulder,On Sidewalk or Shoulder,Normal,None,None,None,Yes,None,Yes,None,None,None,None,None,None,None,None,Yes,None,90,Junction Area,90,Junction Area (90),D11
14695,None,2018-07-04,1720,DANFORTH RD,CARSLAKE CRES,10 m South o,Major Arterial,Scarborough,Intersection Related,No Control,Clear,Daylight,Dry,Non-Fatal Injury,Approaching,Driver,70 to 74,Major,None,South,"Automobile, Station Wagon",Going Ahead,Lost control,Normal,None,None,None,None,None,None,None,None,Yes,None,None,None,None,None,Yes,Yes,None,None,None,157,Bendale South,127,Bendale (127),D43
14696,None,2018-07-04,1720,DANFORTH RD,CARSLAKE CRES,10 m South o,Major Arterial,Scarborough,Intersection Related,No Control,Clear,Daylight,Dry,Non-Fatal Injury,Approaching,Driver,50 to 54,Major,None,North,"Automobile, Station Wagon",Going Ahead,Driving Properly,Normal,None,None,None,None,None,None,None,None,Yes,None,None,None,None,None,Yes,Yes,None,None,None,157,Bendale South,127,Bendale (127),D43
14697,None,2018-07-04,2043,RAVENCLIFF CRES,BATTERSWOOD DR,40 m West of,Local,Scarborough,Non Intersection,No Control,Clear,"Daylight, artificial",Wet,Non-Fatal Injury,Other,Driver,25 to 29,None,None,East,"Automobile, Station Wagon",Going Ahead,Driving Properly,Normal,None,None,None,None,None,None,None,None,Yes,None,None,None,None,Yes,None,None,None,None,None,118,Tam O'Shanter-Sullivan,118,Tam O'Shanter-Sullivan (118),D42
14698,None,2018-07-04,2043,RAVENCLIFF CRES,BATTERSWOOD DR,40 m West of,Local,Scarborough,Non Intersection,No Control,Clear,"Daylight, artificial",Wet,Non-Fatal Injury,Other,Passenger,25 to 29,Major,None,None,None,None,None,None,None,None,None,None,None,None,None,None,Yes,None,None,None,None,Yes,None,None,None,None,None,118,Tam O'Shanter-Sullivan,118,Tam O'Shanter-Sullivan (118),D42
14699,None,2018-07-04,2043,RAVENCLIFF CRES,BATTERSWOOD DR,40 m West of,Local,Scarborough,Non Intersection,No Control,Clear,"Daylight, artificial",Wet,Non-Fatal Injury,Other,Passenger,0 to 4,None,None,None,None,None,None,None,None,None,None,None,None,None,None,None,Yes,None,None,None,None,Yes,None,None,None,None,None,118,Tam O'Shanter-Sullivan,118,Tam O'Shanter-Sullivan (118),D42
14700,None,2018-07-05,830,WESTON RD,KING ST,60 m East of,Minor Arterial,Etobicoke York,Non Intersection,No Control,Clear,Daylight,Dry,Non-Fatal Injury,Pedestrian Collisions,Driver,30 to 34,None,None,West,Delivery Van,Changing Lanes,Improper Lane Change,Normal,None,None,None,None,None,None,Yes,None,Yes,None,None,None,None,None,None,None,None,None,None,113,Weston,113,Weston (113),D12
14701,None,2018-07-05,830,WESTON RD,KING ST,60 m East of,Minor Arterial,Etobicoke York,Non Intersection,No Control,Clear,Daylight,Dry,Non-Fatal Injury,Pedestrian Collisions,Driver,55 to 59,Minimal,None,West,"Automobile, Station Wagon",Going Ahead,Driving Properly,Normal,None,None,None,None,None,None,Yes,None,Yes,None,None,None,None,None,None,None,None,None,None,113,Weston,113,Weston (113),D12
14702,None,2018-07-05,830,WESTON RD,KING ST,60 m East of,Minor Arterial,Etobicoke York,Non Intersection,No Control,Clear,Daylight,Dry,Non-Fatal Injury,Pedestrian Collisions,Pedestrian,30 to 34,Major,None,None,None,None,None,None,Pedestrian hit on sidewalk or shoulder,On Sidewalk or Shoulder,Normal,None,None,None,Yes,None,Yes,None,None,None,None,None,None,None,None,None,None,113,Weston,113,Weston (113),D12
14703,None,2018-07-05,830,WESTON RD,KING ST,60 m East of,Minor Arterial,Etobicoke York,Non Intersection,No Control,Clear,Daylight,Dry,Non-Fatal Injury,Pedestrian Collisions,Pedestrian,30 to 34,Major,None,None,None,None,None,None,Pedestrian hit on sidewalk or shoulder,On Sidewalk or Shoulder,Normal,None,None,None,Yes,None,Yes,None,None,None,None,None,None,None,None,None,None,113,Weston,113,Weston (113),D12
14704,None,2018-07-05,1030,917 QUEEN ST W,None,None,Major Arterial,Toronto and East York,Non Intersection,No Control,Clear,Daylight,Dry,Non-Fatal Injury,Cyclist Collisions,Driver,20 to 24,None,None,East,Street Car,Going Ahead,Improper Lane Change,Unknown,None,None,None,None,None,None,None,Yes,None,None,None,Yes,None,None,None,None,None,None,None,162,West Queen West,82,Niagara (82),D14
14705,None,2018-07-05,1030,917 QUEEN ST W,None,None,Major Arterial,Toronto and East York,Non Intersection,No Control,Clear,Daylight,Dry,Non-Fatal Injury,Cyclist Collisions,Cyclist,50 to 54,Major,None,East,Bicycle,Going Ahead,None,None,None,None,None,Cyclist and Driver travelling in same direction. One vehicle sideswipes the other.,Driving Properly,Normal,None,Yes,None,None,None,Yes,None,None,None,None,None,None,None,162,West Queen West,82,Niagara (82),D14
14706,None,2018-07-05,2235,RENFORTH DR,HWY 401 WB ON RAMP AVE,None,Major Arterial,Etobicoke York,At Intersection,Traffic Signal,Clear,"Dark, artificial",Dry,Non-Fatal Injury,Turning Movement,Truck Driver,75 to 79,None,None,North,Truck-Tractor,Turning Left,Improper Turn,Fatigue,None,None,None,None,None,None,None,None,Yes,None,Yes,None,None,Yes,Yes,Yes,None,None,None,1,West Humber-Clairville,1,West Humber-Clairville (1),D23
14707,None,2018-07-05,2235,RENFORTH DR,HWY 401 WB ON RAMP AVE,None,Major Arterial,Etobicoke York,At Intersection,Traffic Signal,Clear,"Dark, artificial",Dry,Non-Fatal Injury,Turning Movement,Driver,20 to 24,Major,None,South,"Automobile, Station Wagon",Going Ahead,Exceeding Speed Limit,Normal,None,None,None,None,None,None,None,None,Yes,None,Yes,None,None,Yes,Yes,Yes,None,None,None,1,West Humber-Clairville,1,West Humber-Clairville (1),D23
14708,None,2018-07-05,2235,RENFORTH DR,HWY 401 WB ON RAMP AVE,None,Major Arterial,Etobicoke York,At Intersection,Traffic Signal,Clear,"Dark, artificial",Dry,Non-Fatal Injury,Turning Movement,Passenger,20 to 24,Major,None,None,None,None,None,None,None,None,None,None,None,None,None,None,Yes,None,Yes,None,None,Yes,Yes,Yes,None,None,None,1,West Humber-Clairville,1,West Humber-Clairville (1),D23
14709,None,2018-07-05,2235,RENFORTH DR,HWY 401 WB ON RAMP AVE,None,Major Arterial,Etobicoke York,At Intersection,Traffic Signal,Clear,"Dark, artificial",Dry,Non-Fatal Injury,Turning Movement,Passenger,20 to 24,Minor,None,None,None,None,None,None,None,None,None,None,None,None,None,None,Yes,None,Yes,None,None,Yes,Yes,Yes,None,None,None,1,West Humber-Clairville,1,West Humber-Clairville (1),D23
14710,None,2018-07-09,2148,LN W HURON N BERNARD,BERNARD AVE,620 HURON ST,Laneway,Scarborough,Laneway,No Control,Clear,"Dark, artificial",Dry,Non-Fatal Injury,Pedestrian Collisions,Driver,unknown,None,None,South,"Automobile, Station Wagon",Going Ahead,Lost control,Unknown,None,None,None,None,None,None,Yes,None,Yes,None,None,None,None,Yes,Yes,Yes,None,None,None,95,Annex,95,Annex (95),D53
14711,None,2018-07-09,2148,LN W HURON N BERNARD,BERNARD AVE,620 HURON ST,Laneway,Scarborough,Laneway,No Control,Clear,"Dark, artificial",Dry,Non-Fatal Injury,Pedestrian Collisions,Driver,20 to 24,None,None,North,"Automobile, Station Wagon",Reversing,Other,Unknown,None,None,None,None,None,None,Yes,None,Yes,None,None,None,None,Yes,Yes,Yes,None,None,None,95,Annex,95,Annex (95),D53
14712,None,2018-07-09,2148,LN W HURON N BERNARD,BERNARD AVE,620 HURON ST,Laneway,Scarborough,Laneway,No Control,Clear,"Dark, artificial",Dry,Non-Fatal Injury,Pedestrian Collisions,Pedestrian,25 to 29,Minor,None,South,None,None,None,None,Pedestrian hit at mid-block,Walking on Roadway with Traffic,Had Been Drinking,None,None,None,Yes,None,Yes,None,None,None,None,Yes,Yes,Yes,None,None,None,95,Annex,95,Annex (95),D53
14713,None,2018-07-09,2148,LN W HURON N BERNARD,BERNARD AVE,620 HURON ST,Laneway,Scarborough,Laneway,No Control,Clear,"Dark, artificial",Dry,Non-Fatal Injury,Pedestrian Collisions,Passenger,20 to 24,Major,None,None,None,None,None,None,None,None,None,None,None,None,Yes,None,Yes,None,None,None,None,Yes,Yes,Yes,None,None,None,95,Annex,95,Annex (95),D53
14714,None,2018-07-09,2302,LAWRENCE AVE E,KENNEDY RD,None,Major Arterial,Scarborough,At Intersection,Traffic Signal,Clear,"Dark, artificial",Dry,Non-Fatal Injury,Pedestrian Collisions,Driver,50 to 54,None,None,East,"Automobile, Station Wagon",Going Ahead,Driving Properly,Normal,None,None,None,None,None,None,Yes,None,Yes,None,None,None,None,None,None,None,None,None,None,126,Dorset Park,126,Dorset Park (126),D41
14715,None,2018-07-09,2302,LAWRENCE AVE E,KENNEDY RD,None,Major Arterial,Scarborough,At Intersection,Traffic Signal,Clear,"Dark, artificial",Dry,Non-Fatal Injury,Pedestrian Collisions,Pedestrian,25 to 29,Major,None,South,None,None,None,None,Vehicle is going straight thru inter.while ped cross without ROW,Crossing without right of way,"Ability Impaired, Drugs",None,None,None,Yes,None,Yes,None,None,None,None,None,None,None,None,None,None,126,Dorset Park,126,Dorset Park (126),D41
14716,None,2018-07-11,1720,RATHBURN  RD,RENFORTH DR,None,Minor Arterial,Etobicoke York,At Intersection,Traffic Signal,Clear,Daylight,Dry,Non-Fatal Injury,Turning Movement,Driver,45 to 49,None,None,West,"Automobile, Station Wagon",Turning Left,Failed to Yield Right of Way,Normal,None,None,None,None,None,None,None,None,Yes,Yes,None,None,None,None,None,Yes,None,None,None,13,Etobicoke West Mall,13,Etobicoke West Mall (13),D22
14717,None,2018-07-11,1720,RATHBURN  RD,RENFORTH DR,None,Minor Arterial,Etobicoke York,At Intersection,Traffic Signal,Clear,Daylight,Dry,Non-Fatal Injury,Turning Movement,Motorcycle Driver,40 to 44,Major,None,East,Motorcycle,Going Ahead,Driving Properly,Normal,None,None,None,None,None,None,None,None,Yes,Yes,None,None,None,None,None,Yes,None,None,None,13,Etobicoke West Mall,13,Etobicoke West Mall (13),D22
14718,None,2018-07-11,1820,WILSON AVE,AVENUE RD,None,Major Arterial,North York,At Intersection,Traffic Signal,Clear,Daylight,Dry,Non-Fatal Injury,Pedestrian Collisions,Motorcycle Driver,55 to 59,None,None,North,Motorcycle,Going Ahead,Driving Properly,Normal,None,None,None,None,None,None,Yes,None,None,Yes,None,None,None,None,None,None,None,None,None,39,Bedford Park-Nortown,39,Bedford Park-Nortown (39),D32
14719,None,2018-07-11,1820,WILSON AVE,AVENUE RD,None,Major Arterial,North York,At Intersection,Traffic Signal,Clear,Daylight,Dry,Non-Fatal Injury,Pedestrian Collisions,Pedestrian,55 to 59,Major,None,North,None,None,None,None,Vehicle is going straight thru inter.while ped cross without ROW,Crossing without right of way,Inattentive,None,None,None,Yes,None,None,Yes,None,None,None,None,None,None,None,None,None,39,Bedford Park-Nortown,39,Bedford Park-Nortown (39),D32
14720,None,2018-07-13,740,FRITH RD,ROSEGLEN CRES,31.8 m East ,Local,Etobicoke York,Non Intersection,No Control,Clear,Daylight,Dry,Non-Fatal Injury,Pedestrian Collisions,Driver,75 to 79,None,None,East,"Automobile, Station Wagon",Going Ahead,Driving Properly,Normal,None,None,None,None,None,None,Yes,None,Yes,None,None,None,None,None,None,None,None,None,None,25,Glenfield-Jane Heights,25,Glenfield-Jane Heights (25),D31
14721,None,2018-07-13,740,FRITH RD,ROSEGLEN CRES,31.8 m East ,Local,Etobicoke York,Non Intersection,No Control,Clear,Daylight,Dry,Non-Fatal Injury,Pedestrian Collisions,Pedestrian,20 to 24,Major,None,North,None,None,None,None,Pedestrian hit at mid-block,Running onto Roadway,Normal,None,None,None,Yes,None,Yes,None,None,None,None,None,None,None,None,None,None,25,Glenfield-Jane Heights,25,Glenfield-Jane Heights (25),D31
14722,None,2018-07-13,2121,TRETHEWEY DR,YORKTOWN  DR,None,Minor Arterial,Etobicoke York,At Intersection,Stop Sign,Clear,"Dark, artificial",Dry,Non-Fatal Injury,Angle,Motorcycle Driver,30 to 34,Major,None,South,Motorcycle,Going Ahead,Other,Normal,None,None,None,None,None,None,None,None,Yes,Yes,None,None,None,Yes,None,None,None,None,None,112,Beechborough-Greenbrook,112,Beechborough-Greenbrook (112),D12
14723,None,2018-07-13,2121,TRETHEWEY DR,YORKTOWN  DR,None,Minor Arterial,Etobicoke York,At Intersection,Stop Sign,Clear,"Dark, artificial",Dry,Non-Fatal Injury,Angle,Driver,50 to 54,None,None,West,"Automobile, Station Wagon",Going Ahead,Driving Properly,Normal,None,None,None,None,None,None,None,None,Yes,Yes,None,None,None,Yes,None,None,None,None,None,112,Beechborough-Greenbrook,112,Beechborough-Greenbrook (112),D12
14724,None,2018-07-13,2121,TRETHEWEY DR,YORKTOWN  DR,None,Minor Arterial,Etobicoke York,At Intersection,Stop Sign,Clear,"Dark, artificial",Dry,Non-Fatal Injury,Angle,Passenger,10 to 14,None,None,None,None,None,None,None,None,None,None,None,None,None,None,None,Yes,Yes,None,None,None,Yes,None,None,None,None,None,112,Beechborough-Greenbrook,112,Beechborough-Greenbrook (112),D12
14725,None,2018-07-13,2121,TRETHEWEY DR,YORKTOWN  DR,None,Minor Arterial,Etobicoke York,At Intersection,Stop Sign,Clear,"Dark, artificial",Dry,Non-Fatal Injury,Angle,Passenger,10 to 14,Minor,None,None,None,None,None,None,None,None,None,None,None,None,None,None,Yes,Yes,None,None,None,Yes,None,None,None,None,None,112,Beechborough-Greenbrook,112,Beechborough-Greenbrook (112),D12
14726,None,2018-07-14,1457,LAWRENCE AVE W,BENTON RD,None,Major Arterial,Etobicoke York,At Intersection,Traffic Signal,Clear,Daylight,Dry,Non-Fatal Injury,Pedestrian Collisions,Driver,25 to 29,None,None,North,Pick Up Truck,Turning Left,Improper Turn,Normal,None,None,None,None,None,None,Yes,None,Yes,None,None,None,None,None,None,None,None,None,None,30,Brookhaven-Amesbury,30,Brookhaven-Amesbury (30),D12
14727,None,2018-07-14,1457,LAWRENCE AVE W,BENTON RD,None,Major Arterial,Etobicoke York,At Intersection,Traffic Signal,Clear,Daylight,Dry,Non-Fatal Injury,Pedestrian Collisions,Pedestrian,50 to 54,Major,None,South,None,None,None,None,Vehicle turns left while ped crosses with ROW at inter.,Crossing with right of way,Normal,None,None,None,Yes,None,Yes,None,None,None,None,None,None,None,None,None,None,30,Brookhaven-Amesbury,30,Brookhaven-Amesbury (30),D12
14728,None,2018-07-16,1928,DUNDAS ST E,PARLIAMENT ST,None,Major Arterial,Toronto and East York,At Intersection,Traffic Signal,Clear,Daylight,Dry,Non-Fatal Injury,Cyclist Collisions,Cyclist,35 to 39,Major,None,South,Bicycle,Going Ahead,None,None,None,None,None,"Cyclist without ROW rides into path of motorist at inter, lnwy, dwy-Cyclist not turn.",Disobeyed Traffic Control,Unknown,None,Yes,Yes,None,None,None,None,None,None,None,None,None,None,72,Regent Park,72,Regent Park (72),D51
14729,None,2018-07-16,1928,DUNDAS ST E,PARLIAMENT ST,None,Major Arterial,Toronto and East York,At Intersection,Traffic Signal,Clear,Daylight,Dry,Non-Fatal Injury,Cyclist Collisions,Driver,55 to 59,None,None,West,"Automobile, Station Wagon",Going Ahead,Driving Properly,Normal,None,None,None,None,None,None,None,Yes,Yes,None,None,None,None,None,None,None,None,None,None,72,Regent Park,72,Regent Park (72),D51
14730,None,2018-07-17,1506,WARDEN AVE,CIVIC RD,1 m West of,Major Arterial,Scarborough,At Intersection,Stop Sign,Clear,Daylight,Dry,Non-Fatal Injury,Cyclist Collisions,Cyclist,60 to 64,Major,None,West,Bicycle,Turning Left,None,None,None,None,None,Cyclist turned left across motorists path.,Improper Turn,Normal,None,Yes,Yes,None,None,None,None,None,None,None,None,None,None,120,Clairlea-Birchmount,120,Clairlea-Birchmount (120),D41
14731,None,2018-07-17,1506,WARDEN AVE,CIVIC RD,1 m West of,Major Arterial,Scarborough,At Intersection,Stop Sign,Clear,Daylight,Dry,Non-Fatal Injury,Cyclist Collisions,Driver,30 to 34,None,None,North,"Automobile, Station Wagon",Going Ahead,Driving Properly,Normal,None,None,None,None,None,None,None,Yes,Yes,None,None,None,None,None,None,None,None,None,None,120,Clairlea-Birchmount,120,Clairlea-Birchmount (120),D41
14732,None,2018-07-18,259,JOHN ST,STEPHANIE ST,10 m South o,Local,Toronto and East York,Intersection Related,No Control,Clear,"Dark, artificial",Dry,Non-Fatal Injury,Pedestrian Collisions,Driver,unknown,None,None,South,"Automobile, Station Wagon",Going Ahead,Other,Unknown,None,None,None,None,None,None,Yes,None,Yes,None,None,None,None,None,None,None,None,None,None,78,Kensington-Chinatown,78,Kensington-Chinatown (78),D52
14733,None,2018-07-18,259,JOHN ST,STEPHANIE ST,10 m South o,Local,Toronto and East York,Intersection Related,No Control,Clear,"Dark, artificial",Dry,Non-Fatal Injury,Pedestrian Collisions,Pedestrian,35 to 39,Major,None,Unknown,None,None,None,None,Other / Undefined,Other,Normal,None,None,None,Yes,None,Yes,None,None,None,None,None,None,None,None,None,None,78,Kensington-Chinatown,78,Kensington-Chinatown (78),D52
14734,None,2018-07-19,711,BROADVIEW AVE,TORRENS AVE,None,Minor Arterial,Toronto and East York,At Intersection,Pedestrian Crossover,Clear,Daylight,Dry,Non-Fatal Injury,Pedestrian Collisions,Driver,45 to 49,None,None,North,"Automobile, Station Wagon",Overtaking,Disobeyed Traffic Control,Inattentive,None,None,None,None,None,None,Yes,None,Yes,None,None,None,None,None,None,Yes,None,None,None,57,Broadview North,57,Broadview North (57),D55
14735,None,2018-07-19,711,BROADVIEW AVE,TORRENS AVE,None,Minor Arterial,Toronto and East York,At Intersection,Pedestrian Crossover,Clear,Daylight,Dry,Non-Fatal Injury,Pedestrian Collisions,Pedestrian,40 to 44,Major,None,West,None,None,None,None,Pedestrian hit a PXO/ped. Mid-block signal,"Crossing, Pedestrian Crossover",Normal,None,None,None,Yes,None,Yes,None,None,None,None,None,None,Yes,None,None,None,57,Broadview North,57,Broadview North (57),D55
14736,None,2018-07-21,529,DUPONT ST,OSLER ST,23 m West of,Major Arterial,Toronto and East York,Intersection Related,No Control,Clear,"Dawn, artificial",Dry,Non-Fatal Injury,SMV Other,Driver,65 to 69,Major,None,West,"Automobile, Station Wagon",Going Ahead,Lost control,Medical or Physical Disability,None,None,None,None,None,None,None,None,Yes,None,None,None,None,None,Yes,Yes,None,None,Yes,171,Junction-Wallace Emerson,93,Dovercourt-Wallace Emerson-Junction (93),D11
14737,None,2018-07-21,1548,DON MILLS  RD,THE DONWAY W,20 m South o,Major Arterial,North York,At Intersection,Traffic Signal,Clear,Daylight,Dry,Non-Fatal Injury,Turning Movement,Passenger,70 to 74,Minor,None,None,None,None,None,None,None,None,None,None,None,None,None,None,Yes,None,None,None,None,Yes,None,None,None,None,None,42,Banbury-Don Mills,42,Banbury-Don Mills (42),D33
14738,None,2018-07-21,1548,DON MILLS  RD,THE DONWAY W,20 m South o,Major Arterial,North York,At Intersection,Traffic Signal,Clear,Daylight,Dry,Non-Fatal Injury,Turning Movement,Passenger,60 to 64,Major,None,None,None,None,None,None,None,None,None,None,None,None,None,None,Yes,None,None,None,None,Yes,None,None,None,None,None,42,Banbury-Don Mills,42,Banbury-Don Mills (42),D33
14739,None,2018-07-21,1548,DON MILLS  RD,THE DONWAY W,20 m South o,Major Arterial,North York,At Intersection,Traffic Signal,Clear,Daylight,Dry,Non-Fatal Injury,Turning Movement,Passenger,45 to 49,Minor,None,None,None,None,None,None,None,None,None,None,None,None,None,None,Yes,None,None,None,None,Yes,None,None,None,None,None,42,Banbury-Don Mills,42,Banbury-Don Mills (42),D33
14740,None,2018-07-21,1548,DON MILLS  RD,THE DONWAY W,20 m South o,Major Arterial,North York,At Intersection,Traffic Signal,Clear,Daylight,Dry,Non-Fatal Injury,Turning Movement,Passenger,10 to 14,Minor,None,None,None,None,None,None,None,None,None,None,None,None,None,None,Yes,None,None,None,None,Yes,None,None,None,None,None,42,Banbury-Don Mills,42,Banbury-Don Mills (42),D33
14741,None,2018-07-21,1548,DON MILLS  RD,THE DONWAY W,20 m South o,Major Arterial,North York,At Intersection,Traffic Signal,Clear,Daylight,Dry,Non-Fatal Injury,Turning Movement,Driver,40 to 44,None,None,North,"Automobile, Station Wagon",Turning Left,Improper Turn,Normal,None,None,None,None,None,None,None,None,Yes,None,None,None,None,Yes,None,None,None,None,None,42,Banbury-Don Mills,42,Banbury-Don Mills (42),D33
14742,None,2018-07-21,1548,DON MILLS  RD,THE DONWAY W,20 m South o,Major Arterial,North York,At Intersection,Traffic Signal,Clear,Daylight,Dry,Non-Fatal Injury,Turning Movement,Driver,25 to 29,Minor,None,South,"Automobile, Station Wagon",Going Ahead,Driving Properly,Normal,None,None,None,None,None,None,None,None,Yes,None,None,None,None,Yes,None,None,None,None,None,42,Banbury-Don Mills,42,Banbury-Don Mills (42),D33