_id,ACCNUM,DATE,TIME,STREET1,STREET2,OFFSET,ROAD_CLASS,DISTRICT,ACCLOC,TRAFFCTL,VISIBILITY,LIGHT,RDSFCOND,ACCLASS,IMPACTYPE,INVTYPE,INVAGE,INJURY,FATAL_NO,INITDIR,VEHTYPE,MANOEUVER,DRIVACT,DRIVCOND,PEDTYPE,PEDACT,PEDCOND,CYCLISTYPE,CYCACT,CYCCOND,PEDESTRIAN,CYCLIST,AUTOMOBILE,MOTORCYCLE,TRUCK,TRSN_CITY_VEH,EMERG_VEH,PASSENGER,SPEEDING,AG_DRIV,REDLIGHT,ALCOHOL,DISABILITY,HOOD_158,NEIGHBOURHOOD_158,HOOD_140,NEIGHBOURHOOD_140,DIVISION
14994,None,2018-09-26,645,DUNDAS ST W,CHESTNUT ST,None,Major Arterial,Toronto and East York,At Intersection,Traffic Signal,Clear,"Dawn, artificial",Dry,Non-Fatal Injury,Pedestrian Collisions,Pedestrian,55 to 59,Major,None,East,None,None,None,None,Vehicle turns left while ped crosses with ROW at inter.,Crossing with right of way,Normal,None,None,None,Yes,None,Yes,None,None,None,None,None,None,Yes,None,None,None,170,Yonge-Bay Corridor,76,Bay Street Corridor (76),D52
14995,None,2018-09-26,709,ST CLAIR AVE E,JEANETTE ST,None,Minor Arterial,Scarborough,At Intersection,Traffic Signal,Clear,Daylight,Dry,Fatal,Pedestrian Collisions,Pedestrian,60 to 64,Fatal,49,North,None,None,None,None,Vehicle is going straight thru inter.while ped cross with ROW,Crossing with right of way,Unknown,None,None,None,Yes,None,Yes,None,None,None,None,None,None,Yes,Yes,None,None,123,Cliffcrest,123,Cliffcrest (123),D41
14996,None,2018-09-26,709,ST CLAIR AVE E,JEANETTE ST,None,Minor Arterial,Scarborough,At Intersection,Traffic Signal,Clear,Daylight,Dry,Fatal,Pedestrian Collisions,Driver,unknown,None,None,East,Passenger Van,Going Ahead,Disobeyed Traffic Control,Unknown,None,None,None,None,None,None,Yes,None,Yes,None,None,None,None,None,None,Yes,Yes,None,None,123,Cliffcrest,123,Cliffcrest (123),D41
14997,None,2018-09-26,900,MELITA AVE,CHRISTIE ST,None,Minor Arterial,Toronto and East York,At Intersection,No Control,Clear,Daylight,Dry,Non-Fatal Injury,Cyclist Collisions,Driver,35 to 39,None,None,North,"Automobile, Station Wagon",Turning Left,Driving Properly,Normal,None,None,None,None,None,None,None,Yes,Yes,None,None,None,None,None,None,None,None,None,None,94,Wychwood,94,Wychwood (94),D13
14998,None,2018-09-26,900,MELITA AVE,CHRISTIE ST,None,Minor Arterial,Toronto and East York,At Intersection,No Control,Clear,Daylight,Dry,Non-Fatal Injury,Cyclist Collisions,Cyclist,20 to 24,Major,None,South,Bicycle,Going Ahead,None,None,None,None,None,"Cyclist without ROW rides into path of motorist at inter, lnwy, dwy-Cyclist not turn.",Speed too Fast For Condition,Normal,None,Yes,Yes,None,None,None,None,None,None,None,None,None,None,94,Wychwood,94,Wychwood (94),D13
14999,None,2018-09-26,1755,BRIMLEY RD,BRIMWOOD BLVD,None,Major Arterial,Scarborough,At Intersection,Traffic Signal,Clear,Daylight,Dry,Non-Fatal Injury,Cyclist Collisions,Cyclist,30 to 34,Major,None,South,Bicycle,Turning Left,None,None,None,None,None,Cyclist turned left across motorists path.,Failed to Yield Right of Way,Inattentive,None,Yes,Yes,None,None,None,None,None,None,None,None,None,None,129,Agincourt North,129,Agincourt North (129),D42
15000,None,2018-09-26,1755,BRIMLEY RD,BRIMWOOD BLVD,None,Major Arterial,Scarborough,At Intersection,Traffic Signal,Clear,Daylight,Dry,Non-Fatal Injury,Cyclist Collisions,Driver,45 to 49,None,None,North,"Automobile, Station Wagon",Going Ahead,Driving Properly,Normal,None,None,None,None,None,None,None,Yes,Yes,None,None,None,None,None,None,None,None,None,None,129,Agincourt North,129,Agincourt North (129),D42
15001,None,2018-09-26,2053,3850 SHEPPARD AVE E,None,90 m East of,Major Arterial,Scarborough,Non Intersection,No Control,Clear,"Dark, artificial",Dry,Fatal,Pedestrian Collisions,Driver,unknown,None,None,East,"Automobile, Station Wagon",Going Ahead,Failed to Yield Right of Way,Unknown,None,None,None,None,None,None,Yes,None,Yes,None,None,None,None,None,None,Yes,None,None,None,118,Tam O'Shanter-Sullivan,118,Tam O'Shanter-Sullivan (118),D42
15002,None,2018-09-26,2053,3850 SHEPPARD AVE E,None,90 m East of,Major Arterial,Scarborough,Non Intersection,No Control,Clear,"Dark, artificial",Dry,Fatal,Pedestrian Collisions,Pedestrian,75 to 79,Fatal,52,South,None,None,None,None,Pedestrian hit at mid-block,"Crossing, no Traffic Control",Inattentive,None,None,None,Yes,None,Yes,None,None,None,None,None,None,Yes,None,None,None,118,Tam O'Shanter-Sullivan,118,Tam O'Shanter-Sullivan (118),D42
15003,None,2018-09-28,806,EGLINTON AVE E,ROSEMOUNT DR,None,Major Arterial,Scarborough,At Intersection,Traffic Signal,Clear,Daylight,Dry,Non-Fatal Injury,Pedestrian Collisions,Driver,unknown,None,None,East,Delivery Van,Going Ahead,Driving Properly,Unknown,None,None,None,None,None,None,Yes,None,Yes,None,None,None,None,None,None,None,None,None,None,125,Ionview,125,Ionview (125),D41
15004,None,2018-09-28,806,EGLINTON AVE E,ROSEMOUNT DR,None,Major Arterial,Scarborough,At Intersection,Traffic Signal,Clear,Daylight,Dry,Non-Fatal Injury,Pedestrian Collisions,Pedestrian,25 to 29,Major,None,North,None,None,None,None,Vehicle is going straight thru inter.while ped cross without ROW,Crossing without right of way,Inattentive,None,None,None,Yes,None,Yes,None,None,None,None,None,None,None,None,None,None,125,Ionview,125,Ionview (125),D41
15005,None,2018-09-28,1018,1277 JANE ST,None,4 m North of,Major Arterial,Etobicoke York,Intersection Related,No Control,Clear,Daylight,Dry,Non-Fatal Injury,Pedestrian Collisions,Driver,40 to 44,None,None,North,Pick Up Truck,Going Ahead,Driving Properly,Normal,None,None,None,None,None,None,Yes,None,Yes,None,None,None,None,None,None,None,None,None,None,115,Mount Dennis,115,Mount Dennis (115),D12
15006,None,2018-09-28,1018,1277 JANE ST,None,4 m North of,Major Arterial,Etobicoke York,Intersection Related,No Control,Clear,Daylight,Dry,Non-Fatal Injury,Pedestrian Collisions,Pedestrian,70 to 74,Major,None,North,None,None,None,None,Vehicle is going straight thru inter.while ped cross without ROW,Running onto Roadway,Inattentive,None,None,None,Yes,None,Yes,None,None,None,None,None,None,None,None,None,None,115,Mount Dennis,115,Mount Dennis (115),D12
15007,None,2018-09-28,1723,AVENUE RD,FARNHAM AVE,4 m West of,Major Arterial,Toronto and East York,At Intersection,Stop Sign,Clear,Daylight,Dry,Non-Fatal Injury,Turning Movement,Driver,25 to 29,Minor,None,North,"Automobile, Station Wagon",Turning Left,Failed to Yield Right of Way,Normal,None,None,None,None,None,None,None,None,Yes,None,None,None,None,Yes,Yes,Yes,None,None,None,97,Yonge-St.Clair,97,Yonge-St.Clair (97),D53
15008,None,2018-09-28,1723,AVENUE RD,FARNHAM AVE,4 m West of,Major Arterial,Toronto and East York,At Intersection,Stop Sign,Clear,Daylight,Dry,Non-Fatal Injury,Turning Movement,Driver,35 to 39,None,None,South,"Automobile, Station Wagon",Going Ahead,Speed too Fast For Condition,Normal,None,None,None,None,None,None,None,None,Yes,None,None,None,None,Yes,Yes,Yes,None,None,None,97,Yonge-St.Clair,97,Yonge-St.Clair (97),D53
15009,None,2018-09-28,1723,AVENUE RD,FARNHAM AVE,4 m West of,Major Arterial,Toronto and East York,At Intersection,Stop Sign,Clear,Daylight,Dry,Non-Fatal Injury,Turning Movement,Passenger,50 to 54,Major,None,None,None,None,None,None,None,None,None,None,None,None,None,None,Yes,None,None,None,None,Yes,Yes,Yes,None,None,None,97,Yonge-St.Clair,97,Yonge-St.Clair (97),D53
15010,None,2018-09-29,820,ESQUIRE RD,VICTORIA PARK AVE,None,Major Arterial,Scarborough,At Intersection,No Control,Clear,Daylight,Dry,Non-Fatal Injury,Pedestrian Collisions,Driver,unknown,None,None,East,"Automobile, Station Wagon",Unknown,Failed to Yield Right of Way,Unknown,None,None,None,None,None,None,Yes,None,Yes,None,None,None,None,None,None,Yes,None,None,None,118,Tam O'Shanter-Sullivan,118,Tam O'Shanter-Sullivan (118),D42
15011,None,2018-09-29,820,ESQUIRE RD,VICTORIA PARK AVE,None,Major Arterial,Scarborough,At Intersection,No Control,Clear,Daylight,Dry,Non-Fatal Injury,Pedestrian Collisions,Pedestrian,80 to 84,Major,None,North,None,None,None,None,Vehicle is going straight thru inter.while ped cross with ROW,Crossing with right of way,Normal,None,None,None,Yes,None,Yes,None,None,None,None,None,None,Yes,None,None,None,118,Tam O'Shanter-Sullivan,118,Tam O'Shanter-Sullivan (118),D42
15012,None,2018-09-29,1730,161 BATHURST ST,None,None,Major Arterial,Etobicoke York,At Intersection,Traffic Signal,Clear,Daylight,Dry,Non-Fatal Injury,Pedestrian Collisions,Driver,55 to 59,None,None,North,"Automobile, Station Wagon",Going Ahead,Other,Normal,None,None,None,None,None,None,Yes,None,Yes,None,None,None,None,None,None,None,None,None,None,162,West Queen West,82,Niagara (82),D14
15013,None,2018-09-29,1730,161 BATHURST ST,None,None,Major Arterial,Etobicoke York,At Intersection,Traffic Signal,Clear,Daylight,Dry,Non-Fatal Injury,Pedestrian Collisions,Pedestrian,25 to 29,Major,None,Unknown,None,None,None,None,Other / Undefined,Person Getting on/off Vehicle,Normal,None,None,None,Yes,None,Yes,None,None,None,None,None,None,None,None,None,None,162,West Queen West,82,Niagara (82),D14
15014,None,2018-09-30,310,BATHURST ST,FRONT ST W,None,Major Arterial,Toronto and East York,At Intersection,Traffic Signal,Clear,"Dark, artificial",Dry,Non-Fatal Injury,Pedestrian Collisions,Driver,75 to 79,None,None,South,"Automobile, Station Wagon",Going Ahead,Driving Properly,Normal,None,None,None,None,None,None,Yes,None,Yes,None,None,None,None,None,None,None,None,None,None,165,Harbourfront-CityPlace,77,Waterfront Communities-The Island (77),D14
15015,None,2018-09-30,310,BATHURST ST,FRONT ST W,None,Major Arterial,Toronto and East York,At Intersection,Traffic Signal,Clear,"Dark, artificial",Dry,Non-Fatal Injury,Pedestrian Collisions,Pedestrian,30 to 34,Major,None,Unknown,None,None,None,None,Vehicle is going straight thru inter.while ped cross without ROW,Crossing without right of way,Had Been Drinking,None,None,None,Yes,None,Yes,None,None,None,None,None,None,None,None,None,None,165,Harbourfront-CityPlace,77,Waterfront Communities-The Island (77),D14
15016,None,2018-10-01,600,STEELES AVE E,FIREBRACE RD,None,Major Arterial,Scarborough,At Intersection,Traffic Signal,Rain,"Dark, artificial",Wet,Non-Fatal Injury,Sideswipe,Driver,unknown,None,None,East,Construction Equipment,Changing Lanes,Improper Lane Change,Unknown,None,None,None,None,None,None,None,None,None,Yes,None,None,None,None,None,None,None,None,None,116,Steeles,116,Steeles (116),D42
15017,None,2018-10-01,600,STEELES AVE E,FIREBRACE RD,None,Major Arterial,Scarborough,At Intersection,Traffic Signal,Rain,"Dark, artificial",Wet,Non-Fatal Injury,Sideswipe,Motorcycle Driver,25 to 29,Major,None,East,Motorcycle,Going Ahead,Driving Properly,Normal,None,None,None,None,None,None,None,None,None,Yes,None,None,None,None,None,None,None,None,None,116,Steeles,116,Steeles (116),D42
15018,None,2018-10-01,622,THE QUEENSWAY,WINDERMERE AVE,None,Major Arterial,Toronto and East York,Non Intersection,No Control,Rain,"Daylight, artificial",Wet,Fatal,Pedestrian Collisions,Driver,35 to 39,None,None,East,Street Car,Going Ahead,Driving Properly,Normal,None,None,None,None,None,None,Yes,None,None,None,None,Yes,None,None,None,None,None,None,None,87,High Park-Swansea,87,High Park-Swansea (87),D11
15019,None,2018-10-01,622,THE QUEENSWAY,WINDERMERE AVE,None,Major Arterial,Toronto and East York,Non Intersection,No Control,Rain,"Daylight, artificial",Wet,Fatal,Pedestrian Collisions,Pedestrian,50 to 54,Fatal,50,East,None,None,None,None,Pedestrian involved in a collision with transit vehicle anywhere along roadway,Walking on Roadway with Traffic,Inattentive,None,None,None,Yes,None,None,None,None,Yes,None,None,None,None,None,None,None,87,High Park-Swansea,87,High Park-Swansea (87),D11
15020,None,2018-10-04,700,DUNDAS ST E,LOGAN AVE,35 m East of,Minor Arterial,Toronto and East York,Non Intersection,No Control,Rain,Dawn,Wet,Non-Fatal Injury,Cyclist Collisions,Driver,25 to 29,None,None,East,"Automobile, Station Wagon",Changing Lanes,Improper Lane Change,Inattentive,None,None,None,None,None,None,None,Yes,Yes,None,None,None,None,None,None,None,None,None,None,70,South Riverdale,70,South Riverdale (70),D55
15021,None,2018-10-04,700,DUNDAS ST E,LOGAN AVE,35 m East of,Minor Arterial,Toronto and East York,Non Intersection,No Control,Rain,Dawn,Wet,Non-Fatal Injury,Cyclist Collisions,Cyclist,20 to 24,Major,None,East,Bicycle,Going Ahead,None,None,None,None,None,Cyclist and Driver travelling in same direction. One vehicle sideswipes the other.,Driving Properly,Normal,None,Yes,Yes,None,None,None,None,None,None,None,None,None,None,70,South Riverdale,70,South Riverdale (70),D55
15022,None,2018-10-04,1630,5690 STEELES AVE W,None,425 m East o,Major Arterial,Etobicoke York,Non Intersection,No Control,Clear,Daylight,Dry,Non-Fatal Injury,Pedestrian Collisions,Truck Driver,55 to 59,None,None,West,Truck - Open,Going Ahead,Driving Properly,Normal,None,None,None,None,None,None,Yes,None,None,None,Yes,None,None,None,None,None,None,None,None,21,Humber Summit,21,Humber Summit (21),D31
15023,None,2018-10-04,1630,5690 STEELES AVE W,None,425 m East o,Major Arterial,Etobicoke York,Non Intersection,No Control,Clear,Daylight,Dry,Non-Fatal Injury,Pedestrian Collisions,Pedestrian,50 to 54,Major,None,South,None,None,None,None,Pedestrian hit at mid-block,"Crossing, no Traffic Control",Normal,None,None,None,Yes,None,None,None,Yes,None,None,None,None,None,None,None,None,21,Humber Summit,21,Humber Summit (21),D31
15024,None,2018-10-05,1515,GERRARD ST E,COXWELL AVE,25 m East of,Minor Arterial,Toronto and East York,At Intersection,Traffic Signal,Clear,Daylight,Dry,Non-Fatal Injury,SMV Other,Driver,30 to 34,None,None,West,Pick Up Truck,Going Ahead,Speed too Fast For Condition,Had Been Drinking,None,None,None,None,None,None,None,None,Yes,None,None,None,None,Yes,Yes,Yes,None,None,None,64,Woodbine Corridor,64,Woodbine Corridor (64),D55
15025,None,2018-10-05,1515,GERRARD ST E,COXWELL AVE,25 m East of,Minor Arterial,Toronto and East York,At Intersection,Traffic Signal,Clear,Daylight,Dry,Non-Fatal Injury,SMV Other,Passenger,25 to 29,Major,None,None,None,None,None,None,None,None,None,None,None,None,None,None,Yes,None,None,None,None,Yes,Yes,Yes,None,None,None,64,Woodbine Corridor,64,Woodbine Corridor (64),D55
15026,None,2018-10-05,1852,708 SCARLETT RD,None,LEGGETT AVE,Major Arterial,Etobicoke York,Non Intersection,No Control,Clear,Daylight,Dry,Fatal,Turning Movement,Driver,45 to 49,None,None,North,"Automobile, Station Wagon",Going Ahead,Driving Properly,Normal,None,None,None,None,None,None,None,None,Yes,Yes,None,None,None,None,None,Yes,None,None,None,8,Humber Heights-Westmount,8,Humber Heights-Westmount (8),D23
15027,None,2018-10-05,1852,708 SCARLETT RD,None,LEGGETT AVE,Major Arterial,Etobicoke York,Non Intersection,No Control,Clear,Daylight,Dry,Fatal,Turning Movement,Motorcycle Driver,45 to 49,Fatal,51,South,Motorcycle,Going Ahead,Driving Properly,Unknown,None,None,None,None,None,None,None,None,Yes,Yes,None,None,None,None,None,Yes,None,None,None,8,Humber Heights-Westmount,8,Humber Heights-Westmount (8),D23
15028,None,2018-10-05,1852,708 SCARLETT RD,None,LEGGETT AVE,Major Arterial,Etobicoke York,Non Intersection,No Control,Clear,Daylight,Dry,Fatal,Turning Movement,Driver,55 to 59,None,None,North,"Automobile, Station Wagon",Turning Left,Improper Turn,Normal,None,None,None,None,None,None,None,None,Yes,Yes,None,None,None,None,None,Yes,None,None,None,8,Humber Heights-Westmount,8,Humber Heights-Westmount (8),D23
15029,None,2018-10-06,125,LAWRENCE AVE E,EAST AVE,None,Collector,Scarborough,At Intersection,Traffic Signal,Clear,"Dark, artificial",Dry,Non-Fatal Injury,SMV Other,Driver,20 to 24,Major,None,East,"Automobile, Station Wagon",Unknown,Lost control,Unknown,None,None,None,None,None,None,None,None,Yes,None,None,None,None,Yes,Yes,Yes,None,None,None,143,West Rouge,131,Rouge (131),D43
15030,None,2018-10-06,125,LAWRENCE AVE E,EAST AVE,None,Collector,Scarborough,At Intersection,Traffic Signal,Clear,"Dark, artificial",Dry,Non-Fatal Injury,SMV Other,Passenger,20 to 24,Minor,None,None,None,None,None,None,None,None,None,None,None,None,None,None,Yes,None,None,None,None,Yes,Yes,Yes,None,None,None,143,West Rouge,131,Rouge (131),D43
15031,None,2018-10-06,635,VICTORIA PARK AVE,CRESCENT TOWN RD,None,Major Arterial,Scarborough,At Intersection,Traffic Signal,Rain,"Dawn, artificial",Wet,Non-Fatal Injury,Pedestrian Collisions,Driver,70 to 74,None,None,North,"Automobile, Station Wagon",Going Ahead,Driving Properly,Normal,None,None,None,None,None,None,Yes,None,Yes,None,None,None,None,None,None,None,None,None,None,121,Oakridge,121,Oakridge (121),D41
15032,None,2018-10-06,635,VICTORIA PARK AVE,CRESCENT TOWN RD,None,Major Arterial,Scarborough,At Intersection,Traffic Signal,Rain,"Dawn, artificial",Wet,Non-Fatal Injury,Pedestrian Collisions,Pedestrian,25 to 29,Major,None,East,None,None,None,None,Vehicle is going straight thru inter.while ped cross without ROW,Crossing without right of way,Normal,None,None,None,Yes,None,Yes,None,None,None,None,None,None,None,None,None,None,121,Oakridge,121,Oakridge (121),D41
15033,None,2018-10-06,1630,ANTIBES DR,DON LAKE GATE,15 m East of,Collector,North York,Intersection Related,No Control,Clear,Daylight,Dry,Non-Fatal Injury,SMV Other,Driver,30 to 34,Major,None,North,"Automobile, Station Wagon",Going Ahead,Lost control,"Ability Impaired, Drugs",None,None,None,None,None,None,None,None,Yes,None,None,None,None,None,Yes,Yes,None,None,None,35,Westminster-Branson,35,Westminster-Branson (35),D32
15034,None,2018-10-06,1850,KINGSTON RD,GALLOWAY RD,None,Major Arterial,Scarborough,At Intersection,Traffic Signal,Clear,Daylight,Dry,Non-Fatal Injury,Turning Movement,Motorcycle Driver,15 to 19,Major,None,West,Motorcycle,Going Ahead,Speed too Fast For Condition,Normal,None,None,None,None,None,None,None,None,Yes,Yes,None,None,None,Yes,Yes,Yes,None,None,None,136,West Hill,136,West Hill (136),D43
15035,None,2018-10-06,1850,KINGSTON RD,GALLOWAY RD,None,Major Arterial,Scarborough,At Intersection,Traffic Signal,Clear,Daylight,Dry,Non-Fatal Injury,Turning Movement,Driver,30 to 34,None,None,East,Pick Up Truck,Turning Left,Driving Properly,Normal,None,None,None,None,None,None,None,None,Yes,Yes,None,None,None,Yes,Yes,Yes,None,None,None,136,West Hill,136,West Hill (136),D43
15036,None,2018-10-06,1850,KINGSTON RD,GALLOWAY RD,None,Major Arterial,Scarborough,At Intersection,Traffic Signal,Clear,Daylight,Dry,Non-Fatal Injury,Turning Movement,Motorcycle Passenger,15 to 19,Major,None,None,None,None,None,None,None,None,None,None,None,None,None,None,Yes,Yes,None,None,None,Yes,Yes,Yes,None,None,None,136,West Hill,136,West Hill (136),D43
15037,None,2018-10-06,1850,KINGSTON RD,GALLOWAY RD,None,Major Arterial,Scarborough,At Intersection,Traffic Signal,Clear,Daylight,Dry,Non-Fatal Injury,Turning Movement,Passenger,30 to 34,Minimal,None,None,None,None,None,None,None,None,None,None,None,None,None,None,Yes,Yes,None,None,None,Yes,Yes,Yes,None,None,None,136,West Hill,136,West Hill (136),D43
15038,None,2018-10-07,305,DON VALLEY PARKWAY  N,EASTERN AV E DVP N RAMP,80 m South o,Expressway,Toronto and East York,Non Intersection,No Control,Rain,"Dark, artificial",Wet,Non-Fatal Injury,Sideswipe,Driver,20 to 24,Major,None,North,"Automobile, Station Wagon",Going Ahead,Speed too Fast For Condition,Unknown,None,None,None,None,None,None,None,None,Yes,None,None,None,None,Yes,Yes,Yes,None,None,None,70,South Riverdale,70,South Riverdale (70),D55
15039,None,2018-10-07,305,DON VALLEY PARKWAY  N,EASTERN AV E DVP N RAMP,80 m South o,Expressway,Toronto and East York,Non Intersection,No Control,Rain,"Dark, artificial",Wet,Non-Fatal Injury,Sideswipe,Driver,25 to 29,None,None,North,"Automobile, Station Wagon",Going Ahead,Driving Properly,Normal,None,None,None,None,None,None,None,None,Yes,None,None,None,None,Yes,Yes,Yes,None,None,None,70,South Riverdale,70,South Riverdale (70),D55
15040,None,2018-10-07,305,DON VALLEY PARKWAY  N,EASTERN AV E DVP N RAMP,80 m South o,Expressway,Toronto and East York,Non Intersection,No Control,Rain,"Dark, artificial",Wet,Non-Fatal Injury,Sideswipe,Passenger,20 to 24,None,None,None,None,None,None,None,None,None,None,None,None,None,None,None,Yes,None,None,None,None,Yes,Yes,Yes,None,None,None,70,South Riverdale,70,South Riverdale (70),D55
15041,None,2018-10-08,117,SHEPPARD AVE E,BONNINGTON PL,None,Major Arterial,North York,Non Intersection,No Control,Clear,"Dark, artificial",Dry,Fatal,Pedestrian Collisions,Pedestrian,30 to 34,Fatal,53,East,None,None,None,None,Pedestrian hit at mid-block,Playing or Working on Highway,Unknown,None,None,None,Yes,None,Yes,None,None,None,None,None,None,None,None,None,None,153,Avondale,51,Willowdale East (51),D32
15042,None,2018-10-08,117,SHEPPARD AVE E,BONNINGTON PL,None,Major Arterial,North York,Non Intersection,No Control,Clear,"Dark, artificial",Dry,Fatal,Pedestrian Collisions,Driver,unknown,None,None,East,"Automobile, Station Wagon",Going Ahead,Other,Unknown,None,None,None,None,None,None,Yes,None,Yes,None,None,None,None,None,None,None,None,None,None,153,Avondale,51,Willowdale East (51),D32
15043,None,2018-10-08,2015,685 QUEEN ST E,None,Near #685,Major Arterial,Toronto and East York,At Intersection,No Control,Clear,"Dusk, artificial",Dry,Fatal,Cyclist Collisions,Cyclist,60 to 64,Fatal,54,East,Bicycle,Going Ahead,None,None,None,None,None,Cyclist strikes a parked vehicle.,Lost control,Unknown,None,Yes,Yes,None,None,Yes,None,None,None,None,None,None,None,70,South Riverdale,70,South Riverdale (70),D55
15044,None,2018-10-08,2015,685 QUEEN ST E,None,Near #685,Major Arterial,Toronto and East York,At Intersection,No Control,Clear,"Dusk, artificial",Dry,Fatal,Cyclist Collisions,Driver,30 to 34,None,None,East,Street Car,Going Ahead,Driving Properly,Normal,None,None,None,None,None,None,None,Yes,Yes,None,None,Yes,None,None,None,None,None,None,None,70,South Riverdale,70,South Riverdale (70),D55
15045,None,2018-10-08,2015,685 QUEEN ST E,None,Near #685,Major Arterial,Toronto and East York,At Intersection,No Control,Clear,"Dusk, artificial",Dry,Fatal,Cyclist Collisions,Other,unknown,None,None,East,"Automobile, Station Wagon",Parked,None,None,None,None,None,None,None,None,None,Yes,Yes,None,None,Yes,None,None,None,None,None,None,None,70,South Riverdale,70,South Riverdale (70),D55
15046,None,2018-10-10,939,OSSINGTON AVE,COLLEGE ST,None,Major Arterial,Toronto and East York,At Intersection,Traffic Signal,Clear,Daylight,Dry,Non-Fatal Injury,Pedestrian Collisions,Driver,45 to 49,None,None,East,Pick Up Truck,Going Ahead,Driving Properly,Normal,None,None,None,None,None,None,Yes,None,Yes,None,None,None,None,None,None,None,None,None,None,81,Trinity-Bellwoods,81,Trinity-Bellwoods (81),D14
15047,None,2018-10-10,939,OSSINGTON AVE,COLLEGE ST,None,Major Arterial,Toronto and East York,At Intersection,Traffic Signal,Clear,Daylight,Dry,Non-Fatal Injury,Pedestrian Collisions,Pedestrian,75 to 79,Major,None,South,None,None,None,None,Vehicle is going straight thru inter.while ped cross without ROW,Crossing without right of way,Medical or Physical Disability,None,None,None,Yes,None,Yes,None,None,None,None,None,None,None,None,None,None,81,Trinity-Bellwoods,81,Trinity-Bellwoods (81),D14
15048,None,2018-10-11,2009,RUNNYMEDE RD,BLOOR ST W,None,Major Arterial,Etobicoke York,At Intersection,Traffic Controller,Clear,"Daylight, artificial",Dry,Non-Fatal Injury,Turning Movement,Driver,20 to 24,None,None,North,"Automobile, Station Wagon",Turning Left,Failed to Yield Right of Way,Normal,None,None,None,None,None,None,None,None,Yes,Yes,None,None,None,None,None,Yes,None,None,None,87,High Park-Swansea,87,High Park-Swansea (87),D11
15049,None,2018-10-11,2009,RUNNYMEDE RD,BLOOR ST W,None,Major Arterial,Etobicoke York,At Intersection,Traffic Controller,Clear,"Daylight, artificial",Dry,Non-Fatal Injury,Turning Movement,Motorcycle Driver,25 to 29,Major,None,South,Motorcycle,Going Ahead,Driving Properly,Normal,None,None,None,None,None,None,None,None,Yes,Yes,None,None,None,None,None,Yes,None,None,None,87,High Park-Swansea,87,High Park-Swansea (87),D11
15050,None,2018-10-12,1335,GERRARD ST E,LAWLOR AVE,None,Minor Arterial,Toronto and East York,At Intersection,No Control,Clear,Daylight,Dry,Non-Fatal Injury,Pedestrian Collisions,Driver,15 to 19,None,None,East,"Automobile, Station Wagon",Changing Lanes,Exceeding Speed Limit,Normal,None,None,None,None,None,None,Yes,None,Yes,None,None,None,None,Yes,Yes,Yes,None,None,None,62,East End-Danforth,62,East End-Danforth (62),D55
15051,None,2018-10-12,1335,GERRARD ST E,LAWLOR AVE,None,Minor Arterial,Toronto and East York,At Intersection,No Control,Clear,Daylight,Dry,Non-Fatal Injury,Pedestrian Collisions,Passenger,15 to 19,None,None,None,None,None,None,None,None,None,None,None,None,None,Yes,None,Yes,None,None,None,None,Yes,Yes,Yes,None,None,None,62,East End-Danforth,62,East End-Danforth (62),D55
15052,None,2018-10-12,1335,GERRARD ST E,LAWLOR AVE,None,Minor Arterial,Toronto and East York,At Intersection,No Control,Clear,Daylight,Dry,Non-Fatal Injury,Pedestrian Collisions,Pedestrian,20 to 24,Major,None,South,None,None,None,None,Vehicle is going straight thru inter.while ped cross without ROW,"Crossing, no Traffic Control",Normal,None,None,None,Yes,None,Yes,None,None,None,None,Yes,Yes,Yes,None,None,None,62,East End-Danforth,62,East End-Danforth (62),D55
15053,None,2018-10-12,1630,BLOOR ST W,RUNNYMEDE RD,None,Major Arterial,Etobicoke York,At Intersection,Traffic Controller,Clear,Daylight,Dry,Non-Fatal Injury,Cyclist Collisions,Driver,75 to 79,None,None,West,"Automobile, Station Wagon",Turning Left,Failed to Yield Right of Way,Normal,None,None,None,None,None,None,None,Yes,Yes,None,None,None,None,None,None,Yes,None,None,None,87,High Park-Swansea,87,High Park-Swansea (87),D11
15054,None,2018-10-12,1630,BLOOR ST W,RUNNYMEDE RD,None,Major Arterial,Etobicoke York,At Intersection,Traffic Controller,Clear,Daylight,Dry,Non-Fatal Injury,Cyclist Collisions,Cyclist,30 to 34,Major,None,East,Bicycle,Going Ahead,None,None,None,None,None,Motorist turned left across cyclists path.,Driving Properly,Normal,None,Yes,Yes,None,None,None,None,None,None,Yes,None,None,None,87,High Park-Swansea,87,High Park-Swansea (87),D11
15055,None,2018-10-13,907,BIRCHMOUNT RD,KINGSTON RD,None,Major Arterial,Scarborough,At Intersection,Traffic Signal,Clear,Daylight,Dry,Non-Fatal Injury,Pedestrian Collisions,Driver,45 to 49,None,None,South,"Automobile, Station Wagon",Turning Left,Failed to Yield Right of Way,Normal,None,None,None,None,None,None,Yes,None,Yes,None,None,None,None,None,None,Yes,None,None,None,122,Birchcliffe-Cliffside,122,Birchcliffe-Cliffside (122),D41