_id,ACCNUM,DATE,TIME,STREET1,STREET2,OFFSET,ROAD_CLASS,DISTRICT,ACCLOC,TRAFFCTL,VISIBILITY,LIGHT,RDSFCOND,ACCLASS,IMPACTYPE,INVTYPE,INVAGE,INJURY,FATAL_NO,INITDIR,VEHTYPE,MANOEUVER,DRIVACT,DRIVCOND,PEDTYPE,PEDACT,PEDCOND,CYCLISTYPE,CYCACT,CYCCOND,PEDESTRIAN,CYCLIST,AUTOMOBILE,MOTORCYCLE,TRUCK,TRSN_CITY_VEH,EMERG_VEH,PASSENGER,SPEEDING,AG_DRIV,REDLIGHT,ALCOHOL,DISABILITY,HOOD_158,NEIGHBOURHOOD_158,HOOD_140,NEIGHBOURHOOD_140,DIVISION
15369,None,2019-02-08,330,COLLEGE ST,BAY ST,None,Major Arterial,Toronto and East York,At Intersection,Traffic Signal,Clear,"Dark, artificial",Dry,Non-Fatal Injury,Approaching,Passenger,60 to 64,None,None,None,None,None,None,None,None,None,None,None,None,None,None,None,Yes,None,None,None,Yes,Yes,None,Yes,None,None,Yes,170,Yonge-Bay Corridor,76,Bay Street Corridor (76),D52
15370,None,2019-02-08,330,COLLEGE ST,BAY ST,None,Major Arterial,Toronto and East York,At Intersection,Traffic Signal,Clear,"Dark, artificial",Dry,Non-Fatal Injury,Approaching,Passenger,30 to 34,None,None,None,None,None,None,None,None,None,None,None,None,None,None,None,Yes,None,None,None,Yes,Yes,None,Yes,None,None,Yes,170,Yonge-Bay Corridor,76,Bay Street Corridor (76),D52
15371,None,2019-02-08,330,COLLEGE ST,BAY ST,None,Major Arterial,Toronto and East York,At Intersection,Traffic Signal,Clear,"Dark, artificial",Dry,Non-Fatal Injury,Approaching,Passenger,35 to 39,None,None,None,None,None,None,None,None,None,None,None,None,None,None,None,Yes,None,None,None,Yes,Yes,None,Yes,None,None,Yes,170,Yonge-Bay Corridor,76,Bay Street Corridor (76),D52
15372,None,2019-02-14,1112,YONGE ST,WILLIAM CARSON CRES,2 m South of,Major Arterial,North York,At Intersection,Traffic Signal,Clear,Daylight,Wet,Non-Fatal Injury,Turning Movement,Driver,50 to 54,None,None,South,"Automobile, Station Wagon",Going Ahead,Disobeyed Traffic Control,Normal,None,None,None,None,None,None,None,None,Yes,None,None,None,None,None,None,Yes,Yes,None,None,40,St.Andrew-Windfields,40,St.Andrew-Windfields (40),D32
15373,None,2019-02-14,1112,YONGE ST,WILLIAM CARSON CRES,2 m South of,Major Arterial,North York,At Intersection,Traffic Signal,Clear,Daylight,Wet,Non-Fatal Injury,Turning Movement,Driver,60 to 64,Major,None,East,Passenger Van,Turning Left,Driving Properly,Normal,None,None,None,None,None,None,None,None,Yes,None,None,None,None,None,None,Yes,Yes,None,None,40,St.Andrew-Windfields,40,St.Andrew-Windfields (40),D32
15374,None,2019-02-15,2049,WESTON RD,ROGERS RD,None,Major Arterial,Etobicoke York,At Intersection,Yield Sign,Clear,"Dark, artificial",Wet,Non-Fatal Injury,Pedestrian Collisions,Truck Driver,60 to 64,None,None,North,Truck-Tractor,Turning Right,Failed to Yield Right of Way,Normal,None,None,None,None,None,None,Yes,None,None,None,Yes,None,None,Yes,None,Yes,None,None,None,111,Rockcliffe-Smythe,111,Rockcliffe-Smythe (111),D12
15375,None,2019-02-15,2049,WESTON RD,ROGERS RD,None,Major Arterial,Etobicoke York,At Intersection,Yield Sign,Clear,"Dark, artificial",Wet,Non-Fatal Injury,Pedestrian Collisions,Passenger,40 to 44,None,None,None,None,None,None,None,None,None,None,None,None,None,Yes,None,None,None,Yes,None,None,Yes,None,Yes,None,None,None,111,Rockcliffe-Smythe,111,Rockcliffe-Smythe (111),D12
15376,None,2019-02-15,2049,WESTON RD,ROGERS RD,None,Major Arterial,Etobicoke York,At Intersection,Yield Sign,Clear,"Dark, artificial",Wet,Non-Fatal Injury,Pedestrian Collisions,Pedestrian,55 to 59,Major,None,Unknown,None,None,None,None,Pedestrian hit on sidewalk or shoulder,On Sidewalk or Shoulder,Normal,None,None,None,Yes,None,None,None,Yes,None,None,Yes,None,Yes,None,None,None,111,Rockcliffe-Smythe,111,Rockcliffe-Smythe (111),D12
15377,None,2019-02-16,907,WARDEN  AVE,BAMBURGH  CRCL,89.5 m south,Major Arterial,Scarborough,Non Intersection,No Control,Clear,Daylight,Wet,Fatal,Pedestrian Collisions,Pedestrian,85 to 89,Fatal,12,East,None,None,None,None,Pedestrian hit at mid-block,"Crossing, no Traffic Control",Normal,None,None,None,Yes,None,Yes,None,None,None,None,None,None,None,None,None,None,116,Steeles,116,Steeles (116),D42
15378,None,2019-02-16,907,WARDEN  AVE,BAMBURGH  CRCL,89.5 m south,Major Arterial,Scarborough,Non Intersection,No Control,Clear,Daylight,Wet,Fatal,Pedestrian Collisions,Driver,50 to 54,None,None,South,"Automobile, Station Wagon",Going Ahead,Driving Properly,Normal,None,None,None,None,None,None,Yes,None,Yes,None,None,None,None,None,None,None,None,None,None,116,Steeles,116,Steeles (116),D42
15379,None,2019-02-20,815,GERRARD ST E,MARJORY AVE,39 m West of,Minor Arterial,Toronto and East York,At/Near Private Drive,No Control,Clear,Daylight,Wet,Non-Fatal Injury,Pedestrian Collisions,Truck Driver,50 to 54,None,None,South,Truck-Tractor,Turning Right,Failed to Yield Right of Way,Normal,None,None,None,None,None,None,Yes,None,None,None,Yes,None,None,None,None,Yes,None,None,None,70,South Riverdale,70,South Riverdale (70),D55
15380,None,2019-02-20,815,GERRARD ST E,MARJORY AVE,39 m West of,Minor Arterial,Toronto and East York,At/Near Private Drive,No Control,Clear,Daylight,Wet,Non-Fatal Injury,Pedestrian Collisions,Pedestrian,70 to 74,Major,None,West,None,None,None,None,Pedestrian hit at private driveway,"Crossing, no Traffic Control",Normal,None,None,None,Yes,None,None,None,Yes,None,None,None,None,Yes,None,None,None,70,South Riverdale,70,South Riverdale (70),D55
15381,None,2019-02-25,1452,THE QUEENSWAY,GLENDALE AVE,None,Major Arterial,Toronto and East York,At Intersection,Traffic Signal,Clear,Daylight,Dry,Non-Fatal Injury,Pedestrian Collisions,Driver,30 to 34,None,None,West,"Automobile, Station Wagon",Going Ahead,Driving Properly,Normal,None,None,None,None,None,None,Yes,None,Yes,None,None,None,None,Yes,None,None,None,None,None,87,High Park-Swansea,87,High Park-Swansea (87),D11
15382,None,2019-02-25,1452,THE QUEENSWAY,GLENDALE AVE,None,Major Arterial,Toronto and East York,At Intersection,Traffic Signal,Clear,Daylight,Dry,Non-Fatal Injury,Pedestrian Collisions,Passenger,25 to 29,None,None,None,None,None,None,None,None,None,None,None,None,None,Yes,None,Yes,None,None,None,None,Yes,None,None,None,None,None,87,High Park-Swansea,87,High Park-Swansea (87),D11
15383,None,2019-02-25,1452,THE QUEENSWAY,GLENDALE AVE,None,Major Arterial,Toronto and East York,At Intersection,Traffic Signal,Clear,Daylight,Dry,Non-Fatal Injury,Pedestrian Collisions,Pedestrian,35 to 39,Major,None,North,None,None,None,None,Vehicle is going straight thru inter.while ped cross without ROW,Crossing without right of way,Normal,None,None,None,Yes,None,Yes,None,None,None,None,Yes,None,None,None,None,None,87,High Park-Swansea,87,High Park-Swansea (87),D11
15384,None,2019-02-25,1949,FINCH AVE W,PEARLDALE AVE,None,Major Arterial,Etobicoke York,At Intersection,Traffic Signal,Other,Dark,Other,Fatal,Pedestrian Collisions,Driver,60 to 64,None,None,West,"Automobile, Station Wagon",Going Ahead,Driving Properly,Normal,None,None,None,None,None,None,Yes,None,Yes,None,None,None,None,None,None,None,None,None,None,22,Humbermede,22,Humbermede (22),D31
15385,None,2019-02-25,1949,FINCH AVE W,PEARLDALE AVE,None,Major Arterial,Etobicoke York,At Intersection,Traffic Signal,Other,Dark,Other,Fatal,Pedestrian Collisions,Pedestrian,80 to 84,Fatal,11,North,None,None,None,None,Vehicle is going straight thru inter.while ped cross without ROW,Crossing without right of way,None,None,None,None,Yes,None,Yes,None,None,None,None,None,None,None,None,None,None,22,Humbermede,22,Humbermede (22),D31
15386,None,2019-02-26,835,DON MILLS RD,BOND AVE,10 m South o,Major Arterial,North York,At Intersection,No Control,Clear,Daylight,Dry,Non-Fatal Injury,Turning Movement,Driver,60 to 64,None,None,North,"Automobile, Station Wagon",Turning Left,Improper Turn,Normal,None,None,None,None,None,None,None,None,Yes,None,None,None,None,Yes,None,None,None,None,None,42,Banbury-Don Mills,42,Banbury-Don Mills (42),D33
15387,None,2019-02-26,835,DON MILLS RD,BOND AVE,10 m South o,Major Arterial,North York,At Intersection,No Control,Clear,Daylight,Dry,Non-Fatal Injury,Turning Movement,Driver,20 to 24,None,None,South,"Automobile, Station Wagon",Slowing or Stopping,Driving Properly,Normal,None,None,None,None,None,None,None,None,Yes,None,None,None,None,Yes,None,None,None,None,None,42,Banbury-Don Mills,42,Banbury-Don Mills (42),D33
15388,None,2019-02-26,835,DON MILLS RD,BOND AVE,10 m South o,Major Arterial,North York,At Intersection,No Control,Clear,Daylight,Dry,Non-Fatal Injury,Turning Movement,Passenger,25 to 29,Major,None,None,None,None,None,None,None,None,None,None,None,None,None,None,Yes,None,None,None,None,Yes,None,None,None,None,None,42,Banbury-Don Mills,42,Banbury-Don Mills (42),D33
15389,None,2019-02-27,602,2930 FINCH AVE E,None,None,Major Arterial,Scarborough,Non Intersection,No Control,Clear,Daylight,Dry,Non-Fatal Injury,Pedestrian Collisions,Driver,65 to 69,None,None,East,"Automobile, Station Wagon",Going Ahead,Driving Properly,Normal,None,None,None,None,None,None,Yes,None,Yes,None,None,None,None,Yes,None,None,None,None,None,147,L'Amoreaux West,117,L'Amoreaux (117),D42
15390,None,2019-02-27,602,2930 FINCH AVE E,None,None,Major Arterial,Scarborough,Non Intersection,No Control,Clear,Daylight,Dry,Non-Fatal Injury,Pedestrian Collisions,Passenger,65 to 69,None,None,None,None,None,None,None,None,None,None,None,None,None,Yes,None,Yes,None,None,None,None,Yes,None,None,None,None,None,147,L'Amoreaux West,117,L'Amoreaux (117),D42
15391,None,2019-02-27,602,2930 FINCH AVE E,None,None,Major Arterial,Scarborough,Non Intersection,No Control,Clear,Daylight,Dry,Non-Fatal Injury,Pedestrian Collisions,Pedestrian,30 to 34,Major,None,North,None,None,None,None,Pedestrian hit at mid-block,"Crossing, no Traffic Control",Inattentive,None,None,None,Yes,None,Yes,None,None,None,None,Yes,None,None,None,None,None,147,L'Amoreaux West,117,L'Amoreaux (117),D42
15392,None,2019-03-01,1105,MARTIN GROVE RD,REXDALE BLVD,34 m South o,Major Arterial,Etobicoke York,At/Near Private Drive,No Control,Clear,Daylight,Dry,Non-Fatal Injury,Angle,Driver,80 to 84,Major,None,East,"Automobile, Station Wagon",Going Ahead,Failed to Yield Right of Way,Inattentive,None,None,None,None,None,None,None,None,Yes,None,None,None,None,None,None,Yes,None,None,None,1,West Humber-Clairville,1,West Humber-Clairville (1),D23
15393,None,2019-03-01,1105,MARTIN GROVE RD,REXDALE BLVD,34 m South o,Major Arterial,Etobicoke York,At/Near Private Drive,No Control,Clear,Daylight,Dry,Non-Fatal Injury,Angle,Driver,20 to 24,None,None,South,"Automobile, Station Wagon",Going Ahead,Driving Properly,Normal,None,None,None,None,None,None,None,None,Yes,None,None,None,None,None,None,Yes,None,None,None,1,West Humber-Clairville,1,West Humber-Clairville (1),D23
15394,None,2019-03-01,1609,2721 VICTORIA PARK AVE,None,None,Major Arterial,Scarborough,Non Intersection,No Control,Clear,Daylight,Dry,Non-Fatal Injury,Pedestrian Collisions,Driver,15 to 19,None,None,North,"Automobile, Station Wagon",Going Ahead,Driving Properly,Normal,None,None,None,None,None,None,Yes,None,Yes,None,None,None,None,Yes,None,None,None,None,None,46,Pleasant View,46,Pleasant View (46),D33
15395,None,2019-03-01,1609,2721 VICTORIA PARK AVE,None,None,Major Arterial,Scarborough,Non Intersection,No Control,Clear,Daylight,Dry,Non-Fatal Injury,Pedestrian Collisions,Pedestrian,65 to 69,Major,None,West,None,None,None,None,Pedestrian hit at mid-block,"Crossing, no Traffic Control",Inattentive,None,None,None,Yes,None,Yes,None,None,None,None,Yes,None,None,None,None,None,46,Pleasant View,46,Pleasant View (46),D33
15396,None,2019-03-01,1609,2721 VICTORIA PARK AVE,None,None,Major Arterial,Scarborough,Non Intersection,No Control,Clear,Daylight,Dry,Non-Fatal Injury,Pedestrian Collisions,Passenger,15 to 19,None,None,None,None,None,None,None,None,None,None,None,None,None,Yes,None,Yes,None,None,None,None,Yes,None,None,None,None,None,46,Pleasant View,46,Pleasant View (46),D33
15397,None,2019-03-01,1609,2721 VICTORIA PARK AVE,None,None,Major Arterial,Scarborough,Non Intersection,No Control,Clear,Daylight,Dry,Non-Fatal Injury,Pedestrian Collisions,Passenger,15 to 19,None,None,None,None,None,None,None,None,None,None,None,None,None,Yes,None,Yes,None,None,None,None,Yes,None,None,None,None,None,46,Pleasant View,46,Pleasant View (46),D33
15398,None,2019-03-01,1609,2721 VICTORIA PARK AVE,None,None,Major Arterial,Scarborough,Non Intersection,No Control,Clear,Daylight,Dry,Non-Fatal Injury,Pedestrian Collisions,Passenger,15 to 19,None,None,None,None,None,None,None,None,None,None,None,None,None,Yes,None,Yes,None,None,None,None,Yes,None,None,None,None,None,46,Pleasant View,46,Pleasant View (46),D33
15399,None,2019-03-01,1609,2721 VICTORIA PARK AVE,None,None,Major Arterial,Scarborough,Non Intersection,No Control,Clear,Daylight,Dry,Non-Fatal Injury,Pedestrian Collisions,Passenger,15 to 19,None,None,None,None,None,None,None,None,None,None,None,None,None,Yes,None,Yes,None,None,None,None,Yes,None,None,None,None,None,46,Pleasant View,46,Pleasant View (46),D33
15400,None,2019-03-04,1755,GARDINER LAKESHORE  E,LOWER JARVIS ST,55 m West of,Expressway Ramp,Toronto and East York,Non Intersection,No Control,Clear,Daylight,Dry,Non-Fatal Injury,Pedestrian Collisions,Pedestrian,25 to 29,Major,None,Unknown,None,None,None,None,Pedestrian hit at mid-block,Other,Other,None,None,None,Yes,None,Yes,None,None,None,None,None,None,None,None,None,None,166,St Lawrence-East Bayfront-The Islands,77,Waterfront Communities-The Island (77),D51
15401,None,2019-03-04,1755,GARDINER LAKESHORE  E,LOWER JARVIS ST,55 m West of,Expressway Ramp,Toronto and East York,Non Intersection,No Control,Clear,Daylight,Dry,Non-Fatal Injury,Pedestrian Collisions,Driver,25 to 29,None,None,East,"Automobile, Station Wagon",Going Ahead,Driving Properly,Normal,None,None,None,None,None,None,Yes,None,Yes,None,None,None,None,None,None,None,None,None,None,166,St Lawrence-East Bayfront-The Islands,77,Waterfront Communities-The Island (77),D51
15402,None,2019-03-05,547,HIGHWAY 27  N,HUMBER COLLEGE BLVD,None,Major Arterial,Etobicoke York,At Intersection,Traffic Signal,Clear,"Dark, artificial",Dry,Non-Fatal Injury,Approaching,Driver,60 to 64,Major,None,South,"Automobile, Station Wagon",Going Ahead,Lost control,Normal,None,None,None,None,None,None,None,None,Yes,None,None,Yes,None,None,None,None,None,None,None,1,West Humber-Clairville,1,West Humber-Clairville (1),D23
15403,None,2019-03-05,547,HIGHWAY 27  N,HUMBER COLLEGE BLVD,None,Major Arterial,Etobicoke York,At Intersection,Traffic Signal,Clear,"Dark, artificial",Dry,Non-Fatal Injury,Approaching,Driver,45 to 49,Minimal,None,North,Municipal Transit Bus (TTC),Going Ahead,Driving Properly,Unknown,None,None,None,None,None,None,None,None,Yes,None,None,Yes,None,None,None,None,None,None,None,1,West Humber-Clairville,1,West Humber-Clairville (1),D23
15404,None,2019-03-05,547,HIGHWAY 27  N,HUMBER COLLEGE BLVD,None,Major Arterial,Etobicoke York,At Intersection,Traffic Signal,Clear,"Dark, artificial",Dry,Non-Fatal Injury,Approaching,Driver,45 to 49,Minimal,None,North,Municipal Transit Bus (TTC),Going Ahead,Driving Properly,Normal,None,None,None,None,None,None,None,None,Yes,None,None,Yes,None,None,None,None,None,None,None,1,West Humber-Clairville,1,West Humber-Clairville (1),D23
15405,None,2019-03-05,1640,KINGSTON RD,SHARPE ST,None,Major Arterial,Scarborough,At Intersection,Traffic Signal,Clear,Daylight,Dry,Non-Fatal Injury,Pedestrian Collisions,Driver,20 to 24,None,None,West,"Automobile, Station Wagon",Going Ahead,Driving Properly,Normal,None,None,None,None,None,None,Yes,None,Yes,None,None,None,None,None,None,None,None,None,None,122,Birchcliffe-Cliffside,122,Birchcliffe-Cliffside (122),D41
15406,None,2019-03-05,1640,KINGSTON RD,SHARPE ST,None,Major Arterial,Scarborough,At Intersection,Traffic Signal,Clear,Daylight,Dry,Non-Fatal Injury,Pedestrian Collisions,Pedestrian,15 to 19,Major,None,North,None,None,None,None,Vehicle is going straight thru inter.while ped cross without ROW,Crossing without right of way,Inattentive,None,None,None,Yes,None,Yes,None,None,None,None,None,None,None,None,None,None,122,Birchcliffe-Cliffside,122,Birchcliffe-Cliffside (122),D41
15407,None,2019-03-07,901,EGLINTON  AVE W,MCROBERTS  AVE,None,Major Arterial,North York,Non Intersection,No Control,None,Daylight,Other,Fatal,Pedestrian Collisions,Pedestrian,75 to 79,Fatal,13,North,None,None,None,None,Pedestrian involved in a collision with transit vehicle anywhere along roadway,Running onto Roadway,None,None,None,None,Yes,None,None,None,None,Yes,None,None,None,None,None,None,None,109,Caledonia-Fairbank,109,Caledonia-Fairbank (109),D13
15408,None,2019-03-07,901,EGLINTON  AVE W,MCROBERTS  AVE,None,Major Arterial,North York,Non Intersection,No Control,None,Daylight,Other,Fatal,Pedestrian Collisions,Driver,55 to 59,None,None,East,Intercity Bus,Going Ahead,Driving Properly,Normal,None,None,None,None,None,None,Yes,None,None,None,None,Yes,None,None,None,None,None,None,None,109,Caledonia-Fairbank,109,Caledonia-Fairbank (109),D13
15409,None,2019-03-09,231,LAKE SHORE BLVD W,BAY ST,3 m East of,Major Arterial,Toronto and East York,At Intersection,Traffic Signal,Clear,"Dark, artificial",Dry,Non-Fatal Injury,Rear End,Driver,35 to 39,Minor,None,West,"Automobile, Station Wagon",Going Ahead,Lost control,"Ability Impaired, Alcohol Over .08",None,None,None,None,None,None,None,None,Yes,None,None,None,None,Yes,None,Yes,None,Yes,None,166,St Lawrence-East Bayfront-The Islands,77,Waterfront Communities-The Island (77),D52
15410,None,2019-03-09,231,LAKE SHORE BLVD W,BAY ST,3 m East of,Major Arterial,Toronto and East York,At Intersection,Traffic Signal,Clear,"Dark, artificial",Dry,Non-Fatal Injury,Rear End,Driver,50 to 54,Minor,None,West,"Automobile, Station Wagon",Stopped,Driving Properly,Normal,None,None,None,None,None,None,None,None,Yes,None,None,None,None,Yes,None,Yes,None,Yes,None,166,St Lawrence-East Bayfront-The Islands,77,Waterfront Communities-The Island (77),D52
15411,None,2019-03-09,231,LAKE SHORE BLVD W,BAY ST,3 m East of,Major Arterial,Toronto and East York,At Intersection,Traffic Signal,Clear,"Dark, artificial",Dry,Non-Fatal Injury,Rear End,Passenger,15 to 19,Major,None,None,None,None,None,None,None,None,None,None,None,None,None,None,Yes,None,None,None,None,Yes,None,Yes,None,Yes,None,166,St Lawrence-East Bayfront-The Islands,77,Waterfront Communities-The Island (77),D52
15412,None,2019-03-09,231,LAKE SHORE BLVD W,BAY ST,3 m East of,Major Arterial,Toronto and East York,At Intersection,Traffic Signal,Clear,"Dark, artificial",Dry,Non-Fatal Injury,Rear End,Passenger,15 to 19,Minor,None,None,None,None,None,None,None,None,None,None,None,None,None,None,Yes,None,None,None,None,Yes,None,Yes,None,Yes,None,166,St Lawrence-East Bayfront-The Islands,77,Waterfront Communities-The Island (77),D52
15413,None,2019-03-09,231,LAKE SHORE BLVD W,BAY ST,3 m East of,Major Arterial,Toronto and East York,At Intersection,Traffic Signal,Clear,"Dark, artificial",Dry,Non-Fatal Injury,Rear End,Passenger,20 to 24,Minor,None,None,None,None,None,None,None,None,None,None,None,None,None,None,Yes,None,None,None,None,Yes,None,Yes,None,Yes,None,166,St Lawrence-East Bayfront-The Islands,77,Waterfront Communities-The Island (77),D52
15414,None,2019-03-09,231,LAKE SHORE BLVD W,BAY ST,3 m East of,Major Arterial,Toronto and East York,At Intersection,Traffic Signal,Clear,"Dark, artificial",Dry,Non-Fatal Injury,Rear End,Passenger,15 to 19,Minor,None,None,None,None,None,None,None,None,None,None,None,None,None,None,Yes,None,None,None,None,Yes,None,Yes,None,Yes,None,166,St Lawrence-East Bayfront-The Islands,77,Waterfront Communities-The Island (77),D52
15415,None,2019-03-12,44,DANFORTH AVE,BYNG AVE,8 m North of,Major Arterial,Scarborough,At Intersection,Traffic Signal,Clear,Dark,Dry,Non-Fatal Injury,Approaching,Driver,35 to 39,Minor,None,West,"Automobile, Station Wagon",Going Ahead,Lost control,Normal,None,None,None,None,None,None,None,None,Yes,None,None,None,None,Yes,None,Yes,None,None,None,121,Oakridge,121,Oakridge (121),D41
15416,None,2019-03-12,44,DANFORTH AVE,BYNG AVE,8 m North of,Major Arterial,Scarborough,At Intersection,Traffic Signal,Clear,Dark,Dry,Non-Fatal Injury,Approaching,Driver,45 to 49,Minor,None,East,"Automobile, Station Wagon",Going Ahead,Driving Properly,Normal,None,None,None,None,None,None,None,None,Yes,None,None,None,None,Yes,None,Yes,None,None,None,121,Oakridge,121,Oakridge (121),D41
15417,None,2019-03-12,44,DANFORTH AVE,BYNG AVE,8 m North of,Major Arterial,Scarborough,At Intersection,Traffic Signal,Clear,Dark,Dry,Non-Fatal Injury,Approaching,Passenger,35 to 39,Major,None,None,None,None,None,None,None,None,None,None,None,None,None,None,Yes,None,None,None,None,Yes,None,Yes,None,None,None,121,Oakridge,121,Oakridge (121),D41
15418,None,2019-03-12,1830,LAWSON RD,CENTENNIAL RD,None,Collector,Scarborough,At Intersection,Stop Sign,Clear,Daylight,Dry,Non-Fatal Injury,Pedestrian Collisions,Driver,65 to 69,None,None,West,"Automobile, Station Wagon",Going Ahead,Failed to Yield Right of Way,Inattentive,None,None,None,None,None,None,Yes,None,Yes,None,None,None,None,None,None,Yes,None,None,None,133,Centennial Scarborough,133,Centennial Scarborough (133),D43
15419,None,2019-03-12,1830,LAWSON RD,CENTENNIAL RD,None,Collector,Scarborough,At Intersection,Stop Sign,Clear,Daylight,Dry,Non-Fatal Injury,Pedestrian Collisions,Pedestrian,70 to 74,Major,None,South,None,None,None,None,Vehicle is going straight thru inter.while ped cross with ROW,Crossing with right of way,Normal,None,None,None,Yes,None,Yes,None,None,None,None,None,None,Yes,None,None,None,133,Centennial Scarborough,133,Centennial Scarborough (133),D43
15420,None,2019-03-13,555,STEELES AVE E,SEWELLS RD,159 m West o,Minor Arterial,Scarborough,Non Intersection,No Control,Clear,Dark,Ice,Non-Fatal Injury,Approaching,Driver,50 to 54,Minor,None,East,"Automobile, Station Wagon",Going Ahead,Speed too Fast For Condition,Inattentive,None,None,None,None,None,None,None,None,Yes,None,None,None,None,Yes,Yes,Yes,None,None,None,144,Morningside Heights,131,Rouge (131),D42
15421,None,2019-03-13,555,STEELES AVE E,SEWELLS RD,159 m West o,Minor Arterial,Scarborough,Non Intersection,No Control,Clear,Dark,Ice,Non-Fatal Injury,Approaching,Driver,50 to 54,Major,None,West,"Automobile, Station Wagon",Going Ahead,Driving Properly,Normal,None,None,None,None,None,None,None,None,Yes,None,None,None,None,Yes,Yes,Yes,None,None,None,144,Morningside Heights,131,Rouge (131),D42
15422,None,2019-03-13,555,STEELES AVE E,SEWELLS RD,159 m West o,Minor Arterial,Scarborough,Non Intersection,No Control,Clear,Dark,Ice,Non-Fatal Injury,Approaching,Passenger,40 to 44,Minimal,None,None,None,None,None,None,None,None,None,None,None,None,None,None,Yes,None,None,None,None,Yes,Yes,Yes,None,None,None,144,Morningside Heights,131,Rouge (131),D42
15423,None,2019-03-13,555,STEELES AVE E,SEWELLS RD,159 m West o,Minor Arterial,Scarborough,Non Intersection,No Control,Clear,Dark,Ice,Non-Fatal Injury,Approaching,Passenger,50 to 54,Major,None,None,None,None,None,None,None,None,None,None,None,None,None,None,Yes,None,None,None,None,Yes,Yes,Yes,None,None,None,144,Morningside Heights,131,Rouge (131),D42
15424,None,2019-03-13,555,STEELES AVE E,SEWELLS RD,159 m West o,Minor Arterial,Scarborough,Non Intersection,No Control,Clear,Dark,Ice,Non-Fatal Injury,Approaching,Passenger,50 to 54,Minor,None,None,None,None,None,None,None,None,None,None,None,None,None,None,Yes,None,None,None,None,Yes,Yes,Yes,None,None,None,144,Morningside Heights,131,Rouge (131),D42
15425,None,2019-03-13,915,ROYAL YORK RD,KINGSGROVE BLVD,23 m North o,Minor Arterial,Etobicoke York,Intersection Related,No Control,Clear,Daylight,Dry,Non-Fatal Injury,Approaching,Driver,35 to 39,Minor,None,South,"Automobile, Station Wagon",Overtaking,Improper Passing,Unknown,None,None,None,None,None,None,None,None,Yes,None,None,None,None,None,None,Yes,None,None,None,15,Kingsway South,15,Kingsway South (15),D22
15426,None,2019-03-13,915,ROYAL YORK RD,KINGSGROVE BLVD,23 m North o,Minor Arterial,Etobicoke York,Intersection Related,No Control,Clear,Daylight,Dry,Non-Fatal Injury,Approaching,Driver,15 to 19,None,None,North,"Automobile, Station Wagon",Going Ahead,Driving Properly,Normal,None,None,None,None,None,None,None,None,Yes,None,None,None,None,None,None,Yes,None,None,None,15,Kingsway South,15,Kingsway South (15),D22
15427,None,2019-03-13,915,ROYAL YORK RD,KINGSGROVE BLVD,23 m North o,Minor Arterial,Etobicoke York,Intersection Related,No Control,Clear,Daylight,Dry,Non-Fatal Injury,Approaching,Driver,70 to 74,Major,None,South,"Automobile, Station Wagon",Going Ahead,Driving Properly,Normal,None,None,None,None,None,None,None,None,Yes,None,None,None,None,None,None,Yes,None,None,None,15,Kingsway South,15,Kingsway South (15),D22
15428,None,2019-03-13,1650,BAY ST,RICHMOND ST W,None,Major Arterial,Toronto and East York,At Intersection,Traffic Signal,Clear,Daylight,Dry,Non-Fatal Injury,Pedestrian Collisions,Driver,55 to 59,None,None,South,Municipal Transit Bus (TTC),Going Ahead,Driving Properly,Normal,None,None,None,None,None,None,Yes,None,None,None,None,Yes,None,None,None,None,None,None,None,170,Yonge-Bay Corridor,76,Bay Street Corridor (76),D52
15429,None,2019-03-13,1650,BAY ST,RICHMOND ST W,None,Major Arterial,Toronto and East York,At Intersection,Traffic Signal,Clear,Daylight,Dry,Non-Fatal Injury,Pedestrian Collisions,Pedestrian,50 to 54,Major,None,East,None,None,None,None,Pedestrian involved in a collision with transit vehicle anywhere along roadway,Crossing without right of way,Other,None,None,None,Yes,None,None,None,None,Yes,None,None,None,None,None,None,None,170,Yonge-Bay Corridor,76,Bay Street Corridor (76),D52
15430,None,2019-03-13,2128,BATHURST ST,DUNDAS ST W,3 m West of,Major Arterial,Toronto and East York,At Intersection,Traffic Signal,Clear,"Dark, artificial",Dry,Non-Fatal Injury,Pedestrian Collisions,Driver,70 to 74,None,None,West,"Automobile, Station Wagon",Turning Left,Improper Turn,Unknown,None,None,None,None,None,None,Yes,None,Yes,None,None,None,None,None,None,None,None,None,None,78,Kensington-Chinatown,78,Kensington-Chinatown (78),D14
15431,None,2019-03-13,2128,BATHURST ST,DUNDAS ST W,3 m West of,Major Arterial,Toronto and East York,At Intersection,Traffic Signal,Clear,"Dark, artificial",Dry,Non-Fatal Injury,Pedestrian Collisions,Pedestrian,60 to 64,Major,None,West,None,None,None,None,Vehicle turns left while ped crosses with ROW at inter.,Crossing with right of way,Normal,None,None,None,Yes,None,Yes,None,None,None,None,None,None,None,None,None,None,78,Kensington-Chinatown,78,Kensington-Chinatown (78),D14