_id,ACCNUM,DATE,TIME,STREET1,STREET2,OFFSET,ROAD_CLASS,DISTRICT,ACCLOC,TRAFFCTL,VISIBILITY,LIGHT,RDSFCOND,ACCLASS,IMPACTYPE,INVTYPE,INVAGE,INJURY,FATAL_NO,INITDIR,VEHTYPE,MANOEUVER,DRIVACT,DRIVCOND,PEDTYPE,PEDACT,PEDCOND,CYCLISTYPE,CYCACT,CYCCOND,PEDESTRIAN,CYCLIST,AUTOMOBILE,MOTORCYCLE,TRUCK,TRSN_CITY_VEH,EMERG_VEH,PASSENGER,SPEEDING,AG_DRIV,REDLIGHT,ALCOHOL,DISABILITY,HOOD_158,NEIGHBOURHOOD_158,HOOD_140,NEIGHBOURHOOD_140,DIVISION
15432,None,2019-03-15,2246,MCCOWAN RD,ALTON TOWERS CRCL,14 m North o,Major Arterial,Scarborough,Intersection Related,No Control,Rain,"Dark, artificial",Wet,Non-Fatal Injury,Pedestrian Collisions,Driver,80 to 84,None,None,North,"Automobile, Station Wagon",Going Ahead,Driving Properly,Normal,None,None,None,None,None,None,Yes,None,Yes,None,None,None,None,None,None,None,None,None,None,130,Milliken,130,Milliken (130),D42
15433,None,2019-03-15,2246,MCCOWAN RD,ALTON TOWERS CRCL,14 m North o,Major Arterial,Scarborough,Intersection Related,No Control,Rain,"Dark, artificial",Wet,Non-Fatal Injury,Pedestrian Collisions,Pedestrian,15 to 19,Major,None,East,None,None,None,None,Pedestrian hit at mid-block,"Crossing, no Traffic Control",Inattentive,None,None,None,Yes,None,Yes,None,None,None,None,None,None,None,None,None,None,130,Milliken,130,Milliken (130),D42
15434,None,2019-03-16,2155,BAY ST,WELLINGTON ST W,None,Major Arterial,Toronto and East York,At Intersection,Traffic Signal,Clear,"Dark, artificial",Wet,Non-Fatal Injury,Pedestrian Collisions,Driver,60 to 64,None,None,North,"Automobile, Station Wagon",Turning Left,Driving Properly,Normal,None,None,None,None,None,None,Yes,None,Yes,None,None,None,None,None,None,None,None,None,None,170,Yonge-Bay Corridor,76,Bay Street Corridor (76),D52
15435,None,2019-03-16,2155,BAY ST,WELLINGTON ST W,None,Major Arterial,Toronto and East York,At Intersection,Traffic Signal,Clear,"Dark, artificial",Wet,Non-Fatal Injury,Pedestrian Collisions,Pedestrian,50 to 54,Major,None,North,None,None,None,None,Vehicle turns left while ped crosses without ROW at inter.,Crossing without right of way,Inattentive,None,None,None,Yes,None,Yes,None,None,None,None,None,None,None,None,None,None,170,Yonge-Bay Corridor,76,Bay Street Corridor (76),D52
15436,None,2019-03-17,630,KING ST E,PARLIAMENT ST,36 m West of,Major Arterial,Toronto and East York,Non Intersection,No Control,Clear,"Dark, artificial",Dry,Non-Fatal Injury,SMV Other,Driver,20 to 24,None,None,East,"Automobile, Station Wagon",Going Ahead,Lost control,Unknown,None,None,None,None,None,None,None,None,Yes,None,None,None,None,Yes,Yes,Yes,None,None,None,73,Moss Park,73,Moss Park (73),D51
15437,None,2019-03-17,630,KING ST E,PARLIAMENT ST,36 m West of,Major Arterial,Toronto and East York,Non Intersection,No Control,Clear,"Dark, artificial",Dry,Non-Fatal Injury,SMV Other,Passenger,20 to 24,Major,None,None,None,None,None,None,None,None,None,None,None,None,None,None,Yes,None,None,None,None,Yes,Yes,Yes,None,None,None,73,Moss Park,73,Moss Park (73),D51
15438,None,2019-03-17,630,KING ST E,PARLIAMENT ST,36 m West of,Major Arterial,Toronto and East York,Non Intersection,No Control,Clear,"Dark, artificial",Dry,Non-Fatal Injury,SMV Other,Passenger,15 to 19,None,None,None,None,None,None,None,None,None,None,None,None,None,None,None,Yes,None,None,None,None,Yes,Yes,Yes,None,None,None,73,Moss Park,73,Moss Park (73),D51
15439,None,2019-03-18,914,DANFORTH AVE,JONES AVE,None,Major Arterial,Toronto and East York,At Intersection,Traffic Signal,Clear,Daylight,Dry,Non-Fatal Injury,Pedestrian Collisions,Driver,30 to 34,None,None,East,Pick Up Truck,Turning Right,Failed to Yield Right of Way,Inattentive,None,None,None,None,None,None,Yes,None,Yes,None,None,None,None,None,None,Yes,None,None,None,69,Blake-Jones,69,Blake-Jones (69),D55
15440,None,2019-03-18,914,DANFORTH AVE,JONES AVE,None,Major Arterial,Toronto and East York,At Intersection,Traffic Signal,Clear,Daylight,Dry,Non-Fatal Injury,Pedestrian Collisions,Pedestrian,50 to 54,Major,None,West,None,None,None,None,Vehicle turns right while ped crosses with ROW at inter.,Crossing with right of way,Normal,None,None,None,Yes,None,Yes,None,None,None,None,None,None,Yes,None,None,None,69,Blake-Jones,69,Blake-Jones (69),D55
15441,None,2019-03-18,1545,LESLIE ST,FINCH AVE E,None,Major Arterial,North York,At Intersection,Traffic Signal,Clear,Daylight,Dry,Non-Fatal Injury,Pedestrian Collisions,Driver,50 to 54,None,None,North,"Automobile, Station Wagon",Going Ahead,Driving Properly,Normal,None,None,None,None,None,None,Yes,None,Yes,None,None,None,None,Yes,None,None,None,None,None,47,Don Valley Village,47,Don Valley Village (47),D33
15442,None,2019-03-18,1545,LESLIE ST,FINCH AVE E,None,Major Arterial,North York,At Intersection,Traffic Signal,Clear,Daylight,Dry,Non-Fatal Injury,Pedestrian Collisions,Passenger,45 to 49,None,None,None,None,None,None,None,None,None,None,None,None,None,Yes,None,Yes,None,None,None,None,Yes,None,None,None,None,None,47,Don Valley Village,47,Don Valley Village (47),D33
15443,None,2019-03-18,1545,LESLIE ST,FINCH AVE E,None,Major Arterial,North York,At Intersection,Traffic Signal,Clear,Daylight,Dry,Non-Fatal Injury,Pedestrian Collisions,Pedestrian,10 to 14,Major,None,East,None,None,None,None,Vehicle is going straight thru inter.while ped cross without ROW,Crossing without right of way,Inattentive,None,None,None,Yes,None,Yes,None,None,None,None,Yes,None,None,None,None,None,47,Don Valley Village,47,Don Valley Village (47),D33
15444,None,2019-03-18,2016,EDWARD ST,BAY ST,25 m East of,Collector,Toronto and East York,Non Intersection,No Control,Clear,"Dark, artificial",Dry,Non-Fatal Injury,Cyclist Collisions,Driver,unknown,None,None,West,"Automobile, Station Wagon",Going Ahead,Failed to Yield Right of Way,Normal,None,None,None,None,None,None,None,Yes,Yes,None,None,None,None,None,None,Yes,None,None,None,170,Yonge-Bay Corridor,76,Bay Street Corridor (76),D52
15445,None,2019-03-18,2016,EDWARD ST,BAY ST,25 m East of,Collector,Toronto and East York,Non Intersection,No Control,Clear,"Dark, artificial",Dry,Non-Fatal Injury,Cyclist Collisions,Cyclist,35 to 39,Major,None,East,Bicycle,Stopped,None,None,None,None,None,Insufficient information (to determine cyclist crash type).,Driving Properly,Normal,None,Yes,Yes,None,None,None,None,None,None,Yes,None,None,None,170,Yonge-Bay Corridor,76,Bay Street Corridor (76),D52
15446,None,2019-03-20,1222,NORTH QUEEN ST,MEDULLA AVE,None,Minor Arterial,Etobicoke York,At Intersection,No Control,Clear,Daylight,Dry,Non-Fatal Injury,Pedestrian Collisions,Driver,40 to 44,None,None,East,"Automobile, Station Wagon",Going Ahead,Driving Properly,Normal,None,None,None,None,None,None,Yes,None,Yes,None,None,None,None,Yes,None,None,None,None,None,159,Etobicoke City Centre,14,Islington-City Centre West (14),D22
15447,None,2019-03-20,1222,NORTH QUEEN ST,MEDULLA AVE,None,Minor Arterial,Etobicoke York,At Intersection,No Control,Clear,Daylight,Dry,Non-Fatal Injury,Pedestrian Collisions,Passenger,30 to 34,None,None,None,None,None,None,None,None,None,None,None,None,None,Yes,None,Yes,None,None,None,None,Yes,None,None,None,None,None,159,Etobicoke City Centre,14,Islington-City Centre West (14),D22
15448,None,2019-03-20,1222,NORTH QUEEN ST,MEDULLA AVE,None,Minor Arterial,Etobicoke York,At Intersection,No Control,Clear,Daylight,Dry,Non-Fatal Injury,Pedestrian Collisions,Pedestrian,60 to 64,Major,None,South,None,None,None,None,Vehicle is going straight thru inter.while ped cross without ROW,"Crossing, no Traffic Control",Normal,None,None,None,Yes,None,Yes,None,None,None,None,Yes,None,None,None,None,None,159,Etobicoke City Centre,14,Islington-City Centre West (14),D22
15449,None,2019-03-20,1822,BLOOR ST W,AVENUE RD,43 m East of,Major Arterial,Toronto and East York,Non Intersection,No Control,Clear,Daylight,Dry,Non-Fatal Injury,Turning Movement,Driver,35 to 39,None,None,West,"Automobile, Station Wagon",Making U Turn,Improper Turn,Inattentive,None,None,None,None,None,None,None,None,Yes,None,None,None,None,Yes,None,None,None,None,None,169,Bay-Cloverhill,76,Bay Street Corridor (76),D52
15450,None,2019-03-20,1822,BLOOR ST W,AVENUE RD,43 m East of,Major Arterial,Toronto and East York,Non Intersection,No Control,Clear,Daylight,Dry,Non-Fatal Injury,Turning Movement,Driver,50 to 54,Major,None,East,"Automobile, Station Wagon",Going Ahead,Driving Properly,Normal,None,None,None,None,None,None,None,None,Yes,None,None,None,None,Yes,None,None,None,None,None,169,Bay-Cloverhill,76,Bay Street Corridor (76),D52
15451,None,2019-03-20,1822,BLOOR ST W,AVENUE RD,43 m East of,Major Arterial,Toronto and East York,Non Intersection,No Control,Clear,Daylight,Dry,Non-Fatal Injury,Turning Movement,Passenger,20 to 24,None,None,None,None,None,None,None,None,None,None,None,None,None,None,None,Yes,None,None,None,None,Yes,None,None,None,None,None,169,Bay-Cloverhill,76,Bay Street Corridor (76),D52
15452,None,2019-03-23,330,SHEPPARD AVE W,SUNFIELD RD,None,Major Arterial,North York,At Intersection,Stop Sign,Other,Other,None,Fatal,Turning Movement,Driver,25 to 29,None,None,East,"Automobile, Station Wagon",Going Ahead,Driving Properly,Normal,None,None,None,None,None,None,None,None,Yes,None,None,Yes,None,None,None,Yes,None,None,None,155,Downsview,26,Downsview-Roding-CFB (26),D31
15453,None,2019-03-23,330,SHEPPARD AVE W,SUNFIELD RD,None,Major Arterial,North York,At Intersection,Stop Sign,Other,Other,None,Fatal,Turning Movement,Driver,35 to 39,Fatal,14,North,Municipal Transit Bus (TTC),Turning Left,Failed to Yield Right of Way,Normal,None,None,None,None,None,None,None,None,Yes,None,None,Yes,None,None,None,Yes,None,None,None,155,Downsview,26,Downsview-Roding-CFB (26),D31
15454,None,2019-03-23,1112,EGLINTON AVE W,MARTIN GROVE RD,None,Major Arterial,Etobicoke York,At Intersection,Traffic Signal,Clear,Daylight,Dry,Non-Fatal Injury,Rear End,Truck Driver,55 to 59,None,None,East,Truck-Tractor,Going Ahead,Following too Close,Normal,None,None,None,None,None,None,None,None,Yes,None,Yes,None,None,Yes,None,Yes,None,None,None,10,Princess-Rosethorn,10,Princess-Rosethorn (10),D22
15455,None,2019-03-23,1112,EGLINTON AVE W,MARTIN GROVE RD,None,Major Arterial,Etobicoke York,At Intersection,Traffic Signal,Clear,Daylight,Dry,Non-Fatal Injury,Rear End,Driver,65 to 69,Minor,None,East,"Automobile, Station Wagon",Slowing or Stopping,Driving Properly,Normal,None,None,None,None,None,None,None,None,Yes,None,Yes,None,None,Yes,None,Yes,None,None,None,10,Princess-Rosethorn,10,Princess-Rosethorn (10),D22
15456,None,2019-03-23,1112,EGLINTON AVE W,MARTIN GROVE RD,None,Major Arterial,Etobicoke York,At Intersection,Traffic Signal,Clear,Daylight,Dry,Non-Fatal Injury,Rear End,Passenger,65 to 69,Major,None,None,None,None,None,None,None,None,None,None,None,None,None,None,Yes,None,Yes,None,None,Yes,None,Yes,None,None,None,10,Princess-Rosethorn,10,Princess-Rosethorn (10),D22
15457,None,2019-03-23,1950,BREADALBANE ST,BAY ST,54 m East of,Local,Toronto and East York,At/Near Private Drive,No Control,Clear,Daylight,Dry,Non-Fatal Injury,Cyclist Collisions,Driver,60 to 64,None,None,South,"Automobile, Station Wagon",Turning Left,Other,Other,None,None,None,None,None,None,None,Yes,Yes,None,None,None,None,None,None,None,None,None,None,169,Bay-Cloverhill,76,Bay Street Corridor (76),D52
15458,None,2019-03-23,1950,BREADALBANE ST,BAY ST,54 m East of,Local,Toronto and East York,At/Near Private Drive,No Control,Clear,Daylight,Dry,Non-Fatal Injury,Cyclist Collisions,Cyclist,30 to 34,Major,None,West,Bicycle,Going Ahead,None,None,None,None,None,Motorist turned left across cyclists path.,Driving Properly,Normal,None,Yes,Yes,None,None,None,None,None,None,None,None,None,None,169,Bay-Cloverhill,76,Bay Street Corridor (76),D52
15459,None,2019-03-24,2235,KEELE ST,WILSON AVE,20 m North o,Major Arterial,North York,At Intersection,Traffic Signal,Clear,"Dark, artificial",Dry,Non-Fatal Injury,Turning Movement,Driver,30 to 34,None,None,East,Passenger Van,Turning Left,Failed to Yield Right of Way,Normal,None,None,None,None,None,None,None,None,Yes,None,None,None,None,Yes,None,Yes,None,None,None,155,Downsview,26,Downsview-Roding-CFB (26),D31
15460,None,2019-03-24,2235,KEELE ST,WILSON AVE,20 m North o,Major Arterial,North York,At Intersection,Traffic Signal,Clear,"Dark, artificial",Dry,Non-Fatal Injury,Turning Movement,Driver,15 to 19,Major,None,West,Passenger Van,Going Ahead,Driving Properly,Normal,None,None,None,None,None,None,None,None,Yes,None,None,None,None,Yes,None,Yes,None,None,None,155,Downsview,26,Downsview-Roding-CFB (26),D31
15461,None,2019-03-24,2235,KEELE ST,WILSON AVE,20 m North o,Major Arterial,North York,At Intersection,Traffic Signal,Clear,"Dark, artificial",Dry,Non-Fatal Injury,Turning Movement,Passenger,15 to 19,None,None,None,None,None,None,None,None,None,None,None,None,None,None,None,Yes,None,None,None,None,Yes,None,Yes,None,None,None,155,Downsview,26,Downsview-Roding-CFB (26),D31
15462,None,2019-03-24,2235,KEELE ST,WILSON AVE,20 m North o,Major Arterial,North York,At Intersection,Traffic Signal,Clear,"Dark, artificial",Dry,Non-Fatal Injury,Turning Movement,Passenger,15 to 19,None,None,None,None,None,None,None,None,None,None,None,None,None,None,None,Yes,None,None,None,None,Yes,None,Yes,None,None,None,155,Downsview,26,Downsview-Roding-CFB (26),D31
15463,None,2019-03-24,2235,KEELE ST,WILSON AVE,20 m North o,Major Arterial,North York,At Intersection,Traffic Signal,Clear,"Dark, artificial",Dry,Non-Fatal Injury,Turning Movement,Passenger,15 to 19,None,None,None,None,None,None,None,None,None,None,None,None,None,None,None,Yes,None,None,None,None,Yes,None,Yes,None,None,None,155,Downsview,26,Downsview-Roding-CFB (26),D31
15464,None,2019-03-25,1900,DREWRY AVE,CHELMSFORD AVE,10 m North o,Minor Arterial,North York,At Intersection,No Control,Clear,Daylight,Dry,Non-Fatal Injury,Pedestrian Collisions,Driver,45 to 49,None,None,West,"Automobile, Station Wagon",Turning Right,Failed to Yield Right of Way,Unknown,None,None,None,None,None,None,Yes,None,Yes,None,None,None,None,None,None,Yes,None,None,None,36,Newtonbrook West,36,Newtonbrook West (36),D32
15465,None,2019-03-25,1900,DREWRY AVE,CHELMSFORD AVE,10 m North o,Minor Arterial,North York,At Intersection,No Control,Clear,Daylight,Dry,Non-Fatal Injury,Pedestrian Collisions,Pedestrian,65 to 69,Major,None,East,None,None,None,None,Vehicle turns right while ped crosses with ROW at inter.,Crossing with right of way,Normal,None,None,None,Yes,None,Yes,None,None,None,None,None,None,Yes,None,None,None,36,Newtonbrook West,36,Newtonbrook West (36),D32
15466,None,2019-03-26,930,UNIVERSITY AVE,EDWARD ST,None,Major Arterial,Toronto and East York,At Intersection,Stop Sign,Clear,Daylight,Dry,Non-Fatal Injury,Angle,Driver,30 to 34,None,None,West,"Automobile, Station Wagon",Going Ahead,Failed to Yield Right of Way,Normal,None,None,None,None,None,None,None,None,Yes,Yes,None,None,None,None,None,Yes,None,None,None,170,Yonge-Bay Corridor,76,Bay Street Corridor (76),D52
15467,None,2019-03-26,930,UNIVERSITY AVE,EDWARD ST,None,Major Arterial,Toronto and East York,At Intersection,Stop Sign,Clear,Daylight,Dry,Non-Fatal Injury,Angle,Motorcycle Driver,60 to 64,Major,None,North,Motorcycle,Going Ahead,Driving Properly,Normal,None,None,None,None,None,None,None,None,Yes,Yes,None,None,None,None,None,Yes,None,None,None,170,Yonge-Bay Corridor,76,Bay Street Corridor (76),D52
15468,None,2019-03-29,630,BLOOR  ST E,SHERBOURNE ST,None,Major Arterial,Toronto and East York,At Intersection,Traffic Signal,Other,Other,Other,Fatal,Pedestrian Collisions,Pedestrian,60 to 64,Fatal,15,South,None,None,None,None,Pedestrian involved in a collision with transit vehicle anywhere along roadway,Crossing without right of way,Other,None,None,None,Yes,None,None,None,None,Yes,None,None,None,None,None,None,None,74,North St.James Town,74,North St.James Town (74),D51
15469,None,2019-03-29,630,BLOOR  ST E,SHERBOURNE ST,None,Major Arterial,Toronto and East York,At Intersection,Traffic Signal,Other,Other,Other,Fatal,Pedestrian Collisions,Driver,50 to 54,None,None,East,Municipal Transit Bus (TTC),Going Ahead,Driving Properly,Normal,None,None,None,None,None,None,Yes,None,None,None,None,Yes,None,None,None,None,None,None,None,74,North St.James Town,74,North St.James Town (74),D51
15470,None,2019-03-29,2022,BAYVIEW AVE,ROSEDALE VALLEY RD,None,Major Arterial,Toronto and East York,At Intersection,Traffic Signal,Clear,Daylight,Dry,Non-Fatal Injury,Turning Movement,Driver,20 to 24,None,None,North,"Automobile, Station Wagon",Turning Left,Failed to Yield Right of Way,Inattentive,None,None,None,None,None,None,None,None,Yes,Yes,None,None,None,None,None,Yes,None,None,None,71,Cabbagetown-South St.James Town,71,Cabbagetown-South St.James Town (71),D51
15471,None,2019-03-29,2022,BAYVIEW AVE,ROSEDALE VALLEY RD,None,Major Arterial,Toronto and East York,At Intersection,Traffic Signal,Clear,Daylight,Dry,Non-Fatal Injury,Turning Movement,Motorcycle Driver,25 to 29,Major,None,South,Motorcycle,Going Ahead,Driving Properly,Normal,None,None,None,None,None,None,None,None,Yes,Yes,None,None,None,None,None,Yes,None,None,None,71,Cabbagetown-South St.James Town,71,Cabbagetown-South St.James Town (71),D51
15472,None,2019-03-30,352,2747 ST CLAIR AVE E,None,50 m West of,Major Arterial,Toronto and East York,Non Intersection,No Control,Clear,"Dark, artificial",Dry,Non-Fatal Injury,SMV Other,Driver,30 to 34,Major,None,West,"Automobile, Station Wagon",Going Ahead,Lost control,Unknown,None,None,None,None,None,None,None,None,Yes,None,None,None,None,None,Yes,Yes,None,None,None,54,O'Connor-Parkview,54,O'Connor-Parkview (54),D55
15473,None,2019-04-01,848,QUEEN ST E,CARROLL ST,13 m East of,Major Arterial,Toronto and East York,At Intersection,Pedestrian Crossover,Clear,Daylight,Dry,Non-Fatal Injury,Pedestrian Collisions,Driver,30 to 34,None,None,East,Street Car,Going Ahead,Following too Close,Normal,None,None,None,None,None,None,Yes,None,Yes,None,None,Yes,None,None,None,Yes,None,None,None,70,South Riverdale,70,South Riverdale (70),D55
15474,None,2019-04-01,848,QUEEN ST E,CARROLL ST,13 m East of,Major Arterial,Toronto and East York,At Intersection,Pedestrian Crossover,Clear,Daylight,Dry,Non-Fatal Injury,Pedestrian Collisions,Driver,40 to 44,Minimal,None,East,"Automobile, Station Wagon",Stopped,Driving Properly,Normal,None,None,None,None,None,None,Yes,None,Yes,None,None,Yes,None,None,None,Yes,None,None,None,70,South Riverdale,70,South Riverdale (70),D55
15475,None,2019-04-01,848,QUEEN ST E,CARROLL ST,13 m East of,Major Arterial,Toronto and East York,At Intersection,Pedestrian Crossover,Clear,Daylight,Dry,Non-Fatal Injury,Pedestrian Collisions,Pedestrian,30 to 34,Major,None,South,None,None,None,None,Pedestrian hit a PXO/ped. Mid-block signal,Crossing with right of way,Normal,None,None,None,Yes,None,Yes,None,None,Yes,None,None,None,Yes,None,None,None,70,South Riverdale,70,South Riverdale (70),D55
15476,None,2019-04-01,2343,MCCOWAN RD,ELLESMERE RD,None,Major Arterial,Scarborough,At Intersection,Traffic Signal,Clear,"Dark, artificial",Dry,Non-Fatal Injury,Pedestrian Collisions,Driver,20 to 24,None,None,North,"Automobile, Station Wagon",Going Ahead,Exceeding Speed Limit,Unknown,None,None,None,None,None,None,Yes,None,Yes,None,None,None,None,None,Yes,Yes,None,None,None,142,Woburn North,137,Woburn (137),D43
15477,None,2019-04-01,2343,MCCOWAN RD,ELLESMERE RD,None,Major Arterial,Scarborough,At Intersection,Traffic Signal,Clear,"Dark, artificial",Dry,Non-Fatal Injury,Pedestrian Collisions,Pedestrian,20 to 24,Major,None,East,None,None,None,None,Vehicle is going straight thru inter.while ped cross with ROW,Crossing with right of way,Normal,None,None,None,Yes,None,Yes,None,None,None,None,None,Yes,Yes,None,None,None,142,Woburn North,137,Woburn (137),D43
15478,None,2019-04-02,55,STEELES AVE E,ASPENWOOD DR,65 m East of,Major Arterial,North York,Non Intersection,No Control,Clear,Dark,Dry,Non-Fatal Injury,Pedestrian Collisions,Driver,20 to 24,None,None,East,"Automobile, Station Wagon",Going Ahead,Driving Properly,Normal,None,None,None,None,None,None,Yes,None,Yes,None,None,None,None,None,None,Yes,None,None,None,48,Hillcrest Village,48,Hillcrest Village (48),D33
15479,None,2019-04-02,55,STEELES AVE E,ASPENWOOD DR,65 m East of,Major Arterial,North York,Non Intersection,No Control,Clear,Dark,Dry,Non-Fatal Injury,Pedestrian Collisions,Pedestrian,65 to 69,Major,None,North,None,None,None,None,Pedestrian hit at mid-block,"Crossing, no Traffic Control",Normal,None,None,None,Yes,None,Yes,None,None,None,None,None,None,Yes,None,None,None,48,Hillcrest Village,48,Hillcrest Village (48),D33
15480,None,2019-04-06,907,SCOTTFIELD DR,FINCH AVE E,None,Major Arterial,Scarborough,At Intersection,Traffic Signal,Clear,Daylight,Dry,Fatal,Pedestrian Collisions,Pedestrian,85 to 89,Fatal,16,North,None,None,None,None,Vehicle turns left while ped crosses with ROW at inter.,Crossing with right of way,Normal,None,None,None,Yes,None,Yes,None,None,None,None,None,None,Yes,None,None,None,129,Agincourt North,129,Agincourt North (129),D42
15481,None,2019-04-06,907,SCOTTFIELD DR,FINCH AVE E,None,Major Arterial,Scarborough,At Intersection,Traffic Signal,Clear,Daylight,Dry,Fatal,Pedestrian Collisions,Driver,50 to 54,None,None,South,Pick Up Truck,Turning Left,Failed to Yield Right of Way,Normal,None,None,None,None,None,None,Yes,None,Yes,None,None,None,None,None,None,Yes,None,None,None,129,Agincourt North,129,Agincourt North (129),D42
15482,None,2019-04-06,1041,VICTORIA PARK AVE,FINCH AVE E,20 metres no,Major Arterial,North York,Intersection Related,Traffic Signal,Clear,Daylight,Dry,Fatal,Approaching,Driver,65 to 69,Minimal,None,South,"Automobile, Station Wagon",Slowing or Stopping,Driving Properly,Unknown,None,None,None,None,None,None,None,None,Yes,None,None,None,None,None,Yes,Yes,None,None,None,147,L'Amoreaux West,117,L'Amoreaux (117),D42
15483,None,2019-04-06,1041,VICTORIA PARK AVE,FINCH AVE E,20 metres no,Major Arterial,North York,Intersection Related,Traffic Signal,Clear,Daylight,Dry,Fatal,Approaching,Driver,55 to 59,Minor,None,North,"Automobile, Station Wagon",Going Ahead,Lost control,Unknown,None,None,None,None,None,None,None,None,Yes,None,None,None,None,None,Yes,Yes,None,None,None,147,L'Amoreaux West,117,L'Amoreaux (117),D42
15484,None,2019-04-06,1041,VICTORIA PARK AVE,FINCH AVE E,20 metres no,Major Arterial,North York,Intersection Related,Traffic Signal,Clear,Daylight,Dry,Fatal,Approaching,Driver,40 to 44,Fatal,17,South,"Automobile, Station Wagon",Slowing or Stopping,Driving Properly,Normal,None,None,None,None,None,None,None,None,Yes,None,None,None,None,None,Yes,Yes,None,None,None,147,L'Amoreaux West,117,L'Amoreaux (117),D42
15485,None,2019-04-07,1113,THE WEST MALL,CIVIC CENTRE CRT,8 m North of,Minor Arterial,Etobicoke York,At Intersection,Traffic Signal,Clear,Daylight,Dry,Non-Fatal Injury,SMV Other,Driver,25 to 29,Major,None,South,"Automobile, Station Wagon",Going Ahead,Lost control,Unknown,None,None,None,None,None,None,None,None,Yes,None,None,None,None,None,None,None,None,None,None,13,Etobicoke West Mall,13,Etobicoke West Mall (13),D22
15486,None,2019-04-07,1330,PORT UNION RD,CONFERENCE BLVD,4 m  of,Minor Arterial,Scarborough,At Intersection,Traffic Signal,Clear,Daylight,Dry,Non-Fatal Injury,Pedestrian Collisions,Driver,65 to 69,None,None,East,Pick Up Truck,Turning Left,Failed to Yield Right of Way,Normal,None,None,None,None,None,None,Yes,None,Yes,None,None,None,None,None,None,Yes,None,None,None,133,Centennial Scarborough,133,Centennial Scarborough (133),D43
15487,None,2019-04-07,1330,PORT UNION RD,CONFERENCE BLVD,4 m  of,Minor Arterial,Scarborough,At Intersection,Traffic Signal,Clear,Daylight,Dry,Non-Fatal Injury,Pedestrian Collisions,Pedestrian,45 to 49,Major,None,West,None,None,None,None,Vehicle turns left while ped crosses with ROW at inter.,Crossing with right of way,Normal,None,None,None,Yes,None,Yes,None,None,None,None,None,None,Yes,None,None,None,133,Centennial Scarborough,133,Centennial Scarborough (133),D43
15488,None,2019-04-09,853,JANE ST,EGLINTON AVE W,68 m North o,Major Arterial,Etobicoke York,Non Intersection,No Control,Clear,Daylight,Dry,Non-Fatal Injury,Pedestrian Collisions,Driver,20 to 24,None,None,North,"Automobile, Station Wagon",Going Ahead,Driving Properly,Normal,None,None,None,None,None,None,Yes,None,Yes,None,None,None,None,None,None,None,None,None,None,115,Mount Dennis,115,Mount Dennis (115),D12
15489,None,2019-04-09,853,JANE ST,EGLINTON AVE W,68 m North o,Major Arterial,Etobicoke York,Non Intersection,No Control,Clear,Daylight,Dry,Non-Fatal Injury,Pedestrian Collisions,Pedestrian,10 to 14,Major,None,Unknown,None,None,None,None,Pedestrian hit at mid-block,"Crossing, no Traffic Control",Normal,None,None,None,Yes,None,Yes,None,None,None,None,None,None,None,None,None,None,115,Mount Dennis,115,Mount Dennis (115),D12
15490,None,2019-04-09,1132,ST CLAIR AVE W,YONGE ST,None,Major Arterial,Toronto and East York,At Intersection,Traffic Signal,Clear,Daylight,Dry,Non-Fatal Injury,Pedestrian Collisions,Driver,20 to 24,None,None,East,"Automobile, Station Wagon",Going Ahead,Failed to Yield Right of Way,Unknown,None,None,None,None,None,None,Yes,None,Yes,None,None,None,None,None,None,Yes,None,None,None,98,Rosedale-Moore Park,98,Rosedale-Moore Park (98),D53
15491,None,2019-04-09,1132,ST CLAIR AVE W,YONGE ST,None,Major Arterial,Toronto and East York,At Intersection,Traffic Signal,Clear,Daylight,Dry,Non-Fatal Injury,Pedestrian Collisions,Pedestrian,45 to 49,Major,None,South,None,None,None,None,Vehicle is going straight thru inter.while ped cross without ROW,Crossing without right of way,Medical or Physical Disability,None,None,None,Yes,None,Yes,None,None,None,None,None,None,Yes,None,None,None,98,Rosedale-Moore Park,98,Rosedale-Moore Park (98),D53
15492,None,2019-04-10,1515,QUEEN ST W,SHAW ST,30 m West of,Major Arterial,Toronto and East York,At Intersection,Traffic Signal,Clear,Daylight,Dry,Non-Fatal Injury,Cyclist Collisions,Driver,35 to 39,None,None,East,"Automobile, Station Wagon",Changing Lanes,Improper Passing,Unknown,None,None,None,None,None,None,None,Yes,Yes,None,None,None,None,None,None,Yes,None,None,None,162,West Queen West,82,Niagara (82),D14
15493,None,2019-04-10,1515,QUEEN ST W,SHAW ST,30 m West of,Major Arterial,Toronto and East York,At Intersection,Traffic Signal,Clear,Daylight,Dry,Non-Fatal Injury,Cyclist Collisions,Cyclist,unknown,Major,None,East,Bicycle,Going Ahead,None,None,None,None,None,Cyclist and Driver travelling in same direction. One vehicle sideswipes the other.,Driving Properly,Normal,None,Yes,Yes,None,None,None,None,None,None,Yes,None,None,None,162,West Queen West,82,Niagara (82),D14