_id,ACCNUM,DATE,TIME,STREET1,STREET2,OFFSET,ROAD_CLASS,DISTRICT,ACCLOC,TRAFFCTL,VISIBILITY,LIGHT,RDSFCOND,ACCLASS,IMPACTYPE,INVTYPE,INVAGE,INJURY,FATAL_NO,INITDIR,VEHTYPE,MANOEUVER,DRIVACT,DRIVCOND,PEDTYPE,PEDACT,PEDCOND,CYCLISTYPE,CYCACT,CYCCOND,PEDESTRIAN,CYCLIST,AUTOMOBILE,MOTORCYCLE,TRUCK,TRSN_CITY_VEH,EMERG_VEH,PASSENGER,SPEEDING,AG_DRIV,REDLIGHT,ALCOHOL,DISABILITY,HOOD_158,NEIGHBOURHOOD_158,HOOD_140,NEIGHBOURHOOD_140,DIVISION
15494,None,2019-04-10,2138,DANFORTH RD,TRUDELLE ST,50 m North o,Major Arterial,Scarborough,At/Near Private Drive,No Control,Clear,"Dark, artificial",Dry,Non-Fatal Injury,Turning Movement,Passenger,25 to 29,Major,None,None,None,None,None,None,None,None,None,None,None,None,None,None,Yes,None,None,None,None,Yes,Yes,Yes,None,None,None,138,Eglinton East,138,Eglinton East (138),D43
15495,None,2019-04-10,2138,DANFORTH RD,TRUDELLE ST,50 m North o,Major Arterial,Scarborough,At/Near Private Drive,No Control,Clear,"Dark, artificial",Dry,Non-Fatal Injury,Turning Movement,Driver,20 to 24,None,None,South,"Automobile, Station Wagon",Going Ahead,Exceeding Speed Limit,Normal,None,None,None,None,None,None,None,None,Yes,None,None,None,None,Yes,Yes,Yes,None,None,None,138,Eglinton East,138,Eglinton East (138),D43
15496,None,2019-04-10,2138,DANFORTH RD,TRUDELLE ST,50 m North o,Major Arterial,Scarborough,At/Near Private Drive,No Control,Clear,"Dark, artificial",Dry,Non-Fatal Injury,Turning Movement,Driver,50 to 54,Minor,None,North,"Automobile, Station Wagon",Turning Left,Driving Properly,Normal,None,None,None,None,None,None,None,None,Yes,None,None,None,None,Yes,Yes,Yes,None,None,None,138,Eglinton East,138,Eglinton East (138),D43
15497,None,2019-04-10,2138,DANFORTH RD,TRUDELLE ST,50 m North o,Major Arterial,Scarborough,At/Near Private Drive,No Control,Clear,"Dark, artificial",Dry,Non-Fatal Injury,Turning Movement,Passenger,15 to 19,None,None,None,None,None,None,None,None,None,None,None,None,None,None,None,Yes,None,None,None,None,Yes,Yes,Yes,None,None,None,138,Eglinton East,138,Eglinton East (138),D43
15498,None,2019-04-11,2355,ROYAL YORK RD,MEADOWVALE DR,None,Minor Arterial,Etobicoke York,At Intersection,No Control,Clear,"Dark, artificial",Dry,Non-Fatal Injury,Approaching,Driver,unknown,None,None,North,"Automobile, Station Wagon",Going Ahead,Speed too Fast For Condition,Inattentive,None,None,None,None,None,None,None,None,Yes,None,None,None,None,Yes,Yes,Yes,None,None,None,16,Stonegate-Queensway,16,Stonegate-Queensway (16),D22
15499,None,2019-04-11,2355,ROYAL YORK RD,MEADOWVALE DR,None,Minor Arterial,Etobicoke York,At Intersection,No Control,Clear,"Dark, artificial",Dry,Non-Fatal Injury,Approaching,Driver,70 to 74,None,None,South,"Automobile, Station Wagon",Going Ahead,Driving Properly,Normal,None,None,None,None,None,None,None,None,Yes,None,None,None,None,Yes,Yes,Yes,None,None,None,16,Stonegate-Queensway,16,Stonegate-Queensway (16),D22
15500,None,2019-04-11,2355,ROYAL YORK RD,MEADOWVALE DR,None,Minor Arterial,Etobicoke York,At Intersection,No Control,Clear,"Dark, artificial",Dry,Non-Fatal Injury,Approaching,Driver,30 to 34,Major,None,South,"Automobile, Station Wagon",Going Ahead,Driving Properly,Normal,None,None,None,None,None,None,None,None,Yes,None,None,None,None,Yes,Yes,Yes,None,None,None,16,Stonegate-Queensway,16,Stonegate-Queensway (16),D22
15501,None,2019-04-11,2355,ROYAL YORK RD,MEADOWVALE DR,None,Minor Arterial,Etobicoke York,At Intersection,No Control,Clear,"Dark, artificial",Dry,Non-Fatal Injury,Approaching,Passenger,70 to 74,None,None,None,None,None,None,None,None,None,None,None,None,None,None,None,Yes,None,None,None,None,Yes,Yes,Yes,None,None,None,16,Stonegate-Queensway,16,Stonegate-Queensway (16),D22
15502,None,2019-04-12,1228,15 AUSTREY CRT,None,1 m South of,Local,North York,Non Intersection,No Control,Clear,Daylight,Dry,Non-Fatal Injury,SMV Other,Driver,50 to 54,Major,None,South,Delivery Van,Going Ahead,Lost control,Medical or Physical Disability,None,None,None,None,None,None,None,None,Yes,None,None,None,None,None,None,None,None,None,Yes,154,Oakdale-Beverley Heights,26,Downsview-Roding-CFB (26),D31
15503,None,2019-04-14,151,COLLEGE ST,SPADINA AVE,20 m East of,Major Arterial,Toronto and East York,At Intersection,Traffic Signal,Clear,"Dark, artificial",Dry,Non-Fatal Injury,Pedestrian Collisions,Driver,25 to 29,None,None,West,"Automobile, Station Wagon",Going Ahead,Lost control,Unknown,None,None,None,None,None,None,Yes,None,Yes,None,None,None,None,None,None,None,None,None,None,78,Kensington-Chinatown,78,Kensington-Chinatown (78),D14
15504,None,2019-04-14,151,COLLEGE ST,SPADINA AVE,20 m East of,Major Arterial,Toronto and East York,At Intersection,Traffic Signal,Clear,"Dark, artificial",Dry,Non-Fatal Injury,Pedestrian Collisions,Pedestrian,20 to 24,Major,None,Unknown,None,None,None,None,Pedestrian hit at mid-block,Other,Normal,None,None,None,Yes,None,Yes,None,None,None,None,None,None,None,None,None,None,78,Kensington-Chinatown,78,Kensington-Chinatown (78),D14
15505,None,2019-04-16,1000,DON MILLS RD,KERN RD,None,Major Arterial,North York,At Intersection,No Control,Clear,Daylight,Dry,Non-Fatal Injury,Turning Movement,Driver,50 to 54,Minor,None,North,"Automobile, Station Wagon",Turning Left,Failed to Yield Right of Way,Normal,None,None,None,None,None,None,None,None,Yes,None,None,None,None,Yes,None,Yes,None,None,None,42,Banbury-Don Mills,42,Banbury-Don Mills (42),D33
15506,None,2019-04-16,1000,DON MILLS RD,KERN RD,None,Major Arterial,North York,At Intersection,No Control,Clear,Daylight,Dry,Non-Fatal Injury,Turning Movement,Driver,60 to 64,None,None,South,"Automobile, Station Wagon",Going Ahead,Driving Properly,Normal,None,None,None,None,None,None,None,None,Yes,None,None,None,None,Yes,None,Yes,None,None,None,42,Banbury-Don Mills,42,Banbury-Don Mills (42),D33
15507,None,2019-04-16,1000,DON MILLS RD,KERN RD,None,Major Arterial,North York,At Intersection,No Control,Clear,Daylight,Dry,Non-Fatal Injury,Turning Movement,Driver,20 to 24,None,None,East,"Automobile, Station Wagon",Stopped,Driving Properly,Normal,None,None,None,None,None,None,None,None,Yes,None,None,None,None,Yes,None,Yes,None,None,None,42,Banbury-Don Mills,42,Banbury-Don Mills (42),D33
15508,None,2019-04-16,1000,DON MILLS RD,KERN RD,None,Major Arterial,North York,At Intersection,No Control,Clear,Daylight,Dry,Non-Fatal Injury,Turning Movement,Passenger,60 to 64,Minimal,None,None,None,None,None,None,None,None,None,None,None,None,None,None,Yes,None,None,None,None,Yes,None,Yes,None,None,None,42,Banbury-Don Mills,42,Banbury-Don Mills (42),D33
15509,None,2019-04-16,1000,DON MILLS RD,KERN RD,None,Major Arterial,North York,At Intersection,No Control,Clear,Daylight,Dry,Non-Fatal Injury,Turning Movement,Passenger,55 to 59,Minimal,None,None,None,None,None,None,None,None,None,None,None,None,None,None,Yes,None,None,None,None,Yes,None,Yes,None,None,None,42,Banbury-Don Mills,42,Banbury-Don Mills (42),D33
15510,None,2019-04-16,1000,DON MILLS RD,KERN RD,None,Major Arterial,North York,At Intersection,No Control,Clear,Daylight,Dry,Non-Fatal Injury,Turning Movement,Passenger,80 to 84,Major,None,None,None,None,None,None,None,None,None,None,None,None,None,None,Yes,None,None,None,None,Yes,None,Yes,None,None,None,42,Banbury-Don Mills,42,Banbury-Don Mills (42),D33
15511,None,2019-04-17,805,SHEPPARD AVE E,KENNEDY RD,264 m West o,Major Arterial,Scarborough,Non Intersection,No Control,Clear,Daylight,Dry,Non-Fatal Injury,Pedestrian Collisions,Driver,60 to 64,None,None,East,"Automobile, Station Wagon",Going Ahead,Driving Properly,Normal,None,None,None,None,None,None,Yes,None,Yes,None,None,None,None,Yes,None,None,None,None,None,118,Tam O'Shanter-Sullivan,118,Tam O'Shanter-Sullivan (118),D42
15512,None,2019-04-17,805,SHEPPARD AVE E,KENNEDY RD,264 m West o,Major Arterial,Scarborough,Non Intersection,No Control,Clear,Daylight,Dry,Non-Fatal Injury,Pedestrian Collisions,Passenger,30 to 34,None,None,None,None,None,None,None,None,None,None,None,None,None,Yes,None,Yes,None,None,None,None,Yes,None,None,None,None,None,118,Tam O'Shanter-Sullivan,118,Tam O'Shanter-Sullivan (118),D42
15513,None,2019-04-17,805,SHEPPARD AVE E,KENNEDY RD,264 m West o,Major Arterial,Scarborough,Non Intersection,No Control,Clear,Daylight,Dry,Non-Fatal Injury,Pedestrian Collisions,Pedestrian,Over 95,Major,None,North,None,None,None,None,Pedestrian hit at mid-block,"Crossing, no Traffic Control",Normal,None,None,None,Yes,None,Yes,None,None,None,None,Yes,None,None,None,None,None,118,Tam O'Shanter-Sullivan,118,Tam O'Shanter-Sullivan (118),D42
15514,None,2019-04-18,1145,VICTORIA ST,LOMBARD ST,None,Collector,Toronto and East York,At Intersection,Stop Sign,Clear,Daylight,Dry,Non-Fatal Injury,Pedestrian Collisions,Driver,unknown,None,None,West,"Automobile, Station Wagon",Reversing,Other,Unknown,None,None,None,None,None,None,Yes,None,Yes,None,None,None,None,None,None,None,None,None,None,168,Downtown Yonge East,75,Church-Yonge Corridor (75),D51
15515,None,2019-04-18,1145,VICTORIA ST,LOMBARD ST,None,Collector,Toronto and East York,At Intersection,Stop Sign,Clear,Daylight,Dry,Non-Fatal Injury,Pedestrian Collisions,Pedestrian,45 to 49,Major,None,Unknown,None,None,None,None,Vehicle is reversing and hits pedestrian,Other,Normal,None,None,None,Yes,None,Yes,None,None,None,None,None,None,None,None,None,None,168,Downtown Yonge East,75,Church-Yonge Corridor (75),D51
15516,None,2019-04-19,2145,LAKE SHORE BLVD W,JAMESON AVE,None,Major Arterial,Toronto and East York,At Intersection,Traffic Signal,Rain,"Dark, artificial",Wet,Non-Fatal Injury,Pedestrian Collisions,Driver,25 to 29,None,None,West,"Automobile, Station Wagon",Going Ahead,Disobeyed Traffic Control,Normal,None,None,None,None,None,None,Yes,None,Yes,None,None,None,None,None,None,Yes,Yes,None,None,85,South Parkdale,85,South Parkdale (85),D14
15517,None,2019-04-19,2145,LAKE SHORE BLVD W,JAMESON AVE,None,Major Arterial,Toronto and East York,At Intersection,Traffic Signal,Rain,"Dark, artificial",Wet,Non-Fatal Injury,Pedestrian Collisions,Pedestrian,25 to 29,Major,None,North,None,None,None,None,Vehicle is going straight thru inter.while ped cross with ROW,Crossing with right of way,Normal,None,None,None,Yes,None,Yes,None,None,None,None,None,None,Yes,Yes,None,None,85,South Parkdale,85,South Parkdale (85),D14
15518,None,2019-04-21,108,F G GARDINER XY  W,ROYAL YORK RD,151 m West o,Expressway,Etobicoke York,Non Intersection,No Control,Clear,"Dark, artificial",Dry,Non-Fatal Injury,Sideswipe,Driver,20 to 24,None,None,West,"Automobile, Station Wagon",Changing Lanes,Improper Lane Change,Unknown,None,None,None,None,None,None,None,None,Yes,None,None,None,None,Yes,Yes,Yes,None,None,None,160,Mimico-Queensway,17,Mimico (includes Humber Bay Shores) (17),D22
15519,None,2019-04-21,108,F G GARDINER XY  W,ROYAL YORK RD,151 m West o,Expressway,Etobicoke York,Non Intersection,No Control,Clear,"Dark, artificial",Dry,Non-Fatal Injury,Sideswipe,Driver,15 to 19,Major,None,West,"Automobile, Station Wagon",Going Ahead,Lost control,Normal,None,None,None,None,None,None,None,None,Yes,None,None,None,None,Yes,Yes,Yes,None,None,None,160,Mimico-Queensway,17,Mimico (includes Humber Bay Shores) (17),D22
15520,None,2019-04-21,108,F G GARDINER XY  W,ROYAL YORK RD,151 m West o,Expressway,Etobicoke York,Non Intersection,No Control,Clear,"Dark, artificial",Dry,Non-Fatal Injury,Sideswipe,Passenger,15 to 19,Minimal,None,None,None,None,None,None,None,None,None,None,None,None,None,None,Yes,None,None,None,None,Yes,Yes,Yes,None,None,None,160,Mimico-Queensway,17,Mimico (includes Humber Bay Shores) (17),D22
15521,None,2019-04-21,108,F G GARDINER XY  W,ROYAL YORK RD,151 m West o,Expressway,Etobicoke York,Non Intersection,No Control,Clear,"Dark, artificial",Dry,Non-Fatal Injury,Sideswipe,Passenger,15 to 19,Major,None,None,None,None,None,None,None,None,None,None,None,None,None,None,Yes,None,None,None,None,Yes,Yes,Yes,None,None,None,160,Mimico-Queensway,17,Mimico (includes Humber Bay Shores) (17),D22
15522,None,2019-04-23,552,DANFORTH AVE,ELDON AVE,50 m East of,Major Arterial,Toronto and East York,Intersection Related,No Control,Clear,"Dark, artificial",Dry,Non-Fatal Injury,Turning Movement,Driver,50 to 54,None,None,East,"Automobile, Station Wagon",Making U Turn,Improper Turn,Inattentive,None,None,None,None,None,None,None,None,Yes,Yes,None,None,None,None,None,None,None,None,None,61,Taylor-Massey,61,Taylor-Massey (61),D55
15523,None,2019-04-23,552,DANFORTH AVE,ELDON AVE,50 m East of,Major Arterial,Toronto and East York,Intersection Related,No Control,Clear,"Dark, artificial",Dry,Non-Fatal Injury,Turning Movement,Motorcycle Driver,25 to 29,Major,None,East,Motorcycle,Going Ahead,Driving Properly,Normal,None,None,None,None,None,None,None,None,Yes,Yes,None,None,None,None,None,None,None,None,None,61,Taylor-Massey,61,Taylor-Massey (61),D55
15524,None,2019-04-23,1632,COMRIE TER,BRIMLEY RD,200 m East o,Collector,Scarborough,Non Intersection,No Control,Clear,Daylight,Dry,Non-Fatal Injury,Pedestrian Collisions,Driver,20 to 24,None,None,East,"Automobile, Station Wagon",Going Ahead,Driving Properly,Unknown,None,None,None,None,None,None,Yes,None,Yes,None,None,None,None,None,None,None,None,None,None,123,Cliffcrest,123,Cliffcrest (123),D43
15525,None,2019-04-23,1632,COMRIE TER,BRIMLEY RD,200 m East o,Collector,Scarborough,Non Intersection,No Control,Clear,Daylight,Dry,Non-Fatal Injury,Pedestrian Collisions,Pedestrian,0 to 4,Major,None,South,None,None,None,None,Vehicle hits the pedestrian walking or running out from between parked vehicles at mid-block,Coming From Behind Parked Vehicle,Normal,None,None,None,Yes,None,Yes,None,None,None,None,None,None,None,None,None,None,123,Cliffcrest,123,Cliffcrest (123),D43
15526,None,2019-04-24,1005,UNIVERSITY AVE,DUNDAS ST W,None,Major Arterial,Toronto and East York,At Intersection,Traffic Signal,Clear,Daylight,Dry,Non-Fatal Injury,Pedestrian Collisions,Driver,60 to 64,None,None,South,"Automobile, Station Wagon",Turning Right,Improper Turn,Unknown,None,None,None,None,None,None,Yes,None,Yes,None,None,None,None,None,None,None,None,None,None,170,Yonge-Bay Corridor,76,Bay Street Corridor (76),D52
15527,None,2019-04-24,1005,UNIVERSITY AVE,DUNDAS ST W,None,Major Arterial,Toronto and East York,At Intersection,Traffic Signal,Clear,Daylight,Dry,Non-Fatal Injury,Pedestrian Collisions,Pedestrian,35 to 39,Major,None,East,None,None,None,None,Vehicle turns right while ped crosses with ROW at inter.,Crossing with right of way,Fatigue,None,None,None,Yes,None,Yes,None,None,None,None,None,None,None,None,None,None,170,Yonge-Bay Corridor,76,Bay Street Corridor (76),D52
15528,None,2019-04-24,1500,FINCH AVE E,WILLOWDALE AVE,None,Major Arterial,North York,At Intersection,Traffic Signal,Clear,Daylight,Dry,Non-Fatal Injury,Turning Movement,Driver,35 to 39,Major,None,East,Other,Going Ahead,Failed to Yield Right of Way,Normal,None,None,None,None,None,None,None,None,None,None,Yes,None,None,None,None,Yes,None,None,None,129,Agincourt North,129,Agincourt North (129),D42
15529,None,2019-04-24,1500,FINCH AVE E,WILLOWDALE AVE,None,Major Arterial,North York,At Intersection,Traffic Signal,Clear,Daylight,Dry,Non-Fatal Injury,Turning Movement,Truck Driver,60 to 64,None,None,West,"Truck - Closed (Blazer, etc)",Turning Right,Driving Properly,Normal,None,None,None,None,None,None,None,None,None,None,Yes,None,None,None,None,Yes,None,None,None,129,Agincourt North,129,Agincourt North (129),D42
15530,None,2019-04-27,309,EASTERN AVE,LEWIS ST,30 m East of,Major Arterial,Toronto and East York,Intersection Related,No Control,Clear,"Dark, artificial",Dry,Non-Fatal Injury,SMV Other,Driver,25 to 29,Major,None,East,"Automobile, Station Wagon",Going Ahead,Lost control,Unknown,None,None,None,None,None,None,None,None,Yes,None,None,None,None,None,Yes,Yes,None,None,None,70,South Riverdale,70,South Riverdale (70),D55
15531,None,2019-04-30,725,STAINES RD,SOLSTICE DR,10 m South o,Local,Scarborough,Intersection Related,No Control,Clear,Daylight,Dry,Non-Fatal Injury,Pedestrian Collisions,Driver,40 to 44,None,None,South,Municipal Transit Bus (TTC),Going Ahead,Driving Properly,Normal,None,None,None,None,None,None,Yes,None,None,None,None,Yes,None,None,None,None,None,None,None,144,Morningside Heights,131,Rouge (131),D42
15532,None,2019-04-30,725,STAINES RD,SOLSTICE DR,10 m South o,Local,Scarborough,Intersection Related,No Control,Clear,Daylight,Dry,Non-Fatal Injury,Pedestrian Collisions,Pedestrian,15 to 19,Major,None,Unknown,None,None,None,None,Pedestrian involved in a collision with transit vehicle anywhere along roadway,Running onto Roadway,Inattentive,None,None,None,Yes,None,None,None,None,Yes,None,None,None,None,None,None,None,144,Morningside Heights,131,Rouge (131),D42
15533,None,2019-05-01,1634,FAIRFAX CRES,WARDEN AVE,None,Major Arterial,Scarborough,At Intersection,Traffic Signal,Rain,Daylight,Wet,Non-Fatal Injury,Pedestrian Collisions,Driver,55 to 59,None,None,East,"Automobile, Station Wagon",Turning Left,Failed to Yield Right of Way,Normal,None,None,None,None,None,None,Yes,None,Yes,None,None,None,None,None,None,Yes,None,None,None,120,Clairlea-Birchmount,120,Clairlea-Birchmount (120),D41
15534,None,2019-05-01,1634,FAIRFAX CRES,WARDEN AVE,None,Major Arterial,Scarborough,At Intersection,Traffic Signal,Rain,Daylight,Wet,Non-Fatal Injury,Pedestrian Collisions,Pedestrian,15 to 19,Major,None,West,None,None,None,None,Vehicle turns left while ped crosses with ROW at inter.,Crossing with right of way,Normal,None,None,None,Yes,None,Yes,None,None,None,None,None,None,Yes,None,None,None,120,Clairlea-Birchmount,120,Clairlea-Birchmount (120),D41
15535,None,2019-05-02,200,BROWNS LINE,HORNER AVE,None,Major Arterial,Etobicoke York,At Intersection,Traffic Signal,Clear,"Dark, artificial",Wet,Non-Fatal Injury,SMV Other,Driver,30 to 34,Major,None,West,"Automobile, Station Wagon",Going Ahead,Lost control,"Ability Impaired, Alcohol",None,None,None,None,None,None,None,None,Yes,None,None,None,None,None,None,None,None,Yes,None,20,Alderwood,20,Alderwood (20),D22
15536,None,2019-05-02,1708,MARKHAM RD,STEELES AVE E,None,Major Arterial,Scarborough,At Intersection,Traffic Signal,Clear,Daylight,Dry,Non-Fatal Injury,Pedestrian Collisions,Driver,40 to 44,None,None,West,"Automobile, Station Wagon",Turning Left,Failed to Yield Right of Way,Normal,None,None,None,None,None,None,Yes,None,Yes,None,None,None,None,None,None,Yes,None,None,None,144,Morningside Heights,131,Rouge (131),D42
15537,None,2019-05-02,1708,MARKHAM RD,STEELES AVE E,None,Major Arterial,Scarborough,At Intersection,Traffic Signal,Clear,Daylight,Dry,Non-Fatal Injury,Pedestrian Collisions,Pedestrian,45 to 49,Major,None,Unknown,None,None,None,None,Vehicle turns left while ped crosses with ROW at inter.,Crossing with right of way,Normal,None,None,None,Yes,None,Yes,None,None,None,None,None,None,Yes,None,None,None,144,Morningside Heights,131,Rouge (131),D42
15538,None,2019-05-02,1755,THE QUEENSWAY,LADY BANK RD,None,Major Arterial,Etobicoke York,At Intersection,Traffic Signal,Clear,Daylight,Dry,Non-Fatal Injury,Pedestrian Collisions,Driver,35 to 39,None,None,North,"Automobile, Station Wagon",Turning Left,Improper Turn,Normal,None,None,None,None,None,None,Yes,None,Yes,None,None,None,None,None,None,None,None,None,None,16,Stonegate-Queensway,16,Stonegate-Queensway (16),D22
15539,None,2019-05-02,1755,THE QUEENSWAY,LADY BANK RD,None,Major Arterial,Etobicoke York,At Intersection,Traffic Signal,Clear,Daylight,Dry,Non-Fatal Injury,Pedestrian Collisions,Pedestrian,15 to 19,Major,None,North,None,None,None,None,Vehicle turns left while ped crosses with ROW at inter.,Crossing with right of way,Normal,None,None,None,Yes,None,Yes,None,None,None,None,None,None,None,None,None,None,16,Stonegate-Queensway,16,Stonegate-Queensway (16),D22
15540,None,2019-05-02,1940,DUFFERIN ST,GEARY AVE,None,Major Arterial,Etobicoke York,At Intersection,No Control,Clear,Dusk,Dry,Non-Fatal Injury,Turning Movement,Driver,unknown,None,None,North,Pick Up Truck,Turning Left,Failed to Yield Right of Way,Unknown,None,None,None,None,None,None,None,None,Yes,Yes,None,None,None,None,None,Yes,None,None,None,171,Junction-Wallace Emerson,93,Dovercourt-Wallace Emerson-Junction (93),D13
15541,None,2019-05-02,1940,DUFFERIN ST,GEARY AVE,None,Major Arterial,Etobicoke York,At Intersection,No Control,Clear,Dusk,Dry,Non-Fatal Injury,Turning Movement,Motorcycle Driver,40 to 44,Major,None,South,Motorcycle,Going Ahead,Driving Properly,Unknown,None,None,None,None,None,None,None,None,Yes,Yes,None,None,None,None,None,Yes,None,None,None,171,Junction-Wallace Emerson,93,Dovercourt-Wallace Emerson-Junction (93),D13
15542,None,2019-05-05,1530,1140 SHEPPARD AVE W,None,None,Major Arterial,North York,At/Near Private Drive,No Control,Clear,Daylight,Dry,Non-Fatal Injury,Angle,Driver,25 to 29,Minor,None,West,"Automobile, Station Wagon",Going Ahead,Exceeding Speed Limit,Normal,None,None,None,None,None,None,None,None,Yes,None,None,None,None,Yes,Yes,Yes,None,None,None,155,Downsview,26,Downsview-Roding-CFB (26),D32
15543,None,2019-05-05,1530,1140 SHEPPARD AVE W,None,None,Major Arterial,North York,At/Near Private Drive,No Control,Clear,Daylight,Dry,Non-Fatal Injury,Angle,Driver,50 to 54,Major,None,South,"Automobile, Station Wagon",Merging,Failed to Yield Right of Way,Normal,None,None,None,None,None,None,None,None,Yes,None,None,None,None,Yes,Yes,Yes,None,None,None,155,Downsview,26,Downsview-Roding-CFB (26),D32
15544,None,2019-05-05,1530,1140 SHEPPARD AVE W,None,None,Major Arterial,North York,At/Near Private Drive,No Control,Clear,Daylight,Dry,Non-Fatal Injury,Angle,Passenger,10 to 14,Minor,None,None,None,None,None,None,None,None,None,None,None,None,None,None,Yes,None,None,None,None,Yes,Yes,Yes,None,None,None,155,Downsview,26,Downsview-Roding-CFB (26),D32
15545,None,2019-05-05,1530,1140 SHEPPARD AVE W,None,None,Major Arterial,North York,At/Near Private Drive,No Control,Clear,Daylight,Dry,Non-Fatal Injury,Angle,Passenger,20 to 24,Major,None,None,None,None,None,None,None,None,None,None,None,None,None,None,Yes,None,None,None,None,Yes,Yes,Yes,None,None,None,155,Downsview,26,Downsview-Roding-CFB (26),D32
15546,None,2019-05-05,1630,HIGHWAY 27  N,ROYALCREST RD,None,Major Arterial,Etobicoke York,At Intersection,Traffic Signal,Clear,Daylight,Dry,Non-Fatal Injury,SMV Other,Driver,45 to 49,None,None,South,"Automobile, Station Wagon",Turning Left,Failed to Yield Right of Way,Unknown,None,None,None,None,None,None,None,None,Yes,Yes,None,None,None,None,None,Yes,None,None,None,1,West Humber-Clairville,1,West Humber-Clairville (1),D23
15547,None,2019-05-05,1630,HIGHWAY 27  N,ROYALCREST RD,None,Major Arterial,Etobicoke York,At Intersection,Traffic Signal,Clear,Daylight,Dry,Non-Fatal Injury,SMV Other,Motorcycle Driver,50 to 54,Major,None,North,Motorcycle,Going Ahead,Driving Properly,Normal,None,None,None,None,None,None,None,None,Yes,Yes,None,None,None,None,None,Yes,None,None,None,1,West Humber-Clairville,1,West Humber-Clairville (1),D23
15548,None,2019-05-06,1320,DUNDAS ST W,EUCLID AVE,None,Major Arterial,Toronto and East York,At Intersection,Stop Sign,Clear,Daylight,Dry,Non-Fatal Injury,Cyclist Collisions,Driver,70 to 74,None,None,North,"Automobile, Station Wagon",Going Ahead,Failed to Yield Right of Way,Normal,None,None,None,None,None,None,None,Yes,Yes,None,None,None,None,Yes,None,Yes,None,None,None,81,Trinity-Bellwoods,81,Trinity-Bellwoods (81),D14
15549,None,2019-05-06,1320,DUNDAS ST W,EUCLID AVE,None,Major Arterial,Toronto and East York,At Intersection,Stop Sign,Clear,Daylight,Dry,Non-Fatal Injury,Cyclist Collisions,Cyclist,65 to 69,Major,None,East,Bicycle,Going Ahead,None,None,None,None,None,"Motorist without ROW drives into path of cyclist at inter, lnwy, dwy-Driver not turn.",Driving Properly,Normal,None,Yes,Yes,None,None,None,None,Yes,None,Yes,None,None,None,81,Trinity-Bellwoods,81,Trinity-Bellwoods (81),D14
15550,None,2019-05-06,1320,DUNDAS ST W,EUCLID AVE,None,Major Arterial,Toronto and East York,At Intersection,Stop Sign,Clear,Daylight,Dry,Non-Fatal Injury,Cyclist Collisions,Passenger,60 to 64,None,None,None,None,None,None,None,None,None,None,None,None,None,None,Yes,Yes,None,None,None,None,Yes,None,Yes,None,None,None,81,Trinity-Bellwoods,81,Trinity-Bellwoods (81),D14
15551,None,2019-05-07,211,WOODBINE AVE,QUEEN ST E,235 m South ,Major Arterial,Toronto and East York,Non Intersection,No Control,Clear,"Dark, artificial",Dry,Non-Fatal Injury,SMV Unattended Vehicle,Driver,25 to 29,Major,None,North,"Automobile, Station Wagon",Going Ahead,Lost control,Unknown,None,None,None,None,None,None,None,None,Yes,None,None,None,None,Yes,Yes,Yes,None,None,None,63,The Beaches,63,The Beaches (63),D55
15552,None,2019-05-07,211,WOODBINE AVE,QUEEN ST E,235 m South ,Major Arterial,Toronto and East York,Non Intersection,No Control,Clear,"Dark, artificial",Dry,Non-Fatal Injury,SMV Unattended Vehicle,Passenger,20 to 24,Minor,None,None,None,None,None,None,None,None,None,None,None,None,None,None,Yes,None,None,None,None,Yes,Yes,Yes,None,None,None,63,The Beaches,63,The Beaches (63),D55
15553,None,2019-05-10,124,BRIMLEY RD,MCNICOLL AVE,None,Major Arterial,Scarborough,Non Intersection,No Control,Rain,"Dark, artificial",Wet,Fatal,SMV Other,Driver,15 to 19,Fatal,18,South,"Automobile, Station Wagon",Going Ahead,Lost control,Unknown,None,None,None,None,None,None,None,None,Yes,None,None,None,None,Yes,Yes,Yes,None,None,None,130,Milliken,130,Milliken (130),D42
15554,None,2019-05-10,124,BRIMLEY RD,MCNICOLL AVE,None,Major Arterial,Scarborough,Non Intersection,No Control,Rain,"Dark, artificial",Wet,Fatal,SMV Other,Passenger,10 to 14,Major,None,None,None,None,None,None,None,None,None,None,None,None,None,None,Yes,None,None,None,None,Yes,Yes,Yes,None,None,None,130,Milliken,130,Milliken (130),D42
15555,None,2019-05-10,124,BRIMLEY RD,MCNICOLL AVE,None,Major Arterial,Scarborough,Non Intersection,No Control,Rain,"Dark, artificial",Wet,Fatal,SMV Other,Passenger,15 to 19,Minor,None,None,None,None,None,None,None,None,None,None,None,None,None,None,Yes,None,None,None,None,Yes,Yes,Yes,None,None,None,130,Milliken,130,Milliken (130),D42
15556,None,2019-05-10,2200,DANFORTH AVE,CHESTER AVE,22 m East of,Major Arterial,Toronto and East York,Intersection Related,No Control,Clear,"Dark, artificial",Dry,Non-Fatal Injury,Turning Movement,Driver,30 to 34,Major,None,East,"Automobile, Station Wagon",Going Ahead,Lost control,Medical or Physical Disability,None,None,None,None,None,None,None,None,Yes,None,None,None,None,Yes,None,Yes,None,None,Yes,68,North Riverdale,68,North Riverdale (68),D55