_id,ACCNUM,DATE,TIME,STREET1,STREET2,OFFSET,ROAD_CLASS,DISTRICT,ACCLOC,TRAFFCTL,VISIBILITY,LIGHT,RDSFCOND,ACCLASS,IMPACTYPE,INVTYPE,INVAGE,INJURY,FATAL_NO,INITDIR,VEHTYPE,MANOEUVER,DRIVACT,DRIVCOND,PEDTYPE,PEDACT,PEDCOND,CYCLISTYPE,CYCACT,CYCCOND,PEDESTRIAN,CYCLIST,AUTOMOBILE,MOTORCYCLE,TRUCK,TRSN_CITY_VEH,EMERG_VEH,PASSENGER,SPEEDING,AG_DRIV,REDLIGHT,ALCOHOL,DISABILITY,HOOD_158,NEIGHBOURHOOD_158,HOOD_140,NEIGHBOURHOOD_140,DIVISION
15557,None,2019-05-10,2200,DANFORTH AVE,CHESTER AVE,22 m East of,Major Arterial,Toronto and East York,Intersection Related,No Control,Clear,"Dark, artificial",Dry,Non-Fatal Injury,Turning Movement,Driver,25 to 29,None,None,North,"Automobile, Station Wagon",Making U Turn,Driving Properly,Normal,None,None,None,None,None,None,None,None,Yes,None,None,None,None,Yes,None,Yes,None,None,Yes,68,North Riverdale,68,North Riverdale (68),D55
15558,None,2019-05-10,2200,DANFORTH AVE,CHESTER AVE,22 m East of,Major Arterial,Toronto and East York,Intersection Related,No Control,Clear,"Dark, artificial",Dry,Non-Fatal Injury,Turning Movement,Other,15 to 19,None,None,East,"Automobile, Station Wagon",Parked,None,None,None,None,None,None,None,None,None,None,Yes,None,None,None,None,Yes,None,Yes,None,None,Yes,68,North Riverdale,68,North Riverdale (68),D55
15559,None,2019-05-10,2200,DANFORTH AVE,CHESTER AVE,22 m East of,Major Arterial,Toronto and East York,Intersection Related,No Control,Clear,"Dark, artificial",Dry,Non-Fatal Injury,Turning Movement,Passenger,45 to 49,Minor,None,None,None,None,None,None,None,None,None,None,None,None,None,None,Yes,None,None,None,None,Yes,None,Yes,None,None,Yes,68,North Riverdale,68,North Riverdale (68),D55
15560,None,2019-05-12,2045,LAKE SHORE BLVD W,KIPLING AVE,None,Major Arterial,Etobicoke York,At Intersection,Traffic Signal,Rain,"Dark, artificial",Wet,Non-Fatal Injury,Pedestrian Collisions,Driver,40 to 44,None,None,East,"Automobile, Station Wagon",Going Ahead,Driving Properly,Normal,None,None,None,None,None,None,Yes,None,Yes,None,None,None,None,None,None,None,None,None,None,18,New Toronto,18,New Toronto (18),D22
15561,None,2019-05-12,2045,LAKE SHORE BLVD W,KIPLING AVE,None,Major Arterial,Etobicoke York,At Intersection,Traffic Signal,Rain,"Dark, artificial",Wet,Non-Fatal Injury,Pedestrian Collisions,Pedestrian,15 to 19,Major,None,North,None,None,None,None,Other / Undefined,Person Getting on/off Vehicle,Normal,None,None,None,Yes,None,Yes,None,None,None,None,None,None,None,None,None,None,18,New Toronto,18,New Toronto (18),D22
15562,None,2019-05-15,1559,91 ANNETTE ST,None,40 m East of,Minor Arterial,Toronto and East York,At/Near Private Drive,No Control,Clear,Daylight,Dry,Non-Fatal Injury,Cyclist Collisions,Driver,25 to 29,None,None,North,"Automobile, Station Wagon",Turning Left,Failed to Yield Right of Way,Inattentive,None,None,None,None,None,None,None,Yes,Yes,None,None,None,None,None,None,Yes,None,None,None,90,Junction Area,90,Junction Area (90),D11
15563,None,2019-05-15,1559,91 ANNETTE ST,None,40 m East of,Minor Arterial,Toronto and East York,At/Near Private Drive,No Control,Clear,Daylight,Dry,Non-Fatal Injury,Cyclist Collisions,Cyclist,40 to 44,Major,None,East,Bicycle,Going Ahead,None,None,None,None,None,Motorist turned left across cyclists path.,Driving Properly,Normal,None,Yes,Yes,None,None,None,None,None,None,Yes,None,None,None,90,Junction Area,90,Junction Area (90),D11
15564,None,2019-05-17,2100,DUFFERIN ST,QUEEN ST W,None,Major Arterial,Toronto and East York,At Intersection,Traffic Signal,Clear,"Dark, artificial",Dry,Non-Fatal Injury,Turning Movement,Driver,65 to 69,None,None,North,"Automobile, Station Wagon",Turning Left,Improper Turn,Inattentive,None,None,None,None,None,None,None,None,Yes,Yes,None,None,None,None,None,Yes,None,None,None,85,South Parkdale,85,South Parkdale (85),D14
15565,None,2019-05-17,2100,DUFFERIN ST,QUEEN ST W,None,Major Arterial,Toronto and East York,At Intersection,Traffic Signal,Clear,"Dark, artificial",Dry,Non-Fatal Injury,Turning Movement,Motorcycle Driver,30 to 34,Major,None,South,Motorcycle,Going Ahead,Driving Properly,Normal,None,None,None,None,None,None,None,None,Yes,Yes,None,None,None,None,None,Yes,None,None,None,85,South Parkdale,85,South Parkdale (85),D14
15566,None,2019-05-19,1154,KING ST W,JAMESON AVE,None,Major Arterial,Toronto and East York,At Intersection,Traffic Signal,Clear,Daylight,Dry,Non-Fatal Injury,Pedestrian Collisions,Driver,25 to 29,None,None,West,"Automobile, Station Wagon",Turning Left,Failed to Yield Right of Way,Inattentive,None,None,None,None,None,None,Yes,None,Yes,None,None,None,None,None,None,Yes,None,None,None,85,South Parkdale,85,South Parkdale (85),D14
15567,None,2019-05-19,1154,KING ST W,JAMESON AVE,None,Major Arterial,Toronto and East York,At Intersection,Traffic Signal,Clear,Daylight,Dry,Non-Fatal Injury,Pedestrian Collisions,Driver,65 to 69,None,None,East,"Automobile, Station Wagon",Going Ahead,Driving Properly,Normal,None,None,None,None,None,None,Yes,None,Yes,None,None,None,None,None,None,Yes,None,None,None,85,South Parkdale,85,South Parkdale (85),D14
15568,None,2019-05-19,1154,KING ST W,JAMESON AVE,None,Major Arterial,Toronto and East York,At Intersection,Traffic Signal,Clear,Daylight,Dry,Non-Fatal Injury,Pedestrian Collisions,Pedestrian,55 to 59,Major,None,East,None,None,None,None,Vehicle turns left while ped crosses with ROW at inter.,Crossing with right of way,Normal,None,None,None,Yes,None,Yes,None,None,None,None,None,None,Yes,None,None,None,85,South Parkdale,85,South Parkdale (85),D14
15569,None,2019-05-20,920,QUEENS QUAY W,YORK ST,10 m West of,Minor Arterial,Toronto and East York,At Intersection,Traffic Signal,Clear,Daylight,Dry,Non-Fatal Injury,Pedestrian Collisions,Driver,45 to 49,Minimal,None,West,Street Car,Going Ahead,Driving Properly,Normal,None,None,None,None,None,None,Yes,None,None,None,None,Yes,None,None,None,None,None,None,None,166,St Lawrence-East Bayfront-The Islands,77,Waterfront Communities-The Island (77),D52
15570,None,2019-05-20,920,QUEENS QUAY W,YORK ST,10 m West of,Minor Arterial,Toronto and East York,At Intersection,Traffic Signal,Clear,Daylight,Dry,Non-Fatal Injury,Pedestrian Collisions,Pedestrian,30 to 34,Major,None,North,None,None,None,None,Pedestrian involved in a collision with transit vehicle anywhere along roadway,Crossing without right of way,Inattentive,None,None,None,Yes,None,None,None,None,Yes,None,None,None,None,None,None,None,166,St Lawrence-East Bayfront-The Islands,77,Waterfront Communities-The Island (77),D52
15571,None,2019-05-21,1143,QUEEN ST W,SHAW ST,None,Major Arterial,Toronto and East York,At Intersection,Traffic Signal,Clear,Daylight,Dry,Non-Fatal Injury,Pedestrian Collisions,Driver,75 to 79,None,None,South,"Automobile, Station Wagon",Turning Left,Failed to Yield Right of Way,Inattentive,None,None,None,None,None,None,Yes,None,Yes,None,None,None,None,None,None,Yes,None,None,None,162,West Queen West,82,Niagara (82),D14
15572,None,2019-05-21,1143,QUEEN ST W,SHAW ST,None,Major Arterial,Toronto and East York,At Intersection,Traffic Signal,Clear,Daylight,Dry,Non-Fatal Injury,Pedestrian Collisions,Pedestrian,80 to 84,Major,None,North,None,None,None,None,Vehicle turns left while ped crosses with ROW at inter.,Crossing with right of way,Normal,None,None,None,Yes,None,Yes,None,None,None,None,None,None,Yes,None,None,None,162,West Queen West,82,Niagara (82),D14
15573,None,2019-05-22,724,KENNEDY RD,FINCH AVE E,None,Major Arterial,Scarborough,At Intersection,Traffic Signal,Clear,Daylight,Dry,Non-Fatal Injury,Angle,Motorcycle Driver,20 to 24,Major,None,East,Motorcycle,Going Ahead,Disobeyed Traffic Control,Normal,None,None,None,None,None,None,None,None,Yes,Yes,None,None,None,None,None,Yes,Yes,None,None,148,East L'Amoreaux,117,L'Amoreaux (117),D42
15574,None,2019-05-22,724,KENNEDY RD,FINCH AVE E,None,Major Arterial,Scarborough,At Intersection,Traffic Signal,Clear,Daylight,Dry,Non-Fatal Injury,Angle,Driver,35 to 39,None,None,North,"Automobile, Station Wagon",Going Ahead,Driving Properly,Normal,None,None,None,None,None,None,None,None,Yes,Yes,None,None,None,None,None,Yes,Yes,None,None,148,East L'Amoreaux,117,L'Amoreaux (117),D42
15575,None,2019-05-22,1439,RICHMOND ST W,AUGUSTA AVE,None,Major Arterial,Toronto and East York,At Intersection,No Control,Clear,Daylight,Dry,Non-Fatal Injury,Pedestrian Collisions,Truck Driver,35 to 39,None,None,West,Truck - Tank,Going Ahead,Driving Properly,Unknown,None,None,None,None,None,None,Yes,None,None,None,Yes,None,None,None,None,None,None,None,None,164,Wellington Place,77,Waterfront Communities-The Island (77),D14
15576,None,2019-05-22,1439,RICHMOND ST W,AUGUSTA AVE,None,Major Arterial,Toronto and East York,At Intersection,No Control,Clear,Daylight,Dry,Non-Fatal Injury,Pedestrian Collisions,Pedestrian,45 to 49,Major,None,North,None,None,None,None,Vehicle is going straight thru inter.while ped cross without ROW,"Crossing, no Traffic Control",Inattentive,None,None,None,Yes,None,None,None,Yes,None,None,None,None,None,None,None,None,164,Wellington Place,77,Waterfront Communities-The Island (77),D14
15577,None,2019-05-23,1535,350 QUEENS QUAY W,None,20 m East of,Minor Arterial,Toronto and East York,At Intersection,Traffic Signal,Clear,Daylight,Dry,Non-Fatal Injury,Approaching,Driver,30 to 34,Minimal,None,West,Street Car,Going Ahead,Driving Properly,Normal,None,None,None,None,None,None,None,None,Yes,None,None,Yes,None,Yes,Yes,Yes,None,None,None,165,Harbourfront-CityPlace,77,Waterfront Communities-The Island (77),D52
15578,None,2019-05-23,1535,350 QUEENS QUAY W,None,20 m East of,Minor Arterial,Toronto and East York,At Intersection,Traffic Signal,Clear,Daylight,Dry,Non-Fatal Injury,Approaching,Passenger,30 to 34,Major,None,None,None,None,None,None,None,None,None,None,None,None,None,None,Yes,None,None,Yes,None,Yes,Yes,Yes,None,None,None,165,Harbourfront-CityPlace,77,Waterfront Communities-The Island (77),D52
15579,None,2019-05-23,1535,350 QUEENS QUAY W,None,20 m East of,Minor Arterial,Toronto and East York,At Intersection,Traffic Signal,Clear,Daylight,Dry,Non-Fatal Injury,Approaching,Driver,25 to 29,Minor,None,East,"Automobile, Station Wagon",Going Ahead,Other,Unknown,None,None,None,None,None,None,None,None,Yes,None,None,Yes,None,Yes,Yes,Yes,None,None,None,165,Harbourfront-CityPlace,77,Waterfront Communities-The Island (77),D52
15580,None,2019-05-23,1730,QUEEN ST E,CARROLL ST,None,Major Arterial,North York,At Intersection,Pedestrian Crossover,Clear,Daylight,Dry,Non-Fatal Injury,Pedestrian Collisions,Driver,70 to 74,None,None,West,"Automobile, Station Wagon",Going Ahead,Failed to Yield Right of Way,Inattentive,None,None,None,None,None,None,Yes,None,Yes,None,None,None,None,None,None,Yes,None,None,None,70,South Riverdale,70,South Riverdale (70),D55
15581,None,2019-05-23,1730,QUEEN ST E,CARROLL ST,None,Major Arterial,North York,At Intersection,Pedestrian Crossover,Clear,Daylight,Dry,Non-Fatal Injury,Pedestrian Collisions,Pedestrian,70 to 74,Major,None,South,None,None,None,None,Pedestrian hit a PXO/ped. Mid-block signal,Crossing with right of way,Normal,None,None,None,Yes,None,Yes,None,None,None,None,None,None,Yes,None,None,None,70,South Riverdale,70,South Riverdale (70),D55
15582,None,2019-05-24,1100,KING ST E,BRIGHT ST,None,Major Arterial,Toronto and East York,At Intersection,Stop Sign,Clear,Daylight,Dry,Non-Fatal Injury,Cyclist Collisions,Driver,50 to 54,None,None,South,"Automobile, Station Wagon",Turning Right,Failed to Yield Right of Way,Normal,None,None,None,None,None,None,None,Yes,Yes,None,None,None,None,None,None,Yes,None,None,None,73,Moss Park,73,Moss Park (73),D51
15583,None,2019-05-24,1100,KING ST E,BRIGHT ST,None,Major Arterial,Toronto and East York,At Intersection,Stop Sign,Clear,Daylight,Dry,Non-Fatal Injury,Cyclist Collisions,Cyclist,55 to 59,Major,None,East,Bicycle,Going Ahead,None,None,None,None,None,"Motorist turns right at non-signal Inter.(stop, yield, no cont.,and dwy) and strikes cyclist.",Driving Properly,Normal,None,Yes,Yes,None,None,None,None,None,None,Yes,None,None,None,73,Moss Park,73,Moss Park (73),D51
15584,None,2019-05-26,910,SIMCOE ST,PEARL ST,None,Collector,Toronto and East York,At Intersection,No Control,Clear,Daylight,Dry,Non-Fatal Injury,Cyclist Collisions,Driver,unknown,None,None,South,"Automobile, Station Wagon",Turning Right,Failed to Yield Right of Way,Inattentive,None,None,None,None,None,None,None,Yes,Yes,None,None,None,None,None,None,Yes,None,None,None,170,Yonge-Bay Corridor,76,Bay Street Corridor (76),D52
15585,None,2019-05-26,910,SIMCOE ST,PEARL ST,None,Collector,Toronto and East York,At Intersection,No Control,Clear,Daylight,Dry,Non-Fatal Injury,Cyclist Collisions,Cyclist,20 to 24,Major,None,South,Bicycle,Going Ahead,None,None,None,None,None,"Motorist turns right at non-signal Inter.(stop, yield, no cont.,and dwy) and strikes cyclist.",Driving Properly,Normal,None,Yes,Yes,None,None,None,None,None,None,Yes,None,None,None,170,Yonge-Bay Corridor,76,Bay Street Corridor (76),D52
15586,None,2019-05-26,1757,CARLTON ST,BERKELEY ST,1 m West of,Minor Arterial,Toronto and East York,At Intersection,Stop Sign,Clear,Daylight,Dry,Non-Fatal Injury,Cyclist Collisions,Driver,25 to 29,None,None,North,"Automobile, Station Wagon",Turning Left,Failed to Yield Right of Way,Inattentive,None,None,None,None,None,None,None,Yes,Yes,None,None,None,None,None,None,Yes,None,None,None,73,Moss Park,71,Cabbagetown-South St.James Town (71),D51
15587,None,2019-05-26,1757,CARLTON ST,BERKELEY ST,1 m West of,Minor Arterial,Toronto and East York,At Intersection,Stop Sign,Clear,Daylight,Dry,Non-Fatal Injury,Cyclist Collisions,Driver,60 to 64,None,None,West,"Automobile, Station Wagon",Going Ahead,Driving Properly,Normal,None,None,None,None,None,None,None,Yes,Yes,None,None,None,None,None,None,Yes,None,None,None,73,Moss Park,71,Cabbagetown-South St.James Town (71),D51
15588,None,2019-05-26,1757,CARLTON ST,BERKELEY ST,1 m West of,Minor Arterial,Toronto and East York,At Intersection,Stop Sign,Clear,Daylight,Dry,Non-Fatal Injury,Cyclist Collisions,Cyclist,30 to 34,Major,None,East,Bicycle,Going Ahead,None,None,None,None,None,Motorist loses control and strikes cyclist.,Driving Properly,Normal,None,Yes,Yes,None,None,None,None,None,None,Yes,None,None,None,73,Moss Park,71,Cabbagetown-South St.James Town (71),D51
15589,None,2019-05-26,1914,NORTH QUEEN ST,INDEX RD,100 m West o,Minor Arterial,Etobicoke York,At Intersection,Traffic Signal,Clear,Daylight,Dry,Non-Fatal Injury,Pedestrian Collisions,Driver,80 to 84,None,None,North,Passenger Van,Turning Left,Failed to Yield Right of Way,Inattentive,None,None,None,None,None,None,Yes,None,Yes,None,None,None,None,Yes,None,Yes,None,None,None,159,Etobicoke City Centre,14,Islington-City Centre West (14),D22
15590,None,2019-05-26,1914,NORTH QUEEN ST,INDEX RD,100 m West o,Minor Arterial,Etobicoke York,At Intersection,Traffic Signal,Clear,Daylight,Dry,Non-Fatal Injury,Pedestrian Collisions,Passenger,35 to 39,None,None,None,None,None,None,None,None,None,None,None,None,None,Yes,None,Yes,None,None,None,None,Yes,None,Yes,None,None,None,159,Etobicoke City Centre,14,Islington-City Centre West (14),D22
15591,None,2019-05-26,1914,NORTH QUEEN ST,INDEX RD,100 m West o,Minor Arterial,Etobicoke York,At Intersection,Traffic Signal,Clear,Daylight,Dry,Non-Fatal Injury,Pedestrian Collisions,Passenger,5 to 9,None,None,None,None,None,None,None,None,None,None,None,None,None,Yes,None,Yes,None,None,None,None,Yes,None,Yes,None,None,None,159,Etobicoke City Centre,14,Islington-City Centre West (14),D22
15592,None,2019-05-26,1914,NORTH QUEEN ST,INDEX RD,100 m West o,Minor Arterial,Etobicoke York,At Intersection,Traffic Signal,Clear,Daylight,Dry,Non-Fatal Injury,Pedestrian Collisions,Pedestrian,15 to 19,Major,None,South,None,None,None,None,Vehicle turns left while ped crosses with ROW at inter.,Crossing with right of way,Normal,None,None,None,Yes,None,Yes,None,None,None,None,Yes,None,Yes,None,None,None,159,Etobicoke City Centre,14,Islington-City Centre West (14),D22
15593,None,2019-05-29,1328,14 PLYMBRIDGE RD,None,None,Local,North York,Non Intersection,No Control,Clear,Daylight,Dry,Fatal,SMV Other,Driver,20 to 24,None,None,South,Truck (other),Reversing,Other,Normal,None,None,None,None,None,None,None,None,None,None,Yes,None,None,Yes,None,None,None,None,None,41,Bridle Path-Sunnybrook-York Mills,41,Bridle Path-Sunnybrook-York Mills (41),D32
15594,None,2019-05-29,1328,14 PLYMBRIDGE RD,None,None,Local,North York,Non Intersection,No Control,Clear,Daylight,Dry,Fatal,SMV Other,Passenger,25 to 29,Fatal,19,None,None,None,None,None,None,None,None,None,None,None,None,None,None,None,Yes,None,None,Yes,None,None,None,None,None,41,Bridle Path-Sunnybrook-York Mills,41,Bridle Path-Sunnybrook-York Mills (41),D32
15595,None,2019-05-30,2236,LAKE SHORE BLVD W,ONTARIO DR,None,Major Arterial,Toronto and East York,At Intersection,Traffic Signal,Clear,"Dark, artificial",Dry,Non-Fatal Injury,Turning Movement,Driver,20 to 24,None,None,West,Passenger Van,Turning Right,Improper Turn,Inattentive,None,None,None,None,None,None,None,None,Yes,Yes,None,None,None,Yes,None,Yes,None,None,None,163,Fort York-Liberty Village,82,Niagara (82),D14
15596,None,2019-05-30,2236,LAKE SHORE BLVD W,ONTARIO DR,None,Major Arterial,Toronto and East York,At Intersection,Traffic Signal,Clear,"Dark, artificial",Dry,Non-Fatal Injury,Turning Movement,Motorcycle Driver,20 to 24,Major,None,West,Motorcycle,Going Ahead,Driving Properly,Normal,None,None,None,None,None,None,None,None,Yes,Yes,None,None,None,Yes,None,Yes,None,None,None,163,Fort York-Liberty Village,82,Niagara (82),D14
15597,None,2019-05-30,2236,LAKE SHORE BLVD W,ONTARIO DR,None,Major Arterial,Toronto and East York,At Intersection,Traffic Signal,Clear,"Dark, artificial",Dry,Non-Fatal Injury,Turning Movement,Passenger,20 to 24,None,None,None,None,None,None,None,None,None,None,None,None,None,None,None,Yes,Yes,None,None,None,Yes,None,Yes,None,None,None,163,Fort York-Liberty Village,82,Niagara (82),D14
15598,None,2019-05-31,2123,WOODBINE AVE,GERRARD ST E,None,Major Arterial,Toronto and East York,At Intersection,Traffic Signal,Clear,Daylight,Dry,Non-Fatal Injury,Turning Movement,Motorcycle Driver,35 to 39,Major,None,North,Motorcycle,Going Ahead,Disobeyed Traffic Control,Normal,None,None,None,None,None,None,None,None,Yes,Yes,None,None,None,Yes,Yes,Yes,Yes,None,None,62,East End-Danforth,62,East End-Danforth (62),D55
15599,None,2019-05-31,2123,WOODBINE AVE,GERRARD ST E,None,Major Arterial,Toronto and East York,At Intersection,Traffic Signal,Clear,Daylight,Dry,Non-Fatal Injury,Turning Movement,Driver,45 to 49,None,None,South,"Automobile, Station Wagon",Turning Left,Driving Properly,Normal,None,None,None,None,None,None,None,None,Yes,Yes,None,None,None,Yes,Yes,Yes,Yes,None,None,62,East End-Danforth,62,East End-Danforth (62),D55
15600,None,2019-05-31,2123,WOODBINE AVE,GERRARD ST E,None,Major Arterial,Toronto and East York,At Intersection,Traffic Signal,Clear,Daylight,Dry,Non-Fatal Injury,Turning Movement,Motorcycle Passenger,35 to 39,Major,None,None,None,None,None,None,None,None,None,None,None,None,None,None,Yes,Yes,None,None,None,Yes,Yes,Yes,Yes,None,None,62,East End-Danforth,62,East End-Danforth (62),D55
15601,None,2019-06-01,45,BLACK CREEK DR,LAWRENCE AVE W,13 m South o,Major Arterial,Etobicoke York,At Intersection,Traffic Signal,Clear,"Dark, artificial",Dry,Non-Fatal Injury,Rear End,Driver,35 to 39,Major,None,North,"Automobile, Station Wagon",Going Ahead,Speed too Fast For Condition,"Ability Impaired, Alcohol",None,None,None,None,None,None,None,None,Yes,None,None,None,None,None,Yes,Yes,None,Yes,None,30,Brookhaven-Amesbury,30,Brookhaven-Amesbury (30),D12
15602,None,2019-06-01,45,BLACK CREEK DR,LAWRENCE AVE W,13 m South o,Major Arterial,Etobicoke York,At Intersection,Traffic Signal,Clear,"Dark, artificial",Dry,Non-Fatal Injury,Rear End,Driver,55 to 59,None,None,North,"Automobile, Station Wagon",Stopped,Driving Properly,Normal,None,None,None,None,None,None,None,None,Yes,None,None,None,None,None,Yes,Yes,None,Yes,None,30,Brookhaven-Amesbury,30,Brookhaven-Amesbury (30),D12
15603,None,2019-06-01,1515,BLOOR ST W,KEELE ST,None,Major Arterial,North York,At Intersection,Traffic Signal,Clear,Daylight,Dry,Non-Fatal Injury,Cyclist Collisions,Driver,60 to 64,None,None,East,"Automobile, Station Wagon",Turning Left,Failed to Yield Right of Way,Normal,None,None,None,None,None,None,None,Yes,Yes,None,None,None,None,None,None,Yes,None,None,None,87,High Park-Swansea,87,High Park-Swansea (87),D11
15604,None,2019-06-01,1515,BLOOR ST W,KEELE ST,None,Major Arterial,North York,At Intersection,Traffic Signal,Clear,Daylight,Dry,Non-Fatal Injury,Cyclist Collisions,Cyclist,30 to 34,Major,None,West,Bicycle,Going Ahead,None,None,None,None,None,Motorist turned left across cyclists path.,Driving Properly,Normal,None,Yes,Yes,None,None,None,None,None,None,Yes,None,None,None,87,High Park-Swansea,87,High Park-Swansea (87),D11
15605,None,2019-06-01,1827,DUNDAS ST W,ANNETTE ST,None,Major Arterial,Toronto and East York,At Intersection,Traffic Signal,Clear,Daylight,Dry,Non-Fatal Injury,Cyclist Collisions,Cyclist,15 to 19,Major,None,North,Bicycle,Turning Left,None,None,None,None,None,Cyclist turned left across motorists path.,Improper Turn,Normal,None,Yes,Yes,None,None,None,None,None,None,None,None,None,None,90,Junction Area,90,Junction Area (90),D11
15606,None,2019-06-01,1827,DUNDAS ST W,ANNETTE ST,None,Major Arterial,Toronto and East York,At Intersection,Traffic Signal,Clear,Daylight,Dry,Non-Fatal Injury,Cyclist Collisions,Driver,25 to 29,None,None,South,"Automobile, Station Wagon",Going Ahead,Driving Properly,Normal,None,None,None,None,None,None,None,Yes,Yes,None,None,None,None,None,None,None,None,None,None,90,Junction Area,90,Junction Area (90),D11
15607,None,2019-06-02,1247,MCLEVIN AVE,HUPFIELD TRL,None,Minor Arterial,Scarborough,At Intersection,Traffic Signal,Clear,Daylight,Dry,Non-Fatal Injury,Pedestrian Collisions,Driver,60 to 64,None,None,South,Pick Up Truck,Turning Left,Failed to Yield Right of Way,Normal,None,None,None,None,None,None,Yes,None,Yes,None,None,None,None,None,None,Yes,None,None,None,146,Malvern East,132,Malvern (132),D42
15608,None,2019-06-02,1247,MCLEVIN AVE,HUPFIELD TRL,None,Minor Arterial,Scarborough,At Intersection,Traffic Signal,Clear,Daylight,Dry,Non-Fatal Injury,Pedestrian Collisions,Pedestrian,75 to 79,Major,None,North,None,None,None,None,Vehicle turns left while ped crosses with ROW at inter.,Crossing with right of way,Normal,None,None,None,Yes,None,Yes,None,None,None,None,None,None,Yes,None,None,None,146,Malvern East,132,Malvern (132),D42
15609,None,2019-06-03,1524,MIDLAND AVE,LOCKIE AVE,5 m  of,Major Arterial,Scarborough,Intersection Related,Traffic Signal,Clear,Daylight,Dry,Non-Fatal Injury,Pedestrian Collisions,Driver,60 to 64,None,None,South,"Automobile, Station Wagon",Going Ahead,Driving Properly,Normal,None,None,None,None,None,None,Yes,None,Yes,None,None,None,None,Yes,None,None,None,None,None,128,Agincourt South-Malvern West,128,Agincourt South-Malvern West (128),D42
15610,None,2019-06-03,1524,MIDLAND AVE,LOCKIE AVE,5 m  of,Major Arterial,Scarborough,Intersection Related,Traffic Signal,Clear,Daylight,Dry,Non-Fatal Injury,Pedestrian Collisions,Passenger,5 to 9,None,None,None,None,None,None,None,None,None,None,None,None,None,Yes,None,Yes,None,None,None,None,Yes,None,None,None,None,None,128,Agincourt South-Malvern West,128,Agincourt South-Malvern West (128),D42
15611,None,2019-06-03,1524,MIDLAND AVE,LOCKIE AVE,5 m  of,Major Arterial,Scarborough,Intersection Related,Traffic Signal,Clear,Daylight,Dry,Non-Fatal Injury,Pedestrian Collisions,Pedestrian,10 to 14,Major,None,West,None,None,None,None,Vehicle is going straight thru inter.while ped cross without ROW,Running onto Roadway,Normal,None,None,None,Yes,None,Yes,None,None,None,None,Yes,None,None,None,None,None,128,Agincourt South-Malvern West,128,Agincourt South-Malvern West (128),D42
15612,None,2019-06-03,1524,MIDLAND AVE,LOCKIE AVE,5 m  of,Major Arterial,Scarborough,Intersection Related,Traffic Signal,Clear,Daylight,Dry,Non-Fatal Injury,Pedestrian Collisions,Pedestrian,10 to 14,Major,None,West,None,None,None,None,Vehicle is going straight thru inter.while ped cross without ROW,Running onto Roadway,Normal,None,None,None,Yes,None,Yes,None,None,None,None,Yes,None,None,None,None,None,128,Agincourt South-Malvern West,128,Agincourt South-Malvern West (128),D42
15613,None,2019-06-03,1624,STEELES  AVE E,BESTVIEW  DR,12 m West of,Major Arterial,North York,Intersection Related,No Control,Clear,Daylight,Dry,Non-Fatal Injury,Pedestrian Collisions,Driver,45 to 49,None,None,West,"Automobile, Station Wagon",Going Ahead,Driving Properly,Normal,None,None,None,None,None,None,Yes,None,Yes,None,None,None,None,Yes,None,None,None,None,None,49,Bayview Woods-Steeles,49,Bayview Woods-Steeles (49),D33
15614,None,2019-06-03,1624,STEELES  AVE E,BESTVIEW  DR,12 m West of,Major Arterial,North York,Intersection Related,No Control,Clear,Daylight,Dry,Non-Fatal Injury,Pedestrian Collisions,Passenger,10 to 14,None,None,None,None,None,None,None,None,None,None,None,None,None,Yes,None,Yes,None,None,None,None,Yes,None,None,None,None,None,49,Bayview Woods-Steeles,49,Bayview Woods-Steeles (49),D33
15615,None,2019-06-03,1624,STEELES  AVE E,BESTVIEW  DR,12 m West of,Major Arterial,North York,Intersection Related,No Control,Clear,Daylight,Dry,Non-Fatal Injury,Pedestrian Collisions,Passenger,5 to 9,None,None,None,None,None,None,None,None,None,None,None,None,None,Yes,None,Yes,None,None,None,None,Yes,None,None,None,None,None,49,Bayview Woods-Steeles,49,Bayview Woods-Steeles (49),D33
15616,None,2019-06-03,1624,STEELES  AVE E,BESTVIEW  DR,12 m West of,Major Arterial,North York,Intersection Related,No Control,Clear,Daylight,Dry,Non-Fatal Injury,Pedestrian Collisions,Pedestrian,45 to 49,Major,None,North,None,None,None,None,Pedestrian hit at mid-block,"Crossing, no Traffic Control",Normal,None,None,None,Yes,None,Yes,None,None,None,None,Yes,None,None,None,None,None,49,Bayview Woods-Steeles,49,Bayview Woods-Steeles (49),D33
15617,None,2019-06-03,1936,LAKE SHORE BLVD W,NEWFOUNDLAND RD,None,Major Arterial,Scarborough,At Intersection,Traffic Signal,Clear,Daylight,Dry,Non-Fatal Injury,Cyclist Collisions,Driver,20 to 24,Major,None,East,"Automobile, Station Wagon",Turning Right,Failed to Yield Right of Way,Normal,None,None,None,None,None,None,None,Yes,Yes,None,None,None,None,None,None,Yes,None,None,None,163,Fort York-Liberty Village,82,Niagara (82),D14