_id,ACCNUM,DATE,TIME,STREET1,STREET2,OFFSET,ROAD_CLASS,DISTRICT,ACCLOC,TRAFFCTL,VISIBILITY,LIGHT,RDSFCOND,ACCLASS,IMPACTYPE,INVTYPE,INVAGE,INJURY,FATAL_NO,INITDIR,VEHTYPE,MANOEUVER,DRIVACT,DRIVCOND,PEDTYPE,PEDACT,PEDCOND,CYCLISTYPE,CYCACT,CYCCOND,PEDESTRIAN,CYCLIST,AUTOMOBILE,MOTORCYCLE,TRUCK,TRSN_CITY_VEH,EMERG_VEH,PASSENGER,SPEEDING,AG_DRIV,REDLIGHT,ALCOHOL,DISABILITY,HOOD_158,NEIGHBOURHOOD_158,HOOD_140,NEIGHBOURHOOD_140,DIVISION
15932,None,2019-09-09,2043,EGLINTON AVE W,CHILTERN HILL RD,None,Major Arterial,Toronto and East York,At Intersection,Stop Sign,Clear,Dark,Dry,Non-Fatal Injury,Turning Movement,Driver,45 to 49,None,None,North,"Automobile, Station Wagon",Turning Left,Failed to Yield Right of Way,Normal,None,None,None,None,None,None,None,None,Yes,None,None,None,None,None,None,Yes,None,None,None,106,Humewood-Cedarvale,106,Humewood-Cedarvale (106),D13
15933,None,2019-09-09,2043,EGLINTON AVE W,CHILTERN HILL RD,None,Major Arterial,Toronto and East York,At Intersection,Stop Sign,Clear,Dark,Dry,Non-Fatal Injury,Turning Movement,Driver,35 to 39,Major,None,East,"Automobile, Station Wagon",Going Ahead,Driving Properly,Normal,None,None,None,None,None,None,None,None,Yes,None,None,None,None,None,None,Yes,None,None,None,106,Humewood-Cedarvale,106,Humewood-Cedarvale (106),D13
15934,None,2019-09-10,740,19 FOUR WINDS DR,None,90 m East of,Collector,Etobicoke York,Non Intersection,No Control,Clear,Daylight,Dry,Non-Fatal Injury,Pedestrian Collisions,Driver,40 to 44,None,None,East,"Automobile, Station Wagon",Making U Turn,Other,Inattentive,None,None,None,None,None,None,Yes,None,Yes,None,None,None,None,None,None,None,None,None,None,27,York University Heights,27,York University Heights (27),D31
15935,None,2019-09-10,740,19 FOUR WINDS DR,None,90 m East of,Collector,Etobicoke York,Non Intersection,No Control,Clear,Daylight,Dry,Non-Fatal Injury,Pedestrian Collisions,Pedestrian,75 to 79,Major,None,Unknown,None,None,None,None,None,"Crossing, no Traffic Control",Normal,None,None,None,Yes,None,Yes,None,None,None,None,None,None,None,None,None,None,27,York University Heights,27,York University Heights (27),D31
15936,None,2019-09-10,959,YONGE ST,ERSKINE AVE,None,Major Arterial,North York,At Intersection,No Control,Clear,Daylight,Dry,Fatal,Pedestrian Collisions,Pedestrian,50 to 54,Fatal,41,South,None,None,None,None,Vehicle turns right while ped crosses with ROW at inter.,Crossing with right of way,Normal,None,None,None,Yes,None,None,None,Yes,None,None,None,None,None,None,None,None,173,North Toronto,104,Mount Pleasant West (104),D53
15937,None,2019-09-10,959,YONGE ST,ERSKINE AVE,None,Major Arterial,North York,At Intersection,No Control,Clear,Daylight,Dry,Fatal,Pedestrian Collisions,Driver,55 to 59,None,None,North,Truck - Open,Turning Right,Improper Turn,Unknown,None,None,None,None,None,None,Yes,None,None,None,Yes,None,None,None,None,None,None,None,None,173,North Toronto,104,Mount Pleasant West (104),D53
15938,None,2019-09-11,2056,JANE ST,GRANDRAVINE DR,None,Major Arterial,North York,At Intersection,Traffic Signal,Rain,"Dark, artificial",Wet,Non-Fatal Injury,Pedestrian Collisions,Driver,35 to 39,None,None,West,"Automobile, Station Wagon",Turning Left,Failed to Yield Right of Way,Inattentive,None,None,None,None,None,None,Yes,None,Yes,None,None,None,None,None,None,Yes,None,None,None,25,Glenfield-Jane Heights,25,Glenfield-Jane Heights (25),D31
15939,None,2019-09-11,2056,JANE ST,GRANDRAVINE DR,None,Major Arterial,North York,At Intersection,Traffic Signal,Rain,"Dark, artificial",Wet,Non-Fatal Injury,Pedestrian Collisions,Pedestrian,60 to 64,Major,None,East,None,None,None,None,Vehicle turns left while ped crosses with ROW at inter.,Crossing with right of way,Normal,None,None,None,Yes,None,Yes,None,None,None,None,None,None,Yes,None,None,None,25,Glenfield-Jane Heights,25,Glenfield-Jane Heights (25),D31
15940,None,2019-09-12,1055,BURNHAMTHORPE RD,THE WEST MALL,None,Major Arterial,Etobicoke York,At Intersection,Traffic Signal,Clear,Daylight,Dry,Non-Fatal Injury,Angle,Driver,25 to 29,None,None,West,Pick Up Truck,Going Ahead,Disobeyed Traffic Control,Had Been Drinking,None,None,None,None,None,None,None,None,Yes,None,None,None,None,Yes,Yes,Yes,Yes,None,None,13,Etobicoke West Mall,13,Etobicoke West Mall (13),D22
15941,None,2019-09-12,1055,BURNHAMTHORPE RD,THE WEST MALL,None,Major Arterial,Etobicoke York,At Intersection,Traffic Signal,Clear,Daylight,Dry,Non-Fatal Injury,Angle,Driver,50 to 54,Minor,None,South,"Automobile, Station Wagon",Going Ahead,Driving Properly,Normal,None,None,None,None,None,None,None,None,Yes,None,None,None,None,Yes,Yes,Yes,Yes,None,None,13,Etobicoke West Mall,13,Etobicoke West Mall (13),D22
15942,None,2019-09-12,1055,BURNHAMTHORPE RD,THE WEST MALL,None,Major Arterial,Etobicoke York,At Intersection,Traffic Signal,Clear,Daylight,Dry,Non-Fatal Injury,Angle,Passenger,25 to 29,Major,None,None,None,None,None,None,None,None,None,None,None,None,None,None,Yes,None,None,None,None,Yes,Yes,Yes,Yes,None,None,13,Etobicoke West Mall,13,Etobicoke West Mall (13),D22
15943,None,2019-09-12,2103,MARTIN GROVE RD,EGLINTON AVE W,None,Major Arterial,Etobicoke York,At Intersection,Traffic Signal,Clear,"Dark, artificial",Dry,Non-Fatal Injury,Cyclist Collisions,Driver,50 to 54,None,None,North,"Automobile, Station Wagon",Going Ahead,Driving Properly,Normal,None,None,None,None,None,None,None,Yes,Yes,None,None,None,None,None,None,None,None,None,None,10,Princess-Rosethorn,10,Princess-Rosethorn (10),D22
15944,None,2019-09-12,2103,MARTIN GROVE RD,EGLINTON AVE W,None,Major Arterial,Etobicoke York,At Intersection,Traffic Signal,Clear,"Dark, artificial",Dry,Non-Fatal Injury,Cyclist Collisions,Cyclist,25 to 29,Major,None,East,Bicycle,Going Ahead,None,None,None,None,None,"Cyclist without ROW rides into path of motorist at inter, lnwy, dwy-Cyclist not turn.",Wrong Way on One Way Road,"Ability Impaired, Alcohol",None,Yes,Yes,None,None,None,None,None,None,None,None,None,None,10,Princess-Rosethorn,10,Princess-Rosethorn (10),D22
15945,None,2019-09-13,1640,LAKE SHORE BLVD W,LOWER SIMCOE ST,24 m East of,Expressway,Etobicoke York,Intersection Related,Traffic Signal,Clear,Daylight,Dry,Non-Fatal Injury,Pedestrian Collisions,Driver,30 to 34,None,None,West,Pick Up Truck,Going Ahead,Driving Properly,Normal,None,None,None,None,None,None,Yes,None,Yes,None,None,None,None,None,None,None,None,None,None,165,Harbourfront-CityPlace,77,Waterfront Communities-The Island (77),D52
15946,None,2019-09-13,1640,LAKE SHORE BLVD W,LOWER SIMCOE ST,24 m East of,Expressway,Etobicoke York,Intersection Related,Traffic Signal,Clear,Daylight,Dry,Non-Fatal Injury,Pedestrian Collisions,Pedestrian,50 to 54,Major,None,Unknown,None,None,None,None,Vehicle is going straight thru inter.while ped cross without ROW,Walking on Roadway with Traffic,Normal,None,None,None,Yes,None,Yes,None,None,None,None,None,None,None,None,None,None,165,Harbourfront-CityPlace,77,Waterfront Communities-The Island (77),D52
15947,None,2019-09-14,105,DON VALLEY PARKWAY  N,SPANBRIDGE RD,25 m South o,Expressway,North York,Non Intersection,No Control,Rain,"Dark, artificial",Wet,Non-Fatal Injury,SMV Other,Driver,60 to 64,Major,None,North,"Automobile, Station Wagon",Going Ahead,Lost control,Inattentive,None,None,None,None,None,None,None,None,Yes,None,None,None,None,Yes,None,Yes,None,None,None,44,Flemingdon Park,44,Flemingdon Park (44),D55
15948,None,2019-09-14,105,DON VALLEY PARKWAY  N,SPANBRIDGE RD,25 m South o,Expressway,North York,Non Intersection,No Control,Rain,"Dark, artificial",Wet,Non-Fatal Injury,SMV Other,Driver,45 to 49,Minimal,None,North,"Automobile, Station Wagon",Going Ahead,Driving Properly,Normal,None,None,None,None,None,None,None,None,Yes,None,None,None,None,Yes,None,Yes,None,None,None,44,Flemingdon Park,44,Flemingdon Park (44),D55
15949,None,2019-09-14,105,DON VALLEY PARKWAY  N,SPANBRIDGE RD,25 m South o,Expressway,North York,Non Intersection,No Control,Rain,"Dark, artificial",Wet,Non-Fatal Injury,SMV Other,Passenger,30 to 34,Minimal,None,None,None,None,None,None,None,None,None,None,None,None,None,None,Yes,None,None,None,None,Yes,None,Yes,None,None,None,44,Flemingdon Park,44,Flemingdon Park (44),D55
15950,None,2019-09-14,511,333 SHERBOURNE ST,None,None,Minor Arterial,Toronto and East York,At/Near Private Drive,No Control,Clear,"Daylight, artificial",Dry,Non-Fatal Injury,Cyclist Collisions,Truck Driver,35 to 39,None,None,North,Truck-Tractor,Turning Right,Improper Turn,Unknown,None,None,None,None,None,None,None,Yes,None,None,Yes,None,None,None,None,None,None,None,None,73,Moss Park,73,Moss Park (73),D51
15951,None,2019-09-14,511,333 SHERBOURNE ST,None,None,Minor Arterial,Toronto and East York,At/Near Private Drive,No Control,Clear,"Daylight, artificial",Dry,Non-Fatal Injury,Cyclist Collisions,Cyclist,40 to 44,Major,None,North,Bicycle,Going Ahead,None,None,None,None,None,"Motorist turns right at non-signal Inter.(stop, yield, no cont.,and dwy) and strikes cyclist.",Driving Properly,Normal,None,Yes,None,None,Yes,None,None,None,None,None,None,None,None,73,Moss Park,73,Moss Park (73),D51
15952,None,2019-09-15,1030,WILSON AVE,DELAHAYE ST,63 m East of,Major Arterial,North York,Non Intersection,No Control,Clear,Daylight,Wet,Non-Fatal Injury,Approaching,Driver,80 to 84,Major,None,West,"Automobile, Station Wagon",Going Ahead,Lost control,Medical or Physical Disability,None,None,None,None,None,None,None,None,Yes,None,None,None,None,None,None,Yes,None,None,Yes,33,Clanton Park,33,Clanton Park (33),D32
15953,None,2019-09-15,1030,WILSON AVE,DELAHAYE ST,63 m East of,Major Arterial,North York,Non Intersection,No Control,Clear,Daylight,Wet,Non-Fatal Injury,Approaching,Driver,35 to 39,None,None,East,Pick Up Truck,Slowing or Stopping,Driving Properly,Normal,None,None,None,None,None,None,None,None,Yes,None,None,None,None,None,None,Yes,None,None,Yes,33,Clanton Park,33,Clanton Park (33),D32
15954,None,2019-09-16,42,JARVIS ST,RICHARD BIGLEY  LANE,None,Major Arterial,Scarborough,Non Intersection,No Control,Clear,"Dark, artificial",Dry,Non-Fatal Injury,Pedestrian Collisions,Driver,30 to 34,None,None,South,"Automobile, Station Wagon",Going Ahead,Driving Properly,Normal,None,None,None,None,None,None,Yes,None,Yes,None,None,None,None,None,None,None,None,None,None,73,Moss Park,73,Moss Park (73),D51
15955,None,2019-09-16,42,JARVIS ST,RICHARD BIGLEY  LANE,None,Major Arterial,Scarborough,Non Intersection,No Control,Clear,"Dark, artificial",Dry,Non-Fatal Injury,Pedestrian Collisions,Pedestrian,35 to 39,Major,None,East,None,None,None,None,Pedestrian hit at mid-block,"Crossing, no Traffic Control",Inattentive,None,None,None,Yes,None,Yes,None,None,None,None,None,None,None,None,None,None,73,Moss Park,73,Moss Park (73),D51
15956,None,2019-09-16,1016,BRIMLEY RD,HEATHER RD,None,Major Arterial,Scarborough,At Intersection,Traffic Signal,Clear,Daylight,Dry,Non-Fatal Injury,Approaching,Driver,20 to 24,Major,None,South,"Automobile, Station Wagon",Going Ahead,Other,Had Been Drinking,None,None,None,None,None,None,None,None,Yes,None,Yes,None,None,None,None,None,None,None,None,129,Agincourt North,129,Agincourt North (129),D42
15957,None,2019-09-16,1016,BRIMLEY RD,HEATHER RD,None,Major Arterial,Scarborough,At Intersection,Traffic Signal,Clear,Daylight,Dry,Non-Fatal Injury,Approaching,Truck Driver,60 to 64,None,None,North,Truck - Dump,Going Ahead,Driving Properly,Normal,None,None,None,None,None,None,None,None,Yes,None,Yes,None,None,None,None,None,None,None,None,129,Agincourt North,129,Agincourt North (129),D42
15958,None,2019-09-17,1630,LA ROSE AVE,SCARLETT RD,25 m West of,Collector,Etobicoke York,At/Near Private Drive,No Control,Clear,Daylight,Dry,Non-Fatal Injury,Cyclist Collisions,Driver,20 to 24,None,None,West,"Automobile, Station Wagon",Turning Left,Failed to Yield Right of Way,Normal,None,None,None,None,None,None,None,Yes,Yes,None,None,None,None,None,None,Yes,None,None,None,8,Humber Heights-Westmount,8,Humber Heights-Westmount (8),D23
15959,None,2019-09-17,1630,LA ROSE AVE,SCARLETT RD,25 m West of,Collector,Etobicoke York,At/Near Private Drive,No Control,Clear,Daylight,Dry,Non-Fatal Injury,Cyclist Collisions,Cyclist,50 to 54,Major,None,East,Bicycle,Going Ahead,None,None,None,None,None,"Motorist turns right at non-signal Inter.(stop, yield, no cont.,and dwy) and strikes cyclist.",Driving Properly,Normal,None,Yes,Yes,None,None,None,None,None,None,Yes,None,None,None,8,Humber Heights-Westmount,8,Humber Heights-Westmount (8),D23
15960,None,2019-09-17,2000,LAWRENCE AVE E,AINSDALE RD,None,Major Arterial,Scarborough,Intersection Related,Stop Sign,Clear,Daylight,Dry,Fatal,Pedestrian Collisions,Driver,55 to 59,Minimal,None,South,Pick Up Truck,Turning Left,Driving Properly,Normal,None,None,None,None,None,None,Yes,None,Yes,None,None,None,None,None,None,None,None,None,None,119,Wexford/Maryvale,119,Wexford/Maryvale (119),D41
15961,None,2019-09-17,2000,LAWRENCE AVE E,AINSDALE RD,None,Major Arterial,Scarborough,Intersection Related,Stop Sign,Clear,Daylight,Dry,Fatal,Pedestrian Collisions,Pedestrian,55 to 59,Fatal,42,Unknown,None,None,None,None,Vehicle turns left while ped crosses without ROW at inter.,"Crossing, no Traffic Control",Normal,None,None,None,Yes,None,Yes,None,None,None,None,None,None,None,None,None,None,119,Wexford/Maryvale,119,Wexford/Maryvale (119),D41
15962,None,2019-09-21,1430,KINGSTON RD,OVERTURE RD,170 m East o,Major Arterial,Scarborough,Non Intersection,No Control,Clear,Daylight,Dry,Non-Fatal Injury,Pedestrian Collisions,Driver,60 to 64,None,None,East,Municipal Transit Bus (TTC),Going Ahead,Driving Properly,Normal,None,None,None,None,None,None,Yes,None,None,None,None,Yes,None,None,None,None,None,None,None,136,West Hill,136,West Hill (136),D43
15963,None,2019-09-21,1430,KINGSTON RD,OVERTURE RD,170 m East o,Major Arterial,Scarborough,Non Intersection,No Control,Clear,Daylight,Dry,Non-Fatal Injury,Pedestrian Collisions,Pedestrian,25 to 29,Major,None,North,None,None,None,None,Pedestrian hit at mid-block,Walking on Roadway Against Traffic,Had Been Drinking,None,None,None,Yes,None,None,None,None,Yes,None,None,None,None,None,None,None,136,West Hill,136,West Hill (136),D43
15964,None,2019-09-21,2242,MCCOWAN RD,HOLLYHEDGE DR,None,Major Arterial,Scarborough,At Intersection,No Control,Clear,Dark,Dry,Non-Fatal Injury,Turning Movement,Driver,35 to 39,Major,None,North,Passenger Van,Turning Left,Improper Turn,Normal,None,None,None,None,None,None,None,None,Yes,Yes,None,None,None,None,None,None,None,None,None,157,Bendale South,127,Bendale (127),D43
15965,None,2019-09-21,2242,MCCOWAN RD,HOLLYHEDGE DR,None,Major Arterial,Scarborough,At Intersection,No Control,Clear,Dark,Dry,Non-Fatal Injury,Turning Movement,Motorcycle Driver,25 to 29,None,None,South,Motorcycle,Going Ahead,Driving Properly,Normal,None,None,None,None,None,None,None,None,Yes,Yes,None,None,None,None,None,None,None,None,None,157,Bendale South,127,Bendale (127),D43
15966,None,2019-09-23,2019,SCARBOROUGH GOLF CLUB RD,CONFEDERATION DR,None,Minor Arterial,Scarborough,Non Intersection,No Control,Clear,Dusk,Dry,Fatal,Pedestrian Collisions,Pedestrian,15 to 19,Fatal,44,West,None,None,None,None,Pedestrian hit at mid-block,"Crossing, no Traffic Control",Inattentive,None,None,None,Yes,None,Yes,None,None,None,None,None,None,None,None,None,None,141,Golfdale-Cedarbrae-Woburn,137,Woburn (137),D43
15967,None,2019-09-23,2019,SCARBOROUGH GOLF CLUB RD,CONFEDERATION DR,None,Minor Arterial,Scarborough,Non Intersection,No Control,Clear,Dusk,Dry,Fatal,Pedestrian Collisions,Driver,20 to 24,None,None,South,"Automobile, Station Wagon",Going Ahead,Driving Properly,Normal,None,None,None,None,None,None,Yes,None,Yes,None,None,None,None,None,None,None,None,None,None,141,Golfdale-Cedarbrae-Woburn,137,Woburn (137),D43
15968,None,2019-09-24,321,EGLINTON AV W,HWY 401 W ON-RAMP,130 m West o,Major Arterial,Etobicoke York,Non Intersection,Traffic Signal,Clear,"Dark, artificial",Dry,Non-Fatal Injury,SMV Other,Driver,20 to 24,None,None,West,"Automobile, Station Wagon",Going Ahead,Lost control,"Ability Impaired, Alcohol Over .08",None,None,None,None,None,None,None,None,Yes,None,None,None,None,Yes,None,None,None,Yes,None,11,Eringate-Centennial-West Deane,11,Eringate-Centennial-West Deane (11),D22
15969,None,2019-09-24,321,EGLINTON AV W,HWY 401 W ON-RAMP,130 m West o,Major Arterial,Etobicoke York,Non Intersection,Traffic Signal,Clear,"Dark, artificial",Dry,Non-Fatal Injury,SMV Other,Passenger,20 to 24,Major,None,None,None,None,None,None,None,None,None,None,None,None,None,None,Yes,None,None,None,None,Yes,None,None,None,Yes,None,11,Eringate-Centennial-West Deane,11,Eringate-Centennial-West Deane (11),D22
15970,None,2019-09-24,2046,DANFORTH AVE,WANSTEAD AVE,None,Major Arterial,Scarborough,At Intersection,No Control,Clear,"Dark, artificial",Dry,Fatal,Pedestrian Collisions,Pedestrian,65 to 69,Fatal,45,South,None,None,None,None,Vehicle is going straight thru inter.while ped cross without ROW,"Crossing, no Traffic Control",Unknown,None,None,None,Yes,None,Yes,None,None,None,None,None,None,None,None,None,None,121,Oakridge,121,Oakridge (121),D41
15971,None,2019-09-24,2046,DANFORTH AVE,WANSTEAD AVE,None,Major Arterial,Scarborough,At Intersection,No Control,Clear,"Dark, artificial",Dry,Fatal,Pedestrian Collisions,Driver,40 to 44,None,None,West,"Automobile, Station Wagon",Going Ahead,Driving Properly,Normal,None,None,None,None,None,None,Yes,None,Yes,None,None,None,None,None,None,None,None,None,None,121,Oakridge,121,Oakridge (121),D41
15972,None,2019-09-26,923,NASSAU ST,BATHURST ST,1 m North of,Collector,Toronto and East York,At/Near Private Drive,No Control,Clear,Daylight,Wet,Non-Fatal Injury,Pedestrian Collisions,Driver,70 to 74,None,None,North,"Automobile, Station Wagon",Reversing,Other,Unknown,None,None,None,None,None,None,Yes,None,Yes,None,None,None,None,None,None,None,None,None,None,78,Kensington-Chinatown,78,Kensington-Chinatown (78),D14
15973,None,2019-09-26,923,NASSAU ST,BATHURST ST,1 m North of,Collector,Toronto and East York,At/Near Private Drive,No Control,Clear,Daylight,Wet,Non-Fatal Injury,Pedestrian Collisions,Driver,30 to 34,None,None,North,"Automobile, Station Wagon",Stopped,Other,Unknown,None,None,None,None,None,None,Yes,None,Yes,None,None,None,None,None,None,None,None,None,None,78,Kensington-Chinatown,78,Kensington-Chinatown (78),D14
15974,None,2019-09-26,923,NASSAU ST,BATHURST ST,1 m North of,Collector,Toronto and East York,At/Near Private Drive,No Control,Clear,Daylight,Wet,Non-Fatal Injury,Pedestrian Collisions,Pedestrian,25 to 29,Major,None,Unknown,None,None,None,None,Vehicle is reversing and hits pedestrian,Other,Normal,None,None,None,Yes,None,Yes,None,None,None,None,None,None,None,None,None,None,78,Kensington-Chinatown,78,Kensington-Chinatown (78),D14
15975,None,2019-09-26,1445,EGLINTON AVE E,WYNFORD DR,60 m East of,Major Arterial,North York,Non Intersection,No Control,Clear,Daylight,Dry,Non-Fatal Injury,Cyclist Collisions,Cyclist,50 to 54,Major,None,East,Bicycle,Changing Lanes,None,None,None,None,None,Cyclist and Driver travelling in same direction. One vehicle sideswipes the other.,Lost control,Had Been Drinking,None,Yes,Yes,None,None,None,None,None,None,None,None,None,None,44,Flemingdon Park,44,Flemingdon Park (44),D55
15976,None,2019-09-26,1445,EGLINTON AVE E,WYNFORD DR,60 m East of,Major Arterial,North York,Non Intersection,No Control,Clear,Daylight,Dry,Non-Fatal Injury,Cyclist Collisions,Driver,35 to 39,None,None,East,Delivery Van,Going Ahead,Driving Properly,Normal,None,None,None,None,None,None,None,Yes,Yes,None,None,None,None,None,None,None,None,None,None,44,Flemingdon Park,44,Flemingdon Park (44),D55
15977,None,2019-09-26,1445,EGLINTON AVE E,WYNFORD DR,60 m East of,Major Arterial,North York,Non Intersection,No Control,Clear,Daylight,Dry,Non-Fatal Injury,Cyclist Collisions,Driver,25 to 29,None,None,East,Delivery Van,Going Ahead,Driving Properly,Normal,None,None,None,None,None,None,None,Yes,Yes,None,None,None,None,None,None,None,None,None,None,44,Flemingdon Park,44,Flemingdon Park (44),D55
15978,None,2019-09-28,649,SHEPPARD AVE W,JANE ST,None,Major Arterial,North York,Non Intersection,No Control,Rain,"Dark, artificial",Wet,Non-Fatal Injury,Approaching,Driver,55 to 59,Major,None,West,"Automobile, Station Wagon",Going Ahead,Lost control,Unknown,None,None,None,None,None,None,None,None,Yes,None,None,Yes,None,None,Yes,Yes,None,None,None,25,Glenfield-Jane Heights,25,Glenfield-Jane Heights (25),D31
15979,None,2019-09-28,649,SHEPPARD AVE W,JANE ST,None,Major Arterial,North York,Non Intersection,No Control,Rain,"Dark, artificial",Wet,Non-Fatal Injury,Approaching,Driver,50 to 54,Minor,None,East,Municipal Transit Bus (TTC),Going Ahead,Driving Properly,Normal,None,None,None,None,None,None,None,None,Yes,None,None,Yes,None,None,Yes,Yes,None,None,None,25,Glenfield-Jane Heights,25,Glenfield-Jane Heights (25),D31
15980,None,2019-09-28,2015,KENNEDY RD,ST CLAIR AVE E,None,Major Arterial,Scarborough,At Intersection,Traffic Signal,Clear,"Dark, artificial",Dry,Fatal,Angle,Passenger,40 to 44,None,None,None,"Automobile, Station Wagon",None,None,None,None,None,None,None,None,None,None,None,Yes,None,None,None,None,Yes,None,Yes,Yes,None,None,120,Clairlea-Birchmount,120,Clairlea-Birchmount (120),D41
15981,None,2019-09-28,2015,KENNEDY RD,ST CLAIR AVE E,None,Major Arterial,Scarborough,At Intersection,Traffic Signal,Clear,"Dark, artificial",Dry,Fatal,Angle,Driver,65 to 69,Fatal,46,North,"Automobile, Station Wagon",Going Ahead,Disobeyed Traffic Control,Unknown,None,None,None,None,None,None,None,None,Yes,None,None,None,None,Yes,None,Yes,Yes,None,None,120,Clairlea-Birchmount,120,Clairlea-Birchmount (120),D41
15982,None,2019-09-28,2015,KENNEDY RD,ST CLAIR AVE E,None,Major Arterial,Scarborough,At Intersection,Traffic Signal,Clear,"Dark, artificial",Dry,Fatal,Angle,Passenger,60 to 64,Minor,None,None,"Automobile, Station Wagon",None,None,None,None,None,None,None,None,None,None,None,Yes,None,None,None,None,Yes,None,Yes,Yes,None,None,120,Clairlea-Birchmount,120,Clairlea-Birchmount (120),D41
15983,None,2019-09-28,2015,KENNEDY RD,ST CLAIR AVE E,None,Major Arterial,Scarborough,At Intersection,Traffic Signal,Clear,"Dark, artificial",Dry,Fatal,Angle,Driver,35 to 39,None,None,West,"Automobile, Station Wagon",Going Ahead,Driving Properly,Normal,None,None,None,None,None,None,None,None,Yes,None,None,None,None,Yes,None,Yes,Yes,None,None,120,Clairlea-Birchmount,120,Clairlea-Birchmount (120),D41
15984,None,2019-09-28,2015,KENNEDY RD,ST CLAIR AVE E,None,Major Arterial,Scarborough,At Intersection,Traffic Signal,Clear,"Dark, artificial",Dry,Fatal,Angle,Passenger,5 to 9,Minor,None,None,"Automobile, Station Wagon",None,None,None,None,None,None,None,None,None,None,None,Yes,None,None,None,None,Yes,None,Yes,Yes,None,None,120,Clairlea-Birchmount,120,Clairlea-Birchmount (120),D41
15985,None,2019-09-29,2031,KIPLING AVE,BETHRIDGE RD,None,Major Arterial,Etobicoke York,Non Intersection,No Control,Clear,"Daylight, artificial",Dry,Fatal,Pedestrian Collisions,Pedestrian,55 to 59,Fatal,47,East,None,None,None,None,Pedestrian hit at mid-block,"Crossing, no Traffic Control",Unknown,None,None,None,Yes,None,Yes,None,None,None,None,None,None,None,None,None,None,1,West Humber-Clairville,1,West Humber-Clairville (1),D23
15986,None,2019-09-29,2031,KIPLING AVE,BETHRIDGE RD,None,Major Arterial,Etobicoke York,Non Intersection,No Control,Clear,"Daylight, artificial",Dry,Fatal,Pedestrian Collisions,Driver,50 to 54,None,None,North,"Automobile, Station Wagon",Going Ahead,Driving Properly,Normal,None,None,None,None,None,None,Yes,None,Yes,None,None,None,None,None,None,None,None,None,None,1,West Humber-Clairville,1,West Humber-Clairville (1),D23
15987,None,2019-10-04,955,EGLINTON AVE W,HEDDINGTON AVE,None,Major Arterial,North York,At Intersection,Traffic Signal,Clear,Daylight,Dry,Non-Fatal Injury,Pedestrian Collisions,Driver,45 to 49,None,None,South,"Automobile, Station Wagon",Turning Left,Failed to Yield Right of Way,Normal,None,None,None,None,None,None,Yes,None,Yes,None,None,None,None,None,None,Yes,None,None,None,101,Forest Hill South,101,Forest Hill South (101),D53
15988,None,2019-10-04,955,EGLINTON AVE W,HEDDINGTON AVE,None,Major Arterial,North York,At Intersection,Traffic Signal,Clear,Daylight,Dry,Non-Fatal Injury,Pedestrian Collisions,Pedestrian,40 to 44,Major,None,North,None,None,None,None,Vehicle turns left while ped crosses with ROW at inter.,Crossing with right of way,Normal,None,None,None,Yes,None,Yes,None,None,None,None,None,None,Yes,None,None,None,101,Forest Hill South,101,Forest Hill South (101),D53
15989,None,2019-10-04,2231,BATHURST ST,LAKE SHORE BLVD W,5 m South of,Major Arterial,Toronto and East York,At Intersection,Traffic Signal,Clear,Dark,Dry,Non-Fatal Injury,Pedestrian Collisions,Driver,20 to 24,None,None,North,"Automobile, Station Wagon",Turning Left,Improper Turn,Normal,None,None,None,None,None,None,Yes,None,Yes,None,None,None,None,None,None,None,None,None,None,163,Fort York-Liberty Village,82,Niagara (82),D14
15990,None,2019-10-04,2231,BATHURST ST,LAKE SHORE BLVD W,5 m South of,Major Arterial,Toronto and East York,At Intersection,Traffic Signal,Clear,Dark,Dry,Non-Fatal Injury,Pedestrian Collisions,Pedestrian,30 to 34,Major,None,North,None,None,None,None,Vehicle turns left while ped crosses with ROW at inter.,Crossing with right of way,Normal,None,None,None,Yes,None,Yes,None,None,None,None,None,None,None,None,None,None,163,Fort York-Liberty Village,82,Niagara (82),D14
15991,None,2019-10-05,1611,DUPONT ST,BEDFORD RD,None,Minor Arterial,Toronto and East York,At Intersection,No Control,Clear,Daylight,Dry,Non-Fatal Injury,Cyclist Collisions,Driver,35 to 39,None,None,West,"Automobile, Station Wagon",Turning Left,Other,Normal,None,None,None,None,None,None,None,Yes,Yes,None,None,None,None,None,None,None,None,None,None,95,Annex,95,Annex (95),D53
15992,None,2019-10-05,1611,DUPONT ST,BEDFORD RD,None,Minor Arterial,Toronto and East York,At Intersection,No Control,Clear,Daylight,Dry,Non-Fatal Injury,Cyclist Collisions,Cyclist,60 to 64,Major,None,East,Bicycle,Going Ahead,None,None,None,None,None,Motorist turned left across cyclists path.,Driving Properly,Normal,None,Yes,Yes,None,None,None,None,None,None,None,None,None,None,95,Annex,95,Annex (95),D53
15993,None,2019-10-08,1735,COLLEGE ST,BATHURST ST,10 m East of,Major Arterial,Toronto and East York,At Intersection,Traffic Signal,Clear,Daylight,Dry,Non-Fatal Injury,Pedestrian Collisions,Driver,20 to 24,None,None,West,"Automobile, Station Wagon",Going Ahead,Driving Properly,Normal,None,None,None,None,None,None,Yes,None,Yes,None,None,None,None,None,None,None,None,None,None,78,Kensington-Chinatown,78,Kensington-Chinatown (78),D14