_id,ACCNUM,DATE,TIME,STREET1,STREET2,OFFSET,ROAD_CLASS,DISTRICT,ACCLOC,TRAFFCTL,VISIBILITY,LIGHT,RDSFCOND,ACCLASS,IMPACTYPE,INVTYPE,INVAGE,INJURY,FATAL_NO,INITDIR,VEHTYPE,MANOEUVER,DRIVACT,DRIVCOND,PEDTYPE,PEDACT,PEDCOND,CYCLISTYPE,CYCACT,CYCCOND,PEDESTRIAN,CYCLIST,AUTOMOBILE,MOTORCYCLE,TRUCK,TRSN_CITY_VEH,EMERG_VEH,PASSENGER,SPEEDING,AG_DRIV,REDLIGHT,ALCOHOL,DISABILITY,HOOD_158,NEIGHBOURHOOD_158,HOOD_140,NEIGHBOURHOOD_140,DIVISION
16303,220521,2020-02-01,406,ST CLAIR AVE W,ATLAS AVE,23 m West of,Major Arterial,Toronto and East York,At Intersection,No Control,Clear,"Dark, artificial",Wet,Non-Fatal Injury,Rear End,Driver,20 to 24,Minimal,None,West,"Automobile, Station Wagon",Going Ahead,Speed too Fast For Condition,"Ability Impaired, Alcohol",None,None,None,None,None,None,None,None,Yes,None,None,None,None,Yes,Yes,Yes,None,Yes,None,94,Wychwood,94,Wychwood (94),D13
16304,220521,2020-02-01,406,ST CLAIR AVE W,ATLAS AVE,23 m West of,Major Arterial,Toronto and East York,At Intersection,No Control,Clear,"Dark, artificial",Wet,Non-Fatal Injury,Rear End,Driver,35 to 39,Major,None,West,"Automobile, Station Wagon",Going Ahead,Driving Properly,Normal,None,None,None,None,None,None,None,None,Yes,None,None,None,None,Yes,Yes,Yes,None,Yes,None,94,Wychwood,94,Wychwood (94),D13
16305,220521,2020-02-01,406,ST CLAIR AVE W,ATLAS AVE,23 m West of,Major Arterial,Toronto and East York,At Intersection,No Control,Clear,"Dark, artificial",Wet,Non-Fatal Injury,Rear End,Passenger,20 to 24,None,None,None,None,None,None,None,None,None,None,None,None,None,None,None,Yes,None,None,None,None,Yes,Yes,Yes,None,Yes,None,94,Wychwood,94,Wychwood (94),D13
16306,231164,2020-02-02,1756,KEELE ST,GULLIVER RD,12 m South o,Major Arterial,Etobicoke York,Intersection Related,Traffic Signal,Clear,"Dark, artificial",Wet,Non-Fatal Injury,Approaching,Driver,50 to 54,Major,None,South,"Automobile, Station Wagon",Going Ahead,Lost control,Medical or Physical Disability,None,None,None,None,None,None,None,None,Yes,None,None,None,None,None,None,None,None,None,Yes,30,Brookhaven-Amesbury,30,Brookhaven-Amesbury (30),D12
16307,231164,2020-02-02,1756,KEELE ST,GULLIVER RD,12 m South o,Major Arterial,Etobicoke York,Intersection Related,Traffic Signal,Clear,"Dark, artificial",Wet,Non-Fatal Injury,Approaching,Driver,50 to 54,Minimal,None,North,"Automobile, Station Wagon",Stopped,Driving Properly,Normal,None,None,None,None,None,None,None,None,Yes,None,None,None,None,None,None,None,None,None,Yes,30,Brookhaven-Amesbury,30,Brookhaven-Amesbury (30),D12
16308,245690,2020-02-04,1541,PHARMACY AVE,DONSIDE DR,20 m South o,Minor Arterial,Scarborough,At Intersection,No Control,Clear,Daylight,Dry,Non-Fatal Injury,Approaching,Driver,20 to 24,Minimal,None,North,"Automobile, Station Wagon",Going Ahead,Exceeding Speed Limit,Inattentive,None,None,None,None,None,None,None,None,Yes,None,None,None,None,Yes,Yes,Yes,None,None,None,120,Clairlea-Birchmount,120,Clairlea-Birchmount (120),D41
16309,245690,2020-02-04,1541,PHARMACY AVE,DONSIDE DR,20 m South o,Minor Arterial,Scarborough,At Intersection,No Control,Clear,Daylight,Dry,Non-Fatal Injury,Approaching,Driver,50 to 54,Major,None,South,"Automobile, Station Wagon",Going Ahead,Driving Properly,Normal,None,None,None,None,None,None,None,None,Yes,None,None,None,None,Yes,Yes,Yes,None,None,None,120,Clairlea-Birchmount,120,Clairlea-Birchmount (120),D41
16310,245690,2020-02-04,1541,PHARMACY AVE,DONSIDE DR,20 m South o,Minor Arterial,Scarborough,At Intersection,No Control,Clear,Daylight,Dry,Non-Fatal Injury,Approaching,Driver,25 to 29,None,None,South,"Automobile, Station Wagon",Going Ahead,Driving Properly,Normal,None,None,None,None,None,None,None,None,Yes,None,None,None,None,Yes,Yes,Yes,None,None,None,120,Clairlea-Birchmount,120,Clairlea-Birchmount (120),D41
16311,245690,2020-02-04,1541,PHARMACY AVE,DONSIDE DR,20 m South o,Minor Arterial,Scarborough,At Intersection,No Control,Clear,Daylight,Dry,Non-Fatal Injury,Approaching,Passenger,15 to 19,Minor,None,None,None,None,None,None,None,None,None,None,None,None,None,None,Yes,None,None,None,None,Yes,Yes,Yes,None,None,None,120,Clairlea-Birchmount,120,Clairlea-Birchmount (120),D41
16312,245690,2020-02-04,1541,PHARMACY AVE,DONSIDE DR,20 m South o,Minor Arterial,Scarborough,At Intersection,No Control,Clear,Daylight,Dry,Non-Fatal Injury,Approaching,Passenger,15 to 19,Major,None,None,None,None,None,None,None,None,None,None,None,None,None,None,Yes,None,None,None,None,Yes,Yes,Yes,None,None,None,120,Clairlea-Birchmount,120,Clairlea-Birchmount (120),D41
16313,245690,2020-02-04,1541,PHARMACY AVE,DONSIDE DR,20 m South o,Minor Arterial,Scarborough,At Intersection,No Control,Clear,Daylight,Dry,Non-Fatal Injury,Approaching,Passenger,15 to 19,Minor,None,None,None,None,None,None,None,None,None,None,None,None,None,None,Yes,None,None,None,None,Yes,Yes,Yes,None,None,None,120,Clairlea-Birchmount,120,Clairlea-Birchmount (120),D41
16314,270261,2020-02-07,1915,JANE ST,BEVERLY HILLS DR,None,Major Arterial,Etobicoke York,At Intersection,Traffic Signal,Clear,"Dark, artificial",Wet,Non-Fatal Injury,Pedestrian Collisions,Driver,50 to 54,None,None,South,"Automobile, Station Wagon",Going Ahead,Driving Properly,Normal,None,None,None,None,None,None,Yes,None,Yes,None,None,None,None,None,None,None,None,None,None,154,Oakdale-Beverley Heights,26,Downsview-Roding-CFB (26),D31
16315,270261,2020-02-07,1915,JANE ST,BEVERLY HILLS DR,None,Major Arterial,Etobicoke York,At Intersection,Traffic Signal,Clear,"Dark, artificial",Wet,Non-Fatal Injury,Pedestrian Collisions,Pedestrian,50 to 54,Major,None,West,None,None,None,None,Vehicle is going straight thru inter.while ped cross without ROW,Crossing without right of way,Normal,None,None,None,Yes,None,Yes,None,None,None,None,None,None,None,None,None,None,154,Oakdale-Beverley Heights,26,Downsview-Roding-CFB (26),D31
16316,296685,2020-02-11,1355,BATHURST ST,STORMONT AVE,2 m  of,Major Arterial,North York,At Intersection,No Control,Clear,Daylight,Dry,Non-Fatal Injury,Pedestrian Collisions,Driver,55 to 59,None,None,North,Passenger Van,Going Ahead,Driving Properly,Normal,None,None,None,None,None,None,Yes,None,Yes,None,None,None,None,None,None,None,None,None,None,39,Bedford Park-Nortown,39,Bedford Park-Nortown (39),D53
16317,296685,2020-02-11,1355,BATHURST ST,STORMONT AVE,2 m  of,Major Arterial,North York,At Intersection,No Control,Clear,Daylight,Dry,Non-Fatal Injury,Pedestrian Collisions,Pedestrian,10 to 14,Major,None,East,None,None,None,None,Vehicle is going straight thru inter.while ped cross without ROW,"Crossing, no Traffic Control",Normal,None,None,None,Yes,None,Yes,None,None,None,None,None,None,None,None,None,None,39,Bedford Park-Nortown,39,Bedford Park-Nortown (39),D53
16318,296685,2020-02-11,1355,BATHURST ST,STORMONT AVE,2 m  of,Major Arterial,North York,At Intersection,No Control,Clear,Daylight,Dry,Non-Fatal Injury,Pedestrian Collisions,Pedestrian,10 to 14,None,None,East,None,None,None,None,Vehicle is going straight thru inter.while ped cross without ROW,"Crossing, no Traffic Control",Normal,None,None,None,Yes,None,Yes,None,None,None,None,None,None,None,None,None,None,39,Bedford Park-Nortown,39,Bedford Park-Nortown (39),D53
16319,316011,2020-02-13,2345,BAY ST,LAKE SHORE BLVD W,30 m North o,Major Arterial,Toronto and East York,Intersection Related,No Control,Clear,"Dark, artificial",Dry,Non-Fatal Injury,Pedestrian Collisions,Driver,30 to 34,None,None,South,"Automobile, Station Wagon",Going Ahead,Other,Had Been Drinking,None,None,None,None,None,None,Yes,None,Yes,None,None,None,None,None,None,Yes,None,None,None,166,St Lawrence-East Bayfront-The Islands,77,Waterfront Communities-The Island (77),D52
16320,316011,2020-02-13,2345,BAY ST,LAKE SHORE BLVD W,30 m North o,Major Arterial,Toronto and East York,Intersection Related,No Control,Clear,"Dark, artificial",Dry,Non-Fatal Injury,Pedestrian Collisions,Pedestrian,30 to 34,Major,None,West,None,None,None,None,Pedestrian hit at mid-block,"Crossing, no Traffic Control",Normal,None,None,None,Yes,None,Yes,None,None,None,None,None,None,Yes,None,None,None,166,St Lawrence-East Bayfront-The Islands,77,Waterfront Communities-The Island (77),D52
16321,332841,2020-02-16,1130,STEELES AVE E,CONACHER DR,66 m West of,Major Arterial,North York,Non Intersection,No Control,Clear,Daylight,Dry,Non-Fatal Injury,Rear End,Driver,70 to 74,None,None,East,"Automobile, Station Wagon",Going Ahead,Following too Close,Inattentive,None,None,None,None,None,None,None,None,Yes,None,None,None,None,Yes,None,Yes,None,None,None,50,Newtonbrook East,50,Newtonbrook East (50),D32
16322,332841,2020-02-16,1130,STEELES AVE E,CONACHER DR,66 m West of,Major Arterial,North York,Non Intersection,No Control,Clear,Daylight,Dry,Non-Fatal Injury,Rear End,Driver,25 to 29,Major,None,East,"Automobile, Station Wagon",Slowing or Stopping,Driving Properly,Normal,None,None,None,None,None,None,None,None,Yes,None,None,None,None,Yes,None,Yes,None,None,None,50,Newtonbrook East,50,Newtonbrook East (50),D32
16323,332841,2020-02-16,1130,STEELES AVE E,CONACHER DR,66 m West of,Major Arterial,North York,Non Intersection,No Control,Clear,Daylight,Dry,Non-Fatal Injury,Rear End,Driver,30 to 34,Minor,None,East,"Automobile, Station Wagon",Going Ahead,Driving Properly,Normal,None,None,None,None,None,None,None,None,Yes,None,None,None,None,Yes,None,Yes,None,None,None,50,Newtonbrook East,50,Newtonbrook East (50),D32
16324,332841,2020-02-16,1130,STEELES AVE E,CONACHER DR,66 m West of,Major Arterial,North York,Non Intersection,No Control,Clear,Daylight,Dry,Non-Fatal Injury,Rear End,Driver,60 to 64,None,None,East,Pick Up Truck,Stopped,Driving Properly,Normal,None,None,None,None,None,None,None,None,Yes,None,None,None,None,Yes,None,Yes,None,None,None,50,Newtonbrook East,50,Newtonbrook East (50),D32
16325,332841,2020-02-16,1130,STEELES AVE E,CONACHER DR,66 m West of,Major Arterial,North York,Non Intersection,No Control,Clear,Daylight,Dry,Non-Fatal Injury,Rear End,Passenger,75 to 79,None,None,None,"Automobile, Station Wagon",None,None,None,None,None,None,None,None,None,None,None,Yes,None,None,None,None,Yes,None,Yes,None,None,None,50,Newtonbrook East,50,Newtonbrook East (50),D32
16326,342262,2020-02-17,1949,LAKE SHORE BLVD W,THIRTY NINTH ST,15 m South o,Major Arterial,Etobicoke York,Intersection Related,No Control,Clear,"Dark, artificial",Dry,Non-Fatal Injury,Pedestrian Collisions,Driver,35 to 39,Minor,None,East,"Automobile, Station Wagon",Going Ahead,Lost control,Unknown,None,None,None,None,None,None,Yes,None,Yes,None,None,None,None,Yes,None,Yes,None,None,None,19,Long Branch,19,Long Branch (19),D22
16327,342262,2020-02-17,1949,LAKE SHORE BLVD W,THIRTY NINTH ST,15 m South o,Major Arterial,Etobicoke York,Intersection Related,No Control,Clear,"Dark, artificial",Dry,Non-Fatal Injury,Pedestrian Collisions,Driver,30 to 34,None,None,East,"Automobile, Station Wagon",Going Ahead,Driving Properly,Normal,None,None,None,None,None,None,Yes,None,Yes,None,None,None,None,Yes,None,Yes,None,None,None,19,Long Branch,19,Long Branch (19),D22
16328,342262,2020-02-17,1949,LAKE SHORE BLVD W,THIRTY NINTH ST,15 m South o,Major Arterial,Etobicoke York,Intersection Related,No Control,Clear,"Dark, artificial",Dry,Non-Fatal Injury,Pedestrian Collisions,Passenger,20 to 24,None,None,None,None,None,None,None,None,None,None,None,None,None,Yes,None,Yes,None,None,None,None,Yes,None,Yes,None,None,None,19,Long Branch,19,Long Branch (19),D22
16329,342262,2020-02-17,1949,LAKE SHORE BLVD W,THIRTY NINTH ST,15 m South o,Major Arterial,Etobicoke York,Intersection Related,No Control,Clear,"Dark, artificial",Dry,Non-Fatal Injury,Pedestrian Collisions,Passenger,25 to 29,None,None,None,None,None,None,None,None,None,None,None,None,None,Yes,None,Yes,None,None,None,None,Yes,None,Yes,None,None,None,19,Long Branch,19,Long Branch (19),D22
16330,342262,2020-02-17,1949,LAKE SHORE BLVD W,THIRTY NINTH ST,15 m South o,Major Arterial,Etobicoke York,Intersection Related,No Control,Clear,"Dark, artificial",Dry,Non-Fatal Injury,Pedestrian Collisions,Pedestrian,30 to 34,Major,None,Unknown,None,None,None,None,Vehicle hits the pedestrian walking or running out from between parked vehicles at mid-block,Coming From Behind Parked Vehicle,Normal,None,None,None,Yes,None,Yes,None,None,None,None,Yes,None,Yes,None,None,None,19,Long Branch,19,Long Branch (19),D22
16331,348999,2020-02-18,1818,4673 JANE ST,None,None,Major Arterial,North York,Non Intersection,No Control,Clear,"Dark, artificial",Wet,Non-Fatal Injury,Pedestrian Collisions,Driver,75 to 79,Minimal,None,North,"Automobile, Station Wagon",Going Ahead,Driving Properly,Normal,None,None,None,None,None,None,Yes,None,Yes,None,None,None,None,None,None,None,None,None,None,24,Black Creek,24,Black Creek (24),D31
16332,348999,2020-02-18,1818,4673 JANE ST,None,None,Major Arterial,North York,Non Intersection,No Control,Clear,"Dark, artificial",Wet,Non-Fatal Injury,Pedestrian Collisions,Pedestrian,85 to 89,Major,None,East,None,None,None,None,Pedestrian hit at mid-block,"Crossing, no Traffic Control",Inattentive,None,None,None,Yes,None,Yes,None,None,None,None,None,None,None,None,None,None,24,Black Creek,24,Black Creek (24),D31
16333,374527,2020-02-22,320,GRANDRAVINE DR,FUTURA DR,35 m East of,Collector,North York,Non Intersection,No Control,Clear,"Dark, artificial",Dry,Non-Fatal Injury,SMV Other,Driver,30 to 34,Minor,None,West,"Automobile, Station Wagon",Going Ahead,Speed too Fast For Condition,Unknown,None,None,None,None,None,None,None,None,Yes,None,None,None,None,Yes,Yes,Yes,None,None,None,25,Glenfield-Jane Heights,25,Glenfield-Jane Heights (25),D31
16334,374527,2020-02-22,320,GRANDRAVINE DR,FUTURA DR,35 m East of,Collector,North York,Non Intersection,No Control,Clear,"Dark, artificial",Dry,Non-Fatal Injury,SMV Other,Passenger,30 to 34,Major,None,None,None,None,None,None,None,None,None,None,None,None,None,None,Yes,None,None,None,None,Yes,Yes,Yes,None,None,None,25,Glenfield-Jane Heights,25,Glenfield-Jane Heights (25),D31
16335,374527,2020-02-22,320,GRANDRAVINE DR,FUTURA DR,35 m East of,Collector,North York,Non Intersection,No Control,Clear,"Dark, artificial",Dry,Non-Fatal Injury,SMV Other,Passenger,15 to 19,Minor,None,None,None,None,None,None,None,None,None,None,None,None,None,None,Yes,None,None,None,None,Yes,Yes,Yes,None,None,None,25,Glenfield-Jane Heights,25,Glenfield-Jane Heights (25),D31
16336,374527,2020-02-22,320,GRANDRAVINE DR,FUTURA DR,35 m East of,Collector,North York,Non Intersection,No Control,Clear,"Dark, artificial",Dry,Non-Fatal Injury,SMV Other,Passenger,25 to 29,Major,None,None,None,None,None,None,None,None,None,None,None,None,None,None,Yes,None,None,None,None,Yes,Yes,Yes,None,None,None,25,Glenfield-Jane Heights,25,Glenfield-Jane Heights (25),D31
16337,382209,2020-02-23,707,DON MILLS RD,LAWRENCE AVE E,None,Major Arterial,Etobicoke York,At Intersection,Traffic Signal,Clear,Daylight,Dry,Non-Fatal Injury,Angle,Driver,45 to 49,Major,None,South,"Automobile, Station Wagon",Going Ahead,Disobeyed Traffic Control,Normal,None,None,None,None,None,None,None,None,Yes,None,None,None,None,None,None,Yes,Yes,None,None,42,Banbury-Don Mills,42,Banbury-Don Mills (42),D33
16338,382209,2020-02-23,707,DON MILLS RD,LAWRENCE AVE E,None,Major Arterial,Etobicoke York,At Intersection,Traffic Signal,Clear,Daylight,Dry,Non-Fatal Injury,Angle,Driver,25 to 29,Minor,None,East,"Automobile, Station Wagon",Going Ahead,Driving Properly,Normal,None,None,None,None,None,None,None,None,Yes,None,None,None,None,None,None,Yes,Yes,None,None,42,Banbury-Don Mills,42,Banbury-Don Mills (42),D33
16339,385373,2020-02-23,1655,VICTORIA PARK AVE,HUNTINGWOOD DR,None,Major Arterial,North York,At Intersection,Traffic Signal,Clear,Daylight,Dry,Fatal,Pedestrian Collisions,Driver,55 to 59,None,None,West,"Automobile, Station Wagon",Turning Left,Failed to Yield Right of Way,Inattentive,None,None,None,None,None,None,Yes,None,Yes,None,None,None,None,Yes,None,Yes,None,None,None,147,L'Amoreaux West,117,L'Amoreaux (117),D42
16340,385373,2020-02-23,1655,VICTORIA PARK AVE,HUNTINGWOOD DR,None,Major Arterial,North York,At Intersection,Traffic Signal,Clear,Daylight,Dry,Fatal,Pedestrian Collisions,Passenger,25 to 29,None,None,West,None,None,None,None,None,None,None,None,None,None,Yes,None,Yes,None,None,None,None,Yes,None,Yes,None,None,None,147,L'Amoreaux West,117,L'Amoreaux (117),D42
16341,385373,2020-02-23,1655,VICTORIA PARK AVE,HUNTINGWOOD DR,None,Major Arterial,North York,At Intersection,Traffic Signal,Clear,Daylight,Dry,Fatal,Pedestrian Collisions,Pedestrian,75 to 79,Fatal,5,East,None,None,None,None,Vehicle turns left while ped crosses with ROW at inter.,Crossing with right of way,Normal,None,None,None,Yes,None,Yes,None,None,None,None,Yes,None,Yes,None,None,None,147,L'Amoreaux West,117,L'Amoreaux (117),D42
16342,401654,2020-02-25,2105,ST CLAIR AVE W,OLD WESTON RD,None,Major Arterial,Etobicoke York,At Intersection,Traffic Signal,Clear,"Dark, artificial",Dry,Non-Fatal Injury,Pedestrian Collisions,Driver,55 to 59,None,None,West,"Automobile, Station Wagon",Going Ahead,Driving Properly,Normal,None,None,None,None,None,None,Yes,None,Yes,None,None,None,None,None,None,None,None,None,None,91,Weston-Pelham Park,91,Weston-Pellam Park (91),D11
16343,401654,2020-02-25,2105,ST CLAIR AVE W,OLD WESTON RD,None,Major Arterial,Etobicoke York,At Intersection,Traffic Signal,Clear,"Dark, artificial",Dry,Non-Fatal Injury,Pedestrian Collisions,Pedestrian,65 to 69,Major,None,North,None,None,None,None,Vehicle is going straight thru inter.while ped cross without ROW,Crossing without right of way,Inattentive,None,None,None,Yes,None,Yes,None,None,None,None,None,None,None,None,None,None,91,Weston-Pelham Park,91,Weston-Pellam Park (91),D11
16344,418177,2020-02-28,650,KING ST E,SHERBOURNE ST,None,Major Arterial,Toronto and East York,At Intersection,Traffic Signal,Clear,Dawn,Dry,Non-Fatal Injury,Pedestrian Collisions,Driver,45 to 49,None,None,West,"Automobile, Station Wagon",Going Ahead,Driving Properly,Normal,None,None,None,None,None,None,Yes,None,Yes,None,None,None,None,None,None,Yes,None,None,None,73,Moss Park,73,Moss Park (73),D51
16345,418177,2020-02-28,650,KING ST E,SHERBOURNE ST,None,Major Arterial,Toronto and East York,At Intersection,Traffic Signal,Clear,Dawn,Dry,Non-Fatal Injury,Pedestrian Collisions,Pedestrian,45 to 49,Major,None,North,None,None,None,None,Vehicle is going straight thru inter.while ped cross without ROW,Crossing without right of way,Inattentive,None,None,None,Yes,None,Yes,None,None,None,None,None,None,Yes,None,None,None,73,Moss Park,73,Moss Park (73),D51
16346,418513,2020-02-28,810,YONGE ST,EMPRESS AVE,None,Major Arterial,North York,At Intersection,Traffic Signal,Clear,Daylight,Wet,Non-Fatal Injury,Pedestrian Collisions,Driver,55 to 59,None,None,South,"Automobile, Station Wagon",Turning Left,Failed to Yield Right of Way,Inattentive,None,None,None,None,None,None,Yes,None,Yes,None,None,None,None,None,None,Yes,None,None,None,151,Yonge-Doris,51,Willowdale East (51),D32
16347,418513,2020-02-28,810,YONGE ST,EMPRESS AVE,None,Major Arterial,North York,At Intersection,Traffic Signal,Clear,Daylight,Wet,Non-Fatal Injury,Pedestrian Collisions,Driver,35 to 39,None,None,North,"Automobile, Station Wagon",Going Ahead,Driving Properly,Normal,None,None,None,None,None,None,Yes,None,Yes,None,None,None,None,None,None,Yes,None,None,None,151,Yonge-Doris,51,Willowdale East (51),D32
16348,418513,2020-02-28,810,YONGE ST,EMPRESS AVE,None,Major Arterial,North York,At Intersection,Traffic Signal,Clear,Daylight,Wet,Non-Fatal Injury,Pedestrian Collisions,Pedestrian,30 to 34,Major,None,Unknown,None,None,None,None,Pedestrian hit on sidewalk or shoulder,On Sidewalk or Shoulder,Normal,None,None,None,Yes,None,Yes,None,None,None,None,None,None,Yes,None,None,None,151,Yonge-Doris,51,Willowdale East (51),D32
16349,418513,2020-02-28,810,YONGE ST,EMPRESS AVE,None,Major Arterial,North York,At Intersection,Traffic Signal,Clear,Daylight,Wet,Non-Fatal Injury,Pedestrian Collisions,Pedestrian,25 to 29,Minor,None,Unknown,None,None,None,None,Pedestrian hit on sidewalk or shoulder,On Sidewalk or Shoulder,Normal,None,None,None,Yes,None,Yes,None,None,None,None,None,None,Yes,None,None,None,151,Yonge-Doris,51,Willowdale East (51),D32
16350,418513,2020-02-28,810,YONGE ST,EMPRESS AVE,None,Major Arterial,North York,At Intersection,Traffic Signal,Clear,Daylight,Wet,Non-Fatal Injury,Pedestrian Collisions,Pedestrian,25 to 29,Major,None,Unknown,None,None,None,None,Pedestrian hit on sidewalk or shoulder,On Sidewalk or Shoulder,Normal,None,None,None,Yes,None,Yes,None,None,None,None,None,None,Yes,None,None,None,151,Yonge-Doris,51,Willowdale East (51),D32
16351,429600,2020-02-29,1716,FINCH AVE W,SILVERSTONE DR,None,Major Arterial,Etobicoke York,At Intersection,Traffic Signal,Clear,Daylight,Dry,Non-Fatal Injury,Pedestrian Collisions,Driver,55 to 59,None,None,West,"Automobile, Station Wagon",Going Ahead,Disobeyed Traffic Control,Inattentive,None,None,None,None,None,None,Yes,None,Yes,None,None,None,None,Yes,None,Yes,Yes,None,None,1,West Humber-Clairville,1,West Humber-Clairville (1),D23
16352,429600,2020-02-29,1716,FINCH AVE W,SILVERSTONE DR,None,Major Arterial,Etobicoke York,At Intersection,Traffic Signal,Clear,Daylight,Dry,Non-Fatal Injury,Pedestrian Collisions,Passenger,30 to 34,None,None,None,None,None,None,None,None,None,None,None,None,None,Yes,None,Yes,None,None,None,None,Yes,None,Yes,Yes,None,None,1,West Humber-Clairville,1,West Humber-Clairville (1),D23
16353,429600,2020-02-29,1716,FINCH AVE W,SILVERSTONE DR,None,Major Arterial,Etobicoke York,At Intersection,Traffic Signal,Clear,Daylight,Dry,Non-Fatal Injury,Pedestrian Collisions,Pedestrian,50 to 54,Major,None,South,None,None,None,None,Vehicle is going straight thru inter.while ped cross with ROW,Crossing with right of way,Normal,None,None,None,Yes,None,Yes,None,None,None,None,Yes,None,Yes,Yes,None,None,1,West Humber-Clairville,1,West Humber-Clairville (1),D23
16354,437574,2020-03-01,2100,WILSON AVE,PETHERHILL  AVE,27 m East of,Major Arterial,North York,Intersection Related,No Control,Clear,"Dark, artificial",Dry,Non-Fatal Injury,Other,Driver,35 to 39,None,None,East,Municipal Transit Bus (TTC),Pulling Away from Shoulder or Curb,Driving Properly,Normal,None,None,None,None,None,None,None,None,None,None,None,Yes,None,Yes,None,None,None,None,None,154,Oakdale-Beverley Heights,26,Downsview-Roding-CFB (26),D31
16355,437574,2020-03-01,2100,WILSON AVE,PETHERHILL  AVE,27 m East of,Major Arterial,North York,Intersection Related,No Control,Clear,"Dark, artificial",Dry,Non-Fatal Injury,Other,Passenger,50 to 54,Major,None,None,None,None,None,None,None,None,None,None,None,None,None,None,None,None,None,Yes,None,Yes,None,None,None,None,None,154,Oakdale-Beverley Heights,26,Downsview-Roding-CFB (26),D31
16356,442335,2020-03-02,1410,GERRARD ST E,BLANTYRE AVE,3 m West of,Minor Arterial,Scarborough,At Intersection,Pedestrian Crossover,Rain,Daylight,Wet,Non-Fatal Injury,Pedestrian Collisions,Driver,50 to 54,None,None,North,Pick Up Truck,Turning Left,Failed to Yield Right of Way,Inattentive,None,None,None,None,None,None,Yes,None,Yes,None,None,None,None,None,None,Yes,None,None,None,122,Birchcliffe-Cliffside,122,Birchcliffe-Cliffside (122),D41
16357,442335,2020-03-02,1410,GERRARD ST E,BLANTYRE AVE,3 m West of,Minor Arterial,Scarborough,At Intersection,Pedestrian Crossover,Rain,Daylight,Wet,Non-Fatal Injury,Pedestrian Collisions,Pedestrian,60 to 64,Major,None,North,None,None,None,None,Pedestrian hit a PXO/ped. Mid-block signal,"Crossing, Pedestrian Crossover",Normal,None,None,None,Yes,None,Yes,None,None,None,None,None,None,Yes,None,None,None,122,Birchcliffe-Cliffside,122,Birchcliffe-Cliffside (122),D41
16358,444225,2020-03-02,1815,KEELE ST,ST REGIS CRES,None,Major Arterial,North York,At Intersection,Traffic Signal,Clear,Dark,Wet,Non-Fatal Injury,Pedestrian Collisions,Driver,55 to 59,None,None,West,Passenger Van,Turning Left,Failed to Yield Right of Way,Inattentive,None,None,None,None,None,None,Yes,None,Yes,None,None,None,None,None,None,Yes,None,None,None,27,York University Heights,27,York University Heights (27),D31
16359,444225,2020-03-02,1815,KEELE ST,ST REGIS CRES,None,Major Arterial,North York,At Intersection,Traffic Signal,Clear,Dark,Wet,Non-Fatal Injury,Pedestrian Collisions,Pedestrian,55 to 59,Major,None,West,None,None,None,None,Vehicle turns left while ped crosses with ROW at inter.,Crossing with right of way,Normal,None,None,None,Yes,None,Yes,None,None,None,None,None,None,Yes,None,None,None,27,York University Heights,27,York University Heights (27),D31
16360,450742,2020-03-03,1520,GERRARD ST E,NORWOOD RD,None,Minor Arterial,Toronto and East York,At Intersection,Pedestrian Crossover,Rain,Daylight,Wet,Non-Fatal Injury,Pedestrian Collisions,Driver,55 to 59,None,None,West,"Automobile, Station Wagon",Going Ahead,Failed to Yield Right of Way,Inattentive,None,None,None,None,None,None,Yes,None,Yes,None,None,None,None,None,None,Yes,None,None,None,62,East End-Danforth,62,East End-Danforth (62),D55
16361,450742,2020-03-03,1520,GERRARD ST E,NORWOOD RD,None,Minor Arterial,Toronto and East York,At Intersection,Pedestrian Crossover,Rain,Daylight,Wet,Non-Fatal Injury,Pedestrian Collisions,Pedestrian,10 to 14,Major,None,North,None,None,None,None,Pedestrian hit a PXO/ped. Mid-block signal,"Crossing, Pedestrian Crossover",Normal,None,None,None,Yes,None,Yes,None,None,None,None,None,None,Yes,None,None,None,62,East End-Danforth,62,East End-Danforth (62),D55
16362,450834,2020-03-03,1532,BLOOR ST W,BRENTWOOD RD S,None,Major Arterial,Etobicoke York,At Intersection,Stop Sign,Rain,Daylight,Wet,Non-Fatal Injury,Pedestrian Collisions,Driver,35 to 39,None,None,North,"Automobile, Station Wagon",Turning Left,Driving Properly,Normal,None,None,None,None,None,None,Yes,None,Yes,None,None,None,None,Yes,None,None,None,None,None,16,Stonegate-Queensway,16,Stonegate-Queensway (16),D22
16363,450834,2020-03-03,1532,BLOOR ST W,BRENTWOOD RD S,None,Major Arterial,Etobicoke York,At Intersection,Stop Sign,Rain,Daylight,Wet,Non-Fatal Injury,Pedestrian Collisions,Passenger,5 to 9,None,None,None,None,None,None,None,None,None,None,None,None,None,Yes,None,Yes,None,None,None,None,Yes,None,None,None,None,None,16,Stonegate-Queensway,16,Stonegate-Queensway (16),D22
16364,450834,2020-03-03,1532,BLOOR ST W,BRENTWOOD RD S,None,Major Arterial,Etobicoke York,At Intersection,Stop Sign,Rain,Daylight,Wet,Non-Fatal Injury,Pedestrian Collisions,Pedestrian,25 to 29,Major,None,South,None,None,None,None,Vehicle turns left while ped crosses without ROW at inter.,"Crossing, no Traffic Control",Inattentive,None,None,None,Yes,None,Yes,None,None,None,None,Yes,None,None,None,None,None,16,Stonegate-Queensway,16,Stonegate-Queensway (16),D22