_id,ACCNUM,DATE,TIME,STREET1,STREET2,OFFSET,ROAD_CLASS,DISTRICT,ACCLOC,TRAFFCTL,VISIBILITY,LIGHT,RDSFCOND,ACCLASS,IMPACTYPE,INVTYPE,INVAGE,INJURY,FATAL_NO,INITDIR,VEHTYPE,MANOEUVER,DRIVACT,DRIVCOND,PEDTYPE,PEDACT,PEDCOND,CYCLISTYPE,CYCACT,CYCCOND,PEDESTRIAN,CYCLIST,AUTOMOBILE,MOTORCYCLE,TRUCK,TRSN_CITY_VEH,EMERG_VEH,PASSENGER,SPEEDING,AG_DRIV,REDLIGHT,ALCOHOL,DISABILITY,HOOD_158,NEIGHBOURHOOD_158,HOOD_140,NEIGHBOURHOOD_140,DIVISION
16425,819828,2020-05-01,1452,PEMBROKE ST,DUNDAS ST E,None,Major Arterial,Toronto and East York,At Intersection,Stop Sign,Clear,Daylight,Dry,Non-Fatal Injury,Pedestrian Collisions,Pedestrian,40 to 44,Major,None,Unknown,None,None,None,None,Pedestrian hit at mid-block,Other,Normal,None,None,None,Yes,None,Yes,None,None,None,None,Yes,None,Yes,None,None,None,73,Moss Park,73,Moss Park (73),D51
16426,823448,2020-05-02,459,CRAWFORD ST,DUNDAS ST W,78 m South o,Local,Toronto and East York,Non Intersection,No Control,Clear,"Dark, artificial",Dry,Non-Fatal Injury,Pedestrian Collisions,Driver,50 to 54,None,None,North,"Automobile, Station Wagon",Going Ahead,Other,Inattentive,None,None,None,None,None,None,Yes,None,Yes,None,None,None,None,None,None,None,None,None,None,81,Trinity-Bellwoods,81,Trinity-Bellwoods (81),D14
16427,823448,2020-05-02,459,CRAWFORD ST,DUNDAS ST W,78 m South o,Local,Toronto and East York,Non Intersection,No Control,Clear,"Dark, artificial",Dry,Non-Fatal Injury,Pedestrian Collisions,Pedestrian,35 to 39,Major,None,Unknown,None,None,None,None,Pedestrian hit at mid-block,"Crossing, no Traffic Control",Other,None,None,None,Yes,None,Yes,None,None,None,None,None,None,None,None,None,None,81,Trinity-Bellwoods,81,Trinity-Bellwoods (81),D14
16428,825994,2020-05-02,1538,12 QUEENS QUAY W,None,None,Minor Arterial,Toronto and East York,At/Near Private Drive,Stop Sign,Rain,Daylight,Wet,Non-Fatal Injury,Cyclist Collisions,Driver,30 to 34,None,None,North,"Automobile, Station Wagon",Turning Right,Failed to Yield Right of Way,Inattentive,None,None,None,None,None,None,None,Yes,Yes,None,None,None,None,Yes,None,Yes,None,None,None,166,St Lawrence-East Bayfront-The Islands,77,Waterfront Communities-The Island (77),D52
16429,825994,2020-05-02,1538,12 QUEENS QUAY W,None,None,Minor Arterial,Toronto and East York,At/Near Private Drive,Stop Sign,Rain,Daylight,Wet,Non-Fatal Injury,Cyclist Collisions,Cyclist,30 to 34,Major,None,East,Bicycle,Going Ahead,None,None,None,None,None,"Motorist turns right at non-signal Inter.(stop, yield, no cont.,and dwy) and strikes cyclist.",Driving Properly,Normal,None,Yes,Yes,None,None,None,None,Yes,None,Yes,None,None,None,166,St Lawrence-East Bayfront-The Islands,77,Waterfront Communities-The Island (77),D52
16430,825994,2020-05-02,1538,12 QUEENS QUAY W,None,None,Minor Arterial,Toronto and East York,At/Near Private Drive,Stop Sign,Rain,Daylight,Wet,Non-Fatal Injury,Cyclist Collisions,Passenger,25 to 29,None,None,None,None,None,None,None,None,None,None,None,None,None,None,Yes,Yes,None,None,None,None,Yes,None,Yes,None,None,None,166,St Lawrence-East Bayfront-The Islands,77,Waterfront Communities-The Island (77),D52
16431,826306,2020-05-02,1632,DUNDAS ST W,BLOOR ST W,None,Major Arterial,Etobicoke York,At Intersection,Traffic Signal,Clear,Daylight,Dry,Non-Fatal Injury,Angle,Driver,50 to 54,Major,None,South,"Automobile, Station Wagon",Going Ahead,Disobeyed Traffic Control,"Ability Impaired, Drugs",None,None,None,None,None,None,None,None,Yes,None,None,None,None,Yes,Yes,Yes,Yes,None,None,86,Roncesvalles,86,Roncesvalles (86),D11
16432,826306,2020-05-02,1632,DUNDAS ST W,BLOOR ST W,None,Major Arterial,Etobicoke York,At Intersection,Traffic Signal,Clear,Daylight,Dry,Non-Fatal Injury,Angle,Driver,50 to 54,Minimal,None,East,"Automobile, Station Wagon",Going Ahead,Driving Properly,Normal,None,None,None,None,None,None,None,None,Yes,None,None,None,None,Yes,Yes,Yes,Yes,None,None,86,Roncesvalles,86,Roncesvalles (86),D11
16433,826306,2020-05-02,1632,DUNDAS ST W,BLOOR ST W,None,Major Arterial,Etobicoke York,At Intersection,Traffic Signal,Clear,Daylight,Dry,Non-Fatal Injury,Angle,Driver,35 to 39,Minor,None,North,"Automobile, Station Wagon",Stopped,Driving Properly,Normal,None,None,None,None,None,None,None,None,Yes,None,None,None,None,Yes,Yes,Yes,Yes,None,None,86,Roncesvalles,86,Roncesvalles (86),D11
16434,826306,2020-05-02,1632,DUNDAS ST W,BLOOR ST W,None,Major Arterial,Etobicoke York,At Intersection,Traffic Signal,Clear,Daylight,Dry,Non-Fatal Injury,Angle,Driver,40 to 44,None,None,North,Pick Up Truck,Stopped,Driving Properly,Normal,None,None,None,None,None,None,None,None,Yes,None,None,None,None,Yes,Yes,Yes,Yes,None,None,86,Roncesvalles,86,Roncesvalles (86),D11
16435,826306,2020-05-02,1632,DUNDAS ST W,BLOOR ST W,None,Major Arterial,Etobicoke York,At Intersection,Traffic Signal,Clear,Daylight,Dry,Non-Fatal Injury,Angle,Passenger,55 to 59,None,None,None,None,None,None,None,None,None,None,None,None,None,None,None,Yes,None,None,None,None,Yes,Yes,Yes,Yes,None,None,86,Roncesvalles,86,Roncesvalles (86),D11
16436,826306,2020-05-02,1632,DUNDAS ST W,BLOOR ST W,None,Major Arterial,Etobicoke York,At Intersection,Traffic Signal,Clear,Daylight,Dry,Non-Fatal Injury,Angle,Passenger,25 to 29,None,None,None,None,None,None,None,None,None,None,None,None,None,None,None,Yes,None,None,None,None,Yes,Yes,Yes,Yes,None,None,86,Roncesvalles,86,Roncesvalles (86),D11
16437,826306,2020-05-02,1632,DUNDAS ST W,BLOOR ST W,None,Major Arterial,Etobicoke York,At Intersection,Traffic Signal,Clear,Daylight,Dry,Non-Fatal Injury,Angle,Passenger,25 to 29,None,None,None,None,None,None,None,None,None,None,None,None,None,None,None,Yes,None,None,None,None,Yes,Yes,Yes,Yes,None,None,86,Roncesvalles,86,Roncesvalles (86),D11
16438,827861,2020-05-02,2153,BRENTCLIFFE RD,EGLINTON AVE E,200 m East o,Major Arterial,North York,Non Intersection,No Control,Clear,"Dark, artificial",Dry,Non-Fatal Injury,SMV Other,Driver,50 to 54,Major,None,West,"Automobile, Station Wagon",Going Ahead,Lost control,Unknown,None,None,None,None,None,None,None,None,Yes,None,None,None,None,None,Yes,Yes,None,None,None,55,Thorncliffe Park,55,Thorncliffe Park (55),D53
16439,838759,2020-05-04,1847,THE QUEENSWAY,STEPHEN DR,None,Major Arterial,Etobicoke York,At Intersection,Traffic Signal,Clear,Daylight,Dry,Non-Fatal Injury,Turning Movement,Driver,40 to 44,Major,None,West,Delivery Van,Going Ahead,Disobeyed Traffic Control,Inattentive,None,None,None,None,None,None,None,None,Yes,None,None,Yes,None,None,None,Yes,Yes,None,None,16,Stonegate-Queensway,16,Stonegate-Queensway (16),D22
16440,838759,2020-05-04,1847,THE QUEENSWAY,STEPHEN DR,None,Major Arterial,Etobicoke York,At Intersection,Traffic Signal,Clear,Daylight,Dry,Non-Fatal Injury,Turning Movement,Driver,35 to 39,Minimal,None,South,"Automobile, Station Wagon",Turning Left,Driving Properly,Normal,None,None,None,None,None,None,None,None,Yes,None,None,Yes,None,None,None,Yes,Yes,None,None,16,Stonegate-Queensway,16,Stonegate-Queensway (16),D22
16441,838759,2020-05-04,1847,THE QUEENSWAY,STEPHEN DR,None,Major Arterial,Etobicoke York,At Intersection,Traffic Signal,Clear,Daylight,Dry,Non-Fatal Injury,Turning Movement,Driver,45 to 49,Minor,None,South,"Bus (Other) (Go Bus, Gray Coa",Turning Left,Driving Properly,Normal,None,None,None,None,None,None,None,None,Yes,None,None,Yes,None,None,None,Yes,Yes,None,None,16,Stonegate-Queensway,16,Stonegate-Queensway (16),D22
16442,849955,2020-05-06,1627,SPADINA AVE,BLUE JAYS WAY,4 m North of,Major Arterial,Toronto and East York,Intersection Related,No Control,Clear,Daylight,Dry,Non-Fatal Injury,Pedestrian Collisions,Driver,35 to 39,None,None,North,"Automobile, Station Wagon",Going Ahead,Driving Properly,Normal,None,None,None,None,None,None,Yes,None,Yes,None,None,None,None,None,None,None,None,None,None,165,Harbourfront-CityPlace,77,Waterfront Communities-The Island (77),D52
16443,849955,2020-05-06,1627,SPADINA AVE,BLUE JAYS WAY,4 m North of,Major Arterial,Toronto and East York,Intersection Related,No Control,Clear,Daylight,Dry,Non-Fatal Injury,Pedestrian Collisions,Pedestrian,25 to 29,Major,None,West,None,None,None,None,Vehicle is going straight thru inter.while ped cross without ROW,Crossing without right of way,Had Been Drinking,None,None,None,Yes,None,Yes,None,None,None,None,None,None,None,None,None,None,165,Harbourfront-CityPlace,77,Waterfront Communities-The Island (77),D52
16444,865160,2020-05-09,700,SCARBOROUGH GOLF CLUB RD,KINGSTON RD,None,Major Arterial,Scarborough,At Intersection,Traffic Signal,Clear,Daylight,Dry,Non-Fatal Injury,Pedestrian Collisions,Driver,35 to 39,None,None,South,Pick Up Truck,Turning Left,Driving Properly,Normal,None,None,None,None,None,None,Yes,None,Yes,None,None,None,None,None,None,None,None,None,None,140,Guildwood,140,Guildwood (140),D43
16445,865160,2020-05-09,700,SCARBOROUGH GOLF CLUB RD,KINGSTON RD,None,Major Arterial,Scarborough,At Intersection,Traffic Signal,Clear,Daylight,Dry,Non-Fatal Injury,Pedestrian Collisions,Pedestrian,55 to 59,Major,None,None,None,None,None,None,Vehicle turns left while ped crosses without ROW at inter.,Crossing without right of way,Normal,None,None,None,Yes,None,Yes,None,None,None,None,None,None,None,None,None,None,140,Guildwood,140,Guildwood (140),D43
16446,886175,2020-05-12,2109,TAPSCOTT RD,MELFORD DR,None,Minor Arterial,Scarborough,At Intersection,No Control,Clear,"Dark, artificial",Dry,Fatal,SMV Other,Motorcycle Driver,30 to 34,Fatal,8,North,Motorcycle,Going Ahead,Lost control,Unknown,None,None,None,None,None,None,None,None,None,Yes,None,None,None,None,None,None,None,None,None,145,Malvern West,132,Malvern (132),D42
16447,888584,2020-05-13,945,LAWRENCE AVE E,FERN MEADOW RD,None,Minor Arterial,Scarborough,Non Intersection,No Control,Clear,Daylight,Dry,Fatal,Pedestrian Collisions,Driver,35 to 39,None,None,West,Pick Up Truck,Going Ahead,Lost control,Unknown,None,None,None,None,None,None,Yes,None,Yes,None,None,None,None,None,None,None,None,None,None,136,West Hill,136,West Hill (136),D43
16448,888584,2020-05-13,945,LAWRENCE AVE E,FERN MEADOW RD,None,Minor Arterial,Scarborough,Non Intersection,No Control,Clear,Daylight,Dry,Fatal,Pedestrian Collisions,Pedestrian,75 to 79,Fatal,9,West,None,None,None,None,Pedestrian hit on sidewalk or shoulder,On Sidewalk or Shoulder,Normal,None,None,None,Yes,None,Yes,None,None,None,None,None,None,None,None,None,None,136,West Hill,136,West Hill (136),D43
16449,888584,2020-05-13,945,LAWRENCE AVE E,FERN MEADOW RD,None,Minor Arterial,Scarborough,Non Intersection,No Control,Clear,Daylight,Dry,Fatal,Pedestrian Collisions,Other,unknown,Minor,None,South,"Automobile, Station Wagon",Parked,None,None,None,None,None,None,None,None,Yes,None,Yes,None,None,None,None,None,None,None,None,None,None,136,West Hill,136,West Hill (136),D43
16450,888584,2020-05-13,945,LAWRENCE AVE E,FERN MEADOW RD,None,Minor Arterial,Scarborough,Non Intersection,No Control,Clear,Daylight,Dry,Fatal,Pedestrian Collisions,Other,unknown,Minor,None,South,"Automobile, Station Wagon",Parked,None,None,None,None,None,None,None,None,Yes,None,Yes,None,None,None,None,None,None,None,None,None,None,136,West Hill,136,West Hill (136),D43
16451,895313,2020-05-14,1149,EGLINTON AVE E,CEDAR DR,None,Major Arterial,Scarborough,Intersection Related,Traffic Signal,Clear,Daylight,Dry,Non-Fatal Injury,Pedestrian Collisions,Pedestrian,10 to 14,Major,None,Unknown,None,None,None,None,Pedestrian hit on sidewalk or shoulder,On Sidewalk or Shoulder,Normal,None,None,None,Yes,None,None,None,None,None,None,None,None,None,None,None,None,139,Scarborough Village,139,Scarborough Village (139),D43
16452,895313,2020-05-14,1149,EGLINTON AVE E,CEDAR DR,None,Major Arterial,Scarborough,Intersection Related,Traffic Signal,Clear,Daylight,Dry,Non-Fatal Injury,Pedestrian Collisions,Pedestrian,35 to 39,Minor,None,Unknown,None,None,None,None,Pedestrian hit on sidewalk or shoulder,On Sidewalk or Shoulder,Normal,None,None,None,Yes,None,None,None,None,None,None,None,None,None,None,None,None,139,Scarborough Village,139,Scarborough Village (139),D43
16453,895313,2020-05-14,1149,EGLINTON AVE E,CEDAR DR,None,Major Arterial,Scarborough,Intersection Related,Traffic Signal,Clear,Daylight,Dry,Non-Fatal Injury,Pedestrian Collisions,Pedestrian,50 to 54,Minor,None,Unknown,None,None,None,None,Pedestrian hit on sidewalk or shoulder,On Sidewalk or Shoulder,Normal,None,None,None,Yes,None,None,None,None,None,None,None,None,None,None,None,None,139,Scarborough Village,139,Scarborough Village (139),D43
16454,909285,2020-05-16,1752,RATHBURN RD,CENTENNIAL PARK RD,2 m West of,Minor Arterial,Etobicoke York,At Intersection,No Control,Clear,Daylight,Dry,Non-Fatal Injury,SMV Other,Motorcycle Driver,20 to 24,Major,None,West,Motorcycle,Going Ahead,Lost control,Normal,None,None,None,None,None,None,None,None,None,Yes,None,None,None,None,Yes,Yes,None,None,None,11,Eringate-Centennial-West Deane,11,Eringate-Centennial-West Deane (11),D22
16455,923482,2020-05-19,920,QUEEN ST E,CARLAW AVE,5 m West of,Minor Arterial,Toronto and East York,At Intersection,Traffic Signal,Clear,Daylight,Dry,Non-Fatal Injury,Angle,Driver,45 to 49,Major,None,South,"Automobile, Station Wagon",Going Ahead,Lost control,Medical or Physical Disability,None,None,None,None,None,None,None,None,Yes,None,None,Yes,None,None,None,None,None,None,Yes,70,South Riverdale,70,South Riverdale (70),D55
16456,923482,2020-05-19,920,QUEEN ST E,CARLAW AVE,5 m West of,Minor Arterial,Toronto and East York,At Intersection,Traffic Signal,Clear,Daylight,Dry,Non-Fatal Injury,Angle,Driver,40 to 44,None,None,West,Street Car,Going Ahead,Driving Properly,Normal,None,None,None,None,None,None,None,None,Yes,None,None,Yes,None,None,None,None,None,None,Yes,70,South Riverdale,70,South Riverdale (70),D55
16457,923881,2020-05-19,1040,LAWRENCE AVE E,KENNEDY RD,None,Major Arterial,Scarborough,At Intersection,Traffic Signal,Clear,Daylight,Dry,Fatal,Sideswipe,Driver,55 to 59,Fatal,12,West,"Automobile, Station Wagon",Changing Lanes,Improper Lane Change,Unknown,None,None,None,None,None,None,None,None,Yes,None,None,None,None,None,None,Yes,None,None,None,126,Dorset Park,126,Dorset Park (126),D41
16458,923881,2020-05-19,1040,LAWRENCE AVE E,KENNEDY RD,None,Major Arterial,Scarborough,At Intersection,Traffic Signal,Clear,Daylight,Dry,Fatal,Sideswipe,Driver,30 to 34,Minimal,None,West,"Automobile, Station Wagon",Going Ahead,Driving Properly,Normal,None,None,None,None,None,None,None,None,Yes,None,None,None,None,None,None,Yes,None,None,None,126,Dorset Park,126,Dorset Park (126),D41
16459,927087,2020-05-19,1952,BURNHAMTHORPE RD,MILL RD,None,Major Arterial,Etobicoke York,Non Intersection,No Control,Clear,Daylight,Dry,Fatal,SMV Other,Motorcycle Driver,60 to 64,Fatal,10,West,Motorcycle,Going Ahead,Lost control,Unknown,None,None,None,None,None,None,None,None,None,Yes,None,None,None,None,None,None,None,None,None,12,Markland Wood,12,Markland Wood (12),D22
16460,962030,2020-05-25,915,20 EDWARD  ST,None,5 m North of,Collector,North York,Non Intersection,No Control,Clear,Daylight,Dry,Non-Fatal Injury,Pedestrian Collisions,Driver,30 to 34,None,None,East,Delivery Van,Pulling Away from Shoulder or Curb,Other,Normal,None,None,None,None,None,None,Yes,None,Yes,None,None,None,None,None,None,None,None,None,None,170,Yonge-Bay Corridor,76,Bay Street Corridor (76),D52
16461,962030,2020-05-25,915,20 EDWARD  ST,None,5 m North of,Collector,North York,Non Intersection,No Control,Clear,Daylight,Dry,Non-Fatal Injury,Pedestrian Collisions,Pedestrian,45 to 49,Major,None,Unknown,None,None,None,None,Pedestrian hit on sidewalk or shoulder,On Sidewalk or Shoulder,Had Been Drinking,None,None,None,Yes,None,Yes,None,None,None,None,None,None,None,None,None,None,170,Yonge-Bay Corridor,76,Bay Street Corridor (76),D52
16462,972852,2020-05-26,1940,STEELES AVE W,BARMAC DR,None,Major Arterial,Etobicoke York,At Intersection,Traffic Signal,Clear,Daylight,Dry,Non-Fatal Injury,Pedestrian Collisions,Driver,40 to 44,None,None,North,Pick Up Truck,Turning Left,Failed to Yield Right of Way,Inattentive,None,None,None,None,None,None,Yes,None,Yes,None,None,None,None,None,None,Yes,None,None,None,21,Humber Summit,21,Humber Summit (21),D31
16463,972852,2020-05-26,1940,STEELES AVE W,BARMAC DR,None,Major Arterial,Etobicoke York,At Intersection,Traffic Signal,Clear,Daylight,Dry,Non-Fatal Injury,Pedestrian Collisions,Pedestrian,20 to 24,Major,None,South,None,None,None,None,Vehicle turns left while ped crosses with ROW at inter.,Crossing with right of way,Normal,None,None,None,Yes,None,Yes,None,None,None,None,None,None,Yes,None,None,None,21,Humber Summit,21,Humber Summit (21),D31
16464,985567,2020-05-28,1739,DAVISVILLE AVE,YONGE ST,189 m East o,Minor Arterial,Toronto and East York,At/Near Private Drive,Pedestrian Crossover,Rain,Daylight,Wet,Non-Fatal Injury,Pedestrian Collisions,Driver,30 to 34,None,None,West,"Automobile, Station Wagon",Going Ahead,Failed to Yield Right of Way,Inattentive,None,None,None,None,None,None,Yes,None,Yes,None,None,None,None,None,None,Yes,None,None,None,174,South Eglinton-Davisville,104,Mount Pleasant West (104),D53
16465,985567,2020-05-28,1739,DAVISVILLE AVE,YONGE ST,189 m East o,Minor Arterial,Toronto and East York,At/Near Private Drive,Pedestrian Crossover,Rain,Daylight,Wet,Non-Fatal Injury,Pedestrian Collisions,Pedestrian,35 to 39,Major,None,Unknown,None,None,None,None,Pedestrian hit a PXO/ped. Mid-block signal,"Crossing, Pedestrian Crossover",Normal,None,None,None,Yes,None,Yes,None,None,None,None,None,None,Yes,None,None,None,174,South Eglinton-Davisville,104,Mount Pleasant West (104),D53
16466,985567,2020-05-28,1739,DAVISVILLE AVE,YONGE ST,189 m East o,Minor Arterial,Toronto and East York,At/Near Private Drive,Pedestrian Crossover,Rain,Daylight,Wet,Non-Fatal Injury,Pedestrian Collisions,Pedestrian,30 to 34,Minor,None,Unknown,None,None,None,None,Pedestrian hit a PXO/ped. Mid-block signal,"Crossing, Pedestrian Crossover",Normal,None,None,None,Yes,None,Yes,None,None,None,None,None,None,Yes,None,None,None,174,South Eglinton-Davisville,104,Mount Pleasant West (104),D53
16467,987519,2020-05-29,44,LAWRENCE AVE E,MARKHAM RD,45 m West of,Major Arterial,Scarborough,Non Intersection,No Control,Clear,"Dark, artificial",Dry,Non-Fatal Injury,Turning Movement,Motorcycle Driver,30 to 34,Major,None,South,Motorcycle,Going Ahead,Speed too Fast For Condition,Normal,None,None,None,None,None,None,None,None,Yes,Yes,None,None,None,Yes,Yes,Yes,None,None,None,141,Golfdale-Cedarbrae-Woburn,137,Woburn (137),D43
16468,987519,2020-05-29,44,LAWRENCE AVE E,MARKHAM RD,45 m West of,Major Arterial,Scarborough,Non Intersection,No Control,Clear,"Dark, artificial",Dry,Non-Fatal Injury,Turning Movement,Driver,20 to 24,None,None,South,"Automobile, Station Wagon",Turning Left,Failed to Yield Right of Way,Normal,None,None,None,None,None,None,None,None,Yes,Yes,None,None,None,Yes,Yes,Yes,None,None,None,141,Golfdale-Cedarbrae-Woburn,137,Woburn (137),D43
16469,987519,2020-05-29,44,LAWRENCE AVE E,MARKHAM RD,45 m West of,Major Arterial,Scarborough,Non Intersection,No Control,Clear,"Dark, artificial",Dry,Non-Fatal Injury,Turning Movement,Passenger,20 to 24,None,None,None,None,None,None,None,None,None,None,None,None,None,None,None,Yes,Yes,None,None,None,Yes,Yes,Yes,None,None,None,141,Golfdale-Cedarbrae-Woburn,137,Woburn (137),D43
16470,992739,2020-05-29,2007,ERINGATE DR,RANGOON RD,6 m East of,Collector,Etobicoke York,At Intersection,No Control,Clear,Daylight,Dry,Non-Fatal Injury,SMV Other,Driver,55 to 59,Major,None,East,"Automobile, Station Wagon",Turning Left,Lost control,Normal,None,None,None,None,None,None,None,None,Yes,None,None,None,None,None,Yes,Yes,None,None,None,11,Eringate-Centennial-West Deane,11,Eringate-Centennial-West Deane (11),D22
16471,1010606,2020-06-01,1820,BATHURST ST,GLENGROVE AVE,None,Major Arterial,North York,At Intersection,Stop Sign,Clear,Daylight,Dry,Fatal,Turning Movement,Motorcycle Driver,25 to 29,Fatal,11,South,Motorcycle,Going Ahead,Exceeding Speed Limit,Unknown,None,None,None,None,None,None,None,None,Yes,Yes,None,None,None,None,Yes,Yes,None,None,None,39,Bedford Park-Nortown,39,Bedford Park-Nortown (39),D53
16472,1010606,2020-06-01,1820,BATHURST ST,GLENGROVE AVE,None,Major Arterial,North York,At Intersection,Stop Sign,Clear,Daylight,Dry,Fatal,Turning Movement,Driver,15 to 19,None,None,East,"Automobile, Station Wagon",Turning Left,Driving Properly,Normal,None,None,None,None,None,None,None,None,Yes,Yes,None,None,None,None,Yes,Yes,None,None,None,39,Bedford Park-Nortown,39,Bedford Park-Nortown (39),D53
16473,1010845,2020-06-01,1857,2525 WARDEN AVE,None,None,Major Arterial,Scarborough,Non Intersection,No Control,Clear,Daylight,Dry,Non-Fatal Injury,SMV Other,Driver,15 to 19,None,None,North,"Automobile, Station Wagon",Turning Right,Improper Turn,Normal,None,None,None,None,None,None,None,None,Yes,None,None,None,None,Yes,None,None,None,None,None,147,L'Amoreaux West,117,L'Amoreaux (117),D42
16474,1010845,2020-06-01,1857,2525 WARDEN AVE,None,None,Major Arterial,Scarborough,Non Intersection,No Control,Clear,Daylight,Dry,Non-Fatal Injury,SMV Other,Passenger,15 to 19,Major,None,None,None,None,None,None,None,None,None,None,None,None,None,None,Yes,None,None,None,None,Yes,None,None,None,None,None,147,L'Amoreaux West,117,L'Amoreaux (117),D42
16475,1010845,2020-06-01,1857,2525 WARDEN AVE,None,None,Major Arterial,Scarborough,Non Intersection,No Control,Clear,Daylight,Dry,Non-Fatal Injury,SMV Other,Passenger,20 to 24,None,None,None,None,None,None,None,None,None,None,None,None,None,None,None,Yes,None,None,None,None,Yes,None,None,None,None,None,147,L'Amoreaux West,117,L'Amoreaux (117),D42
16476,1016316,2020-06-02,1555,LAKE SHORE BLVD W,LOWER SIMCOE ST,None,Major Arterial,Toronto and East York,At Intersection,Traffic Signal,Clear,Daylight,Dry,Non-Fatal Injury,Angle,Motorcycle Driver,30 to 34,Major,None,East,Motorcycle,Going Ahead,Disobeyed Traffic Control,Inattentive,None,None,None,None,None,None,None,None,Yes,Yes,None,None,None,None,Yes,Yes,Yes,None,None,165,Harbourfront-CityPlace,77,Waterfront Communities-The Island (77),D52
16477,1016316,2020-06-02,1555,LAKE SHORE BLVD W,LOWER SIMCOE ST,None,Major Arterial,Toronto and East York,At Intersection,Traffic Signal,Clear,Daylight,Dry,Non-Fatal Injury,Angle,Driver,25 to 29,None,None,North,"Automobile, Station Wagon",Going Ahead,Driving Properly,Normal,None,None,None,None,None,None,None,None,Yes,Yes,None,None,None,None,Yes,Yes,Yes,None,None,165,Harbourfront-CityPlace,77,Waterfront Communities-The Island (77),D52
16478,1017235,2020-06-02,1856,777 BLOOR ST W,None,9 m South of,Major Arterial,Etobicoke York,Non Intersection,No Control,Clear,Daylight,Dry,Non-Fatal Injury,Cyclist Collisions,Driver,65 to 69,None,None,West,"Automobile, Station Wagon",Turning Left,Improper Turn,Unknown,None,None,None,None,None,None,None,Yes,Yes,None,None,None,None,None,None,None,None,None,None,80,Palmerston-Little Italy,80,Palmerston-Little Italy (80),D14
16479,1017235,2020-06-02,1856,777 BLOOR ST W,None,9 m South of,Major Arterial,Etobicoke York,Non Intersection,No Control,Clear,Daylight,Dry,Non-Fatal Injury,Cyclist Collisions,Cyclist,45 to 49,Major,None,East,Bicycle,Going Ahead,None,None,None,None,None,"Motorist without ROW drives into path of cyclist at inter, lnwy, dwy-Driver not turn.",Driving Properly,Normal,None,Yes,Yes,None,None,None,None,None,None,None,None,None,None,80,Palmerston-Little Italy,80,Palmerston-Little Italy (80),D14
16480,1045060,2020-06-07,15,KEELE ST,CALVINGTON DR,None,Major Arterial,North York,At Intersection,Traffic Signal,Clear,"Dark, artificial",Dry,Fatal,Pedestrian Collisions,Pedestrian,15 to 19,Fatal,13,North,None,None,None,None,Vehicle turns left while ped crosses with ROW at inter.,Crossing with right of way,Normal,None,None,None,Yes,None,Yes,None,None,None,None,None,Yes,Yes,None,None,None,155,Downsview,26,Downsview-Roding-CFB (26),D31
16481,1045060,2020-06-07,15,KEELE ST,CALVINGTON DR,None,Major Arterial,North York,At Intersection,Traffic Signal,Clear,"Dark, artificial",Dry,Fatal,Pedestrian Collisions,Driver,45 to 49,None,None,North,"Automobile, Station Wagon",Turning Left,Failed to Yield Right of Way,Unknown,None,None,None,None,None,None,Yes,None,Yes,None,None,None,None,None,Yes,Yes,None,None,None,155,Downsview,26,Downsview-Roding-CFB (26),D31
16482,1045060,2020-06-07,15,KEELE ST,CALVINGTON DR,None,Major Arterial,North York,At Intersection,Traffic Signal,Clear,"Dark, artificial",Dry,Fatal,Pedestrian Collisions,Pedestrian,15 to 19,Minor,None,North,None,None,None,None,Vehicle turns left while ped crosses with ROW at inter.,Crossing with right of way,Normal,None,None,None,Yes,None,Yes,None,None,None,None,None,Yes,Yes,None,None,None,155,Downsview,26,Downsview-Roding-CFB (26),D31
16483,1052462,2020-06-08,830,LAWRENCE AVE W,RENFIELD ST,None,Major Arterial,Etobicoke York,At Intersection,Stop Sign,Clear,Daylight,Dry,Non-Fatal Injury,Turning Movement,Driver,45 to 49,Minimal,None,North,"Automobile, Station Wagon",Turning Right,Failed to Yield Right of Way,Normal,None,None,None,None,None,None,None,None,Yes,Yes,None,None,None,None,Yes,Yes,None,None,None,30,Brookhaven-Amesbury,30,Brookhaven-Amesbury (30),D12
16484,1052462,2020-06-08,830,LAWRENCE AVE W,RENFIELD ST,None,Major Arterial,Etobicoke York,At Intersection,Stop Sign,Clear,Daylight,Dry,Non-Fatal Injury,Turning Movement,Motorcycle Driver,25 to 29,Major,None,East,Motorcycle,Going Ahead,Exceeding Speed Limit,Normal,None,None,None,None,None,None,None,None,Yes,Yes,None,None,None,None,Yes,Yes,None,None,None,30,Brookhaven-Amesbury,30,Brookhaven-Amesbury (30),D12
16485,1055551,2020-06-08,1656,555 WILSON HEIGHTS BLVD,None,None,Minor Arterial,North York,At/Near Private Drive,No Control,Clear,Daylight,Dry,Non-Fatal Injury,Cyclist Collisions,Driver,unknown,None,None,West,"Automobile, Station Wagon",Turning Left,Failed to Yield Right of Way,Unknown,None,None,None,None,None,None,None,Yes,Yes,None,None,None,None,None,None,Yes,None,None,None,33,Clanton Park,33,Clanton Park (33),D32
16486,1055551,2020-06-08,1656,555 WILSON HEIGHTS BLVD,None,None,Minor Arterial,North York,At/Near Private Drive,No Control,Clear,Daylight,Dry,Non-Fatal Injury,Cyclist Collisions,Cyclist,10 to 14,Major,None,South,Bicycle,Going Ahead,None,None,None,None,None,Motorist turned left across cyclists path.,Driving Properly,Normal,None,Yes,Yes,None,None,None,None,None,None,Yes,None,None,None,33,Clanton Park,33,Clanton Park (33),D32
16487,1064302,2020-06-09,2148,DUFFERIN ST,BLOOR ST W,20 m South o,Major Arterial,Toronto and East York,Intersection Related,No Control,Clear,"Dark, artificial",Dry,Non-Fatal Injury,Cyclist Collisions,Driver,20 to 24,None,None,South,"Automobile, Station Wagon",Making U Turn,Improper Turn,Normal,None,None,None,None,None,None,None,Yes,Yes,None,None,None,None,Yes,None,None,None,None,None,83,Dufferin Grove,83,Dufferin Grove (83),D14