_id,ACCNUM,DATE,TIME,STREET1,STREET2,OFFSET,ROAD_CLASS,DISTRICT,ACCLOC,TRAFFCTL,VISIBILITY,LIGHT,RDSFCOND,ACCLASS,IMPACTYPE,INVTYPE,INVAGE,INJURY,FATAL_NO,INITDIR,VEHTYPE,MANOEUVER,DRIVACT,DRIVCOND,PEDTYPE,PEDACT,PEDCOND,CYCLISTYPE,CYCACT,CYCCOND,PEDESTRIAN,CYCLIST,AUTOMOBILE,MOTORCYCLE,TRUCK,TRSN_CITY_VEH,EMERG_VEH,PASSENGER,SPEEDING,AG_DRIV,REDLIGHT,ALCOHOL,DISABILITY,HOOD_158,NEIGHBOURHOOD_158,HOOD_140,NEIGHBOURHOOD_140,DIVISION
16736,1892662,2020-10-05,1640,BATHURST ST,SHEPPARD AVE W,80 m North o,Major Arterial,North York,Non Intersection,No Control,Clear,Daylight,Dry,Non-Fatal Injury,Pedestrian Collisions,Driver,30 to 34,None,None,South,Passenger Van,Going Ahead,Driving Properly,Normal,None,None,None,None,None,None,Yes,None,Yes,None,None,None,None,None,None,None,None,None,None,34,Bathurst Manor,34,Bathurst Manor (34),D32
16737,1892662,2020-10-05,1640,BATHURST ST,SHEPPARD AVE W,80 m North o,Major Arterial,North York,Non Intersection,No Control,Clear,Daylight,Dry,Non-Fatal Injury,Pedestrian Collisions,Pedestrian,15 to 19,Major,None,Unknown,None,None,None,None,Pedestrian hit at mid-block,Other,Inattentive,None,None,None,Yes,None,Yes,None,None,None,None,None,None,None,None,None,None,34,Bathurst Manor,34,Bathurst Manor (34),D32
16738,1894720,2020-10-05,2312,UNIVERSITY AVE,COLLEGE ST,4 m North of,Major Arterial,Toronto and East York,At Intersection,Traffic Signal,Clear,"Dusk, artificial",Dry,Non-Fatal Injury,Pedestrian Collisions,Driver,55 to 59,None,None,West,"Automobile, Station Wagon",Turning Right,Failed to Yield Right of Way,Normal,None,None,None,None,None,None,Yes,None,Yes,None,None,None,None,None,None,Yes,None,None,None,170,Yonge-Bay Corridor,76,Bay Street Corridor (76),D52
16739,1894720,2020-10-05,2312,UNIVERSITY AVE,COLLEGE ST,4 m North of,Major Arterial,Toronto and East York,At Intersection,Traffic Signal,Clear,"Dusk, artificial",Dry,Non-Fatal Injury,Pedestrian Collisions,Pedestrian,65 to 69,Major,None,West,None,None,None,None,Vehicle turns right while ped crosses with ROW at inter.,Crossing with right of way,Normal,None,None,None,Yes,None,Yes,None,None,None,None,None,None,Yes,None,None,None,170,Yonge-Bay Corridor,76,Bay Street Corridor (76),D52
16740,1902177,2020-10-07,300,LANSDOWNE AVE,COLLEGE ST,10 m North o,Minor Arterial,Toronto and East York,At Intersection,Traffic Signal,Clear,Dark,Dry,Non-Fatal Injury,SMV Other,Driver,10 to 14,Major,None,North,"Automobile, Station Wagon",Going Ahead,Lost control,Unknown,None,None,None,None,None,None,None,None,Yes,None,None,None,None,Yes,Yes,Yes,None,None,None,83,Dufferin Grove,83,Dufferin Grove (83),D11
16741,1902177,2020-10-07,300,LANSDOWNE AVE,COLLEGE ST,10 m North o,Minor Arterial,Toronto and East York,At Intersection,Traffic Signal,Clear,Dark,Dry,Non-Fatal Injury,SMV Other,Passenger,10 to 14,Minor,None,None,None,None,None,None,None,None,None,None,None,None,None,None,Yes,None,None,None,None,Yes,Yes,Yes,None,None,None,83,Dufferin Grove,83,Dufferin Grove (83),D11
16742,1902177,2020-10-07,300,LANSDOWNE AVE,COLLEGE ST,10 m North o,Minor Arterial,Toronto and East York,At Intersection,Traffic Signal,Clear,Dark,Dry,Non-Fatal Injury,SMV Other,Passenger,10 to 14,None,None,None,None,None,None,None,None,None,None,None,None,None,None,None,Yes,None,None,None,None,Yes,Yes,Yes,None,None,None,83,Dufferin Grove,83,Dufferin Grove (83),D11
16743,1902177,2020-10-07,300,LANSDOWNE AVE,COLLEGE ST,10 m North o,Minor Arterial,Toronto and East York,At Intersection,Traffic Signal,Clear,Dark,Dry,Non-Fatal Injury,SMV Other,Passenger,15 to 19,None,None,None,None,None,None,None,None,None,None,None,None,None,None,None,Yes,None,None,None,None,Yes,Yes,Yes,None,None,None,83,Dufferin Grove,83,Dufferin Grove (83),D11
16744,1912366,2020-10-08,1410,LAWRENCE AVE W,BATHURST ST,3 m South of,Major Arterial,North York,At Intersection,Traffic Signal,Rain,Daylight,Wet,Non-Fatal Injury,Pedestrian Collisions,Driver,unknown,None,None,East,"Automobile, Station Wagon",Turning Right,Improper Turn,Unknown,None,None,None,None,None,None,Yes,None,Yes,None,None,None,None,None,None,None,None,None,None,39,Bedford Park-Nortown,39,Bedford Park-Nortown (39),D53
16745,1912366,2020-10-08,1410,LAWRENCE AVE W,BATHURST ST,3 m South of,Major Arterial,North York,At Intersection,Traffic Signal,Rain,Daylight,Wet,Non-Fatal Injury,Pedestrian Collisions,Pedestrian,70 to 74,Major,None,East,None,None,None,None,Vehicle turns right while ped crosses with ROW at inter.,Crossing with right of way,Normal,None,None,None,Yes,None,Yes,None,None,None,None,None,None,None,None,None,None,39,Bedford Park-Nortown,39,Bedford Park-Nortown (39),D53
16746,1915138,2020-10-08,2330,COLLEGE ST,RUSHOLME PARK CRES,None,Major Arterial,Toronto and East York,Non Intersection,No Control,Clear,"Dark, artificial",Dry,Fatal,SMV Unattended Vehicle,Other,unknown,None,None,East,"Automobile, Station Wagon",Parked,None,None,None,None,None,None,None,None,None,None,Yes,Yes,None,None,None,None,None,None,None,None,None,84,Little Portugal,84,Little Portugal (84),D14
16747,1915138,2020-10-08,2330,COLLEGE ST,RUSHOLME PARK CRES,None,Major Arterial,Toronto and East York,Non Intersection,No Control,Clear,"Dark, artificial",Dry,Fatal,SMV Unattended Vehicle,Motorcycle Driver,35 to 39,Fatal,28,West,Motorcycle,Going Ahead,Lost control,Unknown,None,None,None,None,None,None,None,None,Yes,Yes,None,None,None,None,None,None,None,None,None,84,Little Portugal,84,Little Portugal (84),D14
16748,1927144,2020-10-10,1759,JANE ST,GOLDWIN AVE,5 m West of,Major Arterial,Etobicoke York,At Intersection,Stop Sign,Clear,Daylight,Dry,Non-Fatal Injury,Turning Movement,Driver,35 to 39,None,None,North,Pick Up Truck,Turning Left,Improper Turn,Inattentive,None,None,None,None,None,None,None,None,Yes,Yes,None,None,None,None,None,None,None,None,None,115,Mount Dennis,115,Mount Dennis (115),D12
16749,1927144,2020-10-10,1759,JANE ST,GOLDWIN AVE,5 m West of,Major Arterial,Etobicoke York,At Intersection,Stop Sign,Clear,Daylight,Dry,Non-Fatal Injury,Turning Movement,Motorcycle Driver,45 to 49,Major,None,South,Motorcycle,Going Ahead,Driving Properly,Normal,None,None,None,None,None,None,None,None,Yes,Yes,None,None,None,None,None,None,None,None,None,115,Mount Dennis,115,Mount Dennis (115),D12
16750,1931088,2020-10-11,1120,WOODBINE AVE,KINGSTON RD,None,Major Arterial,Etobicoke York,At Intersection,Traffic Signal,Clear,Daylight,Dry,Non-Fatal Injury,Cyclist Collisions,Driver,45 to 49,None,None,South,Pick Up Truck,Turning Left,Failed to Yield Right of Way,Inattentive,None,None,None,None,None,None,None,Yes,Yes,None,None,None,None,None,None,Yes,None,None,None,63,The Beaches,63,The Beaches (63),D55
16751,1931088,2020-10-11,1120,WOODBINE AVE,KINGSTON RD,None,Major Arterial,Etobicoke York,At Intersection,Traffic Signal,Clear,Daylight,Dry,Non-Fatal Injury,Cyclist Collisions,Cyclist,40 to 44,Major,None,North,Bicycle,Going Ahead,None,None,None,None,None,Motorist turned left across cyclists path.,Driving Properly,Normal,None,Yes,Yes,None,None,None,None,None,None,Yes,None,None,None,63,The Beaches,63,The Beaches (63),D55
16752,1934074,2020-10-11,2030,Kingston Road,Glen Everest Road,None,Major Arterial,Scarborough,At Intersection,Traffic Signal,Clear,"Dusk, artificial",Dry,Non-Fatal Injury,Cyclist Collisions,Cyclist,15 to 19,Major,None,North,Bicycle,Going Ahead,None,None,None,None,None,"Cyclist without ROW rides into path of motorist at inter, lnwy, dwy-Cyclist not turn.",Failed to Yield Right of Way,Inattentive,None,Yes,None,Yes,None,None,None,None,None,None,None,None,None,122,Birchcliffe-Cliffside,122,Birchcliffe-Cliffside (122),D41
16753,1934074,2020-10-11,2030,Kingston Road,Glen Everest Road,None,Major Arterial,Scarborough,At Intersection,Traffic Signal,Clear,"Dusk, artificial",Dry,Non-Fatal Injury,Cyclist Collisions,Motorcycle Driver,30 to 34,Minimal,None,West,Motorcycle,Going Ahead,Driving Properly,Normal,None,None,None,None,None,None,None,Yes,None,Yes,None,None,None,None,None,None,None,None,None,122,Birchcliffe-Cliffside,122,Birchcliffe-Cliffside (122),D41
16754,1940250,2020-10-12,2250,MCCOWAN RD,BRIDLEY DR,163 m North ,Major Arterial,Scarborough,Non Intersection,No Control,Rain,"Dark, artificial",Wet,Property Damage O,SMV Other,Driver,20 to 24,Major,None,South,"Automobile, Station Wagon",Going Ahead,Lost control,Unknown,None,None,None,None,None,None,None,None,Yes,None,None,None,None,Yes,None,None,None,None,None,129,Agincourt North,129,Agincourt North (129),D42
16755,1940250,2020-10-12,2250,MCCOWAN RD,BRIDLEY DR,163 m North ,Major Arterial,Scarborough,Non Intersection,No Control,Rain,"Dark, artificial",Wet,Property Damage O,SMV Other,Passenger,20 to 24,Major,None,None,None,None,None,None,None,None,None,None,None,None,None,None,Yes,None,None,None,None,Yes,None,None,None,None,None,129,Agincourt North,129,Agincourt North (129),D42
16756,1940250,2020-10-12,2250,MCCOWAN RD,BRIDLEY DR,163 m North ,Major Arterial,Scarborough,Non Intersection,No Control,Rain,"Dark, artificial",Wet,Property Damage O,SMV Other,Passenger,25 to 29,Major,None,None,None,None,None,None,None,None,None,None,None,None,None,None,Yes,None,None,None,None,Yes,None,None,None,None,None,129,Agincourt North,129,Agincourt North (129),D42
16757,1940250,2020-10-12,2250,MCCOWAN RD,BRIDLEY DR,163 m North ,Major Arterial,Scarborough,Non Intersection,No Control,Rain,"Dark, artificial",Wet,Property Damage O,SMV Other,Passenger,20 to 24,Major,None,None,None,None,None,None,None,None,None,None,None,None,None,None,Yes,None,None,None,None,Yes,None,None,None,None,None,129,Agincourt North,129,Agincourt North (129),D42
16758,1942115,2020-10-13,906,ALBION RD,MARTIN GROVE RD,4 m West of,Major Arterial,Etobicoke York,At Intersection,Traffic Signal,Clear,Daylight,Dry,Non-Fatal Injury,Pedestrian Collisions,Driver,30 to 34,None,None,East,"Automobile, Station Wagon",Turning Right,Failed to Yield Right of Way,Normal,None,None,None,None,None,None,Yes,None,Yes,None,None,None,None,None,None,Yes,None,None,None,2,Mount Olive-Silverstone-Jamestown,2,Mount Olive-Silverstone-Jamestown (2),D23
16759,1942115,2020-10-13,906,ALBION RD,MARTIN GROVE RD,4 m West of,Major Arterial,Etobicoke York,At Intersection,Traffic Signal,Clear,Daylight,Dry,Non-Fatal Injury,Pedestrian Collisions,Pedestrian,55 to 59,Major,None,South,None,None,None,None,Vehicle turns right while ped crosses with ROW at inter.,Crossing with right of way,Normal,None,None,None,Yes,None,Yes,None,None,None,None,None,None,Yes,None,None,None,2,Mount Olive-Silverstone-Jamestown,2,Mount Olive-Silverstone-Jamestown (2),D23
16760,1945158,2020-10-13,1622,RUNNYMEDE RD,DUNDAS ST W,100 m South ,Minor Arterial,Etobicoke York,Non Intersection,No Control,Clear,Daylight,Dry,Non-Fatal Injury,Rear End,Driver,50 to 54,None,None,North,Delivery Van,Going Ahead,Lost control,Inattentive,None,None,None,None,None,None,None,None,Yes,None,None,None,None,None,None,None,None,None,None,90,Junction Area,90,Junction Area (90),D11
16761,1945158,2020-10-13,1622,RUNNYMEDE RD,DUNDAS ST W,100 m South ,Minor Arterial,Etobicoke York,Non Intersection,No Control,Clear,Daylight,Dry,Non-Fatal Injury,Rear End,Driver,50 to 54,Major,None,North,"Automobile, Station Wagon",Stopped,Driving Properly,Normal,None,None,None,None,None,None,None,None,Yes,None,None,None,None,None,None,None,None,None,None,90,Junction Area,90,Junction Area (90),D11
16762,1945158,2020-10-13,1622,RUNNYMEDE RD,DUNDAS ST W,100 m South ,Minor Arterial,Etobicoke York,Non Intersection,No Control,Clear,Daylight,Dry,Non-Fatal Injury,Rear End,Driver,40 to 44,None,None,North,"Automobile, Station Wagon",Stopped,Driving Properly,Normal,None,None,None,None,None,None,None,None,Yes,None,None,None,None,None,None,None,None,None,None,90,Junction Area,90,Junction Area (90),D11
16763,1957732,2020-10-15,1227,22 ELKHORN DR,None,None,Local,North York,Non Intersection,No Control,Rain,Daylight,Wet,Fatal,Pedestrian Collisions,Driver,60 to 64,None,None,South,"Truck - Closed (Blazer, etc)",Reversing,Other,Inattentive,None,None,None,None,None,None,Yes,None,None,None,Yes,None,None,None,None,None,None,None,None,52,Bayview Village,52,Bayview Village (52),D33
16764,1957732,2020-10-15,1227,22 ELKHORN DR,None,None,Local,North York,Non Intersection,No Control,Rain,Daylight,Wet,Fatal,Pedestrian Collisions,Pedestrian,80 to 84,Fatal,27,East,None,None,None,None,Vehicle is reversing and hits pedestrian,On Sidewalk or Shoulder,Normal,None,None,None,Yes,None,None,None,Yes,None,None,None,None,None,None,None,None,52,Bayview Village,52,Bayview Village (52),D33
16765,1973407,2020-10-17,1909,JANE  ST,SAN ROMANOWAY,60 m North o,Major Arterial,North York,At Intersection,Traffic Signal,Clear,"Dark, artificial",Dry,Non-Fatal Injury,Pedestrian Collisions,Driver,65 to 69,None,None,North,"Automobile, Station Wagon",Going Ahead,Driving Properly,Normal,None,None,None,None,None,None,Yes,None,Yes,None,None,None,None,Yes,None,None,None,None,None,24,Black Creek,24,Black Creek (24),D31
16766,1973407,2020-10-17,1909,JANE  ST,SAN ROMANOWAY,60 m North o,Major Arterial,North York,At Intersection,Traffic Signal,Clear,"Dark, artificial",Dry,Non-Fatal Injury,Pedestrian Collisions,Passenger,unknown,None,None,None,None,None,None,None,None,None,None,None,None,None,Yes,None,Yes,None,None,None,None,Yes,None,None,None,None,None,24,Black Creek,24,Black Creek (24),D31
16767,1973407,2020-10-17,1909,JANE  ST,SAN ROMANOWAY,60 m North o,Major Arterial,North York,At Intersection,Traffic Signal,Clear,"Dark, artificial",Dry,Non-Fatal Injury,Pedestrian Collisions,Pedestrian,25 to 29,Major,None,West,None,None,None,None,Vehicle is going straight thru inter.while ped cross without ROW,Crossing without right of way,Inattentive,None,None,None,Yes,None,Yes,None,None,None,None,Yes,None,None,None,None,None,24,Black Creek,24,Black Creek (24),D31
16768,1985100,2020-10-19,1641,GERRARD ST E,JONES AVE,60 m East of,Minor Arterial,Toronto and East York,Non Intersection,No Control,Rain,"Daylight, artificial",Wet,Non-Fatal Injury,SMV Other,Motorcycle Driver,70 to 74,Major,None,West,Motorcycle,Changing Lanes,Lost control,Normal,None,None,None,None,None,None,None,None,None,Yes,None,None,None,None,None,None,None,None,None,70,South Riverdale,70,South Riverdale (70),D55
16769,1994232,2020-10-21,8,SHEPPARD AVE E,KENNEDY RD,None,Major Arterial,Scarborough,Non Intersection,No Control,Clear,"Dark, artificial",Dry,Fatal,SMV Other,Driver,50 to 54,Fatal,29,East,"Automobile, Station Wagon",Going Ahead,Lost control,Medical or Physical Disability,None,None,None,None,None,None,None,None,Yes,None,None,None,None,None,None,None,None,None,Yes,118,Tam O'Shanter-Sullivan,118,Tam O'Shanter-Sullivan (118),D42
16770,1995407,2020-10-21,744,LAWRENCE AVE E,ASTERFIELD DR,10 m West of,Minor Arterial,Scarborough,At Intersection,No Control,Rain,"Dark, artificial",Wet,Non-Fatal Injury,Turning Movement,Driver,55 to 59,Major,None,East,"Automobile, Station Wagon",Turning Left,Improper Turn,Inattentive,None,None,None,None,None,None,None,None,Yes,None,Yes,None,None,None,None,None,None,None,None,136,West Hill,136,West Hill (136),D43
16771,1995407,2020-10-21,744,LAWRENCE AVE E,ASTERFIELD DR,10 m West of,Minor Arterial,Scarborough,At Intersection,No Control,Rain,"Dark, artificial",Wet,Non-Fatal Injury,Turning Movement,Truck Driver,50 to 54,None,None,East,"Truck - Closed (Blazer, etc)",Going Ahead,Driving Properly,Normal,None,None,None,None,None,None,None,None,Yes,None,Yes,None,None,None,None,None,None,None,None,136,West Hill,136,West Hill (136),D43
16772,2019769,2020-10-24,1621,DUPONT ST,CHRISTIE ST,None,Major Arterial,Toronto and East York,Intersection Related,Traffic Signal,Clear,Daylight,Dry,Fatal,Pedestrian Collisions,Pedestrian,70 to 74,Fatal,30,Unknown,None,None,None,None,Pedestrian hit on sidewalk or shoulder,On Sidewalk or Shoulder,Normal,None,None,None,Yes,None,Yes,None,None,None,None,None,None,None,None,None,Yes,95,Annex,95,Annex (95),D14
16773,2019769,2020-10-24,1621,DUPONT ST,CHRISTIE ST,None,Major Arterial,Toronto and East York,Intersection Related,Traffic Signal,Clear,Daylight,Dry,Fatal,Pedestrian Collisions,Driver,70 to 74,Minimal,None,North,Passenger Van,Going Ahead,Lost control,Medical or Physical Disability,None,None,None,None,None,None,Yes,None,Yes,None,None,None,None,None,None,None,None,None,Yes,95,Annex,95,Annex (95),D14
16774,2045410,2020-10-28,1241,DUFFERIN ST,BLOOR  ST W,None,Major Arterial,Toronto and East York,Intersection Related,Traffic Signal,Clear,Daylight,Dry,Non-Fatal Injury,Cyclist Collisions,Cyclist,30 to 34,Major,None,North,Bicycle,Going Ahead,None,None,None,None,None,None,Failed to Yield Right of Way,Normal,None,Yes,None,None,Yes,None,None,None,None,None,None,None,None,83,Dufferin Grove,83,Dufferin Grove (83),D14
16775,2045410,2020-10-28,1241,DUFFERIN ST,BLOOR  ST W,None,Major Arterial,Toronto and East York,Intersection Related,Traffic Signal,Clear,Daylight,Dry,Non-Fatal Injury,Cyclist Collisions,Driver,20 to 24,None,None,North,"Truck - Closed (Blazer, etc)",Turning Right,Driving Properly,Normal,None,None,None,None,None,None,None,Yes,None,None,Yes,None,None,None,None,None,None,None,None,83,Dufferin Grove,83,Dufferin Grove (83),D14
16776,2053531,2020-10-29,1525,WELLINGTON ST W,UNIVERSITY AVE,None,Major Arterial,Toronto and East York,At Intersection,Traffic Signal,Clear,Daylight,Dry,Non-Fatal Injury,Angle,Driver,55 to 59,Major,None,South,"Automobile, Station Wagon",Going Ahead,Disobeyed Traffic Control,Inattentive,None,None,None,None,None,None,None,None,Yes,None,None,None,None,None,None,Yes,Yes,None,None,170,Yonge-Bay Corridor,76,Bay Street Corridor (76),D52
16777,2053531,2020-10-29,1525,WELLINGTON ST W,UNIVERSITY AVE,None,Major Arterial,Toronto and East York,At Intersection,Traffic Signal,Clear,Daylight,Dry,Non-Fatal Injury,Angle,Driver,70 to 74,None,None,West,"Automobile, Station Wagon",Going Ahead,Driving Properly,Normal,None,None,None,None,None,None,None,None,Yes,None,None,None,None,None,None,Yes,Yes,None,None,170,Yonge-Bay Corridor,76,Bay Street Corridor (76),D52
16778,2063243,2020-10-30,2331,THE QUEENSWAY,ISLINGTON AVE,30 m South o,Major Arterial,Etobicoke York,At Intersection,Traffic Signal,Clear,Dark,Dry,Non-Fatal Injury,SMV Other,Driver,35 to 39,Major,None,South,"Automobile, Station Wagon",Going Ahead,Lost control,"Ability Impaired, Alcohol Over .08",None,None,None,None,None,None,None,None,Yes,None,None,None,None,Yes,None,Yes,None,Yes,None,16,Stonegate-Queensway,16,Stonegate-Queensway (16),D22
16779,2063243,2020-10-30,2331,THE QUEENSWAY,ISLINGTON AVE,30 m South o,Major Arterial,Etobicoke York,At Intersection,Traffic Signal,Clear,Dark,Dry,Non-Fatal Injury,SMV Other,Passenger,30 to 34,Major,None,None,None,None,None,None,None,None,None,None,None,None,None,None,Yes,None,None,None,None,Yes,None,Yes,None,Yes,None,16,Stonegate-Queensway,16,Stonegate-Queensway (16),D22
16780,2072729,2020-11-01,1300,BLOOR ST W,MARGUERETTA ST,1 m East of,Major Arterial,Toronto and East York,At Intersection,No Control,Clear,Daylight,Dry,Non-Fatal Injury,Cyclist Collisions,Driver,unknown,None,None,West,"Automobile, Station Wagon",Turning Left,Improper Turn,Unknown,None,None,None,None,None,None,None,Yes,Yes,None,None,None,None,None,None,None,None,None,None,83,Dufferin Grove,83,Dufferin Grove (83),D11
16781,2072729,2020-11-01,1300,BLOOR ST W,MARGUERETTA ST,1 m East of,Major Arterial,Toronto and East York,At Intersection,No Control,Clear,Daylight,Dry,Non-Fatal Injury,Cyclist Collisions,Cyclist,45 to 49,Major,None,East,Bicycle,Going Ahead,None,None,None,None,None,"Motorist turns right at non-signal Inter.(stop, yield, no cont.,and dwy) and strikes cyclist.",Driving Properly,Normal,None,Yes,Yes,None,None,None,None,None,None,None,None,None,None,83,Dufferin Grove,83,Dufferin Grove (83),D11
16782,2092644,2020-11-04,1241,CHERRY ST,MILL ST,None,Collector,Toronto and East York,At Intersection,Traffic Signal,Clear,Daylight,Dry,Fatal,Pedestrian Collisions,Pedestrian,65 to 69,Fatal,31,East,None,None,None,None,Vehicle turns right while ped crosses with ROW at inter.,Crossing with right of way,Normal,None,None,None,Yes,None,None,None,Yes,None,None,None,None,Yes,None,None,None,166,St Lawrence-East Bayfront-The Islands,77,Waterfront Communities-The Island (77),D51
16783,2092644,2020-11-04,1241,CHERRY ST,MILL ST,None,Collector,Toronto and East York,At Intersection,Traffic Signal,Clear,Daylight,Dry,Fatal,Pedestrian Collisions,Truck Driver,60 to 64,None,None,East,Truck (other),Turning Right,Failed to Yield Right of Way,Normal,None,None,None,None,None,None,Yes,None,None,None,Yes,None,None,None,None,Yes,None,None,None,166,St Lawrence-East Bayfront-The Islands,77,Waterfront Communities-The Island (77),D51
16784,2109352,2020-11-06,1920,WILLIAM R ALLEN RD N,LAWRENCE AVE W,None,Expressway,North York,Non Intersection,No Control,Clear,"Dark, artificial",Dry,Fatal,Pedestrian Collisions,Pedestrian,30 to 34,Fatal,32,West,None,Unknown,None,None,Pedestrian hit at mid-block,"Crossing, no Traffic Control",Other,None,None,None,Yes,None,Yes,None,None,None,None,None,None,None,None,None,None,31,Yorkdale-Glen Park,31,Yorkdale-Glen Park (31),D13
16785,2109352,2020-11-06,1920,WILLIAM R ALLEN RD N,LAWRENCE AVE W,None,Expressway,North York,Non Intersection,No Control,Clear,"Dark, artificial",Dry,Fatal,Pedestrian Collisions,Driver,25 to 29,None,None,North,Delivery Van,Going Ahead,Driving Properly,Normal,None,None,None,None,None,None,Yes,None,Yes,None,None,None,None,None,None,None,None,None,None,31,Yorkdale-Glen Park,31,Yorkdale-Glen Park (31),D13
16786,2112681,2020-11-07,958,KINGSTON RD,PINE RIDGE DR,None,Major Arterial,Scarborough,At Intersection,No Control,Clear,Daylight,Dry,Non-Fatal Injury,Cyclist Collisions,Driver,70 to 74,None,None,West,"Automobile, Station Wagon",Turning Left,Failed to Yield Right of Way,Inattentive,None,None,None,None,None,None,None,Yes,Yes,None,None,None,None,None,None,Yes,None,None,None,123,Cliffcrest,123,Cliffcrest (123),D43
16787,2112681,2020-11-07,958,KINGSTON RD,PINE RIDGE DR,None,Major Arterial,Scarborough,At Intersection,No Control,Clear,Daylight,Dry,Non-Fatal Injury,Cyclist Collisions,Cyclist,50 to 54,Major,None,East,Bicycle,Going Ahead,None,None,None,None,None,Motorist turned left across cyclists path.,Driving Properly,Normal,None,Yes,Yes,None,None,None,None,None,None,Yes,None,None,None,123,Cliffcrest,123,Cliffcrest (123),D43
16788,2115460,2020-11-07,1720,MILITARY TRL,ELLESMERE RD,None,Major Arterial,Scarborough,At Intersection,Traffic Signal,Clear,"Dark, artificial",Dry,Non-Fatal Injury,Pedestrian Collisions,Driver,60 to 64,None,None,North,"Automobile, Station Wagon",Turning Left,Failed to Yield Right of Way,Inattentive,None,None,None,None,None,None,Yes,None,Yes,None,None,None,None,None,None,Yes,None,None,None,135,Morningside,135,Morningside (135),D43
16789,2115460,2020-11-07,1720,MILITARY TRL,ELLESMERE RD,None,Major Arterial,Scarborough,At Intersection,Traffic Signal,Clear,"Dark, artificial",Dry,Non-Fatal Injury,Pedestrian Collisions,Pedestrian,25 to 29,Major,None,South,None,None,None,None,Vehicle turns left while ped crosses with ROW at inter.,Crossing with right of way,Normal,None,None,None,Yes,None,Yes,None,None,None,None,None,None,Yes,None,None,None,135,Morningside,135,Morningside (135),D43
16790,2125289,2020-11-09,913,JANE ST,WILSON AVE,2 m West of,Major Arterial,Etobicoke York,At Intersection,Traffic Signal,Clear,Daylight,Dry,Non-Fatal Injury,Pedestrian Collisions,Driver,55 to 59,Minimal,None,South,Pick Up Truck,Turning Right,Failed to Yield Right of Way,Inattentive,None,None,None,None,None,None,Yes,None,Yes,None,None,None,None,None,None,Yes,None,None,None,154,Oakdale-Beverley Heights,26,Downsview-Roding-CFB (26),D31
16791,2125289,2020-11-09,913,JANE ST,WILSON AVE,2 m West of,Major Arterial,Etobicoke York,At Intersection,Traffic Signal,Clear,Daylight,Dry,Non-Fatal Injury,Pedestrian Collisions,Pedestrian,60 to 64,Major,None,South,None,None,None,None,Vehicle turns right while ped crosses with ROW at inter.,Crossing with right of way,Normal,None,None,None,Yes,None,Yes,None,None,None,None,None,None,Yes,None,None,None,154,Oakdale-Beverley Heights,26,Downsview-Roding-CFB (26),D31
16792,2134679,2020-11-10,1430,4168 FINCH AVE E,BAYLAWN DR,5 m East of,Major Arterial,Scarborough,At/Near Private Drive,No Control,Clear,Daylight,Dry,Non-Fatal Injury,Pedestrian Collisions,Driver,70 to 74,None,None,South,"Automobile, Station Wagon",Turning Left,Driving Properly,Normal,None,None,None,None,None,None,Yes,None,Yes,None,None,None,None,None,None,None,None,None,None,128,Agincourt South-Malvern West,128,Agincourt South-Malvern West (128),D42
16793,2134679,2020-11-10,1430,4168 FINCH AVE E,BAYLAWN DR,5 m East of,Major Arterial,Scarborough,At/Near Private Drive,No Control,Clear,Daylight,Dry,Non-Fatal Injury,Pedestrian Collisions,Pedestrian,50 to 54,Major,None,North,None,None,None,None,Vehicle turns left while ped crosses without ROW at inter.,"Crossing, no Traffic Control",Normal,None,None,None,Yes,None,Yes,None,None,None,None,None,None,None,None,None,None,128,Agincourt South-Malvern West,128,Agincourt South-Malvern West (128),D42
16794,2139980,2020-11-11,1017,1733 WILSON  AVE,None,None,Major Arterial,Etobicoke York,Non Intersection,No Control,Clear,Daylight,Dry,Non-Fatal Injury,Pedestrian Collisions,Truck Driver,25 to 29,Minimal,None,East,Truck - Open,Going Ahead,Lost control,Inattentive,None,None,None,None,None,None,Yes,None,None,None,Yes,None,None,None,None,Yes,None,None,None,154,Oakdale-Beverley Heights,26,Downsview-Roding-CFB (26),D31
16795,2139980,2020-11-11,1017,1733 WILSON  AVE,None,None,Major Arterial,Etobicoke York,Non Intersection,No Control,Clear,Daylight,Dry,Non-Fatal Injury,Pedestrian Collisions,Pedestrian,65 to 69,Major,None,Unknown,None,None,None,None,Pedestrian hit on sidewalk or shoulder,On Sidewalk or Shoulder,Normal,None,None,None,Yes,None,None,None,Yes,None,None,None,None,Yes,None,None,None,154,Oakdale-Beverley Heights,26,Downsview-Roding-CFB (26),D31
16796,2145844,2020-11-12,747,LAKE SHORE BLVD E,BOOTH AVE,9 m South of,Major Arterial,None,At Intersection,No Control,Clear,Daylight,Dry,Non-Fatal Injury,Other,Moped Driver,60 to 64,Major,None,West,Moped,Going Ahead,Lost control,Fatigue,None,None,None,None,None,None,None,Yes,None,None,None,None,None,None,None,None,None,None,None,70,South Riverdale,70,South Riverdale (70),D55