_id,ACCNUM,DATE,TIME,STREET1,STREET2,OFFSET,ROAD_CLASS,DISTRICT,ACCLOC,TRAFFCTL,VISIBILITY,LIGHT,RDSFCOND,ACCLASS,IMPACTYPE,INVTYPE,INVAGE,INJURY,FATAL_NO,INITDIR,VEHTYPE,MANOEUVER,DRIVACT,DRIVCOND,PEDTYPE,PEDACT,PEDCOND,CYCLISTYPE,CYCACT,CYCCOND,PEDESTRIAN,CYCLIST,AUTOMOBILE,MOTORCYCLE,TRUCK,TRSN_CITY_VEH,EMERG_VEH,PASSENGER,SPEEDING,AG_DRIV,REDLIGHT,ALCOHOL,DISABILITY,HOOD_158,NEIGHBOURHOOD_158,HOOD_140,NEIGHBOURHOOD_140,DIVISION
16921,1000228775,2021-02-05,1100,54 THORNCLIFFE PARK  DR,None,1 m South of,Collector,North York,At/Near Private Drive,No Control,Clear,Daylight,Dry,Non-Fatal Injury,Angle,Driver,65 to 69,None,None,West,"Automobile, Station Wagon",Reversing,Other,Normal,None,None,None,None,None,None,None,None,Yes,None,None,None,None,Yes,None,None,None,None,None,55,Thorncliffe Park,55,Thorncliffe Park (55),D53
16922,1000228775,2021-02-05,1100,54 THORNCLIFFE PARK  DR,None,1 m South of,Collector,North York,At/Near Private Drive,No Control,Clear,Daylight,Dry,Non-Fatal Injury,Angle,Driver,30 to 34,None,None,South,"Automobile, Station Wagon",Stopped,Other,Normal,None,None,None,None,None,None,None,None,Yes,None,None,None,None,Yes,None,None,None,None,None,55,Thorncliffe Park,55,Thorncliffe Park (55),D53
16923,1000228775,2021-02-05,1100,54 THORNCLIFFE PARK  DR,None,1 m South of,Collector,North York,At/Near Private Drive,No Control,Clear,Daylight,Dry,Non-Fatal Injury,Angle,Passenger,55 to 59,None,None,None,None,None,None,None,None,None,None,None,None,None,None,None,Yes,None,None,None,None,Yes,None,None,None,None,None,55,Thorncliffe Park,55,Thorncliffe Park (55),D53
16924,1000228775,2021-02-05,1100,54 THORNCLIFFE PARK  DR,None,1 m South of,Collector,North York,At/Near Private Drive,No Control,Clear,Daylight,Dry,Non-Fatal Injury,Angle,Passenger,30 to 34,Major,None,None,None,None,None,None,None,None,None,None,None,None,None,None,Yes,None,None,None,None,Yes,None,None,None,None,None,55,Thorncliffe Park,55,Thorncliffe Park (55),D53
16925,1000247746,2021-02-08,1227,RENFORTH  DR,CONVAIR  DR,None,Major Arterial,Etobicoke York,At Intersection,Traffic Signal,Clear,Daylight,Dry,Non-Fatal Injury,Angle,Driver,65 to 69,Minor,None,North,"Automobile, Station Wagon",Going Ahead,Disobeyed Traffic Control,Inattentive,None,None,None,None,None,None,None,None,Yes,None,None,None,None,None,None,Yes,Yes,None,None,NSA,NSA,1,West Humber-Clairville (1),NSA
16926,1000247746,2021-02-08,1227,RENFORTH  DR,CONVAIR  DR,None,Major Arterial,Etobicoke York,At Intersection,Traffic Signal,Clear,Daylight,Dry,Non-Fatal Injury,Angle,Driver,50 to 54,Major,None,West,"Automobile, Station Wagon",Going Ahead,Driving Properly,Normal,None,None,None,None,None,None,None,None,Yes,None,None,None,None,None,None,Yes,Yes,None,None,NSA,NSA,1,West Humber-Clairville (1),NSA
16927,1000256266,2021-02-09,1747,DIXON RD,CARLINGVIEW DR,None,Major Arterial,Etobicoke York,At Intersection,Traffic Signal,Clear,"Dark, artificial",Dry,Non-Fatal Injury,Angle,Driver,45 to 49,Major,None,West,"Automobile, Station Wagon",Going Ahead,Disobeyed Traffic Control,Normal,None,None,None,None,None,None,None,None,Yes,None,None,Yes,None,None,Yes,Yes,Yes,None,None,1,West Humber-Clairville,1,West Humber-Clairville (1),D23
16928,1000256266,2021-02-09,1747,DIXON RD,CARLINGVIEW DR,None,Major Arterial,Etobicoke York,At Intersection,Traffic Signal,Clear,"Dark, artificial",Dry,Non-Fatal Injury,Angle,Driver,60 to 64,None,None,South,Municipal Transit Bus (TTC),Going Ahead,Driving Properly,Normal,None,None,None,None,None,None,None,None,Yes,None,None,Yes,None,None,Yes,Yes,Yes,None,None,1,West Humber-Clairville,1,West Humber-Clairville (1),D23
16929,1000266545,2021-02-11,945,DUNDAS ST W,EAST MALL  CRES,None,Major Arterial,Etobicoke York,At Intersection,Traffic Signal,Clear,Daylight,Dry,Non-Fatal Injury,Pedestrian Collisions,Driver,60 to 64,None,None,East,Municipal Transit Bus (TTC),Going Ahead,Disobeyed Traffic Control,Inattentive,None,None,None,None,None,None,Yes,None,None,None,None,Yes,None,None,None,Yes,Yes,None,None,159,Etobicoke City Centre,14,Islington-City Centre West (14),D22
16930,1000266545,2021-02-11,945,DUNDAS ST W,EAST MALL  CRES,None,Major Arterial,Etobicoke York,At Intersection,Traffic Signal,Clear,Daylight,Dry,Non-Fatal Injury,Pedestrian Collisions,Pedestrian,45 to 49,Major,None,North,None,None,None,None,Vehicle is going straight thru inter.while ped cross without ROW,Crossing without right of way,Inattentive,None,None,None,Yes,None,None,None,None,Yes,None,None,None,Yes,Yes,None,None,159,Etobicoke City Centre,14,Islington-City Centre West (14),D22
16931,1000271831,2021-02-12,126,65 SHORNCLIFFE RD,LOCKPORT AVE,None,Minor Arterial,Etobicoke York,Intersection Related,No Control,Clear,"Dark, artificial",Dry,Non-Fatal Injury,SMV Other,Driver,20 to 24,Major,None,South,"Automobile, Station Wagon",Going Ahead,Lost control,Inattentive,None,None,None,None,None,None,None,None,Yes,None,None,None,None,Yes,None,None,None,None,None,159,Etobicoke City Centre,14,Islington-City Centre West (14),D22
16932,1000271831,2021-02-12,126,65 SHORNCLIFFE RD,LOCKPORT AVE,None,Minor Arterial,Etobicoke York,Intersection Related,No Control,Clear,"Dark, artificial",Dry,Non-Fatal Injury,SMV Other,Passenger,20 to 24,Minor,None,None,None,None,None,None,None,None,None,None,None,None,None,None,Yes,None,None,None,None,Yes,None,None,None,None,None,159,Etobicoke City Centre,14,Islington-City Centre West (14),D22
16933,1000283889,2021-02-13,2203,MIDLAND  AVE,BENJAMIN BLVD,25 m South o,Minor Arterial,Scarborough,Intersection Related,No Control,Snow,Dark,Ice,Non-Fatal Injury,SMV Other,Driver,35 to 39,Minor,None,South,"Automobile, Station Wagon",Going Ahead,Speed too Fast For Condition,Inattentive,None,None,None,None,None,None,None,None,Yes,None,None,None,None,Yes,Yes,Yes,None,None,None,124,Kennedy Park,124,Kennedy Park (124),D41
16934,1000283889,2021-02-13,2203,MIDLAND  AVE,BENJAMIN BLVD,25 m South o,Minor Arterial,Scarborough,Intersection Related,No Control,Snow,Dark,Ice,Non-Fatal Injury,SMV Other,Passenger,30 to 34,Minor,None,None,None,None,None,None,None,None,None,None,None,None,None,None,Yes,None,None,None,None,Yes,Yes,Yes,None,None,None,124,Kennedy Park,124,Kennedy Park (124),D41
16935,1000283889,2021-02-13,2203,MIDLAND  AVE,BENJAMIN BLVD,25 m South o,Minor Arterial,Scarborough,Intersection Related,No Control,Snow,Dark,Ice,Non-Fatal Injury,SMV Other,Passenger,35 to 39,Minor,None,None,None,None,None,None,None,None,None,None,None,None,None,None,Yes,None,None,None,None,Yes,Yes,Yes,None,None,None,124,Kennedy Park,124,Kennedy Park (124),D41
16936,1000283889,2021-02-13,2203,MIDLAND  AVE,BENJAMIN BLVD,25 m South o,Minor Arterial,Scarborough,Intersection Related,No Control,Snow,Dark,Ice,Non-Fatal Injury,SMV Other,Passenger,20 to 24,Major,None,None,None,None,None,None,None,None,None,None,None,None,None,None,Yes,None,None,None,None,Yes,Yes,Yes,None,None,None,124,Kennedy Park,124,Kennedy Park (124),D41
16937,1000289849,2021-02-14,2320,STEELES AVE W,DUFFERIN  ST,None,Major Arterial,North York,At Intersection,Traffic Signal,Clear,"Dark, artificial",Dry,Non-Fatal Injury,Angle,Driver,50 to 54,Major,None,South,"Automobile, Station Wagon",Going Ahead,Disobeyed Traffic Control,Unknown,None,None,None,None,None,None,None,None,Yes,None,None,Yes,None,Yes,Yes,Yes,Yes,None,None,34,Bathurst Manor,34,Bathurst Manor (34),D32
16938,1000289849,2021-02-14,2320,STEELES AVE W,DUFFERIN  ST,None,Major Arterial,North York,At Intersection,Traffic Signal,Clear,"Dark, artificial",Dry,Non-Fatal Injury,Angle,Driver,40 to 44,None,None,West,Intercity Bus,Going Ahead,Driving Properly,Normal,None,None,None,None,None,None,None,None,Yes,None,None,Yes,None,Yes,Yes,Yes,Yes,None,None,34,Bathurst Manor,34,Bathurst Manor (34),D32
16939,1000289849,2021-02-14,2320,STEELES AVE W,DUFFERIN  ST,None,Major Arterial,North York,At Intersection,Traffic Signal,Clear,"Dark, artificial",Dry,Non-Fatal Injury,Angle,Passenger,60 to 64,None,None,None,None,None,None,None,None,None,None,None,None,None,None,None,Yes,None,None,Yes,None,Yes,Yes,Yes,Yes,None,None,34,Bathurst Manor,34,Bathurst Manor (34),D32
16940,1000289849,2021-02-14,2320,STEELES AVE W,DUFFERIN  ST,None,Major Arterial,North York,At Intersection,Traffic Signal,Clear,"Dark, artificial",Dry,Non-Fatal Injury,Angle,Passenger,20 to 24,None,None,None,None,None,None,None,None,None,None,None,None,None,None,None,Yes,None,None,Yes,None,Yes,Yes,Yes,Yes,None,None,34,Bathurst Manor,34,Bathurst Manor (34),D32
16941,1000289849,2021-02-14,2320,STEELES AVE W,DUFFERIN  ST,None,Major Arterial,North York,At Intersection,Traffic Signal,Clear,"Dark, artificial",Dry,Non-Fatal Injury,Angle,Passenger,20 to 24,None,None,None,None,None,None,None,None,None,None,None,None,None,None,None,Yes,None,None,Yes,None,Yes,Yes,Yes,Yes,None,None,34,Bathurst Manor,34,Bathurst Manor (34),D32
16942,1000289849,2021-02-14,2320,STEELES AVE W,DUFFERIN  ST,None,Major Arterial,North York,At Intersection,Traffic Signal,Clear,"Dark, artificial",Dry,Non-Fatal Injury,Angle,Passenger,20 to 24,None,None,None,None,None,None,None,None,None,None,None,None,None,None,None,Yes,None,None,Yes,None,Yes,Yes,Yes,Yes,None,None,34,Bathurst Manor,34,Bathurst Manor (34),D32
16943,1000299624,2021-02-16,1434,ST CLAIR AVE E,PHARMACY  AVE,10 m West of,Major Arterial,Scarborough,Intersection Related,Traffic Signal,Snow,Daylight,Wet,Non-Fatal Injury,Rear End,Driver,65 to 69,Major,None,West,"Automobile, Station Wagon",Going Ahead,Lost control,Medical or Physical Disability,None,None,None,None,None,None,None,None,Yes,None,None,None,None,None,None,None,None,None,Yes,120,Clairlea-Birchmount,120,Clairlea-Birchmount (120),D41
16944,1000299624,2021-02-16,1434,ST CLAIR AVE E,PHARMACY  AVE,10 m West of,Major Arterial,Scarborough,Intersection Related,Traffic Signal,Snow,Daylight,Wet,Non-Fatal Injury,Rear End,Driver,40 to 44,Minor,None,West,"Automobile, Station Wagon",Stopped,Driving Properly,Normal,None,None,None,None,None,None,None,None,Yes,None,None,None,None,None,None,None,None,None,Yes,120,Clairlea-Birchmount,120,Clairlea-Birchmount (120),D41
16945,1000349866,2021-02-24,1125,1260 ST CLAIR AVE W,None,None,Major Arterial,Etobicoke York,Non Intersection,No Control,Clear,Daylight,Wet,Non-Fatal Injury,Pedestrian Collisions,Driver,80 to 84,None,None,West,"Automobile, Station Wagon",Reversing,Other,Unknown,None,None,None,None,None,None,Yes,None,Yes,None,None,None,None,None,None,None,None,None,None,92,Corso Italia-Davenport,92,Corso Italia-Davenport (92),D13
16946,1000349866,2021-02-24,1125,1260 ST CLAIR AVE W,None,None,Major Arterial,Etobicoke York,Non Intersection,No Control,Clear,Daylight,Wet,Non-Fatal Injury,Pedestrian Collisions,Pedestrian,25 to 29,Major,None,Unknown,None,None,None,None,Vehicle is reversing and hits pedestrian,Other,Normal,None,None,None,Yes,None,Yes,None,None,None,None,None,None,None,None,None,None,92,Corso Italia-Davenport,92,Corso Italia-Davenport (92),D13
16947,1000349866,2021-02-24,1125,1260 ST CLAIR AVE W,None,None,Major Arterial,Etobicoke York,Non Intersection,No Control,Clear,Daylight,Wet,Non-Fatal Injury,Pedestrian Collisions,Pedestrian,0 to 4,Minor,None,Unknown,None,None,None,None,Vehicle is reversing and hits pedestrian,Other,Normal,None,None,None,Yes,None,Yes,None,None,None,None,None,None,None,None,None,None,92,Corso Italia-Davenport,92,Corso Italia-Davenport (92),D13
16948,1000349866,2021-02-24,1125,1260 ST CLAIR AVE W,None,None,Major Arterial,Etobicoke York,Non Intersection,No Control,Clear,Daylight,Wet,Non-Fatal Injury,Pedestrian Collisions,Pedestrian,0 to 4,None,None,Unknown,None,None,None,None,Vehicle is reversing and hits pedestrian,Other,Normal,None,None,None,Yes,None,Yes,None,None,None,None,None,None,None,None,None,None,92,Corso Italia-Davenport,92,Corso Italia-Davenport (92),D13
16949,1000367345,2021-02-26,2200,BELLAMY RD N,BRAEBURN BLVD,None,Minor Arterial,Scarborough,At Intersection,No Control,Clear,"Dark, artificial",Dry,Non-Fatal Injury,Rear End,Driver,25 to 29,Major,None,South,"Automobile, Station Wagon",Going Ahead,Following too Close,Inattentive,None,None,None,None,None,None,None,None,Yes,None,None,None,None,Yes,Yes,Yes,None,None,None,141,Golfdale-Cedarbrae-Woburn,137,Woburn (137),D43
16950,1000367345,2021-02-26,2200,BELLAMY RD N,BRAEBURN BLVD,None,Minor Arterial,Scarborough,At Intersection,No Control,Clear,"Dark, artificial",Dry,Non-Fatal Injury,Rear End,Driver,25 to 29,Minimal,None,South,"Automobile, Station Wagon",Slowing or Stopping,Driving Properly,Normal,None,None,None,None,None,None,None,None,Yes,None,None,None,None,Yes,Yes,Yes,None,None,None,141,Golfdale-Cedarbrae-Woburn,137,Woburn (137),D43
16951,1000367345,2021-02-26,2200,BELLAMY RD N,BRAEBURN BLVD,None,Minor Arterial,Scarborough,At Intersection,No Control,Clear,"Dark, artificial",Dry,Non-Fatal Injury,Rear End,Passenger,25 to 29,Minimal,None,None,None,None,None,None,None,None,None,None,None,None,None,None,Yes,None,None,None,None,Yes,Yes,Yes,None,None,None,141,Golfdale-Cedarbrae-Woburn,137,Woburn (137),D43
16952,1000367345,2021-02-26,2200,BELLAMY RD N,BRAEBURN BLVD,None,Minor Arterial,Scarborough,At Intersection,No Control,Clear,"Dark, artificial",Dry,Non-Fatal Injury,Rear End,Passenger,25 to 29,Minimal,None,None,None,None,None,None,None,None,None,None,None,None,None,None,Yes,None,None,None,None,Yes,Yes,Yes,None,None,None,141,Golfdale-Cedarbrae-Woburn,137,Woburn (137),D43
16953,1000367345,2021-02-26,2200,BELLAMY RD N,BRAEBURN BLVD,None,Minor Arterial,Scarborough,At Intersection,No Control,Clear,"Dark, artificial",Dry,Non-Fatal Injury,Rear End,Passenger,35 to 39,Minimal,None,None,None,None,None,None,None,None,None,None,None,None,None,None,Yes,None,None,None,None,Yes,Yes,Yes,None,None,None,141,Golfdale-Cedarbrae-Woburn,137,Woburn (137),D43
16954,1000373871,2021-02-27,2307,LN N DUNDAS W HURON,HURON ST,70 m West of,Laneway,Toronto and East York,Laneway,No Control,Clear,"Dark, artificial",Wet,Non-Fatal Injury,SMV Other,Driver,50 to 54,Major,None,West,"Automobile, Station Wagon",Going Ahead,Lost control,Medical or Physical Disability,None,None,None,None,None,None,None,None,Yes,None,None,None,None,None,Yes,Yes,None,None,Yes,78,Kensington-Chinatown,78,Kensington-Chinatown (78),D52
16955,1000403643,2021-03-04,1143,QUEEN ST W,DOWLING AVE,24 m West of,Major Arterial,Toronto and East York,Intersection Related,No Control,Clear,Daylight,Dry,Non-Fatal Injury,Pedestrian Collisions,Driver,25 to 29,None,None,East,Ambulance,Going Ahead,Driving Properly,Normal,None,None,None,None,None,None,Yes,None,None,None,None,None,Yes,Yes,None,None,None,None,None,85,South Parkdale,85,South Parkdale (85),D14
16956,1000403643,2021-03-04,1143,QUEEN ST W,DOWLING AVE,24 m West of,Major Arterial,Toronto and East York,Intersection Related,No Control,Clear,Daylight,Dry,Non-Fatal Injury,Pedestrian Collisions,Passenger,20 to 24,None,None,None,None,None,None,None,None,None,None,None,None,None,Yes,None,None,None,None,None,Yes,Yes,None,None,None,None,None,85,South Parkdale,85,South Parkdale (85),D14
16957,1000403643,2021-03-04,1143,QUEEN ST W,DOWLING AVE,24 m West of,Major Arterial,Toronto and East York,Intersection Related,No Control,Clear,Daylight,Dry,Non-Fatal Injury,Pedestrian Collisions,Passenger,65 to 69,None,None,None,None,None,None,None,None,None,None,None,None,None,Yes,None,None,None,None,None,Yes,Yes,None,None,None,None,None,85,South Parkdale,85,South Parkdale (85),D14
16958,1000403643,2021-03-04,1143,QUEEN ST W,DOWLING AVE,24 m West of,Major Arterial,Toronto and East York,Intersection Related,No Control,Clear,Daylight,Dry,Non-Fatal Injury,Pedestrian Collisions,Pedestrian,60 to 64,Major,None,North,None,None,None,None,Pedestrian hit at mid-block,"Crossing, no Traffic Control",Normal,None,None,None,Yes,None,None,None,None,None,Yes,Yes,None,None,None,None,None,85,South Parkdale,85,South Parkdale (85),D14
16959,1000453193,2021-03-11,1440,PLAXTON  DR,ST CLAIR  AVE E,None,Major Arterial,Toronto and East York,At Intersection,Traffic Signal,Clear,Daylight,Dry,Non-Fatal Injury,Pedestrian Collisions,Driver,60 to 64,None,None,North,Pick Up Truck,Turning Left,Failed to Yield Right of Way,Inattentive,None,None,None,None,None,None,Yes,None,Yes,None,None,None,None,None,None,Yes,None,None,None,54,O'Connor-Parkview,54,O'Connor-Parkview (54),D55
16960,1000453193,2021-03-11,1440,PLAXTON  DR,ST CLAIR  AVE E,None,Major Arterial,Toronto and East York,At Intersection,Traffic Signal,Clear,Daylight,Dry,Non-Fatal Injury,Pedestrian Collisions,Pedestrian,55 to 59,Major,None,South,None,None,None,None,Vehicle turns left while ped crosses with ROW at inter.,Crossing with right of way,Normal,None,None,None,Yes,None,Yes,None,None,None,None,None,None,Yes,None,None,None,54,O'Connor-Parkview,54,O'Connor-Parkview (54),D55
16961,1000461944,2021-03-12,1912,PAPE AVE,GAMBLE AVE,30 m North o,Major Arterial,Toronto and East York,Intersection Related,No Control,Clear,"Dark, artificial",Dry,Non-Fatal Injury,Pedestrian Collisions,Driver,50 to 54,None,None,North,"Automobile, Station Wagon",Going Ahead,Speed too Fast For Condition,Normal,None,None,None,None,None,None,Yes,None,Yes,None,None,None,None,None,Yes,Yes,None,None,None,58,Old East York,58,Old East York (58),D55
16962,1000461944,2021-03-12,1912,PAPE AVE,GAMBLE AVE,30 m North o,Major Arterial,Toronto and East York,Intersection Related,No Control,Clear,"Dark, artificial",Dry,Non-Fatal Injury,Pedestrian Collisions,Pedestrian,80 to 84,Major,None,West,None,None,None,None,Pedestrian hit at mid-block,"Crossing, no Traffic Control",Normal,None,None,None,Yes,None,Yes,None,None,None,None,None,Yes,Yes,None,None,None,58,Old East York,58,Old East York (58),D55
16963,1000461944,2021-03-12,1912,PAPE AVE,GAMBLE AVE,30 m North o,Major Arterial,Toronto and East York,Intersection Related,No Control,Clear,"Dark, artificial",Dry,Non-Fatal Injury,Pedestrian Collisions,Pedestrian,55 to 59,Major,None,West,None,None,None,None,Pedestrian hit at mid-block,"Crossing, no Traffic Control",Normal,None,None,None,Yes,None,Yes,None,None,None,None,None,Yes,Yes,None,None,None,58,Old East York,58,Old East York (58),D55
16964,1000474155,2021-03-14,1804,DUNDAS ST W,BATHURST  ST,5 m West of,Major Arterial,Toronto and East York,At Intersection,Traffic Signal,Clear,Daylight,Dry,Non-Fatal Injury,Cyclist Collisions,Driver,30 to 34,None,None,West,"Automobile, Station Wagon",Going Ahead,Improper Passing,Normal,None,None,None,None,None,None,None,Yes,Yes,None,None,None,None,None,None,Yes,None,None,None,78,Kensington-Chinatown,78,Kensington-Chinatown (78),D14
16965,1000474155,2021-03-14,1804,DUNDAS ST W,BATHURST  ST,5 m West of,Major Arterial,Toronto and East York,At Intersection,Traffic Signal,Clear,Daylight,Dry,Non-Fatal Injury,Cyclist Collisions,Cyclist,40 to 44,Major,None,West,Bicycle,Going Ahead,None,None,None,None,None,Cyclist and Driver travelling in same direction. One vehicle sideswipes the other.,Driving Properly,Normal,None,Yes,Yes,None,None,None,None,None,None,Yes,None,None,None,78,Kensington-Chinatown,78,Kensington-Chinatown (78),D14
16966,1000488018,2021-03-16,1734,KENNEDY RD,FINCH AVE E,100 m North ,Major Arterial,Scarborough,Non Intersection,No Control,Clear,Daylight,Dry,Non-Fatal Injury,Approaching,Driver,15 to 19,Minor,None,South,"Automobile, Station Wagon",Going Ahead,Lost control,Inattentive,None,None,None,None,None,None,None,None,Yes,None,None,None,None,Yes,Yes,Yes,None,None,None,148,East L'Amoreaux,117,L'Amoreaux (117),D42
16967,1000488018,2021-03-16,1734,KENNEDY RD,FINCH AVE E,100 m North ,Major Arterial,Scarborough,Non Intersection,No Control,Clear,Daylight,Dry,Non-Fatal Injury,Approaching,Driver,70 to 74,Minor,None,North,"Automobile, Station Wagon",Going Ahead,Driving Properly,Normal,None,None,None,None,None,None,None,None,Yes,None,None,None,None,Yes,Yes,Yes,None,None,None,148,East L'Amoreaux,117,L'Amoreaux (117),D42
16968,1000488018,2021-03-16,1734,KENNEDY RD,FINCH AVE E,100 m North ,Major Arterial,Scarborough,Non Intersection,No Control,Clear,Daylight,Dry,Non-Fatal Injury,Approaching,Passenger,15 to 19,Major,None,None,None,None,None,None,None,None,None,None,None,None,None,None,Yes,None,None,None,None,Yes,Yes,Yes,None,None,None,148,East L'Amoreaux,117,L'Amoreaux (117),D42
16969,1000488865,2021-03-16,2014,HIGHWAY 27  N,REXDALE BLVD,None,Major Arterial,Etobicoke York,At Intersection,Traffic Signal,Clear,"Dark, artificial",Dry,Non-Fatal Injury,Turning Movement,Driver,30 to 34,Major,None,South,Delivery Van,Turning Left,Improper Turn,Inattentive,None,None,None,None,None,None,None,None,Yes,None,None,None,None,None,None,None,None,None,None,1,West Humber-Clairville,1,West Humber-Clairville (1),D23
16970,1000488865,2021-03-16,2014,HIGHWAY 27  N,REXDALE BLVD,None,Major Arterial,Etobicoke York,At Intersection,Traffic Signal,Clear,"Dark, artificial",Dry,Non-Fatal Injury,Turning Movement,Driver,30 to 34,Major,None,North,"Automobile, Station Wagon",Going Ahead,Driving Properly,Normal,None,None,None,None,None,None,None,None,Yes,None,None,None,None,None,None,None,None,None,None,1,West Humber-Clairville,1,West Humber-Clairville (1),D23
16971,1000498081,2021-03-18,715,YONGE  ST,ALEXANDER  ST,2 m West of,Major Arterial,Toronto and East York,Intersection Related,Traffic Signal,Clear,Daylight,Wet,Non-Fatal Injury,Pedestrian Collisions,Driver,55 to 59,None,None,North,"Automobile, Station Wagon",Turning Right,Failed to Yield Right of Way,Unknown,None,None,None,None,None,None,Yes,None,Yes,None,None,None,None,None,None,Yes,None,None,None,167,Church-Wellesley,75,Church-Yonge Corridor (75),D51
16972,1000498081,2021-03-18,715,YONGE  ST,ALEXANDER  ST,2 m West of,Major Arterial,Toronto and East York,Intersection Related,Traffic Signal,Clear,Daylight,Wet,Non-Fatal Injury,Pedestrian Collisions,Pedestrian,40 to 44,Major,None,West,None,None,None,None,Vehicle turns right while ped crosses with ROW at inter.,Crossing with right of way,Normal,None,None,None,Yes,None,Yes,None,None,None,None,None,None,Yes,None,None,None,167,Church-Wellesley,75,Church-Yonge Corridor (75),D51
16973,1000499271,2021-03-18,1056,GREENWIN VILLAGE RD,BATHURST ST,50 m East of,Collector,North York,At/Near Private Drive,No Control,Clear,Daylight,Dry,Non-Fatal Injury,Pedestrian Collisions,Driver,55 to 59,None,None,South,"Automobile, Station Wagon",Turning Left,Improper Turn,Normal,None,None,None,None,None,None,Yes,None,Yes,None,None,None,None,None,None,Yes,None,None,None,36,Newtonbrook West,36,Newtonbrook West (36),D32
16974,1000499271,2021-03-18,1056,GREENWIN VILLAGE RD,BATHURST ST,50 m East of,Collector,North York,At/Near Private Drive,No Control,Clear,Daylight,Dry,Non-Fatal Injury,Pedestrian Collisions,Pedestrian,60 to 64,Major,None,None,None,None,None,None,Pedestrian hit at mid-block,"Crossing, no Traffic Control",Normal,None,None,None,Yes,None,Yes,None,None,None,None,None,None,Yes,None,None,None,36,Newtonbrook West,36,Newtonbrook West (36),D32
16975,1000501047,2021-03-18,1515,204 CLEVELAND ST,None,2 m South of,Collector,Toronto and East York,Non Intersection,No Control,Clear,Daylight,Dry,Non-Fatal Injury,Pedestrian Collisions,Driver,80 to 84,None,None,North,"Automobile, Station Wagon",Going Ahead,Driving Properly,Normal,None,None,None,None,None,None,Yes,None,Yes,None,None,None,None,None,None,None,None,None,None,99,Mount Pleasant East,99,Mount Pleasant East (99),D53
16976,1000501047,2021-03-18,1515,204 CLEVELAND ST,None,2 m South of,Collector,Toronto and East York,Non Intersection,No Control,Clear,Daylight,Dry,Non-Fatal Injury,Pedestrian Collisions,Pedestrian,5 to 9,Major,None,West,None,None,None,None,Pedestrian hit at mid-block,Running onto Roadway,Normal,None,None,None,Yes,None,Yes,None,None,None,None,None,None,None,None,None,None,99,Mount Pleasant East,99,Mount Pleasant East (99),D53
16977,1000505074,2021-03-19,722,FINCH AVE W,HUMBERLINE DR,13 m East of,Major Arterial,Etobicoke York,Intersection Related,No Control,Clear,Daylight,Dry,Non-Fatal Injury,Pedestrian Collisions,Driver,50 to 54,None,None,East,"Automobile, Station Wagon",Going Ahead,Driving Properly,Normal,None,None,None,None,None,None,Yes,None,Yes,None,None,None,None,None,None,None,None,None,None,1,West Humber-Clairville,1,West Humber-Clairville (1),D23
16978,1000505074,2021-03-19,722,FINCH AVE W,HUMBERLINE DR,13 m East of,Major Arterial,Etobicoke York,Intersection Related,No Control,Clear,Daylight,Dry,Non-Fatal Injury,Pedestrian Collisions,Pedestrian,15 to 19,Major,None,North,None,None,None,None,Pedestrian hit at mid-block,"Crossing, no Traffic Control",Inattentive,None,None,None,Yes,None,Yes,None,None,None,None,None,None,None,None,None,None,1,West Humber-Clairville,1,West Humber-Clairville (1),D23
16979,1000521213,2021-03-21,1515,ORIOLE PKWY,WILBERTON RD,10 m South o,Major Arterial,Toronto and East York,Intersection Related,No Control,Clear,Daylight,Dry,Non-Fatal Injury,SMV Other,Motorcycle Driver,50 to 54,Major,None,North,Motorcycle,Slowing or Stopping,Lost control,Normal,None,None,None,None,None,None,None,None,None,Yes,None,None,None,None,None,Yes,None,None,None,97,Yonge-St.Clair,97,Yonge-St.Clair (97),D53
16980,1000534087,2021-03-23,1218,BURNHAMTHORPE RD,MILL RD,None,Major Arterial,Etobicoke York,At Intersection,Traffic Signal,Clear,Daylight,Dry,Non-Fatal Injury,Turning Movement,Driver,15 to 19,Major,None,West,"Automobile, Station Wagon",Turning Left,Improper Turn,Normal,None,None,None,None,None,None,None,None,Yes,None,None,None,None,Yes,None,None,None,None,None,12,Markland Wood,12,Markland Wood (12),D22
16981,1000534087,2021-03-23,1218,BURNHAMTHORPE RD,MILL RD,None,Major Arterial,Etobicoke York,At Intersection,Traffic Signal,Clear,Daylight,Dry,Non-Fatal Injury,Turning Movement,Driver,30 to 34,None,None,East,"Automobile, Station Wagon",Going Ahead,Driving Properly,Normal,None,None,None,None,None,None,None,None,Yes,None,None,None,None,Yes,None,None,None,None,None,12,Markland Wood,12,Markland Wood (12),D22
16982,1000534087,2021-03-23,1218,BURNHAMTHORPE RD,MILL RD,None,Major Arterial,Etobicoke York,At Intersection,Traffic Signal,Clear,Daylight,Dry,Non-Fatal Injury,Turning Movement,Passenger,10 to 14,None,None,None,None,None,None,None,None,None,None,None,None,None,None,None,Yes,None,None,None,None,Yes,None,None,None,None,None,12,Markland Wood,12,Markland Wood (12),D22
16983,1000534087,2021-03-23,1218,BURNHAMTHORPE RD,MILL RD,None,Major Arterial,Etobicoke York,At Intersection,Traffic Signal,Clear,Daylight,Dry,Non-Fatal Injury,Turning Movement,Passenger,10 to 14,None,None,None,None,None,None,None,None,None,None,None,None,None,None,None,Yes,None,None,None,None,Yes,None,None,None,None,None,12,Markland Wood,12,Markland Wood (12),D22