_id,ACCNUM,DATE,TIME,STREET1,STREET2,OFFSET,ROAD_CLASS,DISTRICT,ACCLOC,TRAFFCTL,VISIBILITY,LIGHT,RDSFCOND,ACCLASS,IMPACTYPE,INVTYPE,INVAGE,INJURY,FATAL_NO,INITDIR,VEHTYPE,MANOEUVER,DRIVACT,DRIVCOND,PEDTYPE,PEDACT,PEDCOND,CYCLISTYPE,CYCACT,CYCCOND,PEDESTRIAN,CYCLIST,AUTOMOBILE,MOTORCYCLE,TRUCK,TRSN_CITY_VEH,EMERG_VEH,PASSENGER,SPEEDING,AG_DRIV,REDLIGHT,ALCOHOL,DISABILITY,HOOD_158,NEIGHBOURHOOD_158,HOOD_140,NEIGHBOURHOOD_140,DIVISION
17659,2000718408,2022-04-18,554,MARTIN GROVE RD,GARFELLA DR,5 m South of,Minor Arterial,Etobicoke York,At Intersection,Traffic Signal,Clear,"Dark, artificial",Dry,Non-Fatal Injury,Pedestrian Collisions,Pedestrian,40 to 44,Major,None,East,None,None,None,None,Vehicle turns left while ped crosses with ROW at inter.,Crossing with right of way,Normal,None,None,None,Yes,None,Yes,None,None,None,None,None,None,None,None,None,None,2,Mount Olive-Silverstone-Jamestown,2,Mount Olive-Silverstone-Jamestown (2),D23
17660,2000722938,2022-04-18,2120,KENNEDY RD,STEELES AVE E,None,Major Arterial,Scarborough,At Intersection,Traffic Signal,Rain,"Dark, artificial",Slush,Non-Fatal Injury,Cyclist Collisions,Cyclist,60 to 64,Major,None,East,Bicycle,Going Ahead,None,None,None,None,None,"Cyclist without ROW rides into path of motorist at inter, lnwy, dwy-Cyclist not turn.",Other,Normal,None,Yes,None,None,Yes,None,None,None,None,None,None,None,None,130,Milliken,130,Milliken (130),D42
17661,2000722938,2022-04-18,2120,KENNEDY RD,STEELES AVE E,None,Major Arterial,Scarborough,At Intersection,Traffic Signal,Rain,"Dark, artificial",Slush,Non-Fatal Injury,Cyclist Collisions,Truck Driver,25 to 29,None,None,North,"Truck - Closed (Blazer, etc)",Turning Left,Driving Properly,Normal,None,None,None,None,None,None,None,Yes,None,None,Yes,None,None,None,None,None,None,None,None,130,Milliken,130,Milliken (130),D42
17662,2000725125,2022-04-19,837,1491 LAKE SHORE BLVD W,None,10 m North o,Major Arterial,None,Non Intersection,No Control,Clear,Daylight,Dry,Non-Fatal Injury,Rear End,Motorcycle Driver,35 to 39,Major,None,East,Motorcycle,Going Ahead,Improper Passing,Normal,None,None,None,None,None,None,None,None,Yes,Yes,None,None,None,None,None,Yes,None,None,None,85,South Parkdale,85,South Parkdale (85),D14
17663,2000725125,2022-04-19,837,1491 LAKE SHORE BLVD W,None,10 m North o,Major Arterial,None,Non Intersection,No Control,Clear,Daylight,Dry,Non-Fatal Injury,Rear End,Driver,20 to 24,None,None,East,Pick Up Truck,Going Ahead,Driving Properly,Normal,None,None,None,None,None,None,None,None,Yes,Yes,None,None,None,None,None,Yes,None,None,None,85,South Parkdale,85,South Parkdale (85),D14
17664,2000729543,2022-04-19,2015,LAKE SHORE BLVD W,LAKE CRES,63 m West of,Major Arterial,Etobicoke York,Non Intersection,No Control,Clear,"Dark, artificial",Dry,Non-Fatal Injury,Approaching,Driver,20 to 24,Major,None,East,"Automobile, Station Wagon",Going Ahead,Lost control,Unknown,None,None,None,None,None,None,None,None,Yes,None,None,None,None,None,Yes,Yes,None,None,None,160,Mimico-Queensway,17,Mimico (includes Humber Bay Shores) (17),D22
17665,2000729543,2022-04-19,2015,LAKE SHORE BLVD W,LAKE CRES,63 m West of,Major Arterial,Etobicoke York,Non Intersection,No Control,Clear,"Dark, artificial",Dry,Non-Fatal Injury,Approaching,Driver,30 to 34,Minor,None,West,Pick Up Truck,Going Ahead,Driving Properly,Normal,None,None,None,None,None,None,None,None,Yes,None,None,None,None,None,Yes,Yes,None,None,None,160,Mimico-Queensway,17,Mimico (includes Humber Bay Shores) (17),D22
17666,2000746819,2022-04-22,1000,SPADINA AV,QUEEN ST W,10 m South o,Major Arterial,Toronto and East York,Intersection Related,Traffic Signal,Clear,Daylight,Dry,Non-Fatal Injury,Cyclist Collisions,Truck Driver,50 to 54,None,None,South,Truck - Dump,Going Ahead,Improper Passing,Normal,None,None,None,None,None,None,None,Yes,None,None,Yes,None,None,None,None,Yes,None,None,None,164,Wellington Place,77,Waterfront Communities-The Island (77),D52
17667,2000746819,2022-04-22,1000,SPADINA AV,QUEEN ST W,10 m South o,Major Arterial,Toronto and East York,Intersection Related,Traffic Signal,Clear,Daylight,Dry,Non-Fatal Injury,Cyclist Collisions,Cyclist,35 to 39,Major,None,South,Bicycle,Going Ahead,None,None,None,None,None,None,Driving Properly,Normal,None,Yes,None,None,Yes,None,None,None,None,Yes,None,None,None,164,Wellington Place,77,Waterfront Communities-The Island (77),D52
17668,2000768413,2022-04-25,1345,452 DANFORTH AVE,None,30 m West of,Major Arterial,Toronto and East York,Non Intersection,No Control,Rain,Daylight,Wet,Non-Fatal Injury,Pedestrian Collisions,Moped Driver,35 to 39,Minimal,None,West,Moped,Going Ahead,Speed too Fast For Condition,Inattentive,None,None,None,None,None,None,Yes,Yes,None,None,None,None,None,None,Yes,Yes,None,None,None,68,North Riverdale,68,North Riverdale (68),D55
17669,2000768413,2022-04-25,1345,452 DANFORTH AVE,None,30 m West of,Major Arterial,Toronto and East York,Non Intersection,No Control,Rain,Daylight,Wet,Non-Fatal Injury,Pedestrian Collisions,Pedestrian,5 to 9,Major,None,North,None,None,None,None,Pedestrian hit at mid-block,Person Getting on/off Vehicle,Inattentive,None,None,None,Yes,Yes,None,None,None,None,None,None,Yes,Yes,None,None,None,68,North Riverdale,68,North Riverdale (68),D55
17670,2000773802,2022-04-26,1003,WESTON RD,HUMBER BLVD,None,Major Arterial,Etobicoke York,Intersection Related,No Control,Clear,Daylight,Dry,Non-Fatal Injury,Sideswipe,Motorcycle Driver,30 to 34,Major,None,South,Motorcycle,Going Ahead,Failed to Yield Right of Way,Inattentive,None,None,None,None,None,None,None,None,Yes,Yes,None,None,None,None,Yes,Yes,None,None,None,111,Rockcliffe-Smythe,111,Rockcliffe-Smythe (111),D12
17671,2000773802,2022-04-26,1003,WESTON RD,HUMBER BLVD,None,Major Arterial,Etobicoke York,Intersection Related,No Control,Clear,Daylight,Dry,Non-Fatal Injury,Sideswipe,Driver,60 to 64,None,None,South,"Automobile, Station Wagon",Changing Lanes,Driving Properly,Normal,None,None,None,None,None,None,None,None,Yes,Yes,None,None,None,None,Yes,Yes,None,None,None,111,Rockcliffe-Smythe,111,Rockcliffe-Smythe (111),D12
17672,2000773802,2022-04-26,1003,WESTON RD,HUMBER BLVD,None,Major Arterial,Etobicoke York,Intersection Related,No Control,Clear,Daylight,Dry,Non-Fatal Injury,Sideswipe,Driver,60 to 64,None,None,West,Passenger Van,Going Ahead,Driving Properly,Normal,None,None,None,None,None,None,None,None,Yes,Yes,None,None,None,None,Yes,Yes,None,None,None,111,Rockcliffe-Smythe,111,Rockcliffe-Smythe (111),D12
17673,2000774562,2022-04-26,1149,BLUFFWOOD DR,STEELES AVE E,None,Major Arterial,North York,At Intersection,Traffic Signal,Clear,Daylight,Dry,Fatal,Pedestrian Collisions,Pedestrian,Over 95,Fatal,17,West,None,None,None,None,Vehicle turns right while ped crosses with ROW at inter.,Crossing with right of way,Inattentive,None,None,None,Yes,None,Yes,None,None,None,None,None,None,None,None,None,None,49,Bayview Woods-Steeles,49,Bayview Woods-Steeles (49),D33
17674,2000774562,2022-04-26,1149,BLUFFWOOD DR,STEELES AVE E,None,Major Arterial,North York,At Intersection,Traffic Signal,Clear,Daylight,Dry,Fatal,Pedestrian Collisions,Driver,60 to 64,None,None,North,"Automobile, Station Wagon",Turning Right,Improper Turn,Inattentive,None,None,None,None,None,None,Yes,None,Yes,None,None,None,None,None,None,None,None,None,None,49,Bayview Woods-Steeles,49,Bayview Woods-Steeles (49),D33
17675,2000785196,2022-04-27,2135,MORNINGSIDE AVE,FINCH AVE E,None,Minor Arterial,Scarborough,At Intersection,Traffic Signal,Clear,"Dark, artificial",Dry,Non-Fatal Injury,Pedestrian Collisions,Driver,25 to 29,None,None,South,"Automobile, Station Wagon",Turning Left,Exceeding Speed Limit,Inattentive,None,None,None,None,None,None,Yes,None,Yes,None,None,None,None,Yes,Yes,Yes,None,None,None,145,Malvern West,132,Malvern (132),D42
17676,2000785196,2022-04-27,2135,MORNINGSIDE AVE,FINCH AVE E,None,Minor Arterial,Scarborough,At Intersection,Traffic Signal,Clear,"Dark, artificial",Dry,Non-Fatal Injury,Pedestrian Collisions,Passenger,25 to 29,None,None,None,None,None,None,None,None,None,None,None,None,None,Yes,None,Yes,None,None,None,None,Yes,Yes,Yes,None,None,None,145,Malvern West,132,Malvern (132),D42
17677,2000785196,2022-04-27,2135,MORNINGSIDE AVE,FINCH AVE E,None,Minor Arterial,Scarborough,At Intersection,Traffic Signal,Clear,"Dark, artificial",Dry,Non-Fatal Injury,Pedestrian Collisions,Passenger,25 to 29,None,None,None,None,None,None,None,None,None,None,None,None,None,Yes,None,Yes,None,None,None,None,Yes,Yes,Yes,None,None,None,145,Malvern West,132,Malvern (132),D42
17678,2000785196,2022-04-27,2135,MORNINGSIDE AVE,FINCH AVE E,None,Minor Arterial,Scarborough,At Intersection,Traffic Signal,Clear,"Dark, artificial",Dry,Non-Fatal Injury,Pedestrian Collisions,Pedestrian,20 to 24,Major,None,North,None,None,None,None,Vehicle turns left while ped crosses with ROW at inter.,Crossing with right of way,Normal,None,None,None,Yes,None,Yes,None,None,None,None,Yes,Yes,Yes,None,None,None,145,Malvern West,132,Malvern (132),D42
17679,2000833786,2022-05-04,2315,KEELE ST,TORO RD,None,Major Arterial,North York,Intersection Related,Traffic Signal,Clear,"Dark, artificial",Dry,Non-Fatal Injury,Cyclist Collisions,Driver,20 to 24,None,None,North,"Automobile, Station Wagon",Going Ahead,Other,Unknown,None,None,None,None,None,None,None,Yes,Yes,None,None,None,None,None,None,Yes,None,None,None,27,York University Heights,27,York University Heights (27),D31
17680,2000833786,2022-05-04,2315,KEELE ST,TORO RD,None,Major Arterial,North York,Intersection Related,Traffic Signal,Clear,"Dark, artificial",Dry,Non-Fatal Injury,Cyclist Collisions,Cyclist,40 to 44,Major,None,North,Bicycle,Going Ahead,None,None,None,None,None,Cyclist and Driver travelling in same direction. One vehicle rear-ended the other.,Driving Properly,Unknown,None,Yes,Yes,None,None,None,None,None,None,Yes,None,None,None,27,York University Heights,27,York University Heights (27),D31
17681,2000850476,2022-05-07,935,REINER RD,FAYWOOD BLVD,None,Collector,None,At Intersection,Stop Sign,Clear,Daylight,Dry,Non-Fatal Injury,Pedestrian Collisions,Driver,50 to 54,None,None,South,"Automobile, Station Wagon",Turning Left,Failed to Yield Right of Way,Inattentive,None,None,None,None,None,None,Yes,None,Yes,None,None,None,None,None,None,Yes,None,None,None,33,Clanton Park,33,Clanton Park (33),D32
17682,2000850476,2022-05-07,935,REINER RD,FAYWOOD BLVD,None,Collector,None,At Intersection,Stop Sign,Clear,Daylight,Dry,Non-Fatal Injury,Pedestrian Collisions,Pedestrian,70 to 74,Major,None,North,None,None,None,None,Vehicle turns left while ped crosses with ROW at inter.,Crossing with right of way,Normal,None,None,None,Yes,None,Yes,None,None,None,None,None,None,Yes,None,None,None,33,Clanton Park,33,Clanton Park (33),D32
17683,2000852942,2022-05-07,1630,PARKVIEW AVE,LONGMORE ST,70 m West of,Local,None,Non Intersection,No Control,Clear,Daylight,Dry,Non-Fatal Injury,SMV Other,Motorcycle Driver,50 to 54,Major,None,East,Motorcycle,Going Ahead,Lost control,Normal,None,None,None,None,None,None,None,None,None,Yes,None,None,None,None,Yes,Yes,None,None,None,152,East Willowdale,51,Willowdale East (51),D32
17684,2000860343,2022-05-08,1915,ST CLAIR AVE W,GUNNS RD,2 m West of,Major Arterial,Etobicoke York,Intersection Related,Traffic Signal,Clear,Daylight,Dry,Non-Fatal Injury,Turning Movement,Driver,15 to 19,None,None,West,"Automobile, Station Wagon",Going Ahead,Other,Inattentive,None,None,None,None,None,None,None,None,Yes,None,None,None,None,Yes,Yes,Yes,Yes,None,None,90,Junction Area,90,Junction Area (90),D11
17685,2000860343,2022-05-08,1915,ST CLAIR AVE W,GUNNS RD,2 m West of,Major Arterial,Etobicoke York,Intersection Related,Traffic Signal,Clear,Daylight,Dry,Non-Fatal Injury,Turning Movement,Driver,25 to 29,Major,None,South,"Automobile, Station Wagon",Turning Right,Disobeyed Traffic Control,Inattentive,None,None,None,None,None,None,None,None,Yes,None,None,None,None,Yes,Yes,Yes,Yes,None,None,90,Junction Area,90,Junction Area (90),D11
17686,2000860343,2022-05-08,1915,ST CLAIR AVE W,GUNNS RD,2 m West of,Major Arterial,Etobicoke York,Intersection Related,Traffic Signal,Clear,Daylight,Dry,Non-Fatal Injury,Turning Movement,Driver,35 to 39,None,None,South,"Automobile, Station Wagon",Turning Right,Driving Properly,Normal,None,None,None,None,None,None,None,None,Yes,None,None,None,None,Yes,Yes,Yes,Yes,None,None,90,Junction Area,90,Junction Area (90),D11
17687,2000860343,2022-05-08,1915,ST CLAIR AVE W,GUNNS RD,2 m West of,Major Arterial,Etobicoke York,Intersection Related,Traffic Signal,Clear,Daylight,Dry,Non-Fatal Injury,Turning Movement,Passenger,15 to 19,None,None,None,None,None,None,None,None,None,None,None,None,None,None,None,Yes,None,None,None,None,Yes,Yes,Yes,Yes,None,None,90,Junction Area,90,Junction Area (90),D11
17688,2000860343,2022-05-08,1915,ST CLAIR AVE W,GUNNS RD,2 m West of,Major Arterial,Etobicoke York,Intersection Related,Traffic Signal,Clear,Daylight,Dry,Non-Fatal Injury,Turning Movement,Passenger,0 to 4,None,None,None,None,None,None,None,None,None,None,None,None,None,None,None,Yes,None,None,None,None,Yes,Yes,Yes,Yes,None,None,90,Junction Area,90,Junction Area (90),D11
17689,2000874402,2022-05-10,1632,CONSILIUM PL,PROGRESS AVE,None,Minor Arterial,Scarborough,At Intersection,Traffic Signal,Clear,Daylight,Dry,Non-Fatal Injury,Turning Movement,Driver,50 to 54,None,None,East,"Automobile, Station Wagon",Turning Left,Improper Turn,Inattentive,None,None,None,None,None,None,None,None,Yes,Yes,None,None,None,None,None,None,None,None,None,142,Woburn North,137,Woburn (137),D43
17690,2000874402,2022-05-10,1632,CONSILIUM PL,PROGRESS AVE,None,Minor Arterial,Scarborough,At Intersection,Traffic Signal,Clear,Daylight,Dry,Non-Fatal Injury,Turning Movement,Motorcycle Driver,55 to 59,Major,None,West,Motorcycle,Going Ahead,Driving Properly,Normal,None,None,None,None,None,None,None,None,Yes,Yes,None,None,None,None,None,None,None,None,None,142,Woburn North,137,Woburn (137),D43
17691,2000874869,2022-05-10,1728,ELLESMERE RD,MIDLAND AVE,None,Major Arterial,Scarborough,At Intersection,Traffic Signal,Clear,Daylight,Dry,Non-Fatal Injury,Pedestrian Collisions,Driver,55 to 59,None,None,East,"Automobile, Station Wagon",Going Ahead,Driving Properly,Inattentive,None,None,None,None,None,None,Yes,None,Yes,None,None,None,None,None,None,None,None,None,None,156,Bendale-Glen Andrew,127,Bendale (127),D41
17692,2000874869,2022-05-10,1728,ELLESMERE RD,MIDLAND AVE,None,Major Arterial,Scarborough,At Intersection,Traffic Signal,Clear,Daylight,Dry,Non-Fatal Injury,Pedestrian Collisions,Pedestrian,10 to 14,Major,None,South,None,None,None,None,Vehicle is going straight thru inter.while ped cross without ROW,Crossing without right of way,Inattentive,None,None,None,Yes,None,Yes,None,None,None,None,None,None,None,None,None,None,156,Bendale-Glen Andrew,127,Bendale (127),D41
17693,2000881205,2022-05-11,1455,NORTH QUEEN ST,NOVA RD,None,Minor Arterial,Etobicoke York,At Intersection,Traffic Signal,Clear,Daylight,Dry,Non-Fatal Injury,SMV Other,Driver,80 to 84,Major,None,East,"Automobile, Station Wagon",Turning Left,Lost control,Unknown,None,None,None,None,None,None,None,None,Yes,None,None,None,None,None,None,None,None,None,None,159,Etobicoke City Centre,14,Islington-City Centre West (14),D22
17694,2000899254,2022-05-13,2210,SALINAS CRT,ROSELAWN AVE,None,Local,Toronto and East York,Intersection Related,No Control,Clear,"Dark, artificial",Dry,Fatal,SMV Other,Moped Driver,35 to 39,Fatal,18,East,Motorcycle,Going Ahead,Lost control,Had Been Drinking,None,None,None,None,None,None,None,Yes,None,Yes,None,None,None,None,None,None,None,None,None,108,Briar Hill-Belgravia,108,Briar Hill-Belgravia (108),D13
17695,2000905786,2022-05-14,2045,151 CHERRY ST,None,12 m South o,Collector,Toronto and East York,Non Intersection,No Control,Clear,"Dark, artificial",Loose Sand or Gravel,Non-Fatal Injury,SMV Other,Motorcycle Driver,60 to 64,Minor,None,North,Motorcycle,Going Ahead,Lost control,Normal,None,None,None,None,None,None,None,None,None,Yes,None,None,None,Yes,Yes,Yes,None,None,None,70,South Riverdale,70,South Riverdale (70),D51
17696,2000905786,2022-05-14,2045,151 CHERRY ST,None,12 m South o,Collector,Toronto and East York,Non Intersection,No Control,Clear,"Dark, artificial",Loose Sand or Gravel,Non-Fatal Injury,SMV Other,Motorcycle Passenger,75 to 79,Major,None,None,None,None,None,None,None,None,None,None,None,None,None,None,None,Yes,None,None,None,Yes,Yes,Yes,None,None,None,70,South Riverdale,70,South Riverdale (70),D51
17697,2000933204,2022-05-18,1642,WILSON AVE,KEELE ST,None,Major Arterial,North York,At Intersection,Traffic Signal,Clear,Daylight,Dry,Non-Fatal Injury,Pedestrian Collisions,Driver,70 to 74,None,None,West,"Automobile, Station Wagon",Turning Left,Failed to Yield Right of Way,Normal,None,None,None,None,None,None,Yes,None,Yes,None,None,None,None,None,None,Yes,None,None,None,155,Downsview,26,Downsview-Roding-CFB (26),D31
17698,2000933204,2022-05-18,1642,WILSON AVE,KEELE ST,None,Major Arterial,North York,At Intersection,Traffic Signal,Clear,Daylight,Dry,Non-Fatal Injury,Pedestrian Collisions,Pedestrian,50 to 54,Major,None,East,None,Going Ahead,None,None,Vehicle turns left while ped crosses with ROW at inter.,Crossing with right of way,Normal,None,None,None,Yes,None,Yes,None,None,None,None,None,None,Yes,None,None,None,155,Downsview,26,Downsview-Roding-CFB (26),D31
17699,2000945428,2022-05-20,1045,ISLINGTON AVE,PRINCESS MARGARET BLVD,None,Major Arterial,None,At Intersection,Traffic Signal,Clear,Daylight,Dry,Non-Fatal Injury,Angle,Driver,40 to 44,None,None,North,Pick Up Truck,Going Ahead,Disobeyed Traffic Control,Inattentive,None,None,None,None,None,None,None,None,Yes,None,None,None,None,None,None,Yes,Yes,None,None,9,Edenbridge-Humber Valley,9,Edenbridge-Humber Valley (9),D22
17700,2000945428,2022-05-20,1045,ISLINGTON AVE,PRINCESS MARGARET BLVD,None,Major Arterial,None,At Intersection,Traffic Signal,Clear,Daylight,Dry,Non-Fatal Injury,Angle,Driver,30 to 34,Major,None,West,Off Road - Other,Other,Driving Properly,Normal,None,None,None,None,None,None,None,None,Yes,None,None,None,None,None,None,Yes,Yes,None,None,9,Edenbridge-Humber Valley,9,Edenbridge-Humber Valley (9),D22
17701,2000962188,2022-05-22,1443,DUFFERIN ST,CROATIA ST,None,Major Arterial,Toronto and East York,At Intersection,Stop Sign,Clear,Daylight,Dry,Non-Fatal Injury,Pedestrian Collisions,Driver,60 to 64,None,None,East,"Automobile, Station Wagon",Turning Left,Failed to Yield Right of Way,Inattentive,None,None,None,None,None,None,Yes,None,Yes,None,None,None,None,Yes,None,Yes,None,None,None,83,Dufferin Grove,83,Dufferin Grove (83),D14
17702,2000962188,2022-05-22,1443,DUFFERIN ST,CROATIA ST,None,Major Arterial,Toronto and East York,At Intersection,Stop Sign,Clear,Daylight,Dry,Non-Fatal Injury,Pedestrian Collisions,Passenger,40 to 44,None,None,None,None,None,None,None,None,None,None,None,None,None,Yes,None,Yes,None,None,None,None,Yes,None,Yes,None,None,None,83,Dufferin Grove,83,Dufferin Grove (83),D14
17703,2000962188,2022-05-22,1443,DUFFERIN ST,CROATIA ST,None,Major Arterial,Toronto and East York,At Intersection,Stop Sign,Clear,Daylight,Dry,Non-Fatal Injury,Pedestrian Collisions,Pedestrian,65 to 69,Major,None,West,None,None,None,None,Vehicle turns left while ped crosses without ROW at inter.,Crossing without right of way,Inattentive,None,None,None,Yes,None,Yes,None,None,None,None,Yes,None,Yes,None,None,None,83,Dufferin Grove,83,Dufferin Grove (83),D14
17704,2000963706,2022-05-22,1911,2467 QUEEN ST E,None,None,Minor Arterial,Toronto and East York,At Intersection,Stop Sign,Clear,Daylight,Dry,Fatal,SMV Other,Driver,65 to 69,Fatal,19,South,Pick Up Truck,Going Ahead,Lost control,Unknown,None,None,None,None,None,None,None,None,Yes,None,None,None,None,None,None,None,None,None,None,63,The Beaches,63,The Beaches (63),D55
17705,2000963706,2022-05-22,1911,2467 QUEEN ST E,None,None,Minor Arterial,Toronto and East York,At Intersection,Stop Sign,Clear,Daylight,Dry,Fatal,SMV Other,Other,unknown,None,None,None,"Automobile, Station Wagon",Parked,None,None,None,None,None,None,None,None,None,None,Yes,None,None,None,None,None,None,None,None,None,None,63,The Beaches,63,The Beaches (63),D55
17706,2000984362,2022-05-25,1656,COLLEGE ST,EUCLID AVE,60 m West of,Major Arterial,Toronto and East York,Non Intersection,No Control,Clear,Daylight,Dry,Non-Fatal Injury,Cyclist Collisions,Cyclist,40 to 44,Major,None,West,Bicycle,Going Ahead,None,None,None,None,None,Cyclist and Driver travelling in same direction. One vehicle sideswipes the other.,Driving Properly,Had Been Drinking,None,Yes,Yes,None,None,None,None,None,None,None,None,None,None,81,Trinity-Bellwoods,81,Trinity-Bellwoods (81),D14
17707,2000984362,2022-05-25,1656,COLLEGE ST,EUCLID AVE,60 m West of,Major Arterial,Toronto and East York,Non Intersection,No Control,Clear,Daylight,Dry,Non-Fatal Injury,Cyclist Collisions,Driver,30 to 34,None,None,West,"Automobile, Station Wagon",Going Ahead,Driving Properly,Normal,None,None,None,None,None,None,None,Yes,Yes,None,None,None,None,None,None,None,None,None,None,81,Trinity-Bellwoods,81,Trinity-Bellwoods (81),D14
17708,2000986496,2022-05-25,2312,LAKE SHORE BLVD W,BRITISH COLUMBIA RD,None,Major Arterial,Toronto and East York,Non Intersection,No Control,Clear,"Dark, artificial",Dry,Fatal,Approaching,Driver,20 to 24,Major,None,West,"Automobile, Station Wagon",Going Ahead,Lost control,Normal,None,None,None,None,None,None,None,None,Yes,None,None,None,None,None,None,None,None,None,None,163,Fort York-Liberty Village,82,Niagara (82),D14
17709,2000986496,2022-05-25,2312,LAKE SHORE BLVD W,BRITISH COLUMBIA RD,None,Major Arterial,Toronto and East York,Non Intersection,No Control,Clear,"Dark, artificial",Dry,Fatal,Approaching,Driver,40 to 44,Fatal,20,East,"Automobile, Station Wagon",Going Ahead,Driving Properly,Normal,None,None,None,None,None,None,None,None,Yes,None,None,None,None,None,None,None,None,None,None,163,Fort York-Liberty Village,82,Niagara (82),D14
17710,2000988089,2022-05-26,831,STEELES AVE E,MAXOME AVE,None,Major Arterial,North York,At Intersection,Traffic Signal,Clear,Daylight,Dry,Non-Fatal Injury,Cyclist Collisions,Driver,20 to 24,None,None,South,"Automobile, Station Wagon",Turning Left,Improper Turn,Inattentive,None,None,None,None,None,None,None,Yes,Yes,None,None,None,None,None,None,None,None,None,None,50,Newtonbrook East,50,Newtonbrook East (50),D32
17711,2000988089,2022-05-26,831,STEELES AVE E,MAXOME AVE,None,Major Arterial,North York,At Intersection,Traffic Signal,Clear,Daylight,Dry,Non-Fatal Injury,Cyclist Collisions,Cyclist,20 to 24,Major,None,North,Bicycle,Going Ahead,None,None,None,None,None,Motorist turned left across cyclists path.,Driving Properly,Normal,None,Yes,Yes,None,None,None,None,None,None,None,None,None,None,50,Newtonbrook East,50,Newtonbrook East (50),D32
17712,2001001629,2022-05-27,2341,6 KEMP SQUARE,None,1 m West of,Local,None,Non Intersection,No Control,Clear,"Dark, artificial",Dry,Non-Fatal Injury,SMV Other,Driver,45 to 49,Major,None,South,"Automobile, Station Wagon",Going Ahead,Lost control,"Ability Impaired, Alcohol Over .08",None,None,None,None,None,None,None,None,Yes,None,None,None,None,None,None,None,None,Yes,None,30,Brookhaven-Amesbury,30,Brookhaven-Amesbury (30),D12
17713,2001007343,2022-05-28,2015,DON VALLEY PARKWAY  S,LAWRENCE AVE E,50 m North o,Expressway,North York,Non Intersection,No Control,Clear,Daylight,Dry,Non-Fatal Injury,Rear End,Motorcycle Driver,40 to 44,Major,None,South,Motorcycle,Going Ahead,Following too Close,Inattentive,None,None,None,None,None,None,None,None,Yes,Yes,None,None,None,None,None,Yes,None,None,None,42,Banbury-Don Mills,42,Banbury-Don Mills (42),D33
17714,2001007343,2022-05-28,2015,DON VALLEY PARKWAY  S,LAWRENCE AVE E,50 m North o,Expressway,North York,Non Intersection,No Control,Clear,Daylight,Dry,Non-Fatal Injury,Rear End,Driver,15 to 19,None,None,South,"Automobile, Station Wagon",Slowing or Stopping,Driving Properly,Normal,None,None,None,None,None,None,None,None,Yes,Yes,None,None,None,None,None,Yes,None,None,None,42,Banbury-Don Mills,42,Banbury-Don Mills (42),D33
17715,2001020904,2022-05-30,1847,QUEENS QUAY E,MERCHANTS WHARF,19 m South o,Minor Arterial,Toronto and East York,At Intersection,No Control,Clear,Daylight,Dry,Non-Fatal Injury,Cyclist Collisions,Driver,50 to 54,None,None,East,"Automobile, Station Wagon",Turning Right,Improper Turn,Normal,None,None,None,None,None,None,None,Yes,Yes,None,None,None,None,None,None,None,None,None,None,166,St Lawrence-East Bayfront-The Islands,77,Waterfront Communities-The Island (77),D51
17716,2001020904,2022-05-30,1847,QUEENS QUAY E,MERCHANTS WHARF,19 m South o,Minor Arterial,Toronto and East York,At Intersection,No Control,Clear,Daylight,Dry,Non-Fatal Injury,Cyclist Collisions,Cyclist,10 to 14,Major,None,West,Bicycle,Going Ahead,None,None,None,None,None,"Motorist turns right at non-signal Inter.(stop, yield, no cont.,and dwy) and strikes cyclist.",Driving Properly,Normal,None,Yes,Yes,None,None,None,None,None,None,None,None,None,None,166,St Lawrence-East Bayfront-The Islands,77,Waterfront Communities-The Island (77),D51
17717,2001021476,2022-05-30,2012,THE DONWAY E,GUYTOI CRT,3 m North of,Minor Arterial,North York,Intersection Related,No Control,Clear,"Dusk, artificial",Dry,Non-Fatal Injury,Pedestrian Collisions,Driver,30 to 34,None,None,East,"Automobile, Station Wagon",Going Ahead,Driving Properly,Normal,None,None,None,None,None,None,Yes,None,Yes,None,None,None,None,None,None,None,None,None,None,42,Banbury-Don Mills,42,Banbury-Don Mills (42),D33
17718,2001021476,2022-05-30,2012,THE DONWAY E,GUYTOI CRT,3 m North of,Minor Arterial,North York,Intersection Related,No Control,Clear,"Dusk, artificial",Dry,Non-Fatal Injury,Pedestrian Collisions,Pedestrian,20 to 24,Major,None,North,None,None,None,None,Vehicle is going straight thru inter.while ped cross without ROW,Running onto Roadway,Other,None,None,None,Yes,None,Yes,None,None,None,None,None,None,None,None,None,None,42,Banbury-Don Mills,42,Banbury-Don Mills (42),D33
17719,2001027552,2022-05-31,1636,EASTERN AVE,WOODFIELD RD,7 m North of,Minor Arterial,Toronto and East York,At Intersection,Stop Sign,Clear,Daylight,Dry,Non-Fatal Injury,Angle,Driver,20 to 24,Minor,None,South,"Automobile, Station Wagon",Going Ahead,Disobeyed Traffic Control,Normal,None,None,None,None,None,None,None,None,Yes,None,None,None,None,Yes,None,Yes,None,None,None,63,The Beaches,63,The Beaches (63),D55
17720,2001027552,2022-05-31,1636,EASTERN AVE,WOODFIELD RD,7 m North of,Minor Arterial,Toronto and East York,At Intersection,Stop Sign,Clear,Daylight,Dry,Non-Fatal Injury,Angle,Driver,25 to 29,Major,None,West,"Automobile, Station Wagon",Going Ahead,Driving Properly,Normal,None,None,None,None,None,None,None,None,Yes,None,None,None,None,Yes,None,Yes,None,None,None,63,The Beaches,63,The Beaches (63),D55