_id,ACCNUM,DATE,TIME,STREET1,STREET2,OFFSET,ROAD_CLASS,DISTRICT,ACCLOC,TRAFFCTL,VISIBILITY,LIGHT,RDSFCOND,ACCLASS,IMPACTYPE,INVTYPE,INVAGE,INJURY,FATAL_NO,INITDIR,VEHTYPE,MANOEUVER,DRIVACT,DRIVCOND,PEDTYPE,PEDACT,PEDCOND,CYCLISTYPE,CYCACT,CYCCOND,PEDESTRIAN,CYCLIST,AUTOMOBILE,MOTORCYCLE,TRUCK,TRSN_CITY_VEH,EMERG_VEH,PASSENGER,SPEEDING,AG_DRIV,REDLIGHT,ALCOHOL,DISABILITY,HOOD_158,NEIGHBOURHOOD_158,HOOD_140,NEIGHBOURHOOD_140,DIVISION
18095,2001996096,2022-10-13,1940,MIDDLEFIELD RD,MCCOWAN RD,16 m North o,Major Arterial,Scarborough,Non Intersection,No Control,Clear,Dark,Dry,Non-Fatal Injury,Turning Movement,Passenger,5 to 9,None,None,None,None,None,None,None,None,None,None,None,None,None,None,None,Yes,None,None,None,None,Yes,None,Yes,None,None,None,129,Agincourt North,129,Agincourt North (129),D42
18096,2001996096,2022-10-13,1940,MIDDLEFIELD RD,MCCOWAN RD,16 m North o,Major Arterial,Scarborough,Non Intersection,No Control,Clear,Dark,Dry,Non-Fatal Injury,Turning Movement,Driver,15 to 19,None,None,East,"Automobile, Station Wagon",Turning Left,Improper Turn,Normal,None,None,None,None,None,None,None,None,Yes,None,None,None,None,Yes,None,Yes,None,None,None,129,Agincourt North,129,Agincourt North (129),D42
18097,2001996096,2022-10-13,1940,MIDDLEFIELD RD,MCCOWAN RD,16 m North o,Major Arterial,Scarborough,Non Intersection,No Control,Clear,Dark,Dry,Non-Fatal Injury,Turning Movement,Driver,20 to 24,Major,None,West,"Automobile, Station Wagon",Going Ahead,Driving Properly,Normal,None,None,None,None,None,None,None,None,Yes,None,None,None,None,Yes,None,Yes,None,None,None,129,Agincourt North,129,Agincourt North (129),D42
18098,2002003837,2022-10-14,2118,REXDALE BLVD,QUEENS PLATE DR,None,Major Arterial,Etobicoke York,At Intersection,Traffic Signal,Clear,"Dark, artificial",Dry,Non-Fatal Injury,Pedestrian Collisions,Driver,50 to 54,None,None,East,"Automobile, Station Wagon",Going Ahead,Driving Properly,Normal,None,None,None,None,None,None,Yes,None,Yes,None,None,None,None,None,None,None,None,None,None,1,West Humber-Clairville,1,West Humber-Clairville (1),D23
18099,2002003837,2022-10-14,2118,REXDALE BLVD,QUEENS PLATE DR,None,Major Arterial,Etobicoke York,At Intersection,Traffic Signal,Clear,"Dark, artificial",Dry,Non-Fatal Injury,Pedestrian Collisions,Pedestrian,55 to 59,Major,None,South,None,None,None,None,Vehicle is going straight thru inter.while ped cross without ROW,Crossing without right of way,Had Been Drinking,None,None,None,Yes,None,Yes,None,None,None,None,None,None,None,None,None,None,1,West Humber-Clairville,1,West Humber-Clairville (1),D23
18100,2002008738,2022-10-15,1649,MARTIN GROVE RD,BELFIELD RD,None,Major Arterial,Etobicoke York,At Intersection,Traffic Signal,Clear,Daylight,Dry,Non-Fatal Injury,Turning Movement,Driver,30 to 34,Minor,None,North,"Automobile, Station Wagon",Turning Left,Improper Turn,Normal,None,None,None,None,None,None,None,None,Yes,None,None,None,None,Yes,None,Yes,None,None,None,1,West Humber-Clairville,1,West Humber-Clairville (1),D23
18101,2002008738,2022-10-15,1649,MARTIN GROVE RD,BELFIELD RD,None,Major Arterial,Etobicoke York,At Intersection,Traffic Signal,Clear,Daylight,Dry,Non-Fatal Injury,Turning Movement,Driver,20 to 24,Major,None,South,"Automobile, Station Wagon",Going Ahead,Driving Properly,Normal,None,None,None,None,None,None,None,None,Yes,None,None,None,None,Yes,None,Yes,None,None,None,1,West Humber-Clairville,1,West Humber-Clairville (1),D23
18102,2002008738,2022-10-15,1649,MARTIN GROVE RD,BELFIELD RD,None,Major Arterial,Etobicoke York,At Intersection,Traffic Signal,Clear,Daylight,Dry,Non-Fatal Injury,Turning Movement,Passenger,30 to 34,None,None,None,None,None,None,None,None,None,None,None,None,None,None,None,Yes,None,None,None,None,Yes,None,Yes,None,None,None,1,West Humber-Clairville,1,West Humber-Clairville (1),D23
18103,2002015530,2022-10-16,1752,EVANS AVE,DELTA ST,None,Major Arterial,Etobicoke York,At Intersection,Stop Sign,Clear,Daylight,Dry,Non-Fatal Injury,Turning Movement,Driver,25 to 29,None,None,North,"Automobile, Station Wagon",Turning Left,Disobeyed Traffic Control,Normal,None,None,None,None,None,None,None,None,Yes,Yes,None,None,None,Yes,None,Yes,None,None,None,20,Alderwood,20,Alderwood (20),D22
18104,2002015530,2022-10-16,1752,EVANS AVE,DELTA ST,None,Major Arterial,Etobicoke York,At Intersection,Stop Sign,Clear,Daylight,Dry,Non-Fatal Injury,Turning Movement,Motorcycle Driver,40 to 44,Major,None,East,Motorcycle,Going Ahead,Driving Properly,Normal,None,None,None,None,None,None,None,None,Yes,Yes,None,None,None,Yes,None,Yes,None,None,None,20,Alderwood,20,Alderwood (20),D22
18105,2002015530,2022-10-16,1752,EVANS AVE,DELTA ST,None,Major Arterial,Etobicoke York,At Intersection,Stop Sign,Clear,Daylight,Dry,Non-Fatal Injury,Turning Movement,Driver,35 to 39,None,None,West,"Automobile, Station Wagon",Going Ahead,Driving Properly,Normal,None,None,None,None,None,None,None,None,Yes,Yes,None,None,None,Yes,None,Yes,None,None,None,20,Alderwood,20,Alderwood (20),D22
18106,2002015530,2022-10-16,1752,EVANS AVE,DELTA ST,None,Major Arterial,Etobicoke York,At Intersection,Stop Sign,Clear,Daylight,Dry,Non-Fatal Injury,Turning Movement,Passenger,30 to 34,None,None,None,None,None,None,None,None,None,None,None,None,None,None,None,Yes,Yes,None,None,None,Yes,None,Yes,None,None,None,20,Alderwood,20,Alderwood (20),D22
18107,2002017234,2022-10-17,12,MARLEE AVE,GLENGROVE AVE,8 m East of,Minor Arterial,North York,At Intersection,Stop Sign,Clear,Dark,Dry,Non-Fatal Injury,Angle,Driver,unknown,None,None,West,"Automobile, Station Wagon",Going Ahead,Lost control,Unknown,None,None,None,None,None,None,None,None,Yes,None,None,None,None,Yes,Yes,Yes,None,None,None,31,Yorkdale-Glen Park,31,Yorkdale-Glen Park (31),D13
18108,2002017234,2022-10-17,12,MARLEE AVE,GLENGROVE AVE,8 m East of,Minor Arterial,North York,At Intersection,Stop Sign,Clear,Dark,Dry,Non-Fatal Injury,Angle,Driver,50 to 54,None,None,North,"Automobile, Station Wagon",Going Ahead,Driving Properly,Unknown,None,None,None,None,None,None,None,None,Yes,None,None,None,None,Yes,Yes,Yes,None,None,None,31,Yorkdale-Glen Park,31,Yorkdale-Glen Park (31),D13
18109,2002017234,2022-10-17,12,MARLEE AVE,GLENGROVE AVE,8 m East of,Minor Arterial,North York,At Intersection,Stop Sign,Clear,Dark,Dry,Non-Fatal Injury,Angle,Driver,unknown,None,None,South,"Automobile, Station Wagon",Going Ahead,Driving Properly,Normal,None,None,None,None,None,None,None,None,Yes,None,None,None,None,Yes,Yes,Yes,None,None,None,31,Yorkdale-Glen Park,31,Yorkdale-Glen Park (31),D13
18110,2002017234,2022-10-17,12,MARLEE AVE,GLENGROVE AVE,8 m East of,Minor Arterial,North York,At Intersection,Stop Sign,Clear,Dark,Dry,Non-Fatal Injury,Angle,Passenger,35 to 39,Major,None,None,None,None,None,None,None,None,None,None,None,None,None,None,Yes,None,None,None,None,Yes,Yes,Yes,None,None,None,31,Yorkdale-Glen Park,31,Yorkdale-Glen Park (31),D13
18111,2002039370,2022-10-20,726,DUFFERIN ST,FINCH AVE W,25 m North o,Major Arterial,North York,Non Intersection,No Control,Clear,Dark,Dry,Non-Fatal Injury,Pedestrian Collisions,Driver,60 to 64,None,None,South,Municipal Transit Bus (TTC),Going Ahead,Driving Properly,Normal,None,None,None,None,None,None,Yes,None,None,None,None,Yes,None,None,None,None,None,None,None,27,York University Heights,27,York University Heights (27),D32
18112,2002039370,2022-10-20,726,DUFFERIN ST,FINCH AVE W,25 m North o,Major Arterial,North York,Non Intersection,No Control,Clear,Dark,Dry,Non-Fatal Injury,Pedestrian Collisions,Pedestrian,65 to 69,Major,None,West,None,None,None,None,Pedestrian involved in a collision with transit vehicle anywhere along roadway,"Crossing, no Traffic Control",Inattentive,None,None,None,Yes,None,None,None,None,Yes,None,None,None,None,None,None,None,27,York University Heights,27,York University Heights (27),D32
18113,2002057432,2022-10-22,1822,ROYAL YORK RD,THE QUEENSWAY,None,Major Arterial,Etobicoke York,At Intersection,Traffic Signal,Clear,Dusk,Dry,Non-Fatal Injury,Turning Movement,Driver,60 to 64,None,None,East,"Automobile, Station Wagon",Turning Left,Improper Turn,Inattentive,None,None,None,None,None,None,None,None,Yes,Yes,None,None,None,None,None,Yes,None,None,None,16,Stonegate-Queensway,16,Stonegate-Queensway (16),D22
18114,2002057432,2022-10-22,1822,ROYAL YORK RD,THE QUEENSWAY,None,Major Arterial,Etobicoke York,At Intersection,Traffic Signal,Clear,Dusk,Dry,Non-Fatal Injury,Turning Movement,Motorcycle Driver,30 to 34,Major,None,West,Motorcycle,Going Ahead,Driving Properly,Normal,None,None,None,None,None,None,None,None,Yes,Yes,None,None,None,None,None,Yes,None,None,None,16,Stonegate-Queensway,16,Stonegate-Queensway (16),D22
18115,2002057432,2022-10-22,1822,ROYAL YORK RD,THE QUEENSWAY,None,Major Arterial,Etobicoke York,At Intersection,Traffic Signal,Clear,Dusk,Dry,Non-Fatal Injury,Turning Movement,Motorcycle Driver,30 to 34,Minimal,None,West,Motorcycle,Going Ahead,Driving Properly,Normal,None,None,None,None,None,None,None,None,Yes,Yes,None,None,None,None,None,Yes,None,None,None,16,Stonegate-Queensway,16,Stonegate-Queensway (16),D22
18116,2002057432,2022-10-22,1822,ROYAL YORK RD,THE QUEENSWAY,None,Major Arterial,Etobicoke York,At Intersection,Traffic Signal,Clear,Dusk,Dry,Non-Fatal Injury,Turning Movement,Driver,50 to 54,None,None,South,"Automobile, Station Wagon",Stopped,Driving Properly,Normal,None,None,None,None,None,None,None,None,Yes,Yes,None,None,None,None,None,Yes,None,None,None,16,Stonegate-Queensway,16,Stonegate-Queensway (16),D22
18117,2002057432,2022-10-22,1822,ROYAL YORK RD,THE QUEENSWAY,None,Major Arterial,Etobicoke York,At Intersection,Traffic Signal,Clear,Dusk,Dry,Non-Fatal Injury,Turning Movement,Other,50 to 54,None,None,None,None,None,None,None,None,None,None,None,None,None,None,None,Yes,Yes,None,None,None,None,None,Yes,None,None,None,16,Stonegate-Queensway,16,Stonegate-Queensway (16),D22
18118,2002062999,2022-10-23,1552,STEELES AVE W,400 S STEELES AVE W RAMP,None,Major Arterial,North York,At Intersection,Traffic Signal,Clear,Daylight,Dry,Non-Fatal Injury,Turning Movement,Driver,60 to 64,Minimal,None,East,Pick Up Truck,Turning Left,Improper Turn,Inattentive,None,None,None,None,None,None,None,None,Yes,Yes,None,None,None,None,Yes,Yes,None,None,None,21,Humber Summit,21,Humber Summit (21),D31
18119,2002062999,2022-10-23,1552,STEELES AVE W,400 S STEELES AVE W RAMP,None,Major Arterial,North York,At Intersection,Traffic Signal,Clear,Daylight,Dry,Non-Fatal Injury,Turning Movement,Motorcycle Driver,35 to 39,Major,None,West,Motorcycle,Going Ahead,Exceeding Speed Limit,Normal,None,None,None,None,None,None,None,None,Yes,Yes,None,None,None,None,Yes,Yes,None,None,None,21,Humber Summit,21,Humber Summit (21),D31
18120,2002070997,2022-10-24,1715,BLOOR ST W,OSSINGTON AV,2 m North of,Major Arterial,North York,At Intersection,Traffic Signal,Clear,Daylight,Dry,Non-Fatal Injury,Cyclist Collisions,Driver,20 to 24,None,None,West,"Automobile, Station Wagon",Turning Left,Disobeyed Traffic Control,Inattentive,None,None,None,None,None,None,None,Yes,Yes,None,None,None,None,None,None,Yes,Yes,None,None,80,Palmerston-Little Italy,80,Palmerston-Little Italy (80),D14
18121,2002070997,2022-10-24,1715,BLOOR ST W,OSSINGTON AV,2 m North of,Major Arterial,North York,At Intersection,Traffic Signal,Clear,Daylight,Dry,Non-Fatal Injury,Cyclist Collisions,Cyclist,20 to 24,Major,None,East,Bicycle,Going Ahead,None,None,None,None,None,Motorist turned left across cyclists path.,Driving Properly,Normal,None,Yes,Yes,None,None,None,None,None,None,Yes,Yes,None,None,80,Palmerston-Little Italy,80,Palmerston-Little Italy (80),D14
18122,2002076009,2022-10-25,1028,BLOOR ST W,DURIE ST,3 m East of,Major Arterial,Toronto and East York,At Intersection,Traffic Signal,Clear,Daylight,Dry,Non-Fatal Injury,Pedestrian Collisions,Driver,30 to 34,None,None,South,Pick Up Truck,Turning Left,Failed to Yield Right of Way,Normal,None,None,None,None,None,None,Yes,None,Yes,None,None,None,None,None,None,Yes,None,None,None,87,High Park-Swansea,87,High Park-Swansea (87),D11
18123,2002076009,2022-10-25,1028,BLOOR ST W,DURIE ST,3 m East of,Major Arterial,Toronto and East York,At Intersection,Traffic Signal,Clear,Daylight,Dry,Non-Fatal Injury,Pedestrian Collisions,Pedestrian,90 to 94,Major,None,North,None,None,None,None,Vehicle turns left while ped crosses with ROW at inter.,Crossing with right of way,Normal,None,None,None,Yes,None,Yes,None,None,None,None,None,None,Yes,None,None,None,87,High Park-Swansea,87,High Park-Swansea (87),D11
18124,2002085156,2022-10-26,1420,KENNEDY RD,TROJAN GT,None,Major Arterial,Scarborough,At Intersection,Traffic Signal,Rain,Daylight,Wet,Non-Fatal Injury,Pedestrian Collisions,Driver,55 to 59,None,None,East,"Automobile, Station Wagon",Turning Left,Failed to Yield Right of Way,Inattentive,None,None,None,None,None,None,Yes,None,Yes,None,None,None,None,None,None,Yes,None,None,None,130,Milliken,130,Milliken (130),D42
18125,2002085156,2022-10-26,1420,KENNEDY RD,TROJAN GT,None,Major Arterial,Scarborough,At Intersection,Traffic Signal,Rain,Daylight,Wet,Non-Fatal Injury,Pedestrian Collisions,Pedestrian,40 to 44,Major,None,North,None,None,None,None,Vehicle turns left while ped crosses with ROW at inter.,Crossing with right of way,Normal,None,None,None,Yes,None,Yes,None,None,None,None,None,None,Yes,None,None,None,130,Milliken,130,Milliken (130),D42
18126,2002100036,2022-10-28,1548,BLOOR ST W,SALEM AVE,None,Major Arterial,Toronto and East York,At Intersection,No Control,Clear,Daylight,Dry,Non-Fatal Injury,Cyclist Collisions,Driver,55 to 59,Major,None,East,"Automobile, Station Wagon",Turning Left,Failed to Yield Right of Way,Inattentive,None,None,None,None,None,None,None,Yes,Yes,None,None,None,None,None,None,Yes,None,None,None,83,Dufferin Grove,83,Dufferin Grove (83),D14
18127,2002100036,2022-10-28,1548,BLOOR ST W,SALEM AVE,None,Major Arterial,Toronto and East York,At Intersection,No Control,Clear,Daylight,Dry,Non-Fatal Injury,Cyclist Collisions,Cyclist,40 to 44,Minor,None,West,Bicycle,Going Ahead,None,None,None,None,None,Motorist turned left across cyclists path.,Driving Properly,Normal,None,Yes,Yes,None,None,None,None,None,None,Yes,None,None,None,83,Dufferin Grove,83,Dufferin Grove (83),D14
18128,2002101830,2022-10-28,1953,BATHURST ST,DUPONT ST,None,Major Arterial,Toronto and East York,At Intersection,Traffic Signal,Clear,"Dark, artificial",Dry,Non-Fatal Injury,Pedestrian Collisions,Truck Driver,35 to 39,None,None,West,Truck - Open,Going Ahead,Exceeding Speed Limit,Inattentive,None,None,None,None,None,None,Yes,None,None,None,Yes,None,None,None,Yes,Yes,None,None,None,95,Annex,95,Annex (95),D14
18129,2002101830,2022-10-28,1953,BATHURST ST,DUPONT ST,None,Major Arterial,Toronto and East York,At Intersection,Traffic Signal,Clear,"Dark, artificial",Dry,Non-Fatal Injury,Pedestrian Collisions,Pedestrian,70 to 74,Major,None,Unknown,None,None,None,None,Vehicle is going straight thru inter.while ped cross without ROW,Other,Normal,None,None,None,Yes,None,None,None,Yes,None,None,None,Yes,Yes,None,None,None,95,Annex,95,Annex (95),D14
18130,2002116363,2022-10-31,1,KINGSTON RD,WARDEN AVE,None,Major Arterial,Scarborough,At Intersection,Traffic Signal,Clear,"Dark, artificial",Dry,Non-Fatal Injury,Pedestrian Collisions,Driver,25 to 29,None,None,South,Intercity Bus,Turning Left,Failed to Yield Right of Way,Inattentive,None,None,None,None,None,None,Yes,None,None,None,None,Yes,None,None,None,Yes,None,None,None,122,Birchcliffe-Cliffside,122,Birchcliffe-Cliffside (122),D41
18131,2002116363,2022-10-31,1,KINGSTON RD,WARDEN AVE,None,Major Arterial,Scarborough,At Intersection,Traffic Signal,Clear,"Dark, artificial",Dry,Non-Fatal Injury,Pedestrian Collisions,Pedestrian,50 to 54,Major,None,Unknown,None,None,None,None,Vehicle turns left while ped crosses with ROW at inter.,Crossing with right of way,Had Been Drinking,None,None,None,Yes,None,None,None,None,Yes,None,None,None,Yes,None,None,None,122,Birchcliffe-Cliffside,122,Birchcliffe-Cliffside (122),D41
18132,2002125571,2022-11-01,930,540 Finch Ave W,None,157 m West o,Major Arterial,North York,Non Intersection,No Control,Rain,Daylight,Wet,Property Damage O,Pedestrian Collisions,Driver,45 to 49,None,None,West,"Automobile, Station Wagon",Going Ahead,Driving Properly,Normal,None,None,None,None,None,None,Yes,None,Yes,None,None,None,None,None,None,None,None,None,None,35,Westminster-Branson,35,Westminster-Branson (35),D32
18133,2002125571,2022-11-01,930,540 Finch Ave W,None,157 m West o,Major Arterial,North York,Non Intersection,No Control,Rain,Daylight,Wet,Property Damage O,Pedestrian Collisions,Pedestrian,80 to 84,Major,None,South,None,None,None,None,Pedestrian hit at mid-block,"Crossing, no Traffic Control",Unknown,None,None,None,Yes,None,Yes,None,None,None,None,None,None,None,None,None,None,35,Westminster-Branson,35,Westminster-Branson (35),D32
18134,2002129087,2022-11-01,1729,MARKHAM RD,EASTPARK BLVD,None,Major Arterial,Scarborough,At Intersection,Traffic Signal,Clear,Daylight,Dry,Fatal,Turning Movement,Motorcycle Driver,15 to 19,Fatal,44,South,Motorcycle,Going Ahead,Driving Properly,Unknown,None,None,None,None,None,None,None,None,Yes,Yes,None,None,None,None,None,Yes,None,None,None,141,Golfdale-Cedarbrae-Woburn,137,Woburn (137),D43
18135,2002129087,2022-11-01,1729,MARKHAM RD,EASTPARK BLVD,None,Major Arterial,Scarborough,At Intersection,Traffic Signal,Clear,Daylight,Dry,Fatal,Turning Movement,Driver,90 to 94,None,None,North,"Automobile, Station Wagon",Turning Left,Failed to Yield Right of Way,Normal,None,None,None,None,None,None,None,None,Yes,Yes,None,None,None,None,None,Yes,None,None,None,141,Golfdale-Cedarbrae-Woburn,137,Woburn (137),D43
18136,2002130324,2022-11-01,2035,JANE ST,SPENVALLEY DR,None,Major Arterial,North York,At Intersection,Traffic Signal,Clear,"Dark, artificial",Dry,Non-Fatal Injury,Turning Movement,Driver,15 to 19,None,None,West,"Automobile, Station Wagon",Going Ahead,Disobeyed Traffic Control,Inattentive,None,None,None,None,None,None,None,None,Yes,None,None,None,None,Yes,None,Yes,Yes,None,None,25,Glenfield-Jane Heights,25,Glenfield-Jane Heights (25),D31
18137,2002130324,2022-11-01,2035,JANE ST,SPENVALLEY DR,None,Major Arterial,North York,At Intersection,Traffic Signal,Clear,"Dark, artificial",Dry,Non-Fatal Injury,Turning Movement,Driver,40 to 44,Minimal,None,East,"Automobile, Station Wagon",Turning Left,Driving Properly,Normal,None,None,None,None,None,None,None,None,Yes,None,None,None,None,Yes,None,Yes,Yes,None,None,25,Glenfield-Jane Heights,25,Glenfield-Jane Heights (25),D31
18138,2002130324,2022-11-01,2035,JANE ST,SPENVALLEY DR,None,Major Arterial,North York,At Intersection,Traffic Signal,Clear,"Dark, artificial",Dry,Non-Fatal Injury,Turning Movement,Passenger,35 to 39,Major,None,None,None,None,None,None,None,None,None,None,None,None,None,None,Yes,None,None,None,None,Yes,None,Yes,Yes,None,None,25,Glenfield-Jane Heights,25,Glenfield-Jane Heights (25),D31
18139,2002130324,2022-11-01,2035,JANE ST,SPENVALLEY DR,None,Major Arterial,North York,At Intersection,Traffic Signal,Clear,"Dark, artificial",Dry,Non-Fatal Injury,Turning Movement,Passenger,15 to 19,None,None,None,None,None,None,None,None,None,None,None,None,None,None,None,Yes,None,None,None,None,Yes,None,Yes,Yes,None,None,25,Glenfield-Jane Heights,25,Glenfield-Jane Heights (25),D31
18140,2002130324,2022-11-01,2035,JANE ST,SPENVALLEY DR,None,Major Arterial,North York,At Intersection,Traffic Signal,Clear,"Dark, artificial",Dry,Non-Fatal Injury,Turning Movement,Passenger,20 to 24,Minimal,None,None,None,None,None,None,None,None,None,None,None,None,None,None,Yes,None,None,None,None,Yes,None,Yes,Yes,None,None,25,Glenfield-Jane Heights,25,Glenfield-Jane Heights (25),D31
18141,2002133919,2022-11-02,1127,YORK MILLS RD,OLD YONGE ST,None,Major Arterial,North York,At Intersection,No Control,Clear,"Daylight, artificial",Dry,Non-Fatal Injury,Cyclist Collisions,Driver,65 to 69,None,None,East,"Automobile, Station Wagon",Turning Right,Improper Turn,Inattentive,None,None,None,None,None,None,None,Yes,Yes,None,None,None,None,None,None,None,None,None,None,41,Bridle Path-Sunnybrook-York Mills,41,Bridle Path-Sunnybrook-York Mills (41),D32
18142,2002133919,2022-11-02,1127,YORK MILLS RD,OLD YONGE ST,None,Major Arterial,North York,At Intersection,No Control,Clear,"Daylight, artificial",Dry,Non-Fatal Injury,Cyclist Collisions,Cyclist,65 to 69,Major,None,West,Bicycle,Going Ahead,None,None,None,None,None,Motorist turned left across cyclists path.,Driving Properly,Normal,None,Yes,Yes,None,None,None,None,None,None,None,None,None,None,41,Bridle Path-Sunnybrook-York Mills,41,Bridle Path-Sunnybrook-York Mills (41),D32
18143,2002142687,2022-11-03,1500,LESLIE ST,RAVEL RD,None,Major Arterial,North York,At Intersection,Stop Sign,"Fog, Mist, Smoke, Dust",Daylight,Dry,Non-Fatal Injury,Pedestrian Collisions,Driver,55 to 59,None,None,West,"Automobile, Station Wagon",Turning Left,Improper Turn,Inattentive,None,None,None,None,None,None,Yes,None,Yes,None,None,None,None,None,None,None,None,None,None,48,Hillcrest Village,48,Hillcrest Village (48),D33
18144,2002142687,2022-11-03,1500,LESLIE ST,RAVEL RD,None,Major Arterial,North York,At Intersection,Stop Sign,"Fog, Mist, Smoke, Dust",Daylight,Dry,Non-Fatal Injury,Pedestrian Collisions,Pedestrian,25 to 29,Major,None,East,None,None,None,None,Vehicle turns left while ped crosses without ROW at inter.,Crossing without right of way,Normal,None,None,None,Yes,None,Yes,None,None,None,None,None,None,None,None,None,None,48,Hillcrest Village,48,Hillcrest Village (48),D33
18145,2002154142,2022-11-05,210,BATHURST ST,HARBORD ST,6 m North of,Major Arterial,Toronto and East York,Intersection Related,Traffic Signal,Clear,"Dark, artificial",Dry,Non-Fatal Injury,Pedestrian Collisions,Driver,unknown,None,None,South,"Automobile, Station Wagon",Going Ahead,Other,Unknown,None,None,None,None,None,None,Yes,None,Yes,None,None,None,None,None,None,None,None,None,None,79,University,79,University (79),D14
18146,2002154142,2022-11-05,210,BATHURST ST,HARBORD ST,6 m North of,Major Arterial,Toronto and East York,Intersection Related,Traffic Signal,Clear,"Dark, artificial",Dry,Non-Fatal Injury,Pedestrian Collisions,Pedestrian,20 to 24,Major,None,East,None,None,None,None,Other / Undefined,Other,Other,None,None,None,Yes,None,Yes,None,None,None,None,None,None,None,None,None,None,79,University,79,University (79),D14
18147,2002155585,2022-11-05,935,7431 KINGSTON RD,None,298 m East o,Major Arterial,Scarborough,Non Intersection,No Control,Clear,Daylight,Dry,Non-Fatal Injury,Approaching,Driver,25 to 29,Major,None,East,"Automobile, Station Wagon",Going Ahead,Lost control,Had Been Drinking,None,None,None,None,None,None,None,None,Yes,None,None,None,None,None,None,None,None,None,None,143,West Rouge,131,Rouge (131),D42
18148,2002155585,2022-11-05,935,7431 KINGSTON RD,None,298 m East o,Major Arterial,Scarborough,Non Intersection,No Control,Clear,Daylight,Dry,Non-Fatal Injury,Approaching,Driver,55 to 59,Minor,None,West,"Automobile, Station Wagon",Going Ahead,Driving Properly,Normal,None,None,None,None,None,None,None,None,Yes,None,None,None,None,None,None,None,None,None,None,143,West Rouge,131,Rouge (131),D42
18149,2002181067,2022-11-08,1808,MILLWICK DR,ISLINGTON AVE,1 m West of,Major Arterial,Etobicoke York,At Intersection,Traffic Signal,Clear,"Dark, artificial",Dry,Non-Fatal Injury,Pedestrian Collisions,Driver,65 to 69,None,None,West,"Automobile, Station Wagon",Turning Left,Failed to Yield Right of Way,Inattentive,None,None,None,None,None,None,Yes,None,Yes,None,None,None,None,None,None,Yes,None,None,None,21,Humber Summit,21,Humber Summit (21),D31
18150,2002181067,2022-11-08,1808,MILLWICK DR,ISLINGTON AVE,1 m West of,Major Arterial,Etobicoke York,At Intersection,Traffic Signal,Clear,"Dark, artificial",Dry,Non-Fatal Injury,Pedestrian Collisions,Pedestrian,45 to 49,Major,None,East,None,None,None,None,Vehicle turns left while ped crosses with ROW at inter.,Crossing with right of way,Normal,None,None,None,Yes,None,Yes,None,None,None,None,None,None,Yes,None,None,None,21,Humber Summit,21,Humber Summit (21),D31
18151,2002186776,2022-11-09,1422,BAYVIEW AVE,RUDDINGTON DR,None,Major Arterial,North York,At Intersection,Traffic Signal,Clear,Daylight,Dry,Non-Fatal Injury,Pedestrian Collisions,Driver,85 to 89,None,None,West,"Automobile, Station Wagon",Turning Left,Failed to Yield Right of Way,Inattentive,None,None,None,None,None,None,Yes,None,Yes,None,None,None,None,None,None,Yes,None,None,None,49,Bayview Woods-Steeles,49,Bayview Woods-Steeles (49),D33
18152,2002186776,2022-11-09,1422,BAYVIEW AVE,RUDDINGTON DR,None,Major Arterial,North York,At Intersection,Traffic Signal,Clear,Daylight,Dry,Non-Fatal Injury,Pedestrian Collisions,Pedestrian,80 to 84,Major,None,East,None,None,None,None,Vehicle turns left while ped crosses with ROW at inter.,Crossing with right of way,Normal,None,None,None,Yes,None,Yes,None,None,None,None,None,None,Yes,None,None,None,49,Bayview Woods-Steeles,49,Bayview Woods-Steeles (49),D33
18153,2002188340,2022-11-09,1812,COLLEGE ST,ROXTON RD,1 m West of,Major Arterial,Toronto and East York,At Intersection,No Control,Clear,"Dark, artificial",Dry,Non-Fatal Injury,Cyclist Collisions,Cyclist,25 to 29,Major,None,West,Bicycle,Turning Left,None,None,None,None,None,Cyclist turned left across motorists path.,Improper Turn,Inattentive,None,Yes,Yes,None,None,None,None,None,None,None,None,None,None,81,Trinity-Bellwoods,81,Trinity-Bellwoods (81),D14
18154,2002188340,2022-11-09,1812,COLLEGE ST,ROXTON RD,1 m West of,Major Arterial,Toronto and East York,At Intersection,No Control,Clear,"Dark, artificial",Dry,Non-Fatal Injury,Cyclist Collisions,Driver,15 to 19,None,None,West,"Automobile, Station Wagon",Going Ahead,Driving Properly,Normal,None,None,None,None,None,None,None,Yes,Yes,None,None,None,None,None,None,None,None,None,None,81,Trinity-Bellwoods,81,Trinity-Bellwoods (81),D14
18155,2002210376,2022-11-12,2030,SHOREHAM DR,IAN MACDONALD BLVD,None,Minor Arterial,North York,Intersection Related,Traffic Signal,Clear,"Dark, artificial",Dry,Non-Fatal Injury,Pedestrian Collisions,Driver,unknown,None,None,Unknown,None,Unknown,Other,Unknown,None,None,None,None,None,None,Yes,None,None,None,None,None,None,None,None,None,None,None,None,27,York University Heights,27,York University Heights (27),D31