_id,ACCNUM,DATE,TIME,STREET1,STREET2,OFFSET,ROAD_CLASS,DISTRICT,ACCLOC,TRAFFCTL,VISIBILITY,LIGHT,RDSFCOND,ACCLASS,IMPACTYPE,INVTYPE,INVAGE,INJURY,FATAL_NO,INITDIR,VEHTYPE,MANOEUVER,DRIVACT,DRIVCOND,PEDTYPE,PEDACT,PEDCOND,CYCLISTYPE,CYCACT,CYCCOND,PEDESTRIAN,CYCLIST,AUTOMOBILE,MOTORCYCLE,TRUCK,TRSN_CITY_VEH,EMERG_VEH,PASSENGER,SPEEDING,AG_DRIV,REDLIGHT,ALCOHOL,DISABILITY,HOOD_158,NEIGHBOURHOOD_158,HOOD_140,NEIGHBOURHOOD_140,DIVISION
18217,2002376276,2022-12-05,2018,LAWRENCE AV E,CURLEW DRIVE,80 m East of,Major Arterial,North York,Non Intersection,No Control,Clear,"Dark, artificial",Dry,Non-Fatal Injury,Pedestrian Collisions,Driver,55 to 59,None,None,West,"Automobile, Station Wagon",Going Ahead,Driving Properly,Normal,None,None,None,None,None,None,Yes,None,Yes,None,None,None,None,None,None,None,None,None,None,43,Victoria Village,43,Victoria Village (43),D33
18218,2002376276,2022-12-05,2018,LAWRENCE AV E,CURLEW DRIVE,80 m East of,Major Arterial,North York,Non Intersection,No Control,Clear,"Dark, artificial",Dry,Non-Fatal Injury,Pedestrian Collisions,Driver,20 to 24,None,None,West,"Automobile, Station Wagon",Going Ahead,Driving Properly,Normal,None,None,None,None,None,None,Yes,None,Yes,None,None,None,None,None,None,None,None,None,None,43,Victoria Village,43,Victoria Village (43),D33
18219,2002376276,2022-12-05,2018,LAWRENCE AV E,CURLEW DRIVE,80 m East of,Major Arterial,North York,Non Intersection,No Control,Clear,"Dark, artificial",Dry,Non-Fatal Injury,Pedestrian Collisions,Pedestrian,60 to 64,Major,None,Unknown,None,None,None,None,Pedestrian hit at mid-block,"Crossing, no Traffic Control","Ability Impaired, Drugs",None,None,None,Yes,None,Yes,None,None,None,None,None,None,None,None,None,None,43,Victoria Village,43,Victoria Village (43),D33
18220,2002385833,2022-12-07,540,WILSON HEIGHTS BLVD,KENNARD AVE,2 m North of,None,None,Non Intersection,Stop Sign,Clear,"Dark, artificial",Dry,Non-Fatal Injury,SMV Other,Driver,30 to 34,Major,None,South,Pick Up Truck,Going Ahead,Lost control,"Ability Impaired, Alcohol Over .08",None,None,None,None,None,None,None,None,Yes,None,None,None,None,None,Yes,Yes,None,Yes,None,34,Bathurst Manor,34,Bathurst Manor (34),D32
18221,2002405693,2022-12-09,1710,JANE ST,FINCH AVE W,25 m West of,Major Arterial,None,Non Intersection,No Control,Clear,Daylight,Dry,Non-Fatal Injury,Pedestrian Collisions,Driver,55 to 59,None,None,North,Pick Up Truck,Going Ahead,Other,Normal,None,None,None,None,None,None,Yes,None,Yes,None,None,None,None,None,None,None,None,None,None,25,Glenfield-Jane Heights,25,Glenfield-Jane Heights (25),D31
18222,2002405693,2022-12-09,1710,JANE ST,FINCH AVE W,25 m West of,Major Arterial,None,Non Intersection,No Control,Clear,Daylight,Dry,Non-Fatal Injury,Pedestrian Collisions,Pedestrian,40 to 44,Major,None,West,None,None,None,None,Pedestrian hit at private driveway,"Crossing, no Traffic Control",Normal,None,None,None,Yes,None,Yes,None,None,None,None,None,None,None,None,None,None,25,Glenfield-Jane Heights,25,Glenfield-Jane Heights (25),D31
18223,2002407065,2022-12-09,2038,MCCOWAN RD,ELLESMERE RD,40 m North o,Major Arterial,Scarborough,Non Intersection,No Control,Clear,"Dark, artificial",Dry,Non-Fatal Injury,Sideswipe,Driver,75 to 79,None,None,South,"Automobile, Station Wagon",Going Ahead,Improper Lane Change,Inattentive,None,None,None,None,None,None,None,None,Yes,None,None,None,None,None,None,None,None,None,None,142,Woburn North,137,Woburn (137),D43
18224,2002407065,2022-12-09,2038,MCCOWAN RD,ELLESMERE RD,40 m North o,Major Arterial,Scarborough,Non Intersection,No Control,Clear,"Dark, artificial",Dry,Non-Fatal Injury,Sideswipe,Driver,15 to 19,Major,None,North,"Automobile, Station Wagon",Unknown,Driving Properly,Normal,None,None,None,None,None,None,None,None,Yes,None,None,None,None,None,None,None,None,None,None,142,Woburn North,137,Woburn (137),D43
18225,2002424464,2022-12-12,1118,DUNDAS ST W,SPADINA AVE,None,Major Arterial,Toronto and East York,At Intersection,Traffic Signal,Clear,Daylight,Dry,Fatal,Pedestrian Collisions,Driver,55 to 59,None,None,West,"Automobile, Station Wagon",Turning Right,Failed to Yield Right of Way,Inattentive,None,None,None,None,None,None,Yes,None,Yes,None,None,None,None,None,None,Yes,None,None,None,78,Kensington-Chinatown,78,Kensington-Chinatown (78),D52
18226,2002424464,2022-12-12,1118,DUNDAS ST W,SPADINA AVE,None,Major Arterial,Toronto and East York,At Intersection,Traffic Signal,Clear,Daylight,Dry,Fatal,Pedestrian Collisions,Pedestrian,70 to 74,Fatal,49,West,None,None,None,None,Vehicle turns right while ped crosses with ROW at inter.,Crossing with right of way,Other,None,None,None,Yes,None,Yes,None,None,None,None,None,None,Yes,None,None,None,78,Kensington-Chinatown,78,Kensington-Chinatown (78),D52
18227,2002431114,2022-12-13,910,STEELES AVE W,KIPLING AVE,None,Major Arterial,Etobicoke York,At Intersection,Traffic Signal,Clear,Daylight,Dry,Fatal,Turning Movement,Driver,80 to 84,Fatal,50,North,"Automobile, Station Wagon",Turning Right,Improper Turn,Unknown,None,None,None,None,None,None,None,None,Yes,None,Yes,None,None,Yes,None,None,None,None,None,2,Mount Olive-Silverstone-Jamestown,2,Mount Olive-Silverstone-Jamestown (2),D23
18228,2002431114,2022-12-13,910,STEELES AVE W,KIPLING AVE,None,Major Arterial,Etobicoke York,At Intersection,Traffic Signal,Clear,Daylight,Dry,Fatal,Turning Movement,Driver,30 to 34,Minor,None,West,"Automobile, Station Wagon",Going Ahead,Driving Properly,Normal,None,None,None,None,None,None,None,None,Yes,None,Yes,None,None,Yes,None,None,None,None,None,2,Mount Olive-Silverstone-Jamestown,2,Mount Olive-Silverstone-Jamestown (2),D23
18229,2002431114,2022-12-13,910,STEELES AVE W,KIPLING AVE,None,Major Arterial,Etobicoke York,At Intersection,Traffic Signal,Clear,Daylight,Dry,Fatal,Turning Movement,Passenger,0 to 4,Minor,None,None,None,None,None,None,None,None,None,None,None,None,None,None,Yes,None,Yes,None,None,Yes,None,None,None,None,None,2,Mount Olive-Silverstone-Jamestown,2,Mount Olive-Silverstone-Jamestown (2),D23
18230,2002431114,2022-12-13,910,STEELES AVE W,KIPLING AVE,None,Major Arterial,Etobicoke York,At Intersection,Traffic Signal,Clear,Daylight,Dry,Fatal,Turning Movement,Truck Driver,60 to 64,None,None,East,Truck-Tractor,Going Ahead,Driving Properly,Normal,None,None,None,None,None,None,None,None,Yes,None,Yes,None,None,Yes,None,None,None,None,None,2,Mount Olive-Silverstone-Jamestown,2,Mount Olive-Silverstone-Jamestown (2),D23
18231,2002436647,2022-12-13,2301,AVENUE RD,LONSDALE RD,None,Major Arterial,Toronto and East York,At Intersection,Traffic Signal,Clear,"Dark, artificial",Dry,Non-Fatal Injury,Turning Movement,Driver,35 to 39,Major,None,North,"Automobile, Station Wagon",Going Ahead,Lost control,Unknown,None,None,None,None,None,None,None,None,Yes,None,None,None,None,None,Yes,Yes,None,None,None,97,Yonge-St.Clair,97,Yonge-St.Clair (97),D53
18232,2002436647,2022-12-13,2301,AVENUE RD,LONSDALE RD,None,Major Arterial,Toronto and East York,At Intersection,Traffic Signal,Clear,"Dark, artificial",Dry,Non-Fatal Injury,Turning Movement,Driver,40 to 44,Minor,None,West,"Automobile, Station Wagon",Turning Left,Driving Properly,Unknown,None,None,None,None,None,None,None,None,Yes,None,None,None,None,None,Yes,Yes,None,None,None,97,Yonge-St.Clair,97,Yonge-St.Clair (97),D53
18233,2002447253,2022-12-15,1134,MAITLAND PL,HOMEWOOD AVE,None,Collector,Toronto and East York,At Intersection,No Control,Freezing Rain,Daylight,Wet,Non-Fatal Injury,Pedestrian Collisions,Driver,60 to 64,Major,None,North,"Automobile, Station Wagon",Turning Left,Improper Turn,Inattentive,None,None,None,None,None,None,Yes,None,Yes,None,None,None,None,None,Yes,Yes,None,None,None,71,Cabbagetown-South St.James Town,71,Cabbagetown-South St.James Town (71),D51
18234,2002447253,2022-12-15,1134,MAITLAND PL,HOMEWOOD AVE,None,Collector,Toronto and East York,At Intersection,No Control,Freezing Rain,Daylight,Wet,Non-Fatal Injury,Pedestrian Collisions,Pedestrian,unknown,Minor,None,Unknown,None,None,None,None,Vehicle turns left while ped crosses with ROW at inter.,Other,Other,None,None,None,Yes,None,Yes,None,None,None,None,None,Yes,Yes,None,None,None,71,Cabbagetown-South St.James Town,71,Cabbagetown-South St.James Town (71),D51
18235,2002449618,2022-12-15,1720,SHAW ST,KING ST W,None,Major Arterial,Toronto and East York,At Intersection,Traffic Signal,Freezing Rain,"Dark, artificial",Slush,Non-Fatal Injury,Pedestrian Collisions,Driver,25 to 29,None,None,South,"Automobile, Station Wagon",Turning Right,Failed to Yield Right of Way,Inattentive,None,None,None,None,None,None,Yes,None,Yes,None,None,None,None,None,None,Yes,None,None,None,162,West Queen West,82,Niagara (82),D14
18236,2002449618,2022-12-15,1720,SHAW ST,KING ST W,None,Major Arterial,Toronto and East York,At Intersection,Traffic Signal,Freezing Rain,"Dark, artificial",Slush,Non-Fatal Injury,Pedestrian Collisions,Pedestrian,65 to 69,Major,None,Unknown,None,None,None,None,Vehicle turns right while ped crosses with ROW at inter.,Crossing with right of way,Normal,None,None,None,Yes,None,Yes,None,None,None,None,None,None,Yes,None,None,None,162,West Queen West,82,Niagara (82),D14
18237,2002450489,2022-12-15,1925,936 DIXON RD,None,150 m West o,Major Arterial,Etobicoke York,Non Intersection,No Control,Snow,Dark,Loose Snow,Non-Fatal Injury,Pedestrian Collisions,Driver,50 to 54,None,None,West,"Automobile, Station Wagon",Going Ahead,Driving Properly,Normal,None,None,None,None,None,None,Yes,None,Yes,None,None,None,None,None,None,None,None,None,None,1,West Humber-Clairville,1,West Humber-Clairville (1),D23
18238,2002450489,2022-12-15,1925,936 DIXON RD,None,150 m West o,Major Arterial,Etobicoke York,Non Intersection,No Control,Snow,Dark,Loose Snow,Non-Fatal Injury,Pedestrian Collisions,Pedestrian,25 to 29,Major,None,North,None,None,None,None,Pedestrian hit at mid-block,"Crossing, no Traffic Control",Inattentive,None,None,None,Yes,None,Yes,None,None,None,None,None,None,None,None,None,None,1,West Humber-Clairville,1,West Humber-Clairville (1),D23
18239,2002450489,2022-12-15,1925,936 DIXON RD,None,150 m West o,Major Arterial,Etobicoke York,Non Intersection,No Control,Snow,Dark,Loose Snow,Non-Fatal Injury,Pedestrian Collisions,Pedestrian,40 to 44,Minor,None,North,None,None,None,None,Pedestrian hit at mid-block,"Crossing, no Traffic Control",Inattentive,None,None,None,Yes,None,Yes,None,None,None,None,None,None,None,None,None,None,1,West Humber-Clairville,1,West Humber-Clairville (1),D23
18240,2002473250,2022-12-18,2228,LAKE SHORE BLVD E,LOWER JARVIS ST,1 m West of,Major Arterial,Toronto and East York,At Intersection,Traffic Signal,Clear,"Dark, artificial",Dry,Non-Fatal Injury,Cyclist Collisions,Cyclist,40 to 44,Major,None,South,Bicycle,Going Ahead,None,None,None,None,None,"Cyclist without ROW rides into path of motorist at inter, lnwy, dwy-Cyclist not turn.",Disobeyed Traffic Control,Inattentive,None,Yes,Yes,None,None,None,None,Yes,None,None,None,None,None,166,St Lawrence-East Bayfront-The Islands,77,Waterfront Communities-The Island (77),D51
18241,2002473250,2022-12-18,2228,LAKE SHORE BLVD E,LOWER JARVIS ST,1 m West of,Major Arterial,Toronto and East York,At Intersection,Traffic Signal,Clear,"Dark, artificial",Dry,Non-Fatal Injury,Cyclist Collisions,Driver,25 to 29,None,None,East,"Automobile, Station Wagon",Going Ahead,Driving Properly,Normal,None,None,None,None,None,None,None,Yes,Yes,None,None,None,None,Yes,None,None,None,None,None,166,St Lawrence-East Bayfront-The Islands,77,Waterfront Communities-The Island (77),D51
18242,2002473250,2022-12-18,2228,LAKE SHORE BLVD E,LOWER JARVIS ST,1 m West of,Major Arterial,Toronto and East York,At Intersection,Traffic Signal,Clear,"Dark, artificial",Dry,Non-Fatal Injury,Cyclist Collisions,Passenger,25 to 29,None,None,None,None,None,None,None,None,None,None,None,None,None,None,Yes,Yes,None,None,None,None,Yes,None,None,None,None,None,166,St Lawrence-East Bayfront-The Islands,77,Waterfront Communities-The Island (77),D51
18243,2002473250,2022-12-18,2228,LAKE SHORE BLVD E,LOWER JARVIS ST,1 m West of,Major Arterial,Toronto and East York,At Intersection,Traffic Signal,Clear,"Dark, artificial",Dry,Non-Fatal Injury,Cyclist Collisions,Passenger,20 to 24,None,None,None,None,None,None,None,None,None,None,None,None,None,None,Yes,Yes,None,None,None,None,Yes,None,None,None,None,None,166,St Lawrence-East Bayfront-The Islands,77,Waterfront Communities-The Island (77),D51
18244,2002476311,2022-12-19,1047,MORNINGSIDE AVE,PAN AM DR,None,None,None,At Intersection,Traffic Signal,Clear,Daylight,Dry,Non-Fatal Injury,Turning Movement,Driver,85 to 89,Major,None,North,"Automobile, Station Wagon",Going Ahead,Disobeyed Traffic Control,Medical or Physical Disability,None,None,None,None,None,None,None,None,Yes,None,None,None,None,Yes,None,Yes,Yes,None,Yes,134,Highland Creek,134,Highland Creek (134),D43
18245,2002476311,2022-12-19,1047,MORNINGSIDE AVE,PAN AM DR,None,None,None,At Intersection,Traffic Signal,Clear,Daylight,Dry,Non-Fatal Injury,Turning Movement,Driver,65 to 69,None,None,East,"Automobile, Station Wagon",Turning Left,Driving Properly,Normal,None,None,None,None,None,None,None,None,Yes,None,None,None,None,Yes,None,Yes,Yes,None,Yes,134,Highland Creek,134,Highland Creek (134),D43
18246,2002476311,2022-12-19,1047,MORNINGSIDE AVE,PAN AM DR,None,None,None,At Intersection,Traffic Signal,Clear,Daylight,Dry,Non-Fatal Injury,Turning Movement,Passenger,0 to 4,None,None,None,None,None,None,None,None,None,None,None,None,None,None,None,Yes,None,None,None,None,Yes,None,Yes,Yes,None,Yes,134,Highland Creek,134,Highland Creek (134),D43
18247,2002484301,2022-12-20,1150,CARLINGVIEW DR,DIXON RD,45 m South o,Major Arterial,Etobicoke York,Non Intersection,No Control,Clear,Daylight,Dry,Non-Fatal Injury,Sideswipe,Driver,20 to 24,Minor,None,South,"Automobile, Station Wagon",Changing Lanes,Improper Passing,Inattentive,None,None,None,None,None,None,None,None,Yes,None,None,None,None,Yes,None,Yes,None,None,None,1,West Humber-Clairville,1,West Humber-Clairville (1),D23
18248,2002484301,2022-12-20,1150,CARLINGVIEW DR,DIXON RD,45 m South o,Major Arterial,Etobicoke York,Non Intersection,No Control,Clear,Daylight,Dry,Non-Fatal Injury,Sideswipe,Driver,20 to 24,Minor,None,South,"Automobile, Station Wagon",Going Ahead,Driving Properly,Normal,None,None,None,None,None,None,None,None,Yes,None,None,None,None,Yes,None,Yes,None,None,None,1,West Humber-Clairville,1,West Humber-Clairville (1),D23
18249,2002484301,2022-12-20,1150,CARLINGVIEW DR,DIXON RD,45 m South o,Major Arterial,Etobicoke York,Non Intersection,No Control,Clear,Daylight,Dry,Non-Fatal Injury,Sideswipe,Driver,65 to 69,Minor,None,South,"Automobile, Station Wagon",Going Ahead,Driving Properly,Normal,None,None,None,None,None,None,None,None,Yes,None,None,None,None,Yes,None,Yes,None,None,None,1,West Humber-Clairville,1,West Humber-Clairville (1),D23
18250,2002484301,2022-12-20,1150,CARLINGVIEW DR,DIXON RD,45 m South o,Major Arterial,Etobicoke York,Non Intersection,No Control,Clear,Daylight,Dry,Non-Fatal Injury,Sideswipe,Passenger,20 to 24,Major,None,None,None,None,None,None,None,None,None,None,None,None,None,None,Yes,None,None,None,None,Yes,None,Yes,None,None,None,1,West Humber-Clairville,1,West Humber-Clairville (1),D23
18251,2002494669,2022-12-21,1750,GLOUCESTER GRV,WINNETT AVE,None,Local,None,At Intersection,Stop Sign,Clear,Dark,Wet,Non-Fatal Injury,Pedestrian Collisions,Driver,35 to 39,None,None,North,Pick Up Truck,Turning Left,Failed to Yield Right of Way,Normal,None,None,None,None,None,None,Yes,None,Yes,None,None,None,None,None,None,Yes,None,None,None,106,Humewood-Cedarvale,106,Humewood-Cedarvale (106),D13
18252,2002494669,2022-12-21,1750,GLOUCESTER GRV,WINNETT AVE,None,Local,None,At Intersection,Stop Sign,Clear,Dark,Wet,Non-Fatal Injury,Pedestrian Collisions,Pedestrian,30 to 34,Major,None,North,None,None,None,None,Vehicle turns left while ped crosses with ROW at inter.,Crossing with right of way,Normal,None,None,None,Yes,None,Yes,None,None,None,None,None,None,Yes,None,None,None,106,Humewood-Cedarvale,106,Humewood-Cedarvale (106),D13
18253,2002494669,2022-12-21,1750,GLOUCESTER GRV,WINNETT AVE,None,Local,None,At Intersection,Stop Sign,Clear,Dark,Wet,Non-Fatal Injury,Pedestrian Collisions,Pedestrian,5 to 9,Minimal,None,North,None,None,None,None,Vehicle turns left while ped crosses with ROW at inter.,Crossing with right of way,Normal,None,None,None,Yes,None,Yes,None,None,None,None,None,None,Yes,None,None,None,106,Humewood-Cedarvale,106,Humewood-Cedarvale (106),D13
18254,2002494669,2022-12-21,1750,GLOUCESTER GRV,WINNETT AVE,None,Local,None,At Intersection,Stop Sign,Clear,Dark,Wet,Non-Fatal Injury,Pedestrian Collisions,Pedestrian,0 to 4,Minor,None,North,None,None,None,None,Vehicle turns left while ped crosses with ROW at inter.,Crossing with right of way,Normal,None,None,None,Yes,None,Yes,None,None,None,None,None,None,Yes,None,None,None,106,Humewood-Cedarvale,106,Humewood-Cedarvale (106),D13
18255,2002494669,2022-12-21,1750,GLOUCESTER GRV,WINNETT AVE,None,Local,None,At Intersection,Stop Sign,Clear,Dark,Wet,Non-Fatal Injury,Pedestrian Collisions,Pedestrian,0 to 4,Minimal,None,North,None,None,None,None,Vehicle turns left while ped crosses with ROW at inter.,Crossing with right of way,Normal,None,None,None,Yes,None,Yes,None,None,None,None,None,None,Yes,None,None,None,106,Humewood-Cedarvale,106,Humewood-Cedarvale (106),D13
18256,2002522465,2022-12-26,112,WESTON ROAD,BIRDSTONE CRESCENT,128 m South ,Major Shoreline,None,Non Intersection,No Control,Clear,"Dark, artificial",Wet,Non-Fatal Injury,SMV Other,Driver,15 to 19,Minor,None,North,"Automobile, Station Wagon",Going Ahead,Lost control,Inattentive,None,None,None,None,None,None,None,None,Yes,None,None,None,None,Yes,None,Yes,None,None,None,90,Junction Area,90,Junction Area (90),D12
18257,2002522465,2022-12-26,112,WESTON ROAD,BIRDSTONE CRESCENT,128 m South ,Major Shoreline,None,Non Intersection,No Control,Clear,"Dark, artificial",Wet,Non-Fatal Injury,SMV Other,Passenger,20 to 24,Minor,None,None,None,None,None,None,None,None,None,None,None,None,None,None,Yes,None,None,None,None,Yes,None,Yes,None,None,None,90,Junction Area,90,Junction Area (90),D12
18258,2002522465,2022-12-26,112,WESTON ROAD,BIRDSTONE CRESCENT,128 m South ,Major Shoreline,None,Non Intersection,No Control,Clear,"Dark, artificial",Wet,Non-Fatal Injury,SMV Other,Passenger,20 to 24,Minor,None,None,None,None,None,None,None,None,None,None,None,None,None,None,Yes,None,None,None,None,Yes,None,Yes,None,None,None,90,Junction Area,90,Junction Area (90),D12
18259,2002522465,2022-12-26,112,WESTON ROAD,BIRDSTONE CRESCENT,128 m South ,Major Shoreline,None,Non Intersection,No Control,Clear,"Dark, artificial",Wet,Non-Fatal Injury,SMV Other,Passenger,20 to 24,Minor,None,None,None,None,None,None,None,None,None,None,None,None,None,None,Yes,None,None,None,None,Yes,None,Yes,None,None,None,90,Junction Area,90,Junction Area (90),D12
18260,2002522465,2022-12-26,112,WESTON ROAD,BIRDSTONE CRESCENT,128 m South ,Major Shoreline,None,Non Intersection,No Control,Clear,"Dark, artificial",Wet,Non-Fatal Injury,SMV Other,Passenger,15 to 19,Major,None,None,None,None,None,None,None,None,None,None,None,None,None,None,Yes,None,None,None,None,Yes,None,Yes,None,None,None,90,Junction Area,90,Junction Area (90),D12
18261,2002556621,2022-12-30,2234,BLOOR ST W,MONTROSE AVE,76 m West of,Major Arterial,Toronto and East York,Non Intersection,No Control,Rain,"Dark, artificial",Wet,Non-Fatal Injury,Pedestrian Collisions,Driver,35 to 39,None,None,East,"Automobile, Station Wagon",Going Ahead,Driving Properly,Normal,None,None,None,None,None,None,Yes,None,Yes,None,None,None,None,None,None,None,None,None,None,80,Palmerston-Little Italy,80,Palmerston-Little Italy (80),D14
18262,2002556621,2022-12-30,2234,BLOOR ST W,MONTROSE AVE,76 m West of,Major Arterial,Toronto and East York,Non Intersection,No Control,Rain,"Dark, artificial",Wet,Non-Fatal Injury,Pedestrian Collisions,Pedestrian,40 to 44,Major,None,South,None,None,None,None,Pedestrian hit at mid-block,"Crossing, no Traffic Control",Inattentive,None,None,None,Yes,None,Yes,None,None,None,None,None,None,None,None,None,None,80,Palmerston-Little Italy,80,Palmerston-Little Italy (80),D14
18263,3000013825,2023-01-02,2334,BATHURST ST,HADDINGTON AVE,None,Major Arterial,North York,At Intersection,Stop Sign,Clear,"Dark, artificial",Wet,Non-Fatal Injury,Turning Movement,Driver,35 to 39,Minimal,None,West,"Automobile, Station Wagon",Making U Turn,Improper Turn,Inattentive,None,None,None,None,None,None,None,None,Yes,None,None,Yes,None,Yes,None,Yes,None,None,None,39,Bedford Park-Nortown,39,Bedford Park-Nortown (39),D32
18264,3000013825,2023-01-02,2334,BATHURST ST,HADDINGTON AVE,None,Major Arterial,North York,At Intersection,Stop Sign,Clear,"Dark, artificial",Wet,Non-Fatal Injury,Turning Movement,Driver,25 to 29,Major,None,North,Municipal Transit Bus (TTC),Going Ahead,Driving Properly,Normal,None,None,None,None,None,None,None,None,Yes,None,None,Yes,None,Yes,None,Yes,None,None,None,39,Bedford Park-Nortown,39,Bedford Park-Nortown (39),D32
18265,3000013825,2023-01-02,2334,BATHURST ST,HADDINGTON AVE,None,Major Arterial,North York,At Intersection,Stop Sign,Clear,"Dark, artificial",Wet,Non-Fatal Injury,Turning Movement,Passenger,10 to 14,Major,None,None,None,None,None,None,None,None,None,None,None,None,None,None,Yes,None,None,Yes,None,Yes,None,Yes,None,None,None,39,Bedford Park-Nortown,39,Bedford Park-Nortown (39),D32
18266,3000027148,2023-01-04,1710,LAKE SHORE BLVD W,SECOND ST,None,Major Arterial,Etobicoke York,At Intersection,No Control,Rain,Dark,Wet,Fatal,Pedestrian Collisions,Driver,60 to 64,None,None,West,Pick Up Truck,Turning Right,Failed to Yield Right of Way,Unknown,None,None,None,None,None,None,Yes,None,Yes,None,None,None,None,None,None,Yes,None,None,None,18,New Toronto,18,New Toronto (18),D22
18267,3000027148,2023-01-04,1710,LAKE SHORE BLVD W,SECOND ST,None,Major Arterial,Etobicoke York,At Intersection,No Control,Rain,Dark,Wet,Fatal,Pedestrian Collisions,Pedestrian,55 to 59,Fatal,1,West,None,None,None,None,Vehicle turns right while ped crosses with ROW at inter.,Crossing with right of way,Normal,None,None,None,Yes,None,Yes,None,None,None,None,None,None,Yes,None,None,None,18,New Toronto,18,New Toronto (18),D22
18268,3000027334,2023-01-04,1730,MARKHAM RD,FINCH AVE E,5 m North of,Major Arterial,Scarborough,At Intersection,Traffic Signal,Rain,"Dark, artificial",Wet,Non-Fatal Injury,Pedestrian Collisions,Driver,75 to 79,None,None,North,"Automobile, Station Wagon",Turning Left,Failed to Yield Right of Way,Inattentive,None,None,None,None,None,None,Yes,None,Yes,None,None,None,None,None,None,Yes,None,None,None,145,Malvern West,132,Malvern (132),D42
18269,3000027334,2023-01-04,1730,MARKHAM RD,FINCH AVE E,5 m North of,Major Arterial,Scarborough,At Intersection,Traffic Signal,Rain,"Dark, artificial",Wet,Non-Fatal Injury,Pedestrian Collisions,Pedestrian,20 to 24,Major,None,East,"Automobile, Station Wagon",Unknown,None,None,Vehicle turns left while ped crosses with ROW at inter.,Crossing with right of way,Normal,None,None,None,Yes,None,Yes,None,None,None,None,None,None,Yes,None,None,None,145,Malvern West,132,Malvern (132),D42
18270,3000027415,2023-01-04,1740,DON MILLS RD,WYNFORD DR,None,Major Arterial,North York,Intersection Related,Traffic Signal,Rain,Dark,Wet,Non-Fatal Injury,Pedestrian Collisions,Driver,75 to 79,None,None,South,"Automobile, Station Wagon",Turning Left,None,Unknown,None,None,None,None,None,None,Yes,None,Yes,None,None,None,None,None,None,None,None,None,None,42,Banbury-Don Mills,42,Banbury-Don Mills (42),D33
18271,3000027415,2023-01-04,1740,DON MILLS RD,WYNFORD DR,None,Major Arterial,North York,Intersection Related,Traffic Signal,Rain,Dark,Wet,Non-Fatal Injury,Pedestrian Collisions,Pedestrian,50 to 54,Major,None,None,None,None,None,None,Vehicle turns left while ped crosses with ROW at inter.,Crossing with right of way,Normal,None,None,None,Yes,None,Yes,None,None,None,None,None,None,None,None,None,None,42,Banbury-Don Mills,42,Banbury-Don Mills (42),D33
18272,3000037155,2023-01-05,2224,488 QUEEN ST W,DENISON AVE,None,Major Arterial,Toronto and East York,Non Intersection,No Control,Rain,"Dark, artificial",Wet,Non-Fatal Injury,Pedestrian Collisions,Driver,20 to 24,None,None,East,"Automobile, Station Wagon",Going Ahead,Driving Properly,Normal,None,None,None,None,None,None,Yes,None,Yes,None,None,None,None,None,None,None,None,None,None,164,Wellington Place,77,Waterfront Communities-The Island (77),D14
18273,3000037155,2023-01-05,2224,488 QUEEN ST W,DENISON AVE,None,Major Arterial,Toronto and East York,Non Intersection,No Control,Rain,"Dark, artificial",Wet,Non-Fatal Injury,Pedestrian Collisions,Pedestrian,55 to 59,Major,None,North,"Automobile, Station Wagon",Unknown,None,None,Pedestrian hit at mid-block,"Crossing, no Traffic Control",Inattentive,None,None,None,Yes,None,Yes,None,None,None,None,None,None,None,None,None,None,164,Wellington Place,77,Waterfront Communities-The Island (77),D14
18274,3000042197,2023-01-06,1518,YONGE ST,HILLSDALE AVE E,None,Major Arterial,North York,Intersection Related,No Control,Clear,Daylight,Dry,Fatal,Pedestrian Collisions,Truck Driver,25 to 29,None,None,North,Truck - Open,Pulling Away from Shoulder or Curb,Other,Inattentive,None,None,None,None,None,None,Yes,None,None,None,Yes,None,None,None,None,None,None,None,None,174,South Eglinton-Davisville,104,Mount Pleasant West (104),D53
18275,3000042197,2023-01-06,1518,YONGE ST,HILLSDALE AVE E,None,Major Arterial,North York,Intersection Related,No Control,Clear,Daylight,Dry,Fatal,Pedestrian Collisions,Pedestrian,70 to 74,Fatal,3,Unknown,None,None,None,None,Other / Undefined,On Sidewalk or Shoulder,Normal,None,None,None,Yes,None,None,None,Yes,None,None,None,None,None,None,None,None,174,South Eglinton-Davisville,104,Mount Pleasant West (104),D53
18276,3000059883,2023-01-09,104,QUEEN ST E,BOND ST,13 M EAST OF,Major Arterial,Toronto and East York,Non Intersection,No Control,Clear,"Dark, artificial",Dry,Non-Fatal Injury,Approaching,Truck Driver,35 to 39,Major,None,East,"Truck - Closed (Blazer, etc)",Going Ahead,Failed to Yield Right of Way,"Ability Impaired, Alcohol",None,None,None,None,None,None,None,None,None,None,Yes,Yes,None,Yes,None,Yes,None,Yes,None,168,Downtown Yonge East,75,Church-Yonge Corridor (75),D51
18277,3000059883,2023-01-09,104,QUEEN ST E,BOND ST,13 M EAST OF,Major Arterial,Toronto and East York,Non Intersection,No Control,Clear,"Dark, artificial",Dry,Non-Fatal Injury,Approaching,Driver,45 to 49,None,None,West,Street Car,Going Ahead,Driving Properly,Normal,None,None,None,None,None,None,None,None,None,None,Yes,Yes,None,Yes,None,Yes,None,Yes,None,168,Downtown Yonge East,75,Church-Yonge Corridor (75),D51