_id,ACCNUM,DATE,TIME,STREET1,STREET2,OFFSET,ROAD_CLASS,DISTRICT,ACCLOC,TRAFFCTL,VISIBILITY,LIGHT,RDSFCOND,ACCLASS,IMPACTYPE,INVTYPE,INVAGE,INJURY,FATAL_NO,INITDIR,VEHTYPE,MANOEUVER,DRIVACT,DRIVCOND,PEDTYPE,PEDACT,PEDCOND,CYCLISTYPE,CYCACT,CYCCOND,PEDESTRIAN,CYCLIST,AUTOMOBILE,MOTORCYCLE,TRUCK,TRSN_CITY_VEH,EMERG_VEH,PASSENGER,SPEEDING,AG_DRIV,REDLIGHT,ALCOHOL,DISABILITY,HOOD_158,NEIGHBOURHOOD_158,HOOD_140,NEIGHBOURHOOD_140,DIVISION
18337,3000572571,2023-03-14,1234,BATHURST ST,NASSAU ST,5 m North of,Major Arterial,Toronto and East York,Intersection Related,Traffic Signal,Clear,Daylight,Dry,Non-Fatal Injury,SMV Other,Passenger,40 to 44,Major,None,None,None,None,None,None,None,None,None,None,None,None,None,None,None,None,None,Yes,None,Yes,None,None,None,None,None,78,Kensington-Chinatown,78,Kensington-Chinatown (78),D14
18338,3000606776,2023-03-18,1830,BATHURST ST,DREWRY AVE,41 m East of,Major Arterial,North York,Intersection Related,Traffic Signal,Clear,Daylight,Dry,Non-Fatal Injury,Pedestrian Collisions,Driver,25 to 29,None,None,West,"Automobile, Station Wagon",Going Ahead,Driving Properly,Unknown,None,None,None,None,None,None,Yes,None,Yes,None,None,None,None,None,None,None,None,None,None,36,Newtonbrook West,36,Newtonbrook West (36),D32
18339,3000606776,2023-03-18,1830,BATHURST ST,DREWRY AVE,41 m East of,Major Arterial,North York,Intersection Related,Traffic Signal,Clear,Daylight,Dry,Non-Fatal Injury,Pedestrian Collisions,Pedestrian,85 to 89,Major,None,None,None,None,None,None,None,Crossing with right of way,Normal,None,None,None,Yes,None,Yes,None,None,None,None,None,None,None,None,None,None,36,Newtonbrook West,36,Newtonbrook West (36),D32
18340,3000609959,2023-03-19,435,DUNDAS ST W,NOTTINGHAM DR,None,Major Arterial,Etobicoke York,Non Intersection,No Control,Clear,"Dark, artificial",Ice,Fatal,SMV Other,Driver,35 to 39,Fatal,6,West,"Automobile, Station Wagon",Going Ahead,Lost control,None,None,None,None,None,None,None,None,None,Yes,None,None,None,None,None,None,None,None,None,None,15,Kingsway South,15,Kingsway South (15),D22
18341,3000655372,2023-03-24,2005,DUFFERIN ST,NORTON AVE,None,Major Arterial,Toronto and East York,Intersection Related,No Control,Clear,"Dark, artificial",Dry,Non-Fatal Injury,Turning Movement,Driver,20 to 24,Major,None,South,Rickshaw,Going Ahead,Speed too Fast For Condition,Other,None,None,None,None,None,None,None,None,Yes,None,None,None,None,Yes,Yes,Yes,None,None,None,92,Corso Italia-Davenport,92,Corso Italia-Davenport (92),D13
18342,3000655372,2023-03-24,2005,DUFFERIN ST,NORTON AVE,None,Major Arterial,Toronto and East York,Intersection Related,No Control,Clear,"Dark, artificial",Dry,Non-Fatal Injury,Turning Movement,Driver,50 to 54,None,None,South,"Automobile, Station Wagon",Turning Right,Driving Properly,Normal,None,None,None,None,None,None,None,None,Yes,None,None,None,None,Yes,Yes,Yes,None,None,None,92,Corso Italia-Davenport,92,Corso Italia-Davenport (92),D13
18343,3000655372,2023-03-24,2005,DUFFERIN ST,NORTON AVE,None,Major Arterial,Toronto and East York,Intersection Related,No Control,Clear,"Dark, artificial",Dry,Non-Fatal Injury,Turning Movement,Passenger,20 to 24,None,None,None,None,None,None,None,None,None,None,None,None,None,None,None,Yes,None,None,None,None,Yes,Yes,Yes,None,None,None,92,Corso Italia-Davenport,92,Corso Italia-Davenport (92),D13
18344,3000655372,2023-03-24,2005,DUFFERIN ST,NORTON AVE,None,Major Arterial,Toronto and East York,Intersection Related,No Control,Clear,"Dark, artificial",Dry,Non-Fatal Injury,Turning Movement,Passenger,20 to 24,None,None,None,None,None,None,None,None,None,None,None,None,None,None,None,Yes,None,None,None,None,Yes,Yes,Yes,None,None,None,92,Corso Italia-Davenport,92,Corso Italia-Davenport (92),D13
18345,3000686439,2023-03-28,2050,YONGE ST,BOWOOD AV,9 m North of,Major Arterial,Toronto and East York,Non Intersection,No Control,Clear,"Dark, artificial",Dry,Non-Fatal Injury,Pedestrian Collisions,Driver,60 to 64,None,None,North,"Automobile, Station Wagon",Going Ahead,Driving Properly,Normal,None,None,None,None,None,None,Yes,None,Yes,None,None,None,None,None,None,None,None,None,None,105,Lawrence Park North,105,Lawrence Park North (105),D32
18346,3000686439,2023-03-28,2050,YONGE ST,BOWOOD AV,9 m North of,Major Arterial,Toronto and East York,Non Intersection,No Control,Clear,"Dark, artificial",Dry,Non-Fatal Injury,Pedestrian Collisions,Pedestrian,60 to 64,Major,None,None,None,None,None,None,Vehicle hits the pedestrian walking or running out from between parked vehicles at mid-block,None,Unknown,None,None,None,Yes,None,Yes,None,None,None,None,None,None,None,None,None,None,105,Lawrence Park North,105,Lawrence Park North (105),D32
18347,3000693299,2023-03-29,1715,DON MILLS RD,OVERLEA BV,None,Minor Arterial,Toronto and East York,Intersection Related,Traffic Signal,Clear,Daylight,Dry,Non-Fatal Injury,Pedestrian Collisions,Driver,30 to 34,None,None,South,"Automobile, Station Wagon",Turning Left,None,Unknown,None,None,None,None,None,None,Yes,None,Yes,None,None,None,None,Yes,None,None,None,None,None,44,Flemingdon Park,44,Flemingdon Park (44),D55
18348,3000693299,2023-03-29,1715,DON MILLS RD,OVERLEA BV,None,Minor Arterial,Toronto and East York,Intersection Related,Traffic Signal,Clear,Daylight,Dry,Non-Fatal Injury,Pedestrian Collisions,Pedestrian,40 to 44,Major,None,None,None,None,None,None,Vehicle turns left while ped crosses with ROW at inter.,Crossing with right of way,Normal,None,None,None,Yes,None,Yes,None,None,None,None,Yes,None,None,None,None,None,44,Flemingdon Park,44,Flemingdon Park (44),D55
18349,3000693299,2023-03-29,1715,DON MILLS RD,OVERLEA BV,None,Minor Arterial,Toronto and East York,Intersection Related,Traffic Signal,Clear,Daylight,Dry,Non-Fatal Injury,Pedestrian Collisions,Passenger,0 to 4,None,None,None,None,None,None,None,None,None,None,None,None,None,Yes,None,Yes,None,None,None,None,Yes,None,None,None,None,None,44,Flemingdon Park,44,Flemingdon Park (44),D55
18350,3000694442,2023-03-29,1945,WARDEN AVE,BELL ESTATE RD,None,Minor Arterial,Scarborough,Intersection Related,Stop Sign,Clear,"Dusk, artificial",Dry,Non-Fatal Injury,Turning Movement,Driver,20 to 24,Minimal,None,West,"Automobile, Station Wagon",Turning Left,Failed to Yield Right of Way,Other,None,None,None,None,None,None,None,None,Yes,None,None,None,None,None,None,Yes,None,None,None,120,Clairlea-Birchmount,120,Clairlea-Birchmount (120),D41
18351,3000694442,2023-03-29,1945,WARDEN AVE,BELL ESTATE RD,None,Minor Arterial,Scarborough,Intersection Related,Stop Sign,Clear,"Dusk, artificial",Dry,Non-Fatal Injury,Turning Movement,Driver,60 to 64,Major,None,North,"Automobile, Station Wagon",Going Ahead,Driving Properly,Normal,None,None,None,None,None,None,None,None,Yes,None,None,None,None,None,None,Yes,None,None,None,120,Clairlea-Birchmount,120,Clairlea-Birchmount (120),D41
18352,3000700132,2023-03-30,1400,LAWRENCE AV E,BELLAMY RD N,None,Major Arterial,Scarborough,Intersection Related,Traffic Signal,Clear,Daylight,Dry,Non-Fatal Injury,Turning Movement,Passenger,75 to 79,None,None,None,None,None,None,None,None,None,None,None,None,None,None,None,Yes,None,None,None,None,Yes,None,Yes,Yes,None,None,141,Golfdale-Cedarbrae-Woburn,137,Woburn (137),D43
18353,3000700132,2023-03-30,1400,LAWRENCE AV E,BELLAMY RD N,None,Major Arterial,Scarborough,Intersection Related,Traffic Signal,Clear,Daylight,Dry,Non-Fatal Injury,Turning Movement,Driver,65 to 69,None,None,North,"Automobile, Station Wagon",Turning Right,Driving Properly,Normal,None,None,None,None,None,None,None,None,Yes,None,None,None,None,Yes,None,Yes,Yes,None,None,141,Golfdale-Cedarbrae-Woburn,137,Woburn (137),D43
18354,3000700132,2023-03-30,1400,LAWRENCE AV E,BELLAMY RD N,None,Major Arterial,Scarborough,Intersection Related,Traffic Signal,Clear,Daylight,Dry,Non-Fatal Injury,Turning Movement,Driver,15 to 19,Major,None,East,Rickshaw,Going Ahead,Disobeyed Traffic Control,Normal,None,None,None,None,None,None,None,None,Yes,None,None,None,None,Yes,None,Yes,Yes,None,None,141,Golfdale-Cedarbrae-Woburn,137,Woburn (137),D43
18355,3000702981,2023-03-30,1949,LAKE SHORE BLVD W,SUPERIOR AVE,None,Major Arterial,Etobicoke York,At Intersection,Traffic Signal,Clear,Dusk,Dry,Non-Fatal Injury,Cyclist Collisions,Driver,50 to 54,None,None,West,Pick Up Truck,Turning Left,Failed to Yield Right of Way,Other,None,None,None,None,None,None,None,Yes,Yes,None,None,None,None,None,None,Yes,None,None,None,161,Humber Bay Shores,17,Mimico (includes Humber Bay Shores) (17),D22
18356,3000702981,2023-03-30,1949,LAKE SHORE BLVD W,SUPERIOR AVE,None,Major Arterial,Etobicoke York,At Intersection,Traffic Signal,Clear,Dusk,Dry,Non-Fatal Injury,Cyclist Collisions,Cyclist,35 to 39,Major,None,East,Bicycle,Going Ahead,None,None,None,None,None,Motorist turned left across cyclists path.,Driving Properly,Normal,None,Yes,Yes,None,None,None,None,None,None,Yes,None,None,None,161,Humber Bay Shores,17,Mimico (includes Humber Bay Shores) (17),D22
18357,3000715851,2023-04-01,1105,LAWRENCE AV E,MOSSBANK DR,2 m North of,Major Arterial,Scarborough,Intersection Related,Traffic Signal,Clear,Daylight,Dry,Non-Fatal Injury,Pedestrian Collisions,Driver,65 to 69,None,None,South,"Automobile, Station Wagon",Turning Left,Failed to Yield Right of Way,Other,None,None,None,None,None,None,Yes,None,Yes,None,None,None,None,Yes,None,Yes,None,None,None,141,Golfdale-Cedarbrae-Woburn,137,Woburn (137),D43
18358,3000715851,2023-04-01,1105,LAWRENCE AV E,MOSSBANK DR,2 m North of,Major Arterial,Scarborough,Intersection Related,Traffic Signal,Clear,Daylight,Dry,Non-Fatal Injury,Pedestrian Collisions,Passenger,0 to 4,None,None,None,None,None,None,None,None,None,None,None,None,None,Yes,None,Yes,None,None,None,None,Yes,None,Yes,None,None,None,141,Golfdale-Cedarbrae-Woburn,137,Woburn (137),D43
18359,3000715851,2023-04-01,1105,LAWRENCE AV E,MOSSBANK DR,2 m North of,Major Arterial,Scarborough,Intersection Related,Traffic Signal,Clear,Daylight,Dry,Non-Fatal Injury,Pedestrian Collisions,Pedestrian,60 to 64,Major,None,None,None,None,None,None,Vehicle turns left while ped crosses with ROW at inter.,Crossing with right of way,Normal,None,None,None,Yes,None,Yes,None,None,None,None,Yes,None,Yes,None,None,None,141,Golfdale-Cedarbrae-Woburn,137,Woburn (137),D43
18360,3000743879,2023-04-04,2010,YONGE ST,GLEBE RD W,5 m North of,Major Arterial ,Toronto and East York,Intersection Related,Stop Sign,Clear,"Dark, artificial",Dry,Non-Fatal Injury,Turning Movement,Driver,15 to 19,None,None,East,"Automobile, Station Wagon",Turning Left,Failed to Yield Right of Way,Normal,None,None,None,None,None,None,None,None,Yes,Yes,None,None,None,None,Yes,Yes,None,None,None,174,South Eglinton-Davisville,104,Mount Pleasant West (104),D53
18361,3000743879,2023-04-04,2010,YONGE ST,GLEBE RD W,5 m North of,Major Arterial ,Toronto and East York,Intersection Related,Stop Sign,Clear,"Dark, artificial",Dry,Non-Fatal Injury,Turning Movement,Motorcycle Driver,20 to 24,Major,None,South,Motorcycle,Going Ahead,Exceeding Speed Limit,Normal,None,None,None,None,None,None,None,None,Yes,Yes,None,None,None,None,Yes,Yes,None,None,None,174,South Eglinton-Davisville,104,Mount Pleasant West (104),D53
18362,3000772392,2023-04-08,1319,DUNDAS ST W,DUFFERIN ST,70 m West of,Major Arterial,Toronto and East York,Non Intersection,No Control,Clear,Daylight,Dry,Non-Fatal Injury,Other,Driver,30 to 34,None,None,East,"Automobile, Station Wagon",Stopped,Failed to Yield Right of Way,Other,None,None,None,None,None,None,None,Yes,Yes,None,None,Yes,None,None,None,Yes,None,None,None,84,Little Portugal,84,Little Portugal (84),D11
18363,3000772392,2023-04-08,1319,DUNDAS ST W,DUFFERIN ST,70 m West of,Major Arterial,Toronto and East York,Non Intersection,No Control,Clear,Daylight,Dry,Non-Fatal Injury,Other,Driver,60 to 64,None,None,East,Street Car,Going Ahead,Driving Properly,Normal,None,None,None,None,None,None,None,Yes,Yes,None,None,Yes,None,None,None,Yes,None,None,None,84,Little Portugal,84,Little Portugal (84),D11
18364,3000772392,2023-04-08,1319,DUNDAS ST W,DUFFERIN ST,70 m West of,Major Arterial,Toronto and East York,Non Intersection,No Control,Clear,Daylight,Dry,Non-Fatal Injury,Other,Cyclist,35 to 39,Major,None,East,Bicycle,Going Ahead,None,None,None,None,None,Cyclist struck opened vehicle door,Driving Properly,Normal,None,Yes,Yes,None,None,Yes,None,None,None,Yes,None,None,None,84,Little Portugal,84,Little Portugal (84),D11
18365,3000790865,2023-04-10,2120,VICTORIA PARK AV,VAN HORNE AV,36 m North o,Major Arterial,North York,Intersection Related,Traffic Signal,Clear,Daylight,Dry,Non-Fatal Injury,SMV Other,Motorcycle Driver,20 to 24,Major,None,South,Motorcycle,Pulling Onto Shoulder or towardCurb,Lost control,Normal,None,None,None,None,None,None,None,None,None,Yes,None,None,None,None,None,Yes,None,None,None,46,Pleasant View,46,Pleasant View (46),D33
18366,3000810912,2023-04-13,600,84 BARRINGTON AVE,None,None,Local,Toronto and East York,Non Intersection,No Control,Clear,Daylight,Dry,Fatal,Pedestrian Collisions,Driver,70 to 74,None,None,East,"Automobile, Station Wagon",Going Ahead,Lost control,Fatigue,None,None,None,None,None,None,Yes,None,Yes,None,None,None,None,None,None,None,None,None,None,61,Taylor-Massey,61,Taylor-Massey (61),D55
18367,3000810912,2023-04-13,600,84 BARRINGTON AVE,None,None,Local,Toronto and East York,Non Intersection,No Control,Clear,Daylight,Dry,Fatal,Pedestrian Collisions,Pedestrian,60 to 64,Fatal,7,West,None,None,None,None,Other / Undefined,Coming From Behind Parked Vehicle,Normal,None,None,None,Yes,None,Yes,None,None,None,None,None,None,None,None,None,None,61,Taylor-Massey,61,Taylor-Massey (61),D55
18368,3000818825,2023-04-13,2206,569 BROADVIEW AVE,MILLBROOK CR,10 m South o,Minor Arterial,Toronto and East York,Intersection Related,Traffic Signal,Clear,"Dark, artificial",Dry,Non-Fatal Injury,Approaching,Driver,35 to 39,Major,None,North,"Automobile, Station Wagon",Going Ahead,Improper Passing,Other,None,None,None,None,None,None,None,None,Yes,None,None,None,None,None,Yes,Yes,None,None,None,68,North Riverdale,68,North Riverdale (68),D55
18369,3000818825,2023-04-13,2206,569 BROADVIEW AVE,MILLBROOK CR,10 m South o,Minor Arterial,Toronto and East York,Intersection Related,Traffic Signal,Clear,"Dark, artificial",Dry,Non-Fatal Injury,Approaching,Driver,60 to 64,Minimal,None,South,"Automobile, Station Wagon",Going Ahead,Driving Properly,Normal,None,None,None,None,None,None,None,None,Yes,None,None,None,None,None,Yes,Yes,None,None,None,68,North Riverdale,68,North Riverdale (68),D55
18370,3000823067,2023-04-14,1205,YONGE ST,DUNDAS SQ,None,Major Arterial,Etobicoke York,Intersection Related,Traffic Signal,Clear,Daylight,Dry,Non-Fatal Injury,Pedestrian Collisions,Pedestrian,30 to 34,Major,None,None,None,None,None,None,Other / Undefined,Running onto Roadway,Other,None,None,None,Yes,None,None,None,None,None,None,None,None,None,None,None,None,168,Downtown Yonge East,75,Church-Yonge Corridor (75),D51
18371,3000839391,2023-04-16,824,BLOOR ST W,ABERFOYLE CRES,None,Major Arterial,Etobicoke York,At Intersection,Traffic Signal,Clear,Daylight,Dry,Fatal,Pedestrian Collisions,Pedestrian,65 to 69,Fatal,8,None,None,None,None,None,Unknown,Other,Normal,None,None,None,Yes,None,Yes,None,None,None,None,None,None,None,None,None,None,16,Stonegate-Queensway,16,Stonegate-Queensway (16),D22
18372,3000839391,2023-04-16,824,BLOOR ST W,ABERFOYLE CRES,None,Major Arterial,Etobicoke York,At Intersection,Traffic Signal,Clear,Daylight,Dry,Fatal,Pedestrian Collisions,Driver,70 to 74,None,None,East,"Automobile, Station Wagon",Going Ahead,Other,Other,None,None,None,None,None,None,Yes,None,Yes,None,None,None,None,None,None,None,None,None,None,16,Stonegate-Queensway,16,Stonegate-Queensway (16),D22
18373,3000851315,2023-04-17,1650,JONES AV,GERRARD ST E,None,Minor Arterial,Etobicoke York,Other,Traffic Signal,Rain,Daylight,Wet,Non-Fatal Injury,Pedestrian Collisions,Driver,20 to 24,None,None,East,"Automobile, Station Wagon",Going Ahead,Driving Properly,Normal,None,None,None,None,None,None,Yes,None,Yes,None,None,None,None,None,None,None,None,None,None,70,South Riverdale,70,South Riverdale (70),D55
18374,3000851315,2023-04-17,1650,JONES AV,GERRARD ST E,None,Minor Arterial,Etobicoke York,Other,Traffic Signal,Rain,Daylight,Wet,Non-Fatal Injury,Pedestrian Collisions,Pedestrian,20 to 24,Major,None,None,None,None,None,None,Pedestrian hit a PXO/ped. Mid-block signal,Crossing marked crosswalk without ROW,Normal,None,None,None,Yes,None,Yes,None,None,None,None,None,None,None,None,None,None,70,South Riverdale,70,South Riverdale (70),D55
18375,3000861369,2023-04-18,2013,JARVIS ST,SHUTER ST,None,Major Arterial,Toronto and East York,Intersection Related,Traffic Signal,Clear,"Dark, artificial",Dry,Non-Fatal Injury,Pedestrian Collisions,Truck Driver,45 to 49,None,None,East,Truck - Open,Turning Right,Improper Turn,Normal,None,None,None,None,None,None,Yes,None,None,None,Yes,None,None,None,None,None,None,None,None,73,Moss Park,73,Moss Park (73),D51
18376,3000861369,2023-04-18,2013,JARVIS ST,SHUTER ST,None,Major Arterial,Toronto and East York,Intersection Related,Traffic Signal,Clear,"Dark, artificial",Dry,Non-Fatal Injury,Pedestrian Collisions,Pedestrian,80 to 84,Major,None,None,None,None,None,None,Vehicle turns right while ped crosses with ROW at inter.,Crossing with right of way,Normal,None,None,None,Yes,None,None,None,Yes,None,None,None,None,None,None,None,None,73,Moss Park,73,Moss Park (73),D51
18377,3000862268,2023-04-18,2305,ALBION RD,FINCH AVE W,None,Major Arterial,Etobicoke York,At Intersection,Traffic Signal,Clear,"Dark, artificial",Dry,Fatal,Rear End,Driver,60 to 64,Fatal,9,East,Passenger Van,Going Ahead,Driving Properly,Normal,None,None,None,None,None,None,None,None,Yes,None,None,None,None,Yes,Yes,Yes,None,None,None,2,Mount Olive-Silverstone-Jamestown,2,Mount Olive-Silverstone-Jamestown (2),D23
18378,3000862268,2023-04-18,2305,ALBION RD,FINCH AVE W,None,Major Arterial,Etobicoke York,At Intersection,Traffic Signal,Clear,"Dark, artificial",Dry,Fatal,Rear End,Driver,35 to 39,Minor,None,East,"Automobile, Station Wagon",Going Ahead,Exceeding Speed Limit,Other,None,None,None,None,None,None,None,None,Yes,None,None,None,None,Yes,Yes,Yes,None,None,None,2,Mount Olive-Silverstone-Jamestown,2,Mount Olive-Silverstone-Jamestown (2),D23
18379,3000862268,2023-04-18,2305,ALBION RD,FINCH AVE W,None,Major Arterial,Etobicoke York,At Intersection,Traffic Signal,Clear,"Dark, artificial",Dry,Fatal,Rear End,Passenger,35 to 39,Minor,None,East,"Automobile, Station Wagon",Going Ahead,None,None,None,None,None,None,None,None,None,None,Yes,None,None,None,None,Yes,Yes,Yes,None,None,None,2,Mount Olive-Silverstone-Jamestown,2,Mount Olive-Silverstone-Jamestown (2),D23
18380,3000862268,2023-04-18,2305,ALBION RD,FINCH AVE W,None,Major Arterial,Etobicoke York,At Intersection,Traffic Signal,Clear,"Dark, artificial",Dry,Fatal,Rear End,Driver,50 to 54,Minor,None,East,"Automobile, Station Wagon",Going Ahead,Driving Properly,Normal,None,None,None,None,None,None,None,None,Yes,None,None,None,None,Yes,Yes,Yes,None,None,None,2,Mount Olive-Silverstone-Jamestown,2,Mount Olive-Silverstone-Jamestown (2),D23
18381,3000862268,2023-04-18,2305,ALBION RD,FINCH AVE W,None,Major Arterial,Etobicoke York,At Intersection,Traffic Signal,Clear,"Dark, artificial",Dry,Fatal,Rear End,Driver,65 to 69,Minimal,None,East,Passenger Van,Slowing or Stopping,Driving Properly,Normal,None,None,None,None,None,None,None,None,Yes,None,None,None,None,Yes,Yes,Yes,None,None,None,2,Mount Olive-Silverstone-Jamestown,2,Mount Olive-Silverstone-Jamestown (2),D23
18382,3000889124,2023-04-22,227,MIDLAND AV,GOODLAND GT,None,Major Arterial,Scarborough,Intersection Related,Stop Sign,Rain,"Dark, artificial",Wet,Non-Fatal Injury,Turning Movement,Driver,55 to 59,None,None,South,Pick Up Truck,Turning Left,Improper Turn,Normal,None,None,None,None,None,None,None,None,Yes,None,None,None,None,None,Yes,Yes,None,None,None,128,Agincourt South-Malvern West,128,Agincourt South-Malvern West (128),D42
18383,3000889124,2023-04-22,227,MIDLAND AV,GOODLAND GT,None,Major Arterial,Scarborough,Intersection Related,Stop Sign,Rain,"Dark, artificial",Wet,Non-Fatal Injury,Turning Movement,Driver,15 to 19,Major,None,North,"Automobile, Station Wagon",Going Ahead,Driving Properly,Unknown,None,None,None,None,None,None,None,None,Yes,None,None,None,None,None,Yes,Yes,None,None,None,128,Agincourt South-Malvern West,128,Agincourt South-Malvern West (128),D42
18384,3000965934,2023-05-01,1055,BRIMLEY RD,LAWRENCE AVE E,None,Major Arterial,Scarborough,At Intersection,Traffic Signal,Clear,Daylight,Dry,Fatal,Turning Movement,Driver,60 to 64,Fatal,10,East,Passenger Van,Turning Left,Improper Turn,Normal,None,None,None,None,None,None,None,None,Yes,None,None,None,None,Yes,Yes,Yes,None,None,None,157,Bendale South,127,Bendale (127),D43
18385,3000965934,2023-05-01,1055,BRIMLEY RD,LAWRENCE AVE E,None,Major Arterial,Scarborough,At Intersection,Traffic Signal,Clear,Daylight,Dry,Fatal,Turning Movement,Driver,15 to 19,Major,None,West,"Automobile, Station Wagon",Going Ahead,Exceeding Speed Limit,Normal,None,None,None,None,None,None,None,None,Yes,None,None,None,None,Yes,Yes,Yes,None,None,None,157,Bendale South,127,Bendale (127),D43
18386,3000965934,2023-05-01,1055,BRIMLEY RD,LAWRENCE AVE E,None,Major Arterial,Scarborough,At Intersection,Traffic Signal,Clear,Daylight,Dry,Fatal,Turning Movement,Passenger,15 to 19,Minor,None,West,None,None,None,None,None,None,None,None,None,None,None,None,Yes,None,None,None,None,Yes,Yes,Yes,None,None,None,157,Bendale South,127,Bendale (127),D43
18387,3000965934,2023-05-01,1055,BRIMLEY RD,LAWRENCE AVE E,None,Major Arterial,Scarborough,At Intersection,Traffic Signal,Clear,Daylight,Dry,Fatal,Turning Movement,Passenger,15 to 19,Minor,None,West,None,None,None,None,None,None,None,None,None,None,None,None,Yes,None,None,None,None,Yes,Yes,Yes,None,None,None,157,Bendale South,127,Bendale (127),D43
18388,3001015199,2023-05-07,35,MARKHAM RD,SHEPPARD AVE E,100 metres W,Major Arterial,Scarborough,Non Intersection,No Control,Clear,Dark,Dry,Fatal,Pedestrian Collisions,Pedestrian,55 to 59,Fatal,11,South,None,None,None,None,Pedestrian hit at mid-block,Crossing without right of way,Other,None,None,None,Yes,None,Yes,None,None,None,None,None,None,Yes,None,None,None,128,Agincourt South-Malvern West,128,Agincourt South-Malvern West (128),D42
18389,3001015199,2023-05-07,35,MARKHAM RD,SHEPPARD AVE E,100 metres W,Major Arterial,Scarborough,Non Intersection,No Control,Clear,Dark,Dry,Fatal,Pedestrian Collisions,Driver,20 to 24,None,None,West,"Automobile, Station Wagon",Going Ahead,Failed to Yield Right of Way,Other,None,None,None,None,None,None,Yes,None,Yes,None,None,None,None,None,None,Yes,None,None,None,128,Agincourt South-Malvern West,128,Agincourt South-Malvern West (128),D42
18390,3001015348,2023-05-07,100,STEELES AV W,KEELE ST,70 m East of,None,None,Non Intersection,No Control,Clear,"Dark, artificial",Dry,Non-Fatal Injury,Rear End,Motorcycle Driver,25 to 29,Major,None,East,Motorcycle,Going Ahead,Exceeding Speed Limit,Other,None,None,None,None,None,None,None,None,Yes,Yes,None,None,None,None,Yes,Yes,None,None,None,27,York University Heights,27,York University Heights (27),NSA
18391,3001015348,2023-05-07,100,STEELES AV W,KEELE ST,70 m East of,None,None,Non Intersection,No Control,Clear,"Dark, artificial",Dry,Non-Fatal Injury,Rear End,Driver,35 to 39,None,None,East,"Automobile, Station Wagon",Going Ahead,Driving Properly,Normal,None,None,None,None,None,None,None,None,Yes,Yes,None,None,None,None,Yes,Yes,None,None,None,27,York University Heights,27,York University Heights (27),NSA
18392,3001037077,2023-05-09,1531,BANBURY RD,YORK MILLS RD,None,Collector,North York,Intersection Related,Traffic Signal,Clear,Daylight,Dry,Non-Fatal Injury,Pedestrian Collisions,Driver,90 to 94,None,None,East,"Automobile, Station Wagon",Going Ahead,Driving Properly,Normal,None,None,None,None,None,None,Yes,None,Yes,None,None,None,None,None,None,None,None,None,None,42,Banbury-Don Mills,40,St.Andrew-Windfields (40),D33
18393,3001037077,2023-05-09,1531,BANBURY RD,YORK MILLS RD,None,Collector,North York,Intersection Related,Traffic Signal,Clear,Daylight,Dry,Non-Fatal Injury,Pedestrian Collisions,Pedestrian,10 to 14,Major,None,None,None,None,None,None,Vehicle is going straight thru inter.while ped cross without ROW,Crossing without right of way,Normal,None,None,None,Yes,None,Yes,None,None,None,None,None,None,None,None,None,None,42,Banbury-Don Mills,40,St.Andrew-Windfields (40),D33
18394,3001076357,2023-05-13,2212,FINCH AVE W,CHAMPAGNE DR,None,Major Arterial,North York,Intersection Related,Traffic Signal,Clear,"Dark, artificial",Dry,Fatal,Turning Movement,Driver,40 to 44,Minor,None,West,"Automobile, Station Wagon",Turning Left,Failed to Yield Right of Way,Normal,None,None,None,None,None,None,None,None,Yes,Yes,None,None,None,None,None,Yes,None,None,None,27,York University Heights,27,York University Heights (27),D32
18395,3001076357,2023-05-13,2212,FINCH AVE W,CHAMPAGNE DR,None,Major Arterial,North York,Intersection Related,Traffic Signal,Clear,"Dark, artificial",Dry,Fatal,Turning Movement,Motorcycle Driver,55 to 59,Fatal,12,East,Motorcycle,Going Ahead,None,None,None,None,None,None,None,None,None,None,Yes,Yes,None,None,None,None,None,Yes,None,None,None,27,York University Heights,27,York University Heights (27),D32
18396,3001160562,2023-05-23,1733,YORKWOODS GT,JANE ST,7 m West of,Collector,North York,Intersection Related,Traffic Signal,Clear,Daylight,Dry,Non-Fatal Injury,Turning Movement,Driver,65 to 69,Minor,None,East,"Automobile, Station Wagon",Turning Left,Failed to Yield Right of Way,Other,None,None,None,None,None,None,None,None,Yes,Yes,None,None,None,None,None,Yes,None,None,None,25,Glenfield-Jane Heights,25,Glenfield-Jane Heights (25),D31
18397,3001160562,2023-05-23,1733,YORKWOODS GT,JANE ST,7 m West of,Collector,North York,Intersection Related,Traffic Signal,Clear,Daylight,Dry,Non-Fatal Injury,Turning Movement,Motorcycle Driver,25 to 29,Major,None,North,Motorcycle,Going Ahead,Driving Properly,Normal,None,None,None,None,None,None,None,None,Yes,Yes,None,None,None,None,None,Yes,None,None,None,25,Glenfield-Jane Heights,25,Glenfield-Jane Heights (25),D31