_id,ACCNUM,DATE,TIME,STREET1,STREET2,OFFSET,ROAD_CLASS,DISTRICT,ACCLOC,TRAFFCTL,VISIBILITY,LIGHT,RDSFCOND,ACCLASS,IMPACTYPE,INVTYPE,INVAGE,INJURY,FATAL_NO,INITDIR,VEHTYPE,MANOEUVER,DRIVACT,DRIVCOND,PEDTYPE,PEDACT,PEDCOND,CYCLISTYPE,CYCACT,CYCCOND,PEDESTRIAN,CYCLIST,AUTOMOBILE,MOTORCYCLE,TRUCK,TRSN_CITY_VEH,EMERG_VEH,PASSENGER,SPEEDING,AG_DRIV,REDLIGHT,ALCOHOL,DISABILITY,HOOD_158,NEIGHBOURHOOD_158,HOOD_140,NEIGHBOURHOOD_140,DIVISION
18647,3001930218,2023-08-18,1943,MERTON ST,MOUNT PLEASANT RD,None,Major Arterial,Toronto and East York,Intersection Related,Traffic Signal,Clear,"Dark, artificial",Dry,Non-Fatal Injury,Turning Movement,Driver,25 to 29,None,None,North,"Automobile, Station Wagon",Turning Left,Improper Turn,Normal,None,None,None,None,None,None,None,None,Yes,Yes,None,None,None,None,None,None,None,None,None,99,Mount Pleasant East,99,Mount Pleasant East (99),D53
18648,3001930218,2023-08-18,1943,MERTON ST,MOUNT PLEASANT RD,None,Major Arterial,Toronto and East York,Intersection Related,Traffic Signal,Clear,"Dark, artificial",Dry,Non-Fatal Injury,Turning Movement,Motorcycle Driver,25 to 29,Major,None,South,Motorcycle,Going Ahead,Driving Properly,Unknown,None,None,None,None,None,None,None,None,Yes,Yes,None,None,None,None,None,None,None,None,None,99,Mount Pleasant East,99,Mount Pleasant East (99),D53
18649,3001940328,2023-08-20,305,BAY ST,BLOOR ST,9 m South of,Major Arterial,Toronto and East York,Intersection Related,Traffic Signal,Clear,Dark,Dry,Non-Fatal Injury,Pedestrian Collisions,Driver,25 to 29,None,None,South,"Automobile, Station Wagon",Going Ahead,Driving Properly,Normal,None,None,None,None,None,None,Yes,None,Yes,None,None,None,None,Yes,Yes,Yes,None,None,None,169,Bay-Cloverhill,95,Annex (95),D52
18650,3001940328,2023-08-20,305,BAY ST,BLOOR ST,9 m South of,Major Arterial,Toronto and East York,Intersection Related,Traffic Signal,Clear,Dark,Dry,Non-Fatal Injury,Pedestrian Collisions,Passenger,20 to 24,None,None,None,None,None,None,None,None,None,None,None,None,None,Yes,None,Yes,None,None,None,None,Yes,Yes,Yes,None,None,None,169,Bay-Cloverhill,95,Annex (95),D52
18651,3001940328,2023-08-20,305,BAY ST,BLOOR ST,9 m South of,Major Arterial,Toronto and East York,Intersection Related,Traffic Signal,Clear,Dark,Dry,Non-Fatal Injury,Pedestrian Collisions,Pedestrian,50 to 54,Major,None,None,None,None,None,None,Vehicle is going straight thru inter.while ped cross without ROW,Crossing without right of way,Normal,None,None,None,Yes,None,Yes,None,None,None,None,Yes,Yes,Yes,None,None,None,169,Bay-Cloverhill,95,Annex (95),D52
18652,3001959767,2023-08-22,1451,KING ST W,JAMESON AVE,10 m West of,Major Arterial,None,Non Intersection,Traffic Signal,Clear,Daylight,Dry,Non-Fatal Injury,Pedestrian Collisions,Driver,25 to 29,None,None,East,"Automobile, Station Wagon",Going Ahead,Failed to Yield Right of Way,Other,None,None,None,None,None,None,Yes,None,Yes,None,None,None,None,None,None,Yes,None,None,None,85,South Parkdale,85,South Parkdale (85),D14
18653,3001959767,2023-08-22,1451,KING ST W,JAMESON AVE,10 m West of,Major Arterial,None,Non Intersection,Traffic Signal,Clear,Daylight,Dry,Non-Fatal Injury,Pedestrian Collisions,Pedestrian,50 to 54,Major,None,None,None,None,None,None,Other / Undefined,Crossing with right of way,Normal,None,None,None,Yes,None,Yes,None,None,None,None,None,None,Yes,None,None,None,85,South Parkdale,85,South Parkdale (85),D14
18654,3001964542,2023-08-23,545,WESTON RD,SHEPPARD AVE W,None,Major Arterial,North York,Intersection Related,Traffic Signal,Clear,Daylight,Dry,Non-Fatal Injury,Pedestrian Collisions,Driver,55 to 59,None,None,North,"Automobile, Station Wagon",Turning Right,Failed to Yield Right of Way,Normal,None,None,None,None,None,None,Yes,None,Yes,None,None,None,None,None,None,Yes,None,None,None,23,Pelmo Park-Humberlea,22,Humbermede (22),D31
18655,3001964542,2023-08-23,545,WESTON RD,SHEPPARD AVE W,None,Major Arterial,North York,Intersection Related,Traffic Signal,Clear,Daylight,Dry,Non-Fatal Injury,Pedestrian Collisions,Pedestrian,60 to 64,Major,None,None,None,None,None,None,Vehicle turns right while ped crosses with ROW at inter.,Crossing with right of way,Normal,None,None,None,Yes,None,Yes,None,None,None,None,None,None,Yes,None,None,None,23,Pelmo Park-Humberlea,22,Humbermede (22),D31
18656,3001969077,2023-08-23,1733,DIXON RD,CITY VIEW DR,60 m East of,Major Arterial,Etobicoke York,At/Near Private Drive,Traffic Signal,Clear,Daylight,Dry,Non-Fatal Injury,Pedestrian Collisions,Driver,50 to 54,None,None,North,Pick Up Truck,Turning Left,Improper Turn,Normal,None,None,None,None,None,None,Yes,None,Yes,None,None,None,None,Yes,None,None,None,None,None,1,West Humber-Clairville,1,West Humber-Clairville (1),D23
18657,3001969077,2023-08-23,1733,DIXON RD,CITY VIEW DR,60 m East of,Major Arterial,Etobicoke York,At/Near Private Drive,Traffic Signal,Clear,Daylight,Dry,Non-Fatal Injury,Pedestrian Collisions,Passenger,40 to 44,None,None,None,None,None,None,None,None,None,None,None,None,None,Yes,None,Yes,None,None,None,None,Yes,None,None,None,None,None,1,West Humber-Clairville,1,West Humber-Clairville (1),D23
18658,3001969077,2023-08-23,1733,DIXON RD,CITY VIEW DR,60 m East of,Major Arterial,Etobicoke York,At/Near Private Drive,Traffic Signal,Clear,Daylight,Dry,Non-Fatal Injury,Pedestrian Collisions,Pedestrian,60 to 64,Major,None,None,None,None,None,None,Pedestrian hit at mid-block,Crossing without right of way,Normal,None,None,None,Yes,None,Yes,None,None,None,None,Yes,None,None,None,None,None,1,West Humber-Clairville,1,West Humber-Clairville (1),D23
18659,3001971666,2023-08-24,9,QUEEN ST W,DUFFERIN ST,67 m East of,Major Arterial,Toronto and East York,Non Intersection,No Control,Clear,"Dark, artificial",Dry,Non-Fatal Injury,Cyclist Collisions,Driver,20 to 24,None,None,West,"Automobile, Station Wagon",Stopped,Other,Normal,None,None,None,None,None,None,None,Yes,Yes,None,None,None,None,None,None,None,None,None,None,84,Little Portugal,84,Little Portugal (84),D14
18660,3001971666,2023-08-24,9,QUEEN ST W,DUFFERIN ST,67 m East of,Major Arterial,Toronto and East York,Non Intersection,No Control,Clear,"Dark, artificial",Dry,Non-Fatal Injury,Cyclist Collisions,Cyclist,30 to 34,Major,None,West,Bicycle,Going Ahead,None,None,None,None,None,Cyclist struck opened vehicle door,Driving Properly,Normal,None,Yes,Yes,None,None,None,None,None,None,None,None,None,None,84,Little Portugal,84,Little Portugal (84),D14
18661,3001982879,2023-08-25,1144,ROYAL YORK RD,CAVELL AVE,45 m North o,Minor Arterial,Etobicoke York,Non Intersection,No Control,Clear,Daylight,Dry,Non-Fatal Injury,Cyclist Collisions,Driver,55 to 59,None,None,North,"Automobile, Station Wagon",Stopped,Driving Properly,Normal,None,None,None,None,None,None,None,Yes,Yes,None,None,None,None,Yes,None,None,None,None,None,160,Mimico-Queensway,17,Mimico (includes Humber Bay Shores) (17),D22
18662,3001982879,2023-08-25,1144,ROYAL YORK RD,CAVELL AVE,45 m North o,Minor Arterial,Etobicoke York,Non Intersection,No Control,Clear,Daylight,Dry,Non-Fatal Injury,Cyclist Collisions,Cyclist,55 to 59,Major,None,North,Bicycle,Going Ahead,None,None,None,None,None,Cyclist struck opened vehicle door,Driving Properly,Normal,None,Yes,Yes,None,None,None,None,Yes,None,None,None,None,None,160,Mimico-Queensway,17,Mimico (includes Humber Bay Shores) (17),D22
18663,3001982879,2023-08-25,1144,ROYAL YORK RD,CAVELL AVE,45 m North o,Minor Arterial,Etobicoke York,Non Intersection,No Control,Clear,Daylight,Dry,Non-Fatal Injury,Cyclist Collisions,Passenger,50 to 54,None,None,None,None,None,None,None,None,None,None,None,None,None,None,Yes,Yes,None,None,None,None,Yes,None,None,None,None,None,160,Mimico-Queensway,17,Mimico (includes Humber Bay Shores) (17),D22
18664,3001984053,2023-08-25,1416,HENLEY CRES,ELMHURST DRIVE,10 m North o,Local,Etobicoke York,Non Intersection,Stop Sign,Clear,Daylight,Dry,Non-Fatal Injury,Pedestrian Collisions,Driver,unknown,None,None,North,"Automobile, Station Wagon",Going Ahead,Other,Unknown,None,None,None,None,None,None,Yes,None,Yes,None,None,None,None,None,None,Yes,None,None,None,4,Rexdale-Kipling,4,Rexdale-Kipling (4),D23
18665,3001984053,2023-08-25,1416,HENLEY CRES,ELMHURST DRIVE,10 m North o,Local,Etobicoke York,Non Intersection,Stop Sign,Clear,Daylight,Dry,Non-Fatal Injury,Pedestrian Collisions,Pedestrian,30 to 34,Major,None,None,None,None,None,None,Pedestrian hit at mid-block,Other,Normal,None,None,None,Yes,None,Yes,None,None,None,None,None,None,Yes,None,None,None,4,Rexdale-Kipling,4,Rexdale-Kipling (4),D23
18666,3001985783,2023-08-25,1757,KINGSTON RD,MANSE RD,None,Major Arterial,Scarborough,Intersection Related,Traffic Signal,Clear,Daylight,Dry,Non-Fatal Injury,Turning Movement,Driver,65 to 69,None,None,East,"Automobile, Station Wagon",Turning Left,Improper Turn,Normal,None,None,None,None,None,None,None,None,Yes,None,None,None,None,Yes,None,None,None,None,None,136,West Hill,136,West Hill (136),D43
18667,3001985783,2023-08-25,1757,KINGSTON RD,MANSE RD,None,Major Arterial,Scarborough,Intersection Related,Traffic Signal,Clear,Daylight,Dry,Non-Fatal Injury,Turning Movement,Driver,20 to 24,Major,None,West,"Automobile, Station Wagon",Going Ahead,Driving Properly,Normal,None,None,None,None,None,None,None,None,Yes,None,None,None,None,Yes,None,None,None,None,None,136,West Hill,136,West Hill (136),D43
18668,3001985783,2023-08-25,1757,KINGSTON RD,MANSE RD,None,Major Arterial,Scarborough,Intersection Related,Traffic Signal,Clear,Daylight,Dry,Non-Fatal Injury,Turning Movement,Passenger,15 to 19,None,None,None,None,None,None,None,None,None,None,None,None,None,None,None,Yes,None,None,None,None,Yes,None,None,None,None,None,136,West Hill,136,West Hill (136),D43
18669,3001985783,2023-08-25,1757,KINGSTON RD,MANSE RD,None,Major Arterial,Scarborough,Intersection Related,Traffic Signal,Clear,Daylight,Dry,Non-Fatal Injury,Turning Movement,Passenger,0 to 4,Minimal,None,None,None,None,None,None,None,None,None,None,None,None,None,None,Yes,None,None,None,None,Yes,None,None,None,None,None,136,West Hill,136,West Hill (136),D43
18670,3001986496,2023-08-25,1920,LOWER SIMCOE ST,STATION ST,10 m South o,Collector,Toronto and East York,Non Intersection,Stop Sign,Clear,Daylight,Dry,Non-Fatal Injury,Sideswipe,Driver,20 to 24,None,None,South,"Automobile, Station Wagon",Changing Lanes,Improper Lane Change,Normal,None,None,None,None,None,None,None,Yes,Yes,None,None,None,None,None,None,None,None,None,None,165,Harbourfront-CityPlace,77,Waterfront Communities-The Island (77),D52
18671,3001986496,2023-08-25,1920,LOWER SIMCOE ST,STATION ST,10 m South o,Collector,Toronto and East York,Non Intersection,Stop Sign,Clear,Daylight,Dry,Non-Fatal Injury,Sideswipe,Cyclist,40 to 44,Major,None,South,Bicycle,Going Ahead,None,None,None,None,None,Cyclist and Driver travelling in same direction. One vehicle sideswipes the other.,Driving Properly,Normal,None,Yes,Yes,None,None,None,None,None,None,None,None,None,None,165,Harbourfront-CityPlace,77,Waterfront Communities-The Island (77),D52
18672,3001989785,2023-08-25,1947,DUNDAS ST E,RIVER ST,34 m East of,Major Arterial,Toronto and East York,Non Intersection,No Control,Clear,Daylight,Dry,Non-Fatal Injury,Cyclist Collisions,Motorcycle Driver,unknown,None,None,East,Motorcycle,Overtaking,Improper Passing,Unknown,None,None,None,None,None,None,None,Yes,None,Yes,None,None,None,None,None,Yes,None,None,None,72,Regent Park,72,Regent Park (72),D51
18673,3001989785,2023-08-25,1947,DUNDAS ST E,RIVER ST,34 m East of,Major Arterial,Toronto and East York,Non Intersection,No Control,Clear,Daylight,Dry,Non-Fatal Injury,Cyclist Collisions,Cyclist,50 to 54,Major,None,East,Bicycle,Going Ahead,None,None,None,None,None,"Motorist without ROW drives into path of cyclist at inter, lnwy, dwy-Driver not turn.",Driving Properly,Normal,None,Yes,None,Yes,None,None,None,None,None,Yes,None,None,None,72,Regent Park,72,Regent Park (72),D51
18674,3001995620,2023-08-26,2325,HILDA AVE,STEELES AVE W,None,None,None,None,Traffic Signal,Clear,"Dark, artificial",Dry,Non-Fatal Injury,Pedestrian Collisions,Driver,40 to 44,None,None,North,"Automobile, Station Wagon",Turning Left,Improper Turn,Normal,None,None,None,None,None,None,Yes,None,Yes,None,None,None,None,None,None,None,None,None,None,NSA,NSA,NSA,NSA,D32
18675,3001995620,2023-08-26,2325,HILDA AVE,STEELES AVE W,None,None,None,None,Traffic Signal,Clear,"Dark, artificial",Dry,Non-Fatal Injury,Pedestrian Collisions,Pedestrian,45 to 49,Major,None,None,None,None,None,None,None,None,Unknown,None,None,None,Yes,None,Yes,None,None,None,None,None,None,None,None,None,None,NSA,NSA,NSA,NSA,D32
18676,3001998353,2023-08-27,1055,KEELE ST,INGRAM DR,None,Major Arterial,North York,Intersection Related,Traffic Signal,Clear,Daylight,Dry,Non-Fatal Injury,Turning Movement,Driver,90 to 94,None,None,South,"Automobile, Station Wagon",Turning Left,Driving Properly,Normal,None,None,None,None,None,None,None,None,Yes,Yes,None,None,None,None,None,None,None,None,None,30,Brookhaven-Amesbury,30,Brookhaven-Amesbury (30),D12
18677,3001998353,2023-08-27,1055,KEELE ST,INGRAM DR,None,Major Arterial,North York,Intersection Related,Traffic Signal,Clear,Daylight,Dry,Non-Fatal Injury,Turning Movement,Motorcycle Driver,20 to 24,Major,None,North,Motorcycle,Going Ahead,Driving Properly,Normal,None,None,None,None,None,None,None,None,Yes,Yes,None,None,None,None,None,None,None,None,None,30,Brookhaven-Amesbury,30,Brookhaven-Amesbury (30),D12
18678,3002003989,2023-08-28,524,VICTORIA PARK AV,LAWRENCE AV E,16 m North o,Major Arterial,North York,Intersection Related,Traffic Signal,Clear,"Dusk, artificial",Dry,Non-Fatal Injury,Turning Movement,Driver,60 to 64,Minor,None,North,"Automobile, Station Wagon",Turning Left,Failed to Yield Right of Way,Other,None,None,None,None,None,None,None,None,Yes,Yes,None,None,None,None,None,Yes,None,None,None,119,Wexford/Maryvale,119,Wexford/Maryvale (119),D41
18679,3002003989,2023-08-28,524,VICTORIA PARK AV,LAWRENCE AV E,16 m North o,Major Arterial,North York,Intersection Related,Traffic Signal,Clear,"Dusk, artificial",Dry,Non-Fatal Injury,Turning Movement,Motorcycle Driver,55 to 59,Major,None,South,Motorcycle,Going Ahead,Driving Properly,Normal,None,None,None,None,None,None,None,None,Yes,Yes,None,None,None,None,None,Yes,None,None,None,119,Wexford/Maryvale,119,Wexford/Maryvale (119),D41
18680,3002037938,2023-09-01,256,BATHURST ST,STEWART ST,20 m North o,Major Arterial,Toronto and East York,Non Intersection,No Control,Clear,"Dark, artificial",Dry,Non-Fatal Injury,Pedestrian Collisions,Driver,25 to 29,None,None,South,Pick Up Truck,Going Ahead,Lost control,Other,None,None,None,None,None,None,Yes,None,Yes,None,None,None,None,None,None,None,None,None,None,164,Wellington Place,77,Waterfront Communities-The Island (77),D14
18681,3002037938,2023-09-01,256,BATHURST ST,STEWART ST,20 m North o,Major Arterial,Toronto and East York,Non Intersection,No Control,Clear,"Dark, artificial",Dry,Non-Fatal Injury,Pedestrian Collisions,Pedestrian,25 to 29,Major,None,None,None,None,None,None,Other / Undefined,Playing or Working on Highway,Had Been Drinking,None,None,None,Yes,None,Yes,None,None,None,None,None,None,None,None,None,None,164,Wellington Place,77,Waterfront Communities-The Island (77),D14
18682,3002037938,2023-09-01,256,BATHURST ST,STEWART ST,20 m North o,Major Arterial,Toronto and East York,Non Intersection,No Control,Clear,"Dark, artificial",Dry,Non-Fatal Injury,Pedestrian Collisions,Pedestrian,20 to 24,None,None,None,None,None,None,None,Other / Undefined,Playing or Working on Highway,Had Been Drinking,None,None,None,Yes,None,Yes,None,None,None,None,None,None,None,None,None,None,164,Wellington Place,77,Waterfront Communities-The Island (77),D14
18683,3002037938,2023-09-01,256,BATHURST ST,STEWART ST,20 m North o,Major Arterial,Toronto and East York,Non Intersection,No Control,Clear,"Dark, artificial",Dry,Non-Fatal Injury,Pedestrian Collisions,Pedestrian,30 to 34,None,None,None,None,None,None,None,Other / Undefined,None,Unknown,None,None,None,Yes,None,Yes,None,None,None,None,None,None,None,None,None,None,164,Wellington Place,77,Waterfront Communities-The Island (77),D14
18684,3002047596,2023-09-02,455,DANFORTH AV,WESTLAKE AV,57 m East of,Major Arterial,Toronto and East York,Non Intersection,No Control,Clear,"Dusk, artificial",Dry,Non-Fatal Injury,Approaching,Driver,35 to 39,Major,None,East,Pick Up Truck,Going Ahead,Lost control,Unknown,None,None,None,None,None,None,None,None,Yes,None,None,Yes,None,None,None,None,None,None,None,62,East End-Danforth,62,East End-Danforth (62),D55
18685,3002047596,2023-09-02,455,DANFORTH AV,WESTLAKE AV,57 m East of,Major Arterial,Toronto and East York,Non Intersection,No Control,Clear,"Dusk, artificial",Dry,Non-Fatal Injury,Approaching,Driver,35 to 39,None,None,West,Municipal Transit Bus (TTC),Going Ahead,Driving Properly,Normal,None,None,None,None,None,None,None,None,Yes,None,None,Yes,None,None,None,None,None,None,None,62,East End-Danforth,62,East End-Danforth (62),D55
18686,3002047596,2023-09-02,455,DANFORTH AV,WESTLAKE AV,57 m East of,Major Arterial,Toronto and East York,Non Intersection,No Control,Clear,"Dusk, artificial",Dry,Non-Fatal Injury,Approaching,Driver,45 to 49,None,None,West,Municipal Transit Bus (TTC),Going Ahead,Driving Properly,Normal,None,None,None,None,None,None,None,None,Yes,None,None,Yes,None,None,None,None,None,None,None,62,East End-Danforth,62,East End-Danforth (62),D55
18687,3002050673,2023-09-02,1515,ISLINGTON AV,THE WESTWAY,None,Local,Etobicoke York,Intersection Related,Traffic Signal,Clear,Daylight,Dry,Non-Fatal Injury,Turning Movement,Driver,45 to 49,None,None,South,"Automobile, Station Wagon",Turning Left,Improper Turn,Normal,None,None,None,None,None,None,None,None,Yes,Yes,None,None,None,None,Yes,Yes,None,None,None,10,Princess-Rosethorn,10,Princess-Rosethorn (10),D22
18688,3002050673,2023-09-02,1515,ISLINGTON AV,THE WESTWAY,None,Local,Etobicoke York,Intersection Related,Traffic Signal,Clear,Daylight,Dry,Non-Fatal Injury,Turning Movement,Motorcycle Driver,45 to 49,Major,None,North,Motorcycle,Going Ahead,Driving Properly,Normal,None,None,None,None,None,None,None,None,Yes,Yes,None,None,None,None,Yes,Yes,None,None,None,10,Princess-Rosethorn,10,Princess-Rosethorn (10),D22
18689,3002052041,2023-09-02,1839,LAKE SHORE BLVD,LONG BRANCH AV,None,Major Arterial,Etobicoke York,Intersection Related,Traffic Signal,Clear,Daylight,Dry,Non-Fatal Injury,Pedestrian Collisions,Driver,85 to 89,None,None,West,"Automobile, Station Wagon",Going Ahead,Driving Properly,Normal,None,None,None,None,None,None,Yes,None,Yes,None,None,None,None,None,None,None,None,None,None,19,Long Branch,19,Long Branch (19),D22
18690,3002052041,2023-09-02,1839,LAKE SHORE BLVD,LONG BRANCH AV,None,Major Arterial,Etobicoke York,Intersection Related,Traffic Signal,Clear,Daylight,Dry,Non-Fatal Injury,Pedestrian Collisions,Pedestrian,35 to 39,Major,None,None,None,None,None,None,Vehicle is going straight thru inter.while ped cross without ROW,Crossing without right of way,Had Been Drinking,None,None,None,Yes,None,Yes,None,None,None,None,None,None,None,None,None,None,19,Long Branch,19,Long Branch (19),D22
18691,3002054123,2023-09-03,19,RICHMOND ST W,BAY ST,40 m East of,Major Arterial,Toronto and East York,Intersection Related,Traffic Signal,Clear,"Dark, artificial",Dry,Non-Fatal Injury,SMV Other,Driver,35 to 39,Major,None,West,"Automobile, Station Wagon",Pulling Onto Shoulder or towardCurb,Driving Properly,Other,None,None,None,None,None,None,None,None,Yes,None,None,None,None,None,None,None,None,None,None,170,Yonge-Bay Corridor,76,Bay Street Corridor (76),D52
18692,3002054780,2023-09-03,255,343 KIPLING AV,BIRMINGHAM ST,46 m South o,Major Arterial,Etobicoke York,Non Intersection,Traffic Signal,Clear,"Dark, artificial",Dry,Non-Fatal Injury,SMV Other,Driver,40 to 44,Major,None,North,"Automobile, Station Wagon",Going Ahead,Lost control,Fatigue,None,None,None,None,None,None,None,None,Yes,None,None,None,None,None,None,Yes,None,None,None,18,New Toronto,18,New Toronto (18),D22
18693,3002057635,2023-09-03,1400,DUFFERIN ST,DUFFERIN PARK AV,None,Major Arterial,Toronto and East York,Intersection Related,Traffic Signal,Clear,Daylight,Dry,Non-Fatal Injury,Pedestrian Collisions,Driver,85 to 89,None,None,East,"Automobile, Station Wagon",Turning Right,Improper Turn,Normal,None,None,None,None,None,None,Yes,None,Yes,None,None,None,None,Yes,None,None,None,None,None,83,Dufferin Grove,83,Dufferin Grove (83),D14
18694,3002057635,2023-09-03,1400,DUFFERIN ST,DUFFERIN PARK AV,None,Major Arterial,Toronto and East York,Intersection Related,Traffic Signal,Clear,Daylight,Dry,Non-Fatal Injury,Pedestrian Collisions,Passenger,80 to 84,None,None,None,None,None,None,None,None,None,None,None,None,None,Yes,None,Yes,None,None,None,None,Yes,None,None,None,None,None,83,Dufferin Grove,83,Dufferin Grove (83),D14
18695,3002057635,2023-09-03,1400,DUFFERIN ST,DUFFERIN PARK AV,None,Major Arterial,Toronto and East York,Intersection Related,Traffic Signal,Clear,Daylight,Dry,Non-Fatal Injury,Pedestrian Collisions,Pedestrian,20 to 24,Major,None,None,None,None,None,None,Vehicle turns right while ped crosses with ROW at inter.,Crossing with right of way,Normal,None,None,None,Yes,None,Yes,None,None,None,None,Yes,None,None,None,None,None,83,Dufferin Grove,83,Dufferin Grove (83),D14
18696,3002069138,2023-09-04,2311,EGLINTON AV W,ISLINGTON AV,5 m South of,Major Arterial,Etobicoke York,Intersection Related,Traffic Signal,Clear,"Dark, artificial",Dry,Non-Fatal Injury,Angle,Driver,35 to 39,Major,None,North,"Automobile, Station Wagon",Going Ahead,Driving Properly,Normal,None,None,None,None,None,None,None,None,Yes,None,None,None,None,None,None,None,None,None,None,7,Willowridge-Martingrove-Richview,7,Willowridge-Martingrove-Richview (7),D23
18697,3002069138,2023-09-04,2311,EGLINTON AV W,ISLINGTON AV,5 m South of,Major Arterial,Etobicoke York,Intersection Related,Traffic Signal,Clear,"Dark, artificial",Dry,Non-Fatal Injury,Angle,Driver,60 to 64,Minimal,None,West,"Automobile, Station Wagon",Going Ahead,Driving Properly,Normal,None,None,None,None,None,None,None,None,Yes,None,None,None,None,None,None,None,None,None,None,7,Willowridge-Martingrove-Richview,7,Willowridge-Martingrove-Richview (7),D23
18698,3002072686,2023-09-05,1124,LESLIE ST,PEACH WILLOWAY,7 m North of,Major Arterial,North York,At/Near Private Drive,No Control,Clear,Daylight,Dry,Non-Fatal Injury,Cyclist Collisions,Cyclist,60 to 64,Major,None,South,Bicycle,Going Ahead,None,None,None,None,None,"Motorist without ROW drives into path of cyclist at inter, lnwy, dwy-Driver not turn.",Other,Normal,None,Yes,Yes,None,None,None,None,None,None,Yes,None,None,None,47,Don Valley Village,47,Don Valley Village (47),D33
18699,3002072686,2023-09-05,1124,LESLIE ST,PEACH WILLOWAY,7 m North of,Major Arterial,North York,At/Near Private Drive,No Control,Clear,Daylight,Dry,Non-Fatal Injury,Cyclist Collisions,Driver,60 to 64,None,None,West,Delivery Van,Going Ahead,Failed to Yield Right of Way,Normal,None,None,None,None,None,None,None,Yes,Yes,None,None,None,None,None,None,Yes,None,None,None,47,Don Valley Village,47,Don Valley Village (47),D33
18700,3002077507,2023-09-05,1648,DOLLEY VARDEN BLVD,ELLESMERE RD,100 m South ,Collector,Scarborough,Non Intersection,No Control,Clear,Daylight,Dry,Non-Fatal Injury,SMV Other,Driver,20 to 24,Major,None,North,"Automobile, Station Wagon",Going Ahead,Driving Properly,Normal,None,None,None,None,None,None,None,None,Yes,None,None,None,None,Yes,None,None,None,None,None,142,Woburn North,137,Woburn (137),D43
18701,3002077507,2023-09-05,1648,DOLLEY VARDEN BLVD,ELLESMERE RD,100 m South ,Collector,Scarborough,Non Intersection,No Control,Clear,Daylight,Dry,Non-Fatal Injury,SMV Other,Passenger,20 to 24,None,None,None,None,None,None,None,None,None,None,None,None,None,None,None,Yes,None,None,None,None,Yes,None,None,None,None,None,142,Woburn North,137,Woburn (137),D43
18702,3002081171,2023-09-06,1026,CHURCH ST,HAYDEN ST,5 m East of,Minor Arterial,Toronto and East York,Non Intersection,Stop Sign,Clear,Daylight,Dry,Non-Fatal Injury,Pedestrian Collisions,Driver,45 to 49,None,None,South,Pick Up Truck,Turning Left,Improper Turn,Normal,None,None,None,None,None,None,Yes,None,Yes,None,None,None,None,None,None,None,None,None,None,167,Church-Wellesley,75,Church-Yonge Corridor (75),D51
18703,3002081171,2023-09-06,1026,CHURCH ST,HAYDEN ST,5 m East of,Minor Arterial,Toronto and East York,Non Intersection,Stop Sign,Clear,Daylight,Dry,Non-Fatal Injury,Pedestrian Collisions,Pedestrian,60 to 64,Major,None,None,None,None,None,None,None,Crossing without right of way,Normal,None,None,None,Yes,None,Yes,None,None,None,None,None,None,None,None,None,None,167,Church-Wellesley,75,Church-Yonge Corridor (75),D51
18704,3002082759,2023-09-06,1328,BRIMLEY RD,SHADDOCK CRES,35 m North o,Major Arterial,Scarborough,Non Intersection,Stop Sign,Clear,Daylight,Dry,Non-Fatal Injury,Turning Movement,Driver,65 to 69,None,None,East,"Automobile, Station Wagon",Turning Left,Failed to Yield Right of Way,Normal,None,None,None,None,None,None,None,None,Yes,Yes,None,None,None,None,None,Yes,None,None,None,138,Eglinton East,138,Eglinton East (138),D41
18705,3002082759,2023-09-06,1328,BRIMLEY RD,SHADDOCK CRES,35 m North o,Major Arterial,Scarborough,Non Intersection,Stop Sign,Clear,Daylight,Dry,Non-Fatal Injury,Turning Movement,Motorcycle Driver,15 to 19,Major,None,North,Motorcycle,Going Ahead,Driving Properly,Normal,None,None,None,None,None,None,None,None,Yes,Yes,None,None,None,None,None,Yes,None,None,None,138,Eglinton East,138,Eglinton East (138),D41
18706,3002086345,2023-09-06,2030,BRIMLEY RD,STEELES AV E,16 m East of,Major Arterial,Scarborough,Intersection Related,Traffic Signal,Clear,Dusk,Dry,Non-Fatal Injury,None,Driver,25 to 29,Minor,None,West,"Automobile, Station Wagon",Changing Lanes,Driving Properly,Normal,None,None,None,None,None,None,None,None,Yes,None,None,None,None,Yes,Yes,Yes,None,None,None,130,Milliken,130,Milliken (130),D42
18707,3002086345,2023-09-06,2030,BRIMLEY RD,STEELES AV E,16 m East of,Major Arterial,Scarborough,Intersection Related,Traffic Signal,Clear,Dusk,Dry,Non-Fatal Injury,None,Driver,20 to 24,Major,None,West,"Automobile, Station Wagon",Going Ahead,Exceeding Speed Limit,Normal,None,None,None,None,None,None,None,None,Yes,None,None,None,None,Yes,Yes,Yes,None,None,None,130,Milliken,130,Milliken (130),D42